{
 "time": "181117_2011",
 "filename": "T-BN0204423.png",
 "alphas": [
  0.15,
  0.15,
  0.15,
  0.15,
  0.15,
  0.15,
  0.15,
  0.15,
  0.15,
  0.15,
  0.15,
  0.15,
  0.15,
  0.15,
  0.15,
  0.15,
  0.15,
  0.15,
  0.15,
  0.15,
  0.15,
  0.15,
  0.15,
  0.15,
  0.15,
  0.15,
  0.15,
  0.15,
  0.15,
  0.15,
  0.15,
  0.15,
  0.15,
  0.15,
  0.15,
  0.15,
  0.15,
  0.15,
  0.15,
  0.15
 ],
 "betas": [
  0.5,
  0.5,
  0.5,
  0.5,
  0.5,
  0.5,
  0.5,
  0.5,
  0.5,
  0.5,
  0.5,
  0.5,
  0.5,
  0.5,
  0.5,
  0.5,
  0.5,
  0.5,
  0.5,
  0.5,
  0.5,
  0.5,
  0.5,
  0.5,
  0.5,
  0.5,
  0.5,
  0.5,
  0.5,
  0.5,
  0.5,
  0.5,
  0.5,
  0.5,
  0.5,
  0.5,
  0.5,
  0.5,
  0.5,
  0.5
 ],
 "gammas": [
  0.16847527533777112,
  0.16475194032300097,
  0.1605371715356442,
  0.1557935367503078,
  0.15048978600654359,
  0.14460420141065597,
  0.1381283998474335,
  0.13107135564546382,
  0.12346326575236852,
  0.11535873496811097,
  0.10683865123320609,
  0.09801010048943155,
  0.08900378526567974,
  0.0799686850912706,
  0.07106410678771216,
  0.06244973863441751,
  0.054274729385071475,
  0.046667063273162696,
  0.041330419547840946,
  0.03700528721238974,
  0.03254028536578211,
  0.02810114032857749,
  0.024171549937019535,
  0.020457625330499024,
  0.017038997369846366,
  0.013971169772424916,
  0.011279594271211066,
  0.008965388243064167,
  0.007575265704935396,
  0.006642985579463766,
  0.005742969441934785,
  0.0049035575204434785,
  0.004117629566745383,
  0.0035175992189844024,
  0.0031175388586434823,
  0.0027597309722133295,
  0.0024293328766739684,
  0.0020795292824142436,
  0.0014010694468576399,
  0.0011942552454515406
 ],
 "sigmas": [
  0.125,
  0.1466825575005783,
  0.17212618139928368,
  0.20198326800364322,
  0.2370193785847929,
  0.27813286902412176,
  0.3263779244274524,
  0.38299158933399347,
  0.449425486597771,
  0.5273830382408234,
  0.6188631426527141,
  0.7262114280571627,
  0.8521803964285746,
  1.0,
  1.1734604600046263,
  1.3770094511942694,
  1.6158661440291457,
  1.8961550286783433,
  2.2250629521929746,
  2.61102339541962,
  3.0639327146719486,
  3.5954038927821688,
  4.219064305926588,
  4.950905141221715,
  5.8096914244572995,
  6.817443171428597,
  8.0,
  9.38768368003701,
  11.016075609554155,
  12.926929152233166,
  15.169240229426746,
  17.800503617543797,
  20.88818716335696,
  24.51146171737559,
  28.76323114225735,
  33.752514447412686,
  39.60724112977372,
  46.477531395658396,
  54.5395453714288,
  64.0
 ],
 "border_radii": [
  10,
  10,
  10,
  10,
  10,
  10,
  10,
  10,
  10,
  10,
  10,
  10,
  10,
  10,
  10,
  10,
  10,
  10,
  10,
  10,
  12,
  14,
  16,
  19,
  23,
  27,
  32,
  37,
  44,
  51,
  60,
  71,
  41,
  49,
  57,
  67,
  79,
  92,
  109,
  128
 ]
}