{
 "T-BN1289932.png": 0.22959524489623526,
 "T-BN1411786.png": 0.010077076884536034,
 "T-BN1662406.png": 0.06259221831028293,
 "T-BN2421294.png": 0.27415861830643323,
 "T-BN2774548.png": 0.2046486071127961,
 "T-BN3817093.png": 0.1481788682008246,
 "T-BN3859381.png": 0.24169407155622338,
 "T-BN4442496.png": 0.1814972497052131,
 "T-BN5065621.png": 0.2773412441243315,
 "T-BN5852719.png": 0.2720279874661324,
 "T-BN6279307.png": 0.2007110001140846,
 "T-BN6577513.png": 0.1673954845867324,
 "T-BN7408610.png": 0.25873813147838515,
 "T-BN7680325.png": 0.25561506224856095,
 "T-BN7804374.png": 0.38483334092013766,
 "T-BN7971406.png": 0.17165854098733244,
 "T-BN8438124.png": 0.24224967838416658,
 "T-BN9056988.png": 0.1346008292555702,
 "T-BN9323718.png": 0.29178622184886
}