{"time": "181201_1650", "filename": "T-BN0164923.png", "betas": 0.35, "gammas": 0.5, "c": [null, null, null, null, null, null, null, null, null, null, null, null, null, null, null, null, null, null, null, null], "sigmas": [0.5, 0.5892052152295192, 0.6943255713073281, 0.8182004953629862, 0.9641759979424951, 1.1361950527736884, 1.3389041012244722, 1.577778558267302, 1.8592707100168124, 2.1909839977307937, 2.5818783958948095, 3.042512431899294, 3.585328384551423, 4.224988364976252, 4.978770357856092, 5.867034920557899, 6.913775146252844, 8.147264746192816, 9.600821756624821, 11.313708498984761], "border_radii": [12, 12, 12, 12, 12, 12, 12, 12, 12, 12, 12, 12, 14, 16, 19, 23, 27, 32, 38, 45], "counts": {"TP": 37014, "TN": 504262, "FP": 10949, "FN": 68113}, "counts_FA": {"TP": 37155, "TN": 507019, "FP": 8192, "FN": 67972}, "counts_rw": {"TP": 41040, "TN": 506154, "FP": 9057, "FN": 64087}, "pnc": [0.5531194707285175, 0.5086545118855297, 0.5190399261481653, 0.5011154704208016], "mcc": [0.46469734912421734, 0.48647046285135653, 0.5133306907018886, 0.46071568181138817], "scale_maxes": [0.8861995071037991, 0.9204359333405637, 0.9623516952196324, 0.9968802790142222, 0.9994242709765409, 0.9997926538418398, 0.9966828214161159, 0.9902738207949688, 0.9871979772338844, 0.9764616173771964, 0.9882391881380229, 0.9929953829808381, 0.9888456320483373, 0.9838690296888803, 0.9960524209731482, 0.8923270324987778, 0.8643643007606321, 0.8512052055091903, 0.8078073891687365, 0.833476381993784], "ALPHAS": [0.0607349282995342, 0.06880851543594302, 0.0818774498616979, 0.09565103582589816, 0.1037573879539688, 0.11725145671978934, 0.13997355783457724, 0.17492933887707318, 0.22475472072603886, 0.2843064595791513, 0.3146167992638694, 0.3215910988134581, 0.3406094898015777, 0.3747113071556699, 0.39755316755117887, 0.34083492174941604, 0.3042176790348118, 0.30270847045478216, 0.32853210267885113, 0.34047171457591635]}