{"time": "181130_0357", "filename": "T-BN9365078.png", "betas": 0.35, "gammas": 0.5, "c": [null, null, null, null, null, null, null, null, null, null, null, null, null, null, null, null, null, null, null, null], "sigmas": [0.25, 0.30554858059465007, 0.37343974041362143, 0.4564159304840664, 0.5578289588807719, 0.681775386402445, 0.8332620063985445, 1.018408093274102, 1.2446925894640235, 1.5212562159496474, 1.8592707100168127, 2.2723901055473767, 2.7773022852293128, 3.394403084536378, 4.1486201777847675, 5.070420026993842, 6.197038569066624, 7.573985354674433, 9.256881898261764, 11.313708498984761], "border_radii": [12, 12, 12, 12, 12, 12, 12, 12, 12, 12, 12, 12, 12, 13, 16, 20, 24, 30, 37, 45], "counts": {"TP": 33522, "TN": 680494, "FP": 21022, "FN": 79555}, "counts_FA": {"TP": 9449, "TN": 699906, "FP": 1610, "FN": 103628}, "counts_rw": {"TP": 17747, "TN": 697454, "FP": 4062, "FN": 95330}, "pnc": [0.3864515658077232, 0.10234323673260821, 0.171691364333163, 0.40652602379735747], "mcc": [0.36862652067085117, 0.24280787249515104, 0.3237691989827666, 0.40312003305392147], "scale_maxes": [0.9996061624015466, 0.9994497136197876, 0.9991750120927807, 0.9986819616703264, 0.9977862029706331, 0.9961584121001764, 0.9932180330361252, 0.9702279078021762, 0.9615815150293083, 0.9281895834959132, 0.8618242715211362, 0.7924607960177247, 0.7611179945250621, 0.7104646763795848, 0.7283668692532105, 0.6789957274078001, 0.6808788758187885, 0.8226662585988196, 0.9941037195111623, 0.9982726049351167], "ALPHAS": [0.06091291094402513, 0.06223932724434553, 0.06419787512934613, 0.06740301702230433, 0.07071799478918053, 0.07536729281153942, 0.08202142876572896, 0.09356289594787451, 0.11154910019804817, 0.13985458648573165, 0.15273060697309873, 0.17874724125953237, 0.19032363561089793, 0.17661010360549112, 0.16942941127843142, 0.1674085079733598, 0.17705326618147493, 0.18352868913508602, 0.20320344035768204, 0.2639055248512852]}