{"time": "181130_0401", "filename": "T-BN9486677.png", "betas": 0.35, "gammas": 0.5, "c": [null, null, null, null, null, null, null, null, null, null, null, null, null, null, null, null, null, null, null, null], "sigmas": [0.25, 0.30554858059465007, 0.37343974041362143, 0.4564159304840664, 0.5578289588807719, 0.681775386402445, 0.8332620063985445, 1.018408093274102, 1.2446925894640235, 1.5212562159496474, 1.8592707100168127, 2.2723901055473767, 2.7773022852293128, 3.394403084536378, 4.1486201777847675, 5.070420026993842, 6.197038569066624, 7.573985354674433, 9.256881898261764, 11.313708498984761], "border_radii": [12, 12, 12, 12, 12, 12, 12, 12, 12, 12, 12, 12, 12, 13, 16, 20, 24, 30, 37, 45], "counts": {"TP": 18114, "TN": 371640, "FP": 31481, "FN": 31074}, "counts_FA": {"TP": 6886, "TN": 398652, "FP": 4469, "FN": 42302}, "counts_rw": {"TP": 11747, "TN": 392096, "FP": 11025, "FN": 37441}, "pnc": [0.4759144237405107, 0.19282263630089716, 0.3022774327122153, 0.4048309178743961], "mcc": [0.2891202833354417, 0.2565282762164417, 0.30108820934690345, 0.3430484575278784], "scale_maxes": [0.9843166917499191, 0.9834413397891141, 0.9821133460944216, 0.9800929106311738, 0.9810262584946594, 0.9836914260380992, 0.9867326715157222, 0.9915698246218707, 0.9980574513045611, 0.978525097921632, 0.9414426097676443, 0.8874411923465975, 0.8827926976720123, 0.9049499660199251, 0.9068169217586004, 0.8976417727598623, 0.9303620303513745, 0.9552099701308313, 0.9102457314221807, 0.8951593312090599], "ALPHAS": [0.06091291094402513, 0.06223932724434553, 0.06419787512934613, 0.06740301702230433, 0.07071799478918053, 0.07536729281153942, 0.08202142876572896, 0.09356289594787451, 0.11154910019804817, 0.13985458648573165, 0.15273060697309873, 0.17874724125953237, 0.19032363561089793, 0.17661010360549112, 0.16942941127843142, 0.1674085079733598, 0.17705326618147493, 0.18352868913508602, 0.20320344035768204, 0.2639055248512852]}