{"time": "181130_0057", "filename": "T-BN0421379.png", "betas": 0.35, "gammas": 0.5, "c": [null, null, null, null, null, null, null, null, null, null, null, null, null, null, null, null, null, null, null, null], "sigmas": [0.25, 0.30554858059465007, 0.37343974041362143, 0.4564159304840664, 0.5578289588807719, 0.681775386402445, 0.8332620063985445, 1.018408093274102, 1.2446925894640235, 1.5212562159496474, 1.8592707100168127, 2.2723901055473767, 2.7773022852293128, 3.394403084536378, 4.1486201777847675, 5.070420026993842, 6.197038569066624, 7.573985354674433, 9.256881898261764, 11.313708498984761], "border_radii": [12, 12, 12, 12, 12, 12, 12, 12, 12, 12, 12, 12, 12, 13, 16, 20, 24, 30, 37, 45], "counts": {"TP": 34694, "TN": 481769, "FP": 17132, "FN": 58195}, "counts_FA": {"TP": 10125, "TN": 497125, "FP": 1776, "FN": 82764}, "counts_rw": {"TP": 18490, "TN": 495067, "FP": 3834, "FN": 74399}, "pnc": [0.5711637313558607, 0.1691244627959889, 0.26754866436336056, 0.49068846380719644], "mcc": [0.43645332397180003, 0.27323459014087803, 0.3653785445770545, 0.4387472595109895], "scale_maxes": [0.976877135806572, 0.9755118058714017, 0.9735010050334375, 0.9705699487944198, 0.9697568437895873, 0.9794987537602964, 0.9840360350352408, 0.976244001059343, 0.9712261117850962, 0.9812883721213652, 0.999649081895213, 0.9996025970572141, 0.999006143045442, 0.9975688624966633, 0.9936193984390413, 0.8763609706484498, 0.8359743142792664, 0.9401167780570177, 0.9449759683897974, 0.9221745801171687], "ALPHAS": [0.06091291094402513, 0.06223932724434553, 0.06419787512934613, 0.06740301702230433, 0.07071799478918053, 0.07536729281153942, 0.08202142876572896, 0.09356289594787451, 0.11154910019804817, 0.13985458648573165, 0.15273060697309873, 0.17874724125953237, 0.19032363561089793, 0.17661010360549112, 0.16942941127843142, 0.1674085079733598, 0.17705326618147493, 0.18352868913508602, 0.20320344035768204, 0.2639055248512852]}