{"time": "181130_0153", "filename": "T-BN6535713.png", "betas": 0.35, "gammas": 0.5, "c": [null, null, null, null, null, null, null, null, null, null, null, null, null, null, null, null, null, null, null, null], "sigmas": [0.25, 0.30554858059465007, 0.37343974041362143, 0.4564159304840664, 0.5578289588807719, 0.681775386402445, 0.8332620063985445, 1.018408093274102, 1.2446925894640235, 1.5212562159496474, 1.8592707100168127, 2.2723901055473767, 2.7773022852293128, 3.394403084536378, 4.1486201777847675, 5.070420026993842, 6.197038569066624, 7.573985354674433, 9.256881898261764, 11.313708498984761], "border_radii": [12, 12, 12, 12, 12, 12, 12, 12, 12, 12, 12, 12, 12, 13, 16, 20, 24, 30, 37, 45], "counts": {"TP": 62847, "TN": 751846, "FP": 21058, "FN": 80480}, "counts_FA": {"TP": 27493, "TN": 769894, "FP": 3010, "FN": 115834}, "counts_rw": {"TP": 43810, "TN": 763343, "FP": 9561, "FN": 99517}, "pnc": [0.5396101949025487, 0.2191904047976012, 0.3180209895052474, 0.4316041979010495], "mcc": [0.5179443328264209, 0.3805322732921342, 0.4548914492715602, 0.47292043723456445], "scale_maxes": [0.9997952374301403, 0.999822868604179, 0.9998596551686112, 0.9999054457684083, 0.9999556383400325, 0.999994976386409, 0.9999822432480263, 0.9953461608298423, 0.9966972798693516, 0.9989045504464846, 0.9994418612753688, 0.9999453191765286, 0.9998509583635888, 0.9828182491872358, 0.9575511827940512, 0.9580996790749302, 0.9862365740508935, 0.9927292527074181, 0.9857874270336822, 0.9969231151760409], "ALPHAS": [0.06091291094402513, 0.06223932724434553, 0.06419787512934613, 0.06740301702230433, 0.07071799478918053, 0.07536729281153942, 0.08202142876572896, 0.09356289594787451, 0.11154910019804817, 0.13985458648573165, 0.15273060697309873, 0.17874724125953237, 0.19032363561089793, 0.17661010360549112, 0.16942941127843142, 0.1674085079733598, 0.17705326618147493, 0.18352868913508602, 0.20320344035768204, 0.2639055248512852]}