{"time": "181130_0119", "filename": "T-BN2481864.png", "betas": 0.35, "gammas": 0.5, "c": [null, null, null, null, null, null, null, null, null, null, null, null, null, null, null, null, null, null, null, null], "sigmas": [0.25, 0.30554858059465007, 0.37343974041362143, 0.4564159304840664, 0.5578289588807719, 0.681775386402445, 0.8332620063985445, 1.018408093274102, 1.2446925894640235, 1.5212562159496474, 1.8592707100168127, 2.2723901055473767, 2.7773022852293128, 3.394403084536378, 4.1486201777847675, 5.070420026993842, 6.197038569066624, 7.573985354674433, 9.256881898261764, 11.313708498984761], "border_radii": [12, 12, 12, 12, 12, 12, 12, 12, 12, 12, 12, 12, 12, 13, 16, 20, 24, 30, 37, 45], "counts": {"TP": 79975, "TN": 581440, "FP": 30227, "FN": 61833}, "counts_FA": {"TP": 36080, "TN": 607838, "FP": 3829, "FN": 105728}, "counts_rw": {"TP": 57190, "TN": 601918, "FP": 9749, "FN": 84618}, "pnc": [0.7277356850080735, 0.36448888336852564, 0.5263942367407776, 0.45391876785492485], "mcc": [0.569170698422276, 0.4331139694489529, 0.5321621171413068, 0.4406255840440151], "scale_maxes": [0.9703282836866934, 0.9681098794735853, 0.9648873893687007, 0.9602754083945472, 0.9538262657033469, 0.9462705639064137, 0.9561120833950173, 0.9861071835041191, 0.9817383473319616, 0.9959406005165026, 0.9985090247674264, 0.996102577340188, 0.9950243643759306, 0.9910170062611259, 0.9937552364933843, 0.9923667048494731, 0.9931526711130032, 0.998615438709515, 0.9786140655156669, 0.9840712962575093], "ALPHAS": [0.06091291094402513, 0.06223932724434553, 0.06419787512934613, 0.06740301702230433, 0.07071799478918053, 0.07536729281153942, 0.08202142876572896, 0.09356289594787451, 0.11154910019804817, 0.13985458648573165, 0.15273060697309873, 0.17874724125953237, 0.19032363561089793, 0.17661010360549112, 0.16942941127843142, 0.1674085079733598, 0.17705326618147493, 0.18352868913508602, 0.20320344035768204, 0.2639055248512852]}