{"time": "181130_0317", "filename": "T-BN3800686.png", "betas": 0.35, "gammas": 0.5, "c": [null, null, null, null, null, null, null, null, null, null, null, null, null, null, null, null, null, null, null, null], "sigmas": [0.25, 0.30554858059465007, 0.37343974041362143, 0.4564159304840664, 0.5578289588807719, 0.681775386402445, 0.8332620063985445, 1.018408093274102, 1.2446925894640235, 1.5212562159496474, 1.8592707100168127, 2.2723901055473767, 2.7773022852293128, 3.394403084536378, 4.1486201777847675, 5.070420026993842, 6.197038569066624, 7.573985354674433, 9.256881898261764, 11.313708498984761], "border_radii": [12, 12, 12, 12, 12, 12, 12, 12, 12, 12, 12, 12, 12, 13, 16, 20, 24, 30, 37, 45], "counts": {"TP": 35587, "TN": 610053, "FP": 42436, "FN": 54239}, "counts_FA": {"TP": 14799, "TN": 648570, "FP": 3919, "FN": 75027}, "counts_rw": {"TP": 23321, "TN": 642722, "FP": 9767, "FN": 66505}, "pnc": [0.5156657044286418, 0.23241568682672675, 0.33626698584806025, 0.3742167147785679], "mcc": [0.35213432586564064, 0.3302260154813288, 0.38664679630052085, 0.33643711718043207], "scale_maxes": [0.9525121632407367, 0.9588706136350009, 0.96805969422219, 0.9810987934771437, 0.9990637285384972, 0.9999854746951319, 0.9999951704908037, 0.9999999767428198, 0.9999951034191362, 0.9999584508699279, 0.9973540441410692, 0.9912520836687625, 0.9975489668058443, 0.996697117863918, 0.9932594049190921, 0.9767314790373239, 0.9287571187743354, 0.9261144034803638, 0.908778318364066, 0.9213021908441513], "ALPHAS": [0.06091291094402513, 0.06223932724434553, 0.06419787512934613, 0.06740301702230433, 0.07071799478918053, 0.07536729281153942, 0.08202142876572896, 0.09356289594787451, 0.11154910019804817, 0.13985458648573165, 0.15273060697309873, 0.17874724125953237, 0.19032363561089793, 0.17661010360549112, 0.16942941127843142, 0.1674085079733598, 0.17705326618147493, 0.18352868913508602, 0.20320344035768204, 0.2639055248512852]}