{"time": "181130_0420", "filename": "T-BN3817093.png", "betas": 0.35, "gammas": 0.5, "c": [null, null, null, null, null, null, null, null, null, null, null, null, null, null, null, null, null, null, null, null], "sigmas": [0.25, 0.30554858059465007, 0.37343974041362143, 0.4564159304840664, 0.5578289588807719, 0.681775386402445, 0.8332620063985445, 1.018408093274102, 1.2446925894640235, 1.5212562159496474, 1.8592707100168127, 2.2723901055473767, 2.7773022852293128, 3.394403084536378, 4.1486201777847675, 5.070420026993842, 6.197038569066624, 7.573985354674433, 9.256881898261764, 11.313708498984761], "border_radii": [12, 12, 12, 12, 12, 12, 12, 12, 12, 12, 12, 12, 12, 13, 16, 20, 24, 30, 37, 45], "counts": {"TP": 11709, "TN": 401333, "FP": 15805, "FN": 65772}, "counts_FA": {"TP": 1621, "TN": 414907, "FP": 2231, "FN": 75860}, "counts_rw": {"TP": 3425, "TN": 412494, "FP": 4644, "FN": 74056}, "pnc": [0.20837477620847425, 0.027750149194350506, 0.053610503282275714, 0.2515416749552417], "mcc": [0.17956500273314452, 0.06439118137926828, 0.09488907156815309, 0.22091962451025238], "scale_maxes": [0.9974894678517754, 0.9975525094262603, 0.9976256042400053, 0.9976918560290999, 0.9977054158340651, 0.9975571951310624, 0.9942910422872495, 0.9654437389741025, 0.9893565348217861, 0.986537827674041, 0.966862130266545, 0.9343531088447268, 0.8891923135409159, 0.8658420516270406, 0.8244800574153962, 0.8766638122848313, 0.9881567372940324, 0.9755841705269372, 0.9781736526063279, 0.9159568740029075], "ALPHAS": [0.06091291094402513, 0.06223932724434553, 0.06419787512934613, 0.06740301702230433, 0.07071799478918053, 0.07536729281153942, 0.08202142876572896, 0.09356289594787451, 0.11154910019804817, 0.13985458648573165, 0.15273060697309873, 0.17874724125953237, 0.19032363561089793, 0.17661010360549112, 0.16942941127843142, 0.1674085079733598, 0.17705326618147493, 0.18352868913508602, 0.20320344035768204, 0.2639055248512852]}