{"time": "181130_0126", "filename": "T-BN2899857.png", "betas": 0.35, "gammas": 0.5, "c": [null, null, null, null, null, null, null, null, null, null, null, null, null, null, null, null, null, null, null, null], "sigmas": [0.25, 0.30554858059465007, 0.37343974041362143, 0.4564159304840664, 0.5578289588807719, 0.681775386402445, 0.8332620063985445, 1.018408093274102, 1.2446925894640235, 1.5212562159496474, 1.8592707100168127, 2.2723901055473767, 2.7773022852293128, 3.394403084536378, 4.1486201777847675, 5.070420026993842, 6.197038569066624, 7.573985354674433, 9.256881898261764, 11.313708498984761], "border_radii": [12, 12, 12, 12, 12, 12, 12, 12, 12, 12, 12, 12, 12, 13, 16, 20, 24, 30, 37, 45], "counts": {"TP": 34496, "TN": 349184, "FP": 24405, "FN": 53879}, "counts_FA": {"TP": 10577, "TN": 370058, "FP": 3531, "FN": 77798}, "counts_rw": {"TP": 18877, "TN": 363713, "FP": 9876, "FN": 69498}, "pnc": [0.48317010945601185, 0.1480536581351329, 0.24129701259155625, 0.371162867253724], "mcc": [0.3832761467414749, 0.25197993608652547, 0.30471694964370394, 0.38088311391029955], "scale_maxes": [0.8927595011729896, 0.9014320577048266, 0.9132948529811882, 0.9287908853352946, 0.9476269178735103, 0.9680298918598631, 0.9768681790716974, 0.9569674771167834, 0.9464390443161912, 0.9490277835880272, 0.9327831722012029, 0.905586454608363, 0.8955367909179485, 0.8568850321142903, 0.8230722613444688, 0.9587838643032576, 0.9794933224761676, 0.9801483409663628, 0.9586640196436824, 0.8582371168239686], "ALPHAS": [0.06091291094402513, 0.06223932724434553, 0.06419787512934613, 0.06740301702230433, 0.07071799478918053, 0.07536729281153942, 0.08202142876572896, 0.09356289594787451, 0.11154910019804817, 0.13985458648573165, 0.15273060697309873, 0.17874724125953237, 0.19032363561089793, 0.17661010360549112, 0.16942941127843142, 0.1674085079733598, 0.17705326618147493, 0.18352868913508602, 0.20320344035768204, 0.2639055248512852]}