{"time": "181130_0234", "filename": "T-BN0061827.png", "betas": 0.35, "gammas": 0.5, "c": [null, null, null, null, null, null, null, null, null, null, null, null, null, null, null, null, null, null, null, null], "sigmas": [0.25, 0.30554858059465007, 0.37343974041362143, 0.4564159304840664, 0.5578289588807719, 0.681775386402445, 0.8332620063985445, 1.018408093274102, 1.2446925894640235, 1.5212562159496474, 1.8592707100168127, 2.2723901055473767, 2.7773022852293128, 3.394403084536378, 4.1486201777847675, 5.070420026993842, 6.197038569066624, 7.573985354674433, 9.256881898261764, 11.313708498984761], "border_radii": [12, 12, 12, 12, 12, 12, 12, 12, 12, 12, 12, 12, 12, 13, 16, 20, 24, 30, 37, 45], "counts": {"TP": 29541, "TN": 379703, "FP": 29777, "FN": 51431}, "counts_FA": {"TP": 9023, "TN": 404675, "FP": 4805, "FN": 71949}, "counts_rw": {"TP": 16152, "TN": 397591, "FP": 11889, "FN": 64820}, "pnc": [0.5313664596273292, 0.1903726708074534, 0.28436853002070395, 0.4312629399585921], "mcc": [0.33260743090234063, 0.22361851494987164, 0.27255209011774234, 0.3154858328653012], "scale_maxes": [0.4690177935023451, 0.47751829239203997, 0.4901829661909043, 0.5089984456364768, 0.5367858872101975, 0.5905523279147405, 0.6797728345996807, 0.7945010760682844, 0.9254744513661592, 0.9954461233492229, 0.9964514471272062, 0.9779111002221055, 0.9635819180809503, 0.9766714794130744, 0.9913905642368348, 0.9419640404301426, 0.8842615111524711, 0.8855838741759903, 0.7981040419543902, 0.8067736635739277], "ALPHAS": [0.06091291094402513, 0.06223932724434553, 0.06419787512934613, 0.06740301702230433, 0.07071799478918053, 0.07536729281153942, 0.08202142876572896, 0.09356289594787451, 0.11154910019804817, 0.13985458648573165, 0.15273060697309873, 0.17874724125953237, 0.19032363561089793, 0.17661010360549112, 0.16942941127843142, 0.1674085079733598, 0.17705326618147493, 0.18352868913508602, 0.20320344035768204, 0.2639055248512852]}