{"time": "181130_0245", "filename": "T-BN0491127.png", "betas": 0.35, "gammas": 0.5, "c": [null, null, null, null, null, null, null, null, null, null, null, null, null, null, null, null, null, null, null, null], "sigmas": [0.25, 0.30554858059465007, 0.37343974041362143, 0.4564159304840664, 0.5578289588807719, 0.681775386402445, 0.8332620063985445, 1.018408093274102, 1.2446925894640235, 1.5212562159496474, 1.8592707100168127, 2.2723901055473767, 2.7773022852293128, 3.394403084536378, 4.1486201777847675, 5.070420026993842, 6.197038569066624, 7.573985354674433, 9.256881898261764, 11.313708498984761], "border_radii": [12, 12, 12, 12, 12, 12, 12, 12, 12, 12, 12, 12, 12, 13, 16, 20, 24, 30, 37, 45], "counts": {"TP": 18960, "TN": 369081, "FP": 30730, "FN": 43215}, "counts_FA": {"TP": 4694, "TN": 395092, "FP": 4719, "FN": 57481}, "counts_rw": {"TP": 9390, "TN": 388099, "FP": 11712, "FN": 52785}, "pnc": [0.4610763761186711, 0.13804094642638226, 0.237219566016918, 0.3964692901802133], "mcc": [0.251241739190925, 0.15385870289794767, 0.19898219945941806, 0.2781168528774521], "scale_maxes": [0.9091540681494842, 0.9073391537172685, 0.9047137378744596, 0.900966713293428, 0.8957032311991728, 0.8883945896807341, 0.88199736160973, 0.8837481190080079, 0.9060639028633123, 0.9717436160139176, 0.9942271868044859, 0.9230937237066105, 0.81871260656742, 0.7762946000321739, 0.6957693512247525, 0.6303622126210533, 0.555744584988306, 0.5455485328098612, 0.6871652612453285, 0.8245721837922433], "ALPHAS": [0.06091291094402513, 0.06223932724434553, 0.06419787512934613, 0.06740301702230433, 0.07071799478918053, 0.07536729281153942, 0.08202142876572896, 0.09356289594787451, 0.11154910019804817, 0.13985458648573165, 0.15273060697309873, 0.17874724125953237, 0.19032363561089793, 0.17661010360549112, 0.16942941127843142, 0.1674085079733598, 0.17705326618147493, 0.18352868913508602, 0.20320344035768204, 0.2639055248512852]}