{"time": "181130_0322", "filename": "T-BN4442496.png", "betas": 0.35, "gammas": 0.5, "c": [null, null, null, null, null, null, null, null, null, null, null, null, null, null, null, null, null, null, null, null], "sigmas": [0.25, 0.30554858059465007, 0.37343974041362143, 0.4564159304840664, 0.5578289588807719, 0.681775386402445, 0.8332620063985445, 1.018408093274102, 1.2446925894640235, 1.5212562159496474, 1.8592707100168127, 2.2723901055473767, 2.7773022852293128, 3.394403084536378, 4.1486201777847675, 5.070420026993842, 6.197038569066624, 7.573985354674433, 9.256881898261764, 11.313708498984761], "border_radii": [12, 12, 12, 12, 12, 12, 12, 12, 12, 12, 12, 12, 12, 13, 16, 20, 24, 30, 37, 45], "counts": {"TP": 37914, "TN": 508607, "FP": 15955, "FN": 82283}, "counts_FA": {"TP": 11557, "TN": 520695, "FP": 3867, "FN": 108640}, "counts_rw": {"TP": 21507, "TN": 515433, "FP": 9129, "FN": 98690}, "pnc": [0.4291217257318952, 0.11339123126488304, 0.19568567026194145, 0.4132231404958678], "mcc": [0.40113648944142044, 0.22626333022584877, 0.2956989430073532, 0.37872238312653417], "scale_maxes": [0.5240155267706061, 0.5355270335005753, 0.5548651867794926, 0.5830494946828119, 0.6232520587769982, 0.6782536990334761, 0.7477891302740877, 0.8071130847309939, 0.8463752894008794, 0.9302506601190184, 0.9415694071086489, 0.9640873067933373, 0.970502564107826, 0.9906565235904189, 0.9998875650822799, 0.9772200971652542, 0.9263945994422694, 0.9545640505648779, 0.9412204815069072, 0.8482466079012461], "ALPHAS": [0.06091291094402513, 0.06223932724434553, 0.06419787512934613, 0.06740301702230433, 0.07071799478918053, 0.07536729281153942, 0.08202142876572896, 0.09356289594787451, 0.11154910019804817, 0.13985458648573165, 0.15273060697309873, 0.17874724125953237, 0.19032363561089793, 0.17661010360549112, 0.16942941127843142, 0.1674085079733598, 0.17705326618147493, 0.18352868913508602, 0.20320344035768204, 0.2639055248512852]}