{"time": "181130_0054", "filename": "T-BN0124393.png", "betas": 0.35, "gammas": 0.5, "c": [null, null, null, null, null, null, null, null, null, null, null, null, null, null, null, null, null, null, null, null], "sigmas": [0.25, 0.30554858059465007, 0.37343974041362143, 0.4564159304840664, 0.5578289588807719, 0.681775386402445, 0.8332620063985445, 1.018408093274102, 1.2446925894640235, 1.5212562159496474, 1.8592707100168127, 2.2723901055473767, 2.7773022852293128, 3.394403084536378, 4.1486201777847675, 5.070420026993842, 6.197038569066624, 7.573985354674433, 9.256881898261764, 11.313708498984761], "border_radii": [12, 12, 12, 12, 12, 12, 12, 12, 12, 12, 12, 12, 12, 13, 16, 20, 24, 30, 37, 45], "counts": {"TP": 42477, "TN": 396160, "FP": 15717, "FN": 48204}, "counts_FA": {"TP": 15415, "TN": 410039, "FP": 1838, "FN": 75266}, "counts_rw": {"TP": 26701, "TN": 406772, "FP": 5105, "FN": 63980}, "pnc": [0.6807857581338245, 0.29097605893186, 0.4257651495220556, 0.44751381215469616], "mcc": [0.5170912661675726, 0.34960396379280956, 0.4454772884450855, 0.3991713328432169], "scale_maxes": [0.907808733947883, 0.9084707756833308, 0.9094031674993073, 0.910680690943706, 0.9126774299060652, 0.9211926528696595, 0.9370734090381359, 0.9582192218234662, 0.9969932844193264, 0.9956635995838732, 0.9735457544094204, 0.9972906751282672, 0.9922730766879708, 0.9961134949764514, 0.9990803244931372, 0.9845405547235726, 0.9691627707131822, 0.9317692712707212, 0.8331893634317296, 0.7319504397738829], "ALPHAS": [0.06091291094402513, 0.06223932724434553, 0.06419787512934613, 0.06740301702230433, 0.07071799478918053, 0.07536729281153942, 0.08202142876572896, 0.09356289594787451, 0.11154910019804817, 0.13985458648573165, 0.15273060697309873, 0.17874724125953237, 0.19032363561089793, 0.17661010360549112, 0.16942941127843142, 0.1674085079733598, 0.17705326618147493, 0.18352868913508602, 0.20320344035768204, 0.2639055248512852]}