{"time": "181130_0433", "filename": "T-BN6498420.png", "betas": 0.35, "gammas": 0.5, "c": [null, null, null, null, null, null, null, null, null, null, null, null, null, null, null, null, null, null, null, null], "sigmas": [0.25, 0.30554858059465007, 0.37343974041362143, 0.4564159304840664, 0.5578289588807719, 0.681775386402445, 0.8332620063985445, 1.018408093274102, 1.2446925894640235, 1.5212562159496474, 1.8592707100168127, 2.2723901055473767, 2.7773022852293128, 3.394403084536378, 4.1486201777847675, 5.070420026993842, 6.197038569066624, 7.573985354674433, 9.256881898261764, 11.313708498984761], "border_radii": [12, 12, 12, 12, 12, 12, 12, 12, 12, 12, 12, 12, 12, 13, 16, 20, 24, 30, 37, 45], "counts": {"TP": 17843, "TN": 623602, "FP": 25612, "FN": 47311}, "counts_FA": {"TP": 5348, "TN": 647366, "FP": 1848, "FN": 59806}, "counts_rw": {"TP": 9651, "TN": 644756, "FP": 4458, "FN": 55503}, "pnc": [0.4026838655986685, 0.13648184749817954, 0.20711536461042337, 0.42452928326224904], "mcc": [0.28234757925660575, 0.22844336239368254, 0.29228316218478817, 0.2902316084808353], "scale_maxes": [0.9927761848891443, 0.9921959974323866, 0.9912823238610122, 0.9907731733882872, 0.9921230060278069, 0.9920133225768323, 0.999894749454473, 0.9999999434467568, 0.9999153962156381, 0.9920455007884497, 0.9914085106360722, 0.9554444420781703, 0.9177754620758165, 0.9456292772790359, 0.9531553691106555, 0.8611392647497566, 0.7476822665778241, 0.7832164445725395, 0.8168711213880969, 0.8159000352886242], "ALPHAS": [0.06091291094402513, 0.06223932724434553, 0.06419787512934613, 0.06740301702230433, 0.07071799478918053, 0.07536729281153942, 0.08202142876572896, 0.09356289594787451, 0.11154910019804817, 0.13985458648573165, 0.15273060697309873, 0.17874724125953237, 0.19032363561089793, 0.17661010360549112, 0.16942941127843142, 0.1674085079733598, 0.17705326618147493, 0.18352868913508602, 0.20320344035768204, 0.2639055248512852]}