{"time": "181130_0331", "filename": "T-BN5852719.png", "betas": 0.35, "gammas": 0.5, "c": [null, null, null, null, null, null, null, null, null, null, null, null, null, null, null, null, null, null, null, null], "sigmas": [0.25, 0.30554858059465007, 0.37343974041362143, 0.4564159304840664, 0.5578289588807719, 0.681775386402445, 0.8332620063985445, 1.018408093274102, 1.2446925894640235, 1.5212562159496474, 1.8592707100168127, 2.2723901055473767, 2.7773022852293128, 3.394403084536378, 4.1486201777847675, 5.070420026993842, 6.197038569066624, 7.573985354674433, 9.256881898261764, 11.313708498984761], "border_radii": [12, 12, 12, 12, 12, 12, 12, 12, 12, 12, 12, 12, 12, 13, 16, 20, 24, 30, 37, 45], "counts": {"TP": 13668, "TN": 336247, "FP": 17982, "FN": 31402}, "counts_FA": {"TP": 2673, "TN": 352228, "FP": 2001, "FN": 42397}, "counts_rw": {"TP": 5474, "TN": 348080, "FP": 6149, "FN": 39596}, "pnc": [0.393161094224924, 0.06945288753799392, 0.14544072948328268, 0.39787234042553193], "mcc": [0.29576032824822285, 0.15786672092957582, 0.19594273434959417, 0.33438872740134434], "scale_maxes": [0.70267518713448, 0.7072278336617234, 0.713824193155781, 0.7232185927727971, 0.7362163249721415, 0.7532840881917412, 0.7358362653296687, 0.726494942159791, 0.7039721598594091, 0.6631471594797372, 0.6969859537083832, 0.6761923345746766, 0.7389993522745526, 0.789643281372428, 0.9750431322161438, 0.9976151766114612, 0.9963619179945546, 0.9903590705248727, 0.97838300057277, 0.9203293968393285], "ALPHAS": [0.06091291094402513, 0.06223932724434553, 0.06419787512934613, 0.06740301702230433, 0.07071799478918053, 0.07536729281153942, 0.08202142876572896, 0.09356289594787451, 0.11154910019804817, 0.13985458648573165, 0.15273060697309873, 0.17874724125953237, 0.19032363561089793, 0.17661010360549112, 0.16942941127843142, 0.1674085079733598, 0.17705326618147493, 0.18352868913508602, 0.20320344035768204, 0.2639055248512852]}