{"time": "181130_0156", "filename": "T-BN7042433.png", "betas": 0.35, "gammas": 0.5, "c": [null, null, null, null, null, null, null, null, null, null, null, null, null, null, null, null, null, null, null, null], "sigmas": [0.25, 0.30554858059465007, 0.37343974041362143, 0.4564159304840664, 0.5578289588807719, 0.681775386402445, 0.8332620063985445, 1.018408093274102, 1.2446925894640235, 1.5212562159496474, 1.8592707100168127, 2.2723901055473767, 2.7773022852293128, 3.394403084536378, 4.1486201777847675, 5.070420026993842, 6.197038569066624, 7.573985354674433, 9.256881898261764, 11.313708498984761], "border_radii": [12, 12, 12, 12, 12, 12, 12, 12, 12, 12, 12, 12, 12, 13, 16, 20, 24, 30, 37, 45], "counts": {"TP": 37627, "TN": 396860, "FP": 26469, "FN": 44272}, "counts_FA": {"TP": 17118, "TN": 419625, "FP": 3704, "FN": 64781}, "counts_rw": {"TP": 27214, "TN": 415307, "FP": 8022, "FN": 54685}, "pnc": [0.6472799415265741, 0.3574188159131252, 0.48073509449723295, 0.5060039678396158], "mcc": [0.4395073291828337, 0.3712913935758943, 0.4533693861089361, 0.4262689573452982], "scale_maxes": [0.9925225690560395, 0.993234780595552, 0.9942270463807161, 0.9955561072032278, 0.9972159045440656, 0.9992801250787533, 0.9998876127574444, 0.9998160183256172, 0.997501410960431, 0.9908006555805638, 0.9942143839011112, 0.9968346694731711, 0.9835961928784112, 0.9767731470350807, 0.9467975378978843, 0.9103197396131275, 0.949421525400909, 0.9069519934465031, 0.8293011112497439, 0.7646688528227272], "ALPHAS": [0.06091291094402513, 0.06223932724434553, 0.06419787512934613, 0.06740301702230433, 0.07071799478918053, 0.07536729281153942, 0.08202142876572896, 0.09356289594787451, 0.11154910019804817, 0.13985458648573165, 0.15273060697309873, 0.17874724125953237, 0.19032363561089793, 0.17661010360549112, 0.16942941127843142, 0.1674085079733598, 0.17705326618147493, 0.18352868913508602, 0.20320344035768204, 0.2639055248512852]}