{"time": "181130_0236", "filename": "T-BN0254914.png", "betas": 0.35, "gammas": 0.5, "c": [null, null, null, null, null, null, null, null, null, null, null, null, null, null, null, null, null, null, null, null], "sigmas": [0.25, 0.30554858059465007, 0.37343974041362143, 0.4564159304840664, 0.5578289588807719, 0.681775386402445, 0.8332620063985445, 1.018408093274102, 1.2446925894640235, 1.5212562159496474, 1.8592707100168127, 2.2723901055473767, 2.7773022852293128, 3.394403084536378, 4.1486201777847675, 5.070420026993842, 6.197038569066624, 7.573985354674433, 9.256881898261764, 11.313708498984761], "border_radii": [12, 12, 12, 12, 12, 12, 12, 12, 12, 12, 12, 12, 12, 13, 16, 20, 24, 30, 37, 45], "counts": {"TP": 39085, "TN": 450615, "FP": 37301, "FN": 50554}, "counts_FA": {"TP": 13341, "TN": 482653, "FP": 5263, "FN": 76298}, "counts_rw": {"TP": 23714, "TN": 474729, "FP": 13187, "FN": 65925}, "pnc": [0.5933321757249522, 0.20923771488105575, 0.34485153672512586, 0.4296752908491058], "mcc": [0.3843386553654523, 0.2831048584607032, 0.35167996065750123, 0.3751909920196849], "scale_maxes": [0.9830531164901734, 0.9777619763374263, 0.9698447597367924, 0.9580161354384291, 0.9404281480604993, 0.9145866437212448, 0.9349162512771851, 0.9830542784241162, 0.9949393601294743, 0.9849751341599196, 0.9931507822913136, 0.9996926752125425, 0.9987451995368128, 0.8973557755861539, 0.9164289752028536, 0.9161243877300291, 0.9526596898206429, 0.9552333213450015, 0.9632253053308869, 0.982994371836071], "ALPHAS": [0.06091291094402513, 0.06223932724434553, 0.06419787512934613, 0.06740301702230433, 0.07071799478918053, 0.07536729281153942, 0.08202142876572896, 0.09356289594787451, 0.11154910019804817, 0.13985458648573165, 0.15273060697309873, 0.17874724125953237, 0.19032363561089793, 0.17661010360549112, 0.16942941127843142, 0.1674085079733598, 0.17705326618147493, 0.18352868913508602, 0.20320344035768204, 0.2639055248512852]}