{"time": "181130_0349", "filename": "T-BN8358802.png", "betas": 0.35, "gammas": 0.5, "c": [null, null, null, null, null, null, null, null, null, null, null, null, null, null, null, null, null, null, null, null], "sigmas": [0.25, 0.30554858059465007, 0.37343974041362143, 0.4564159304840664, 0.5578289588807719, 0.681775386402445, 0.8332620063985445, 1.018408093274102, 1.2446925894640235, 1.5212562159496474, 1.8592707100168127, 2.2723901055473767, 2.7773022852293128, 3.394403084536378, 4.1486201777847675, 5.070420026993842, 6.197038569066624, 7.573985354674433, 9.256881898261764, 11.313708498984761], "border_radii": [12, 12, 12, 12, 12, 12, 12, 12, 12, 12, 12, 12, 12, 13, 16, 20, 24, 30, 37, 45], "counts": {"TP": 26889, "TN": 568308, "FP": 25171, "FN": 51076}, "counts_FA": {"TP": 7758, "TN": 590975, "FP": 2504, "FN": 70207}, "counts_rw": {"TP": 15070, "TN": 587608, "FP": 5871, "FN": 62895}, "pnc": [0.5538983872923487, 0.19219109979386442, 0.31102218988723174, 0.5286770947011035], "mcc": [0.36233219348350804, 0.24883396316718204, 0.3380079720968349, 0.38835444245459816], "scale_maxes": [0.9952395557191439, 0.9954025904898739, 0.9956331306952804, 0.9959519859225556, 0.9901690209365758, 0.9803098636411092, 0.9668289776696662, 0.9484159151587046, 0.9691465272055889, 0.9928120262256052, 0.9992826760279794, 0.9910385539773389, 0.9846484643057564, 0.8759355604536898, 0.8363135710006293, 0.8723926199006041, 0.8806051378752731, 0.8405310959020342, 0.777705389109763, 0.8391741437370398], "ALPHAS": [0.06091291094402513, 0.06223932724434553, 0.06419787512934613, 0.06740301702230433, 0.07071799478918053, 0.07536729281153942, 0.08202142876572896, 0.09356289594787451, 0.11154910019804817, 0.13985458648573165, 0.15273060697309873, 0.17874724125953237, 0.19032363561089793, 0.17661010360549112, 0.16942941127843142, 0.1674085079733598, 0.17705326618147493, 0.18352868913508602, 0.20320344035768204, 0.2639055248512852]}