{"time": "181130_0307", "filename": "T-BN2679570.png", "betas": 0.35, "gammas": 0.5, "c": [null, null, null, null, null, null, null, null, null, null, null, null, null, null, null, null, null, null, null, null], "sigmas": [0.25, 0.30554858059465007, 0.37343974041362143, 0.4564159304840664, 0.5578289588807719, 0.681775386402445, 0.8332620063985445, 1.018408093274102, 1.2446925894640235, 1.5212562159496474, 1.8592707100168127, 2.2723901055473767, 2.7773022852293128, 3.394403084536378, 4.1486201777847675, 5.070420026993842, 6.197038569066624, 7.573985354674433, 9.256881898261764, 11.313708498984761], "border_radii": [12, 12, 12, 12, 12, 12, 12, 12, 12, 12, 12, 12, 12, 13, 16, 20, 24, 30, 37, 45], "counts": {"TP": 51468, "TN": 610508, "FP": 30099, "FN": 75893}, "counts_FA": {"TP": 18120, "TN": 638589, "FP": 2018, "FN": 109241}, "counts_rw": {"TP": 31150, "TN": 635308, "FP": 5299, "FN": 96211}, "pnc": [0.5403101965601965, 0.21076474201474202, 0.33100429975429974, 0.42252764127764125], "mcc": [0.4311112636380981, 0.32381889937485925, 0.413368941988359, 0.4018583045298967], "scale_maxes": [0.829583364839436, 0.8489294085099924, 0.8764059464587571, 0.9142091028095208, 0.9569990146880658, 0.9853270829815266, 0.9914259378055724, 0.9872444785196859, 0.9888216360231261, 0.9861883460137446, 0.9993829131877702, 0.9984289586434795, 0.9828311998428976, 0.9645640057324764, 0.9965643562133893, 0.9951259856309215, 0.9968391605495686, 0.9968643253816128, 0.9665954654685435, 0.8575097893624474], "ALPHAS": [0.06091291094402513, 0.06223932724434553, 0.06419787512934613, 0.06740301702230433, 0.07071799478918053, 0.07536729281153942, 0.08202142876572896, 0.09356289594787451, 0.11154910019804817, 0.13985458648573165, 0.15273060697309873, 0.17874724125953237, 0.19032363561089793, 0.17661010360549112, 0.16942941127843142, 0.1674085079733598, 0.17705326618147493, 0.18352868913508602, 0.20320344035768204, 0.2639055248512852]}