{"time": "181130_0326", "filename": "T-BN4773682.png", "betas": 0.35, "gammas": 0.5, "c": [null, null, null, null, null, null, null, null, null, null, null, null, null, null, null, null, null, null, null, null], "sigmas": [0.25, 0.30554858059465007, 0.37343974041362143, 0.4564159304840664, 0.5578289588807719, 0.681775386402445, 0.8332620063985445, 1.018408093274102, 1.2446925894640235, 1.5212562159496474, 1.8592707100168127, 2.2723901055473767, 2.7773022852293128, 3.394403084536378, 4.1486201777847675, 5.070420026993842, 6.197038569066624, 7.573985354674433, 9.256881898261764, 11.313708498984761], "border_radii": [12, 12, 12, 12, 12, 12, 12, 12, 12, 12, 12, 12, 12, 13, 16, 20, 24, 30, 37, 45], "counts": {"TP": 44267, "TN": 371571, "FP": 13636, "FN": 55478}, "counts_FA": {"TP": 13195, "TN": 383812, "FP": 1395, "FN": 86550}, "counts_rw": {"TP": 24225, "TN": 381904, "FP": 3303, "FN": 75520}, "pnc": [0.5980483271375465, 0.1913723667905824, 0.3229553903345725, 0.38011152416356875], "mcc": [0.50908664630662, 0.30444746722924537, 0.40926850509515983, 0.40881748716006056], "scale_maxes": [0.9923798657083661, 0.9929460122003474, 0.9937517055490405, 0.9948643639549724, 0.9966502797378067, 0.9980607021139206, 0.999180495000786, 0.9997917780814055, 0.9622186589810824, 0.9727680399460215, 0.9856811043993395, 0.9736873129933077, 0.9477637246173282, 0.9580031530404663, 0.9090541449741526, 0.7816980434847239, 0.6753726368053801, 0.5673913249459723, 0.6497129831288081, 0.7984451054028849], "ALPHAS": [0.06091291094402513, 0.06223932724434553, 0.06419787512934613, 0.06740301702230433, 0.07071799478918053, 0.07536729281153942, 0.08202142876572896, 0.09356289594787451, 0.11154910019804817, 0.13985458648573165, 0.15273060697309873, 0.17874724125953237, 0.19032363561089793, 0.17661010360549112, 0.16942941127843142, 0.1674085079733598, 0.17705326618147493, 0.18352868913508602, 0.20320344035768204, 0.2639055248512852]}