{"time": "181130_0100", "filename": "T-BN0657337.png", "betas": 0.35, "gammas": 0.5, "c": [null, null, null, null, null, null, null, null, null, null, null, null, null, null, null, null, null, null, null, null], "sigmas": [0.25, 0.30554858059465007, 0.37343974041362143, 0.4564159304840664, 0.5578289588807719, 0.681775386402445, 0.8332620063985445, 1.018408093274102, 1.2446925894640235, 1.5212562159496474, 1.8592707100168127, 2.2723901055473767, 2.7773022852293128, 3.394403084536378, 4.1486201777847675, 5.070420026993842, 6.197038569066624, 7.573985354674433, 9.256881898261764, 11.313708498984761], "border_radii": [12, 12, 12, 12, 12, 12, 12, 12, 12, 12, 12, 12, 12, 13, 16, 20, 24, 30, 37, 45], "counts": {"TP": 28043, "TN": 408162, "FP": 27435, "FN": 37249}, "counts_FA": {"TP": 11218, "TN": 432637, "FP": 2960, "FN": 54074}, "counts_rw": {"TP": 18207, "TN": 427325, "FP": 8272, "FN": 47085}, "pnc": [0.5412212932585458, 0.20626521325007938, 0.31326066250396867, 0.4158111969520584], "mcc": [0.39321294113622113, 0.33501124345107, 0.3910141216933155, 0.4342915562793778], "scale_maxes": [0.9902594878731541, 0.9892099779571784, 0.9876551164617795, 0.9877824624607139, 0.9910242073536788, 0.9949155568778784, 0.9982523322559282, 0.9965185943749946, 0.9695689101627935, 0.9314906545925229, 0.9850676340958517, 0.9835887388256972, 0.9758788393349781, 0.9688671019355046, 0.9769314533954804, 0.9538425087479951, 0.9267760756501222, 0.9652811430338671, 0.9849024822757475, 0.809752157275774], "ALPHAS": [0.06091291094402513, 0.06223932724434553, 0.06419787512934613, 0.06740301702230433, 0.07071799478918053, 0.07536729281153942, 0.08202142876572896, 0.09356289594787451, 0.11154910019804817, 0.13985458648573165, 0.15273060697309873, 0.17874724125953237, 0.19032363561089793, 0.17661010360549112, 0.16942941127843142, 0.1674085079733598, 0.17705326618147493, 0.18352868913508602, 0.20320344035768204, 0.2639055248512852]}