{"time": "181130_0305", "filename": "T-BN2644701.png", "betas": 0.35, "gammas": 0.5, "c": [null, null, null, null, null, null, null, null, null, null, null, null, null, null, null, null, null, null, null, null], "sigmas": [0.25, 0.30554858059465007, 0.37343974041362143, 0.4564159304840664, 0.5578289588807719, 0.681775386402445, 0.8332620063985445, 1.018408093274102, 1.2446925894640235, 1.5212562159496474, 1.8592707100168127, 2.2723901055473767, 2.7773022852293128, 3.394403084536378, 4.1486201777847675, 5.070420026993842, 6.197038569066624, 7.573985354674433, 9.256881898261764, 11.313708498984761], "border_radii": [12, 12, 12, 12, 12, 12, 12, 12, 12, 12, 12, 12, 12, 13, 16, 20, 24, 30, 37, 45], "counts": {"TP": 22108, "TN": 555553, "FP": 25750, "FN": 58702}, "counts_FA": {"TP": 4349, "TN": 576019, "FP": 5284, "FN": 76461}, "counts_rw": {"TP": 9836, "TN": 568377, "FP": 12926, "FN": 70974}, "pnc": [0.43131731565865783, 0.0951946975973488, 0.1820215410107705, 0.4269262634631317], "mcc": [0.2898371192044038, 0.12227727659486134, 0.17873131606158882, 0.30970728135427383], "scale_maxes": [0.6872215736297976, 0.6919831129645619, 0.6990721913854362, 0.7095952044920123, 0.7251208573380681, 0.7366706975520797, 0.7421077205395399, 0.7463472423131634, 0.8181282580477097, 0.8525022237975775, 0.8779774675408367, 0.8145049063227157, 0.6559373132820766, 0.6334033804577035, 0.6625762028520038, 0.7148593113073318, 0.6893447414976607, 0.5875150942247401, 0.6615873774412083, 0.8117692018184551], "ALPHAS": [0.06091291094402513, 0.06223932724434553, 0.06419787512934613, 0.06740301702230433, 0.07071799478918053, 0.07536729281153942, 0.08202142876572896, 0.09356289594787451, 0.11154910019804817, 0.13985458648573165, 0.15273060697309873, 0.17874724125953237, 0.19032363561089793, 0.17661010360549112, 0.16942941127843142, 0.1674085079733598, 0.17705326618147493, 0.18352868913508602, 0.20320344035768204, 0.2639055248512852]}