{"time": "181130_0159", "filename": "T-BN7436313.png", "betas": 0.35, "gammas": 0.5, "c": [null, null, null, null, null, null, null, null, null, null, null, null, null, null, null, null, null, null, null, null], "sigmas": [0.25, 0.30554858059465007, 0.37343974041362143, 0.4564159304840664, 0.5578289588807719, 0.681775386402445, 0.8332620063985445, 1.018408093274102, 1.2446925894640235, 1.5212562159496474, 1.8592707100168127, 2.2723901055473767, 2.7773022852293128, 3.394403084536378, 4.1486201777847675, 5.070420026993842, 6.197038569066624, 7.573985354674433, 9.256881898261764, 11.313708498984761], "border_radii": [12, 12, 12, 12, 12, 12, 12, 12, 12, 12, 12, 12, 12, 13, 16, 20, 24, 30, 37, 45], "counts": {"TP": 48629, "TN": 401224, "FP": 33381, "FN": 42406}, "counts_FA": {"TP": 24505, "TN": 428267, "FP": 6338, "FN": 66530}, "counts_rw": {"TP": 38033, "TN": 420276, "FP": 14329, "FN": 53002}, "pnc": [0.5994197898698448, 0.299749098322095, 0.443155088599655, 0.3954053630233652], "mcc": [0.47695431664963417, 0.409936054926474, 0.486223981975011, 0.4254168002354517], "scale_maxes": [0.9963925761275512, 0.9970199837878128, 0.9979360571758066, 0.9991059751526714, 0.9994231502501781, 0.9927705432076472, 0.9924668433460769, 0.9916317894860847, 0.9992692654923039, 0.9996446857686302, 0.9945220109968165, 0.9926149217661628, 0.9845507830224393, 0.9605973458483665, 0.9922760852878201, 0.9917736578541576, 0.970107709748789, 0.9820672742483793, 0.9658661438149176, 0.9806481103005413], "ALPHAS": [0.06091291094402513, 0.06223932724434553, 0.06419787512934613, 0.06740301702230433, 0.07071799478918053, 0.07536729281153942, 0.08202142876572896, 0.09356289594787451, 0.11154910019804817, 0.13985458648573165, 0.15273060697309873, 0.17874724125953237, 0.19032363561089793, 0.17661010360549112, 0.16942941127843142, 0.1674085079733598, 0.17705326618147493, 0.18352868913508602, 0.20320344035768204, 0.2639055248512852]}