{"time": "181130_0313", "filename": "T-BN3182394.png", "betas": 0.35, "gammas": 0.5, "c": [null, null, null, null, null, null, null, null, null, null, null, null, null, null, null, null, null, null, null, null], "sigmas": [0.25, 0.30554858059465007, 0.37343974041362143, 0.4564159304840664, 0.5578289588807719, 0.681775386402445, 0.8332620063985445, 1.018408093274102, 1.2446925894640235, 1.5212562159496474, 1.8592707100168127, 2.2723901055473767, 2.7773022852293128, 3.394403084536378, 4.1486201777847675, 5.070420026993842, 6.197038569066624, 7.573985354674433, 9.256881898261764, 11.313708498984761], "border_radii": [12, 12, 12, 12, 12, 12, 12, 12, 12, 12, 12, 12, 12, 13, 16, 20, 24, 30, 37, 45], "counts": {"TP": 38655, "TN": 480072, "FP": 32797, "FN": 54301}, "counts_FA": {"TP": 14715, "TN": 507771, "FP": 5098, "FN": 78241}, "counts_rw": {"TP": 25324, "TN": 499577, "FP": 13292, "FN": 67632}, "pnc": [0.5941866067127027, 0.2510839890798137, 0.38341095230448047, 0.4715753974626626], "mcc": [0.3932095935542127, 0.3006297618926503, 0.3636860107896313, 0.389495309915579], "scale_maxes": [0.9841296119797497, 0.9833222719184022, 0.9821199058259589, 0.9841330483424183, 0.9878218016716751, 0.9941235572309394, 0.9977113280030113, 0.9995662445492364, 0.9990721147914828, 0.989048072783737, 0.9306831520809288, 0.8899248871327403, 0.8986227325371153, 0.9944318271050074, 0.986201668552184, 0.9837905048969228, 0.9606405565553514, 0.8647611552129, 0.858457812320222, 0.828982311601833], "ALPHAS": [0.06091291094402513, 0.06223932724434553, 0.06419787512934613, 0.06740301702230433, 0.07071799478918053, 0.07536729281153942, 0.08202142876572896, 0.09356289594787451, 0.11154910019804817, 0.13985458648573165, 0.15273060697309873, 0.17874724125953237, 0.19032363561089793, 0.17661010360549112, 0.16942941127843142, 0.1674085079733598, 0.17705326618147493, 0.18352868913508602, 0.20320344035768204, 0.2639055248512852]}