{"time": "181130_0139", "filename": "T-BN4981652.png", "betas": 0.35, "gammas": 0.5, "c": [null, null, null, null, null, null, null, null, null, null, null, null, null, null, null, null, null, null, null, null], "sigmas": [0.25, 0.30554858059465007, 0.37343974041362143, 0.4564159304840664, 0.5578289588807719, 0.681775386402445, 0.8332620063985445, 1.018408093274102, 1.2446925894640235, 1.5212562159496474, 1.8592707100168127, 2.2723901055473767, 2.7773022852293128, 3.394403084536378, 4.1486201777847675, 5.070420026993842, 6.197038569066624, 7.573985354674433, 9.256881898261764, 11.313708498984761], "border_radii": [12, 12, 12, 12, 12, 12, 12, 12, 12, 12, 12, 12, 12, 13, 16, 20, 24, 30, 37, 45], "counts": {"TP": 31533, "TN": 497670, "FP": 19724, "FN": 52253}, "counts_FA": {"TP": 6621, "TN": 515629, "FP": 1765, "FN": 77165}, "counts_rw": {"TP": 13790, "TN": 513617, "FP": 3777, "FN": 69996}, "pnc": [0.5562770562770563, 0.14216450216450216, 0.25696969696969696, 0.45714285714285713], "mcc": [0.4194505888476465, 0.2232824032514457, 0.3234260514978468, 0.40365945051432894], "scale_maxes": [0.9318942151405026, 0.9281185958163041, 0.9281209928563748, 0.9283906821222514, 0.9383691300936812, 0.9506123892622524, 0.9643680891263252, 0.9778769655529287, 0.9881955669576244, 0.9886946491557124, 0.969858666610027, 0.9218379281620389, 0.9688776696502375, 0.9997489256680786, 0.9929810112316876, 0.9780110024227093, 0.9241014260559595, 0.8288187290715348, 0.7544205176254829, 0.733390772872058], "ALPHAS": [0.06091291094402513, 0.06223932724434553, 0.06419787512934613, 0.06740301702230433, 0.07071799478918053, 0.07536729281153942, 0.08202142876572896, 0.09356289594787451, 0.11154910019804817, 0.13985458648573165, 0.15273060697309873, 0.17874724125953237, 0.19032363561089793, 0.17661010360549112, 0.16942941127843142, 0.1674085079733598, 0.17705326618147493, 0.18352868913508602, 0.20320344035768204, 0.2639055248512852]}