{"time": "181130_0424", "filename": "T-BN5065621.png", "betas": 0.35, "gammas": 0.5, "c": [null, null, null, null, null, null, null, null, null, null, null, null, null, null, null, null, null, null, null, null], "sigmas": [0.25, 0.30554858059465007, 0.37343974041362143, 0.4564159304840664, 0.5578289588807719, 0.681775386402445, 0.8332620063985445, 1.018408093274102, 1.2446925894640235, 1.5212562159496474, 1.8592707100168127, 2.2723901055473767, 2.7773022852293128, 3.394403084536378, 4.1486201777847675, 5.070420026993842, 6.197038569066624, 7.573985354674433, 9.256881898261764, 11.313708498984761], "border_radii": [12, 12, 12, 12, 12, 12, 12, 12, 12, 12, 12, 12, 12, 13, 16, 20, 24, 30, 37, 45], "counts": {"TP": 37058, "TN": 439734, "FP": 24260, "FN": 100632}, "counts_FA": {"TP": 9034, "TN": 461813, "FP": 2181, "FN": 128656}, "counts_rw": {"TP": 16080, "TN": 458835, "FP": 5159, "FN": 121610}, "pnc": [0.4226257331835767, 0.1093847497816049, 0.17615125421190567, 0.2961437663796331], "mcc": [0.30112038390095636, 0.18919189358082386, 0.24054294394505696, 0.2765004575710627], "scale_maxes": [0.8642451950065759, 0.8635304735355149, 0.8625256770435281, 0.8611694195753857, 0.8594771163203717, 0.8577110118866935, 0.8567572564492898, 0.8804176206454579, 0.9462139908965264, 0.9993803587859086, 0.999995380735553, 0.9936337194320688, 0.9889047532285631, 0.9767892329758214, 0.9828639724484202, 0.9765858432621553, 0.9949283785806882, 0.9966656392748359, 0.9882681560168464, 0.9803717189558115], "ALPHAS": [0.06091291094402513, 0.06223932724434553, 0.06419787512934613, 0.06740301702230433, 0.07071799478918053, 0.07536729281153942, 0.08202142876572896, 0.09356289594787451, 0.11154910019804817, 0.13985458648573165, 0.15273060697309873, 0.17874724125953237, 0.19032363561089793, 0.17661010360549112, 0.16942941127843142, 0.1674085079733598, 0.17705326618147493, 0.18352868913508602, 0.20320344035768204, 0.2639055248512852]}