{"time": "181130_0219", "filename": "T-BN8321696.png", "betas": 0.35, "gammas": 0.5, "c": [null, null, null, null, null, null, null, null, null, null, null, null, null, null, null, null, null, null, null, null], "sigmas": [0.25, 0.30554858059465007, 0.37343974041362143, 0.4564159304840664, 0.5578289588807719, 0.681775386402445, 0.8332620063985445, 1.018408093274102, 1.2446925894640235, 1.5212562159496474, 1.8592707100168127, 2.2723901055473767, 2.7773022852293128, 3.394403084536378, 4.1486201777847675, 5.070420026993842, 6.197038569066624, 7.573985354674433, 9.256881898261764, 11.313708498984761], "border_radii": [12, 12, 12, 12, 12, 12, 12, 12, 12, 12, 12, 12, 12, 13, 16, 20, 24, 30, 37, 45], "counts": {"TP": 38503, "TN": 513603, "FP": 35271, "FN": 41721}, "counts_FA": {"TP": 17607, "TN": 542431, "FP": 6443, "FN": 62617}, "counts_rw": {"TP": 27908, "TN": 531599, "FP": 17275, "FN": 52316}, "pnc": [0.6304277381723914, 0.3223428386260531, 0.45325664290343487, 0.4807193778353856], "mcc": [0.4309489928812696, 0.3613636351976307, 0.40875769048667315, 0.4260234983458882], "scale_maxes": [0.9848827330143058, 0.9892125346101355, 0.9954106493453132, 0.999667272582072, 0.9995244492847073, 0.9993779401730251, 0.9993497944603205, 0.9996102676814902, 0.9572484272771564, 0.9468486454238408, 0.9373135221219495, 0.9949972963192046, 0.99799501333865, 0.9695652814041739, 0.9368223858418757, 0.9737707408510059, 0.9992509480735052, 0.9999183692027834, 0.9998831629690659, 0.9786662515515606], "ALPHAS": [0.06091291094402513, 0.06223932724434553, 0.06419787512934613, 0.06740301702230433, 0.07071799478918053, 0.07536729281153942, 0.08202142876572896, 0.09356289594787451, 0.11154910019804817, 0.13985458648573165, 0.15273060697309873, 0.17874724125953237, 0.19032363561089793, 0.17661010360549112, 0.16942941127843142, 0.1674085079733598, 0.17705326618147493, 0.18352868913508602, 0.20320344035768204, 0.2639055248512852]}