{"time": "181130_0207", "filename": "T-BN7736166.png", "betas": 0.35, "gammas": 0.5, "c": [null, null, null, null, null, null, null, null, null, null, null, null, null, null, null, null, null, null, null, null], "sigmas": [0.25, 0.30554858059465007, 0.37343974041362143, 0.4564159304840664, 0.5578289588807719, 0.681775386402445, 0.8332620063985445, 1.018408093274102, 1.2446925894640235, 1.5212562159496474, 1.8592707100168127, 2.2723901055473767, 2.7773022852293128, 3.394403084536378, 4.1486201777847675, 5.070420026993842, 6.197038569066624, 7.573985354674433, 9.256881898261764, 11.313708498984761], "border_radii": [12, 12, 12, 12, 12, 12, 12, 12, 12, 12, 12, 12, 12, 13, 16, 20, 24, 30, 37, 45], "counts": {"TP": 43686, "TN": 466830, "FP": 26394, "FN": 60203}, "counts_FA": {"TP": 17466, "TN": 490911, "FP": 2313, "FN": 86423}, "counts_rw": {"TP": 29079, "TN": 486578, "FP": 6646, "FN": 74810}, "pnc": [0.548389896710355, 0.24234007464629806, 0.3392066660880132, 0.43537887336168735], "mcc": [0.4322639894436044, 0.346201350710643, 0.425865219928932, 0.4334305025601366], "scale_maxes": [0.866059885804057, 0.8567355232858043, 0.8423159600936023, 0.8198382019138527, 0.789989067370458, 0.7785314310174595, 0.7580127793590755, 0.7729746629167292, 0.8303629008593505, 0.8922332196743662, 0.9573760925470203, 0.9951044014920863, 0.967271775335661, 0.8619909816852106, 0.8309134618971656, 0.9112797785604543, 0.9482858001428711, 0.973096852710908, 0.9185726678256356, 0.7733066222365558], "ALPHAS": [0.06091291094402513, 0.06223932724434553, 0.06419787512934613, 0.06740301702230433, 0.07071799478918053, 0.07536729281153942, 0.08202142876572896, 0.09356289594787451, 0.11154910019804817, 0.13985458648573165, 0.15273060697309873, 0.17874724125953237, 0.19032363561089793, 0.17661010360549112, 0.16942941127843142, 0.1674085079733598, 0.17705326618147493, 0.18352868913508602, 0.20320344035768204, 0.2639055248512852]}