{"time": "181130_0352", "filename": "T-BN8656271.png", "betas": 0.35, "gammas": 0.5, "c": [null, null, null, null, null, null, null, null, null, null, null, null, null, null, null, null, null, null, null, null], "sigmas": [0.25, 0.30554858059465007, 0.37343974041362143, 0.4564159304840664, 0.5578289588807719, 0.681775386402445, 0.8332620063985445, 1.018408093274102, 1.2446925894640235, 1.5212562159496474, 1.8592707100168127, 2.2723901055473767, 2.7773022852293128, 3.394403084536378, 4.1486201777847675, 5.070420026993842, 6.197038569066624, 7.573985354674433, 9.256881898261764, 11.313708498984761], "border_radii": [12, 12, 12, 12, 12, 12, 12, 12, 12, 12, 12, 12, 12, 13, 16, 20, 24, 30, 37, 45], "counts": {"TP": 37442, "TN": 423376, "FP": 17833, "FN": 71146}, "counts_FA": {"TP": 9117, "TN": 439588, "FP": 1621, "FN": 99471}, "counts_rw": {"TP": 18434, "TN": 437171, "FP": 4038, "FN": 90154}, "pnc": [0.5591397849462365, 0.1592356687898089, 0.2614889391137593, 0.37237175535922196], "mcc": [0.4029818210241831, 0.23097803214121862, 0.3229404219364297, 0.3582189543724689], "scale_maxes": [0.9233059828522667, 0.9231372423920664, 0.9228867101765184, 0.9225084673722763, 0.9241431599567209, 0.9318616997041266, 0.9411937922250017, 0.9521831134305944, 0.992758057515233, 0.9997323218208647, 0.9999649403894172, 0.9898105993684084, 0.9771143484480641, 0.797930445292017, 0.6918076312314173, 0.6881318185374826, 0.6851809557485877, 0.7384837926178567, 0.8515368171016848, 0.8611284086867936], "ALPHAS": [0.06091291094402513, 0.06223932724434553, 0.06419787512934613, 0.06740301702230433, 0.07071799478918053, 0.07536729281153942, 0.08202142876572896, 0.09356289594787451, 0.11154910019804817, 0.13985458648573165, 0.15273060697309873, 0.17874724125953237, 0.19032363561089793, 0.17661010360549112, 0.16942941127843142, 0.1674085079733598, 0.17705326618147493, 0.18352868913508602, 0.20320344035768204, 0.2639055248512852]}