{"time": "181130_0428", "filename": "T-BN5934535.png", "betas": 0.35, "gammas": 0.5, "c": [null, null, null, null, null, null, null, null, null, null, null, null, null, null, null, null, null, null, null, null], "sigmas": [0.25, 0.30554858059465007, 0.37343974041362143, 0.4564159304840664, 0.5578289588807719, 0.681775386402445, 0.8332620063985445, 1.018408093274102, 1.2446925894640235, 1.5212562159496474, 1.8592707100168127, 2.2723901055473767, 2.7773022852293128, 3.394403084536378, 4.1486201777847675, 5.070420026993842, 6.197038569066624, 7.573985354674433, 9.256881898261764, 11.313708498984761], "border_radii": [12, 12, 12, 12, 12, 12, 12, 12, 12, 12, 12, 12, 12, 13, 16, 20, 24, 30, 37, 45], "counts": {"TP": 20148, "TN": 532842, "FP": 42553, "FN": 40432}, "counts_FA": {"TP": 7802, "TN": 570825, "FP": 4570, "FN": 52778}, "counts_rw": {"TP": 12854, "TN": 563875, "FP": 11520, "FN": 47726}, "pnc": [0.45113886847905954, 0.17619397501836884, 0.27141807494489345, 0.3833945628214548], "mcc": [0.2546884341444176, 0.25686559313204477, 0.2938433744578593, 0.2819246590176606], "scale_maxes": [0.9938629628825233, 0.9934748565336617, 0.9928403124892082, 0.9917662797105452, 0.9898687132271359, 0.9863488665427084, 0.9794995059625811, 0.9708997296076046, 0.9651713775983625, 0.9459132756031972, 0.9393975289388532, 0.9459076284358126, 0.9652851705486533, 0.9806987560458403, 0.9644912936607164, 0.9552539513812035, 0.9762329923420434, 0.9867420817640985, 0.9269104146536566, 0.9401035878883323], "ALPHAS": [0.06091291094402513, 0.06223932724434553, 0.06419787512934613, 0.06740301702230433, 0.07071799478918053, 0.07536729281153942, 0.08202142876572896, 0.09356289594787451, 0.11154910019804817, 0.13985458648573165, 0.15273060697309873, 0.17874724125953237, 0.19032363561089793, 0.17661010360549112, 0.16942941127843142, 0.1674085079733598, 0.17705326618147493, 0.18352868913508602, 0.20320344035768204, 0.2639055248512852]}