{"time": "181130_0238", "filename": "T-BN0339328.png", "betas": 0.35, "gammas": 0.5, "c": [null, null, null, null, null, null, null, null, null, null, null, null, null, null, null, null, null, null, null, null], "sigmas": [0.25, 0.30554858059465007, 0.37343974041362143, 0.4564159304840664, 0.5578289588807719, 0.681775386402445, 0.8332620063985445, 1.018408093274102, 1.2446925894640235, 1.5212562159496474, 1.8592707100168127, 2.2723901055473767, 2.7773022852293128, 3.394403084536378, 4.1486201777847675, 5.070420026993842, 6.197038569066624, 7.573985354674433, 9.256881898261764, 11.313708498984761], "border_radii": [12, 12, 12, 12, 12, 12, 12, 12, 12, 12, 12, 12, 12, 13, 16, 20, 24, 30, 37, 45], "counts": {"TP": 35573, "TN": 533177, "FP": 26006, "FN": 66549}, "counts_FA": {"TP": 13085, "TN": 555779, "FP": 3404, "FN": 89037}, "counts_rw": {"TP": 22530, "TN": 550483, "FP": 8700, "FN": 79592}, "pnc": [0.43851913477537435, 0.16214642262895174, 0.24916805324459235, 0.40657237936772045], "mcc": [0.3753253554874267, 0.28283725031527507, 0.3493297765397376, 0.39936392013876615], "scale_maxes": [0.9962960010480502, 0.9958495858158357, 0.9951381235176149, 0.9939769785551894, 0.9879888126045052, 0.9666523718121268, 0.9585587069180163, 0.9531948701755671, 0.9403140136205898, 0.9800887274754071, 0.9702279225819103, 0.9575806439836921, 0.8357560361795283, 0.6952008754582659, 0.7153466933604535, 0.7957422277311351, 0.911765232264212, 0.9872871237403851, 0.9736774694210595, 0.9899289704702383], "ALPHAS": [0.06091291094402513, 0.06223932724434553, 0.06419787512934613, 0.06740301702230433, 0.07071799478918053, 0.07536729281153942, 0.08202142876572896, 0.09356289594787451, 0.11154910019804817, 0.13985458648573165, 0.15273060697309873, 0.17874724125953237, 0.19032363561089793, 0.17661010360549112, 0.16942941127843142, 0.1674085079733598, 0.17705326618147493, 0.18352868913508602, 0.20320344035768204, 0.2639055248512852]}