{"time": "181130_0406", "filename": "T-BN9770333.png", "betas": 0.35, "gammas": 0.5, "c": [null, null, null, null, null, null, null, null, null, null, null, null, null, null, null, null, null, null, null, null], "sigmas": [0.25, 0.30554858059465007, 0.37343974041362143, 0.4564159304840664, 0.5578289588807719, 0.681775386402445, 0.8332620063985445, 1.018408093274102, 1.2446925894640235, 1.5212562159496474, 1.8592707100168127, 2.2723901055473767, 2.7773022852293128, 3.394403084536378, 4.1486201777847675, 5.070420026993842, 6.197038569066624, 7.573985354674433, 9.256881898261764, 11.313708498984761], "border_radii": [12, 12, 12, 12, 12, 12, 12, 12, 12, 12, 12, 12, 12, 13, 16, 20, 24, 30, 37, 45], "counts": {"TP": 26704, "TN": 450942, "FP": 16436, "FN": 47954}, "counts_FA": {"TP": 7990, "TN": 466030, "FP": 1348, "FN": 66668}, "counts_rw": {"TP": 14649, "TN": 463892, "FP": 3486, "FN": 60009}, "pnc": [0.452999804572992, 0.15292163376978699, 0.2509282782880594, 0.338968145397694], "mcc": [0.41065882037737345, 0.2758103981608107, 0.36173449881385844, 0.37781921001195234], "scale_maxes": [0.985977557524667, 0.9853300621122213, 0.9842952311835081, 0.9826023063198946, 0.979759528073807, 0.9748695983414819, 0.9663564265826049, 0.9736575352708762, 0.9857663092059116, 0.9703437595641018, 0.9873646782152592, 0.989946798369192, 0.996551875496888, 0.9933154016232276, 0.9676061676798512, 0.9335059073261519, 0.9094478304622453, 0.7231972285610649, 0.5756796647579989, 0.5762175301434127], "ALPHAS": [0.06091291094402513, 0.06223932724434553, 0.06419787512934613, 0.06740301702230433, 0.07071799478918053, 0.07536729281153942, 0.08202142876572896, 0.09356289594787451, 0.11154910019804817, 0.13985458648573165, 0.15273060697309873, 0.17874724125953237, 0.19032363561089793, 0.17661010360549112, 0.16942941127843142, 0.1674085079733598, 0.17705326618147493, 0.18352868913508602, 0.20320344035768204, 0.2639055248512852]}