{"time": "181130_0132", "filename": "T-BN3698241.png", "betas": 0.35, "gammas": 0.5, "c": [null, null, null, null, null, null, null, null, null, null, null, null, null, null, null, null, null, null, null, null], "sigmas": [0.25, 0.30554858059465007, 0.37343974041362143, 0.4564159304840664, 0.5578289588807719, 0.681775386402445, 0.8332620063985445, 1.018408093274102, 1.2446925894640235, 1.5212562159496474, 1.8592707100168127, 2.2723901055473767, 2.7773022852293128, 3.394403084536378, 4.1486201777847675, 5.070420026993842, 6.197038569066624, 7.573985354674433, 9.256881898261764, 11.313708498984761], "border_radii": [12, 12, 12, 12, 12, 12, 12, 12, 12, 12, 12, 12, 12, 13, 16, 20, 24, 30, 37, 45], "counts": {"TP": 68372, "TN": 660985, "FP": 20879, "FN": 57503}, "counts_FA": {"TP": 31919, "TN": 678942, "FP": 2922, "FN": 93956}, "counts_rw": {"TP": 50153, "TN": 673589, "FP": 8275, "FN": 75722}, "pnc": [0.6757475618602402, 0.34778753929233497, 0.462642056903361, 0.46997662609817037], "mcc": [0.5929817923523052, 0.44506142688083195, 0.5408797962743044, 0.4722601339298932], "scale_maxes": [0.8090488233399283, 0.8202041347227368, 0.836544071981508, 0.8601741213907108, 0.8935816811682752, 0.9389143752612107, 0.9994398609823149, 0.999896325416126, 0.999253101632389, 0.9983521012060186, 0.9974834003326465, 0.9997286406295309, 0.999546075233419, 0.9973974564505566, 0.9798245540741433, 0.9801463727948548, 0.9604426607712782, 0.9577790069815519, 0.9996201340630134, 0.9997307948308098], "ALPHAS": [0.06091291094402513, 0.06223932724434553, 0.06419787512934613, 0.06740301702230433, 0.07071799478918053, 0.07536729281153942, 0.08202142876572896, 0.09356289594787451, 0.11154910019804817, 0.13985458648573165, 0.15273060697309873, 0.17874724125953237, 0.19032363561089793, 0.17661010360549112, 0.16942941127843142, 0.1674085079733598, 0.17705326618147493, 0.18352868913508602, 0.20320344035768204, 0.2639055248512852]}