{"time": "181130_0221", "filename": "T-BN8625834.png", "betas": 0.35, "gammas": 0.5, "c": [null, null, null, null, null, null, null, null, null, null, null, null, null, null, null, null, null, null, null, null], "sigmas": [0.25, 0.30554858059465007, 0.37343974041362143, 0.4564159304840664, 0.5578289588807719, 0.681775386402445, 0.8332620063985445, 1.018408093274102, 1.2446925894640235, 1.5212562159496474, 1.8592707100168127, 2.2723901055473767, 2.7773022852293128, 3.394403084536378, 4.1486201777847675, 5.070420026993842, 6.197038569066624, 7.573985354674433, 9.256881898261764, 11.313708498984761], "border_radii": [12, 12, 12, 12, 12, 12, 12, 12, 12, 12, 12, 12, 12, 13, 16, 20, 24, 30, 37, 45], "counts": {"TP": 38518, "TN": 539219, "FP": 23973, "FN": 55757}, "counts_FA": {"TP": 11057, "TN": 560203, "FP": 2989, "FN": 83218}, "counts_rw": {"TP": 20247, "TN": 556081, "FP": 7111, "FN": 74028}, "pnc": [0.5414225260416666, 0.17244466145833334, 0.2796223958333333, 0.455322265625], "mcc": [0.4373753662608737, 0.2714141708564324, 0.35475355595557706, 0.4053102004172033], "scale_maxes": [0.8673349982228017, 0.8736727802957083, 0.8827913493056427, 0.8956293184471333, 0.913062399221492, 0.9353086845215842, 0.9316848500902266, 0.9072909571000665, 0.9257329554281262, 0.867091219069176, 0.8268993271387111, 0.9300575241282051, 0.9205916382740005, 0.9180537327642903, 0.885812759554336, 0.8873346548055211, 0.8701504667163281, 0.9300175591218159, 0.8902655272336301, 0.8341252557266228], "ALPHAS": [0.06091291094402513, 0.06223932724434553, 0.06419787512934613, 0.06740301702230433, 0.07071799478918053, 0.07536729281153942, 0.08202142876572896, 0.09356289594787451, 0.11154910019804817, 0.13985458648573165, 0.15273060697309873, 0.17874724125953237, 0.19032363561089793, 0.17661010360549112, 0.16942941127843142, 0.1674085079733598, 0.17705326618147493, 0.18352868913508602, 0.20320344035768204, 0.2639055248512852]}