{"time": "181130_0229", "filename": "T-BN9801033.png", "betas": 0.35, "gammas": 0.5, "c": [null, null, null, null, null, null, null, null, null, null, null, null, null, null, null, null, null, null, null, null], "sigmas": [0.25, 0.30554858059465007, 0.37343974041362143, 0.4564159304840664, 0.5578289588807719, 0.681775386402445, 0.8332620063985445, 1.018408093274102, 1.2446925894640235, 1.5212562159496474, 1.8592707100168127, 2.2723901055473767, 2.7773022852293128, 3.394403084536378, 4.1486201777847675, 5.070420026993842, 6.197038569066624, 7.573985354674433, 9.256881898261764, 11.313708498984761], "border_radii": [12, 12, 12, 12, 12, 12, 12, 12, 12, 12, 12, 12, 12, 13, 16, 20, 24, 30, 37, 45], "counts": {"TP": 33714, "TN": 410206, "FP": 32678, "FN": 42564}, "counts_FA": {"TP": 12868, "TN": 437347, "FP": 5537, "FN": 63410}, "counts_rw": {"TP": 21728, "TN": 428620, "FP": 14264, "FN": 54550}, "pnc": [0.5918587542913193, 0.25306522805296716, 0.373320255026974, 0.45492888670917114], "mcc": [0.39033401559251324, 0.2990437225120249, 0.3521304471115858, 0.3946127066679214], "scale_maxes": [0.978256350135404, 0.9782040882049433, 0.9780455894664021, 0.9776337160013606, 0.9766394928510236, 0.9743373906864715, 0.9888453910733177, 0.9857519559705338, 0.978443587608693, 0.9645561336491029, 0.9990743871193035, 0.9238774793038074, 0.9590848961029678, 0.991036320364846, 0.9651693003426323, 0.8522996339484145, 0.8060486037492381, 0.8302438461927004, 0.9680007610136534, 0.9638798794561679], "ALPHAS": [0.06091291094402513, 0.06223932724434553, 0.06419787512934613, 0.06740301702230433, 0.07071799478918053, 0.07536729281153942, 0.08202142876572896, 0.09356289594787451, 0.11154910019804817, 0.13985458648573165, 0.15273060697309873, 0.17874724125953237, 0.19032363561089793, 0.17661010360549112, 0.16942941127843142, 0.1674085079733598, 0.17705326618147493, 0.18352868913508602, 0.20320344035768204, 0.2639055248512852]}