{"time": "181130_0203", "filename": "T-BN7686730.png", "betas": 0.35, "gammas": 0.5, "c": [null, null, null, null, null, null, null, null, null, null, null, null, null, null, null, null, null, null, null, null], "sigmas": [0.25, 0.30554858059465007, 0.37343974041362143, 0.4564159304840664, 0.5578289588807719, 0.681775386402445, 0.8332620063985445, 1.018408093274102, 1.2446925894640235, 1.5212562159496474, 1.8592707100168127, 2.2723901055473767, 2.7773022852293128, 3.394403084536378, 4.1486201777847675, 5.070420026993842, 6.197038569066624, 7.573985354674433, 9.256881898261764, 11.313708498984761], "border_radii": [12, 12, 12, 12, 12, 12, 12, 12, 12, 12, 12, 12, 12, 13, 16, 20, 24, 30, 37, 45], "counts": {"TP": 18795, "TN": 361523, "FP": 24907, "FN": 28406}, "counts_FA": {"TP": 7548, "TN": 384452, "FP": 1978, "FN": 39653}, "counts_rw": {"TP": 12390, "TN": 381409, "FP": 5021, "FN": 34811}, "pnc": [0.5257926522395571, 0.22395571212883744, 0.33568193256165074, 0.4237544036235531], "mcc": [0.34528001684178006, 0.32890536369438356, 0.39583138257074973, 0.37972317183911586], "scale_maxes": [0.9938654196000405, 0.9934206700045768, 0.9926847086099416, 0.9914134679509903, 0.994293854331483, 0.9888802190307779, 0.9927149206506612, 0.9933517230198201, 0.9619141728350148, 0.9176563030670518, 0.9118315588446004, 0.8856094628152041, 0.9849947661637277, 0.9948715159829569, 0.9854570576076958, 0.9949183669183972, 0.9726111392710223, 0.9841043951550426, 0.9629798781706458, 0.8779167241949437], "ALPHAS": [0.06091291094402513, 0.06223932724434553, 0.06419787512934613, 0.06740301702230433, 0.07071799478918053, 0.07536729281153942, 0.08202142876572896, 0.09356289594787451, 0.11154910019804817, 0.13985458648573165, 0.15273060697309873, 0.17874724125953237, 0.19032363561089793, 0.17661010360549112, 0.16942941127843142, 0.1674085079733598, 0.17705326618147493, 0.18352868913508602, 0.20320344035768204, 0.2639055248512852]}