{"time": "181130_0209", "filename": "T-BN7847884.png", "betas": 0.35, "gammas": 0.5, "c": [null, null, null, null, null, null, null, null, null, null, null, null, null, null, null, null, null, null, null, null], "sigmas": [0.25, 0.30554858059465007, 0.37343974041362143, 0.4564159304840664, 0.5578289588807719, 0.681775386402445, 0.8332620063985445, 1.018408093274102, 1.2446925894640235, 1.5212562159496474, 1.8592707100168127, 2.2723901055473767, 2.7773022852293128, 3.394403084536378, 4.1486201777847675, 5.070420026993842, 6.197038569066624, 7.573985354674433, 9.256881898261764, 11.313708498984761], "border_radii": [12, 12, 12, 12, 12, 12, 12, 12, 12, 12, 12, 12, 12, 13, 16, 20, 24, 30, 37, 45], "counts": {"TP": 44622, "TN": 542631, "FP": 13511, "FN": 56330}, "counts_FA": {"TP": 14666, "TN": 554585, "FP": 1557, "FN": 86286}, "counts_rw": {"TP": 26646, "TN": 551494, "FP": 4648, "FN": 74306}, "pnc": [0.5873564291717247, 0.19815108787001587, 0.3030161546362872, 0.4925763376599122], "mcc": [0.5304234870258193, 0.3310893033856801, 0.4327581410646289, 0.4572827070053041], "scale_maxes": [0.8814522480491724, 0.8815446702668801, 0.8816936190402297, 0.8819474783008628, 0.8824163962491558, 0.8783040158208887, 0.8706469286590202, 0.8652430161184027, 0.8675661318522272, 0.825471027451938, 0.7908984498008288, 0.8096557021738998, 0.7710629068696797, 0.6934960268601905, 0.8028678034863237, 0.8741577683685392, 0.8463573674893544, 0.9280713349405307, 0.9493421231487299, 0.9535257759865476], "ALPHAS": [0.06091291094402513, 0.06223932724434553, 0.06419787512934613, 0.06740301702230433, 0.07071799478918053, 0.07536729281153942, 0.08202142876572896, 0.09356289594787451, 0.11154910019804817, 0.13985458648573165, 0.15273060697309873, 0.17874724125953237, 0.19032363561089793, 0.17661010360549112, 0.16942941127843142, 0.1674085079733598, 0.17705326618147493, 0.18352868913508602, 0.20320344035768204, 0.2639055248512852]}