{"time": "181130_0303", "filename": "T-BN2583658.png", "betas": 0.35, "gammas": 0.5, "c": [null, null, null, null, null, null, null, null, null, null, null, null, null, null, null, null, null, null, null, null], "sigmas": [0.25, 0.30554858059465007, 0.37343974041362143, 0.4564159304840664, 0.5578289588807719, 0.681775386402445, 0.8332620063985445, 1.018408093274102, 1.2446925894640235, 1.5212562159496474, 1.8592707100168127, 2.2723901055473767, 2.7773022852293128, 3.394403084536378, 4.1486201777847675, 5.070420026993842, 6.197038569066624, 7.573985354674433, 9.256881898261764, 11.313708498984761], "border_radii": [12, 12, 12, 12, 12, 12, 12, 12, 12, 12, 12, 12, 12, 13, 16, 20, 24, 30, 37, 45], "counts": {"TP": 34950, "TN": 572573, "FP": 24641, "FN": 50502}, "counts_FA": {"TP": 14983, "TN": 593335, "FP": 3879, "FN": 70469}, "counts_rw": {"TP": 23444, "TN": 588702, "FP": 8512, "FN": 62008}, "pnc": [0.47785370792204507, 0.22028178520205854, 0.31823167130684216, 0.37830085210495235], "mcc": [0.43113015506617164, 0.34087525213361886, 0.40747082710722177, 0.41136302414271375], "scale_maxes": [0.7043012586784411, 0.6996319568004233, 0.6928702022271143, 0.6832858536731209, 0.6702158523995653, 0.6536277821949537, 0.6353427041591557, 0.671429926208692, 0.7344171307991393, 0.8185686740730582, 0.9532890180761687, 0.9972880004338832, 0.9975026321838392, 0.997645047291783, 0.9992520902659369, 0.9947325250057928, 0.9987582610693981, 0.9834891521791924, 0.9779484792478751, 0.9770065817929434], "ALPHAS": [0.06091291094402513, 0.06223932724434553, 0.06419787512934613, 0.06740301702230433, 0.07071799478918053, 0.07536729281153942, 0.08202142876572896, 0.09356289594787451, 0.11154910019804817, 0.13985458648573165, 0.15273060697309873, 0.17874724125953237, 0.19032363561089793, 0.17661010360549112, 0.16942941127843142, 0.1674085079733598, 0.17705326618147493, 0.18352868913508602, 0.20320344035768204, 0.2639055248512852]}