{"time": "181130_0205", "filename": "T-BN7725413.png", "betas": 0.35, "gammas": 0.5, "c": [null, null, null, null, null, null, null, null, null, null, null, null, null, null, null, null, null, null, null, null], "sigmas": [0.25, 0.30554858059465007, 0.37343974041362143, 0.4564159304840664, 0.5578289588807719, 0.681775386402445, 0.8332620063985445, 1.018408093274102, 1.2446925894640235, 1.5212562159496474, 1.8592707100168127, 2.2723901055473767, 2.7773022852293128, 3.394403084536378, 4.1486201777847675, 5.070420026993842, 6.197038569066624, 7.573985354674433, 9.256881898261764, 11.313708498984761], "border_radii": [12, 12, 12, 12, 12, 12, 12, 12, 12, 12, 12, 12, 12, 13, 16, 20, 24, 30, 37, 45], "counts": {"TP": 36681, "TN": 563757, "FP": 30842, "FN": 62786}, "counts_FA": {"TP": 13989, "TN": 590825, "FP": 3774, "FN": 85478}, "counts_rw": {"TP": 23199, "TN": 584985, "FP": 9614, "FN": 76268}, "pnc": [0.520142660290184, 0.20434465429196724, 0.314257923320094, 0.44767771743535706], "mcc": [0.3746966613707679, 0.29797131519131764, 0.3583712048726241, 0.3826959311706353], "scale_maxes": [0.9986838388771447, 0.9985930994628451, 0.9984671443989036, 0.9983044213306562, 0.9981280146870013, 0.9980298841849293, 0.9982374054609777, 0.99987543104763, 0.9999992983415601, 0.9994708803134784, 0.9997954014929511, 0.9999838474206789, 0.9988655541737427, 0.9565648532274633, 0.9303931508947372, 0.9793584555877901, 0.9488970541399229, 0.9660723524859429, 0.9755065900282442, 0.9867231115241885], "ALPHAS": [0.06091291094402513, 0.06223932724434553, 0.06419787512934613, 0.06740301702230433, 0.07071799478918053, 0.07536729281153942, 0.08202142876572896, 0.09356289594787451, 0.11154910019804817, 0.13985458648573165, 0.15273060697309873, 0.17874724125953237, 0.19032363561089793, 0.17661010360549112, 0.16942941127843142, 0.1674085079733598, 0.17705326618147493, 0.18352868913508602, 0.20320344035768204, 0.2639055248512852]}