{"time": "181130_0430", "filename": "T-BN6279307.png", "betas": 0.35, "gammas": 0.5, "c": [null, null, null, null, null, null, null, null, null, null, null, null, null, null, null, null, null, null, null, null], "sigmas": [0.25, 0.30554858059465007, 0.37343974041362143, 0.4564159304840664, 0.5578289588807719, 0.681775386402445, 0.8332620063985445, 1.018408093274102, 1.2446925894640235, 1.5212562159496474, 1.8592707100168127, 2.2723901055473767, 2.7773022852293128, 3.394403084536378, 4.1486201777847675, 5.070420026993842, 6.197038569066624, 7.573985354674433, 9.256881898261764, 11.313708498984761], "border_radii": [12, 12, 12, 12, 12, 12, 12, 12, 12, 12, 12, 12, 12, 13, 16, 20, 24, 30, 37, 45], "counts": {"TP": 14457, "TN": 489900, "FP": 33975, "FN": 49895}, "counts_FA": {"TP": 3309, "TN": 517604, "FP": 6271, "FN": 61043}, "counts_rw": {"TP": 6960, "TN": 511121, "FP": 12754, "FN": 57392}, "pnc": [0.28691476590636256, 0.07618431988179887, 0.13528488318404286, 0.2725090036014406], "mcc": [0.18146622453445346, 0.09728618337214393, 0.14535543774930712, 0.20766648191361586], "scale_maxes": [0.671414984346923, 0.6840801934380726, 0.7034904886086364, 0.731786608408535, 0.7724405039659171, 0.794082072422824, 0.8221418417069821, 0.8678214366290307, 0.9279077484069965, 0.9839803865954744, 0.9905744295917395, 0.9716732447211142, 0.9841781838111622, 0.991900280685699, 0.891981449626081, 0.77986948597455, 0.817862635053017, 0.8835544578632994, 0.8593832509439562, 0.9491231438784961], "ALPHAS": [0.06091291094402513, 0.06223932724434553, 0.06419787512934613, 0.06740301702230433, 0.07071799478918053, 0.07536729281153942, 0.08202142876572896, 0.09356289594787451, 0.11154910019804817, 0.13985458648573165, 0.15273060697309873, 0.17874724125953237, 0.19032363561089793, 0.17661010360549112, 0.16942941127843142, 0.1674085079733598, 0.17705326618147493, 0.18352868913508602, 0.20320344035768204, 0.2639055248512852]}