{"time": "181130_0318", "filename": "T-BN4031846.png", "betas": 0.35, "gammas": 0.5, "c": [null, null, null, null, null, null, null, null, null, null, null, null, null, null, null, null, null, null, null, null], "sigmas": [0.25, 0.30554858059465007, 0.37343974041362143, 0.4564159304840664, 0.5578289588807719, 0.681775386402445, 0.8332620063985445, 1.018408093274102, 1.2446925894640235, 1.5212562159496474, 1.8592707100168127, 2.2723901055473767, 2.7773022852293128, 3.394403084536378, 4.1486201777847675, 5.070420026993842, 6.197038569066624, 7.573985354674433, 9.256881898261764, 11.313708498984761], "border_radii": [12, 12, 12, 12, 12, 12, 12, 12, 12, 12, 12, 12, 12, 13, 16, 20, 24, 30, 37, 45], "counts": {"TP": 15220, "TN": 393028, "FP": 15395, "FN": 43893}, "counts_FA": {"TP": 2960, "TN": 407687, "FP": 736, "FN": 56153}, "counts_rw": {"TP": 5799, "TN": 406023, "FP": 2400, "FN": 53314}, "pnc": [0.373243738546121, 0.07025045815516189, 0.12767257177764202, 0.39798411728772143], "mcc": [0.2952667991772497, 0.18114970088269214, 0.23350400624114342, 0.28327857940585693], "scale_maxes": [0.7284358469988634, 0.7321597532794512, 0.7376571631099901, 0.7457246406249146, 0.7574576515526116, 0.7742900156380342, 0.7979432970062545, 0.8591589054179807, 0.9939681819577819, 0.99999137642307, 0.9981166124330468, 0.9998581516352087, 0.9993784010523538, 0.9943889440231352, 0.8979969089386786, 0.820978829388485, 0.6987274599430153, 0.6693065465121686, 0.7359839829446073, 0.6231730885084479], "ALPHAS": [0.06091291094402513, 0.06223932724434553, 0.06419787512934613, 0.06740301702230433, 0.07071799478918053, 0.07536729281153942, 0.08202142876572896, 0.09356289594787451, 0.11154910019804817, 0.13985458648573165, 0.15273060697309873, 0.17874724125953237, 0.19032363561089793, 0.17661010360549112, 0.16942941127843142, 0.1674085079733598, 0.17705326618147493, 0.18352868913508602, 0.20320344035768204, 0.2639055248512852]}