{"time": "181130_0118", "filename": "T-BN2459820.png", "betas": 0.35, "gammas": 0.5, "c": [null, null, null, null, null, null, null, null, null, null, null, null, null, null, null, null, null, null, null, null], "sigmas": [0.25, 0.30554858059465007, 0.37343974041362143, 0.4564159304840664, 0.5578289588807719, 0.681775386402445, 0.8332620063985445, 1.018408093274102, 1.2446925894640235, 1.5212562159496474, 1.8592707100168127, 2.2723901055473767, 2.7773022852293128, 3.394403084536378, 4.1486201777847675, 5.070420026993842, 6.197038569066624, 7.573985354674433, 9.256881898261764, 11.313708498984761], "border_radii": [12, 12, 12, 12, 12, 12, 12, 12, 12, 12, 12, 12, 12, 13, 16, 20, 24, 30, 37, 45], "counts": {"TP": 61047, "TN": 407061, "FP": 17528, "FN": 50810}, "counts_FA": {"TP": 24376, "TN": 422564, "FP": 2025, "FN": 87481}, "counts_rw": {"TP": 40983, "TN": 418532, "FP": 6057, "FN": 70874}, "pnc": [0.7449005772931366, 0.3447081462475946, 0.4807568954457986, 0.4481719050673509], "mcc": [0.5796203122830779, 0.40030450345183693, 0.5057555585136055, 0.43995981421849656], "scale_maxes": [0.9922641389745046, 0.9922060746589191, 0.9917799404030649, 0.9873535761300883, 0.9806931624508275, 0.9706973563724963, 0.9558032073970609, 0.9536622362885997, 0.982840998797693, 0.9917572005997721, 0.9628497585832964, 0.9986528334050006, 0.9972562217305362, 0.9999664431893998, 0.9998373059629184, 0.9998301417101573, 0.999228466093812, 0.9964617787430047, 0.9936472741701234, 0.8900424295310874], "ALPHAS": [0.06091291094402513, 0.06223932724434553, 0.06419787512934613, 0.06740301702230433, 0.07071799478918053, 0.07536729281153942, 0.08202142876572896, 0.09356289594787451, 0.11154910019804817, 0.13985458648573165, 0.15273060697309873, 0.17874724125953237, 0.19032363561089793, 0.17661010360549112, 0.16942941127843142, 0.1674085079733598, 0.17705326618147493, 0.18352868913508602, 0.20320344035768204, 0.2639055248512852]}