{"time": "181130_0315", "filename": "T-BN3307587.png", "betas": 0.35, "gammas": 0.5, "c": [null, null, null, null, null, null, null, null, null, null, null, null, null, null, null, null, null, null, null, null], "sigmas": [0.25, 0.30554858059465007, 0.37343974041362143, 0.4564159304840664, 0.5578289588807719, 0.681775386402445, 0.8332620063985445, 1.018408093274102, 1.2446925894640235, 1.5212562159496474, 1.8592707100168127, 2.2723901055473767, 2.7773022852293128, 3.394403084536378, 4.1486201777847675, 5.070420026993842, 6.197038569066624, 7.573985354674433, 9.256881898261764, 11.313708498984761], "border_radii": [12, 12, 12, 12, 12, 12, 12, 12, 12, 12, 12, 12, 12, 13, 16, 20, 24, 30, 37, 45], "counts": {"TP": 42596, "TN": 567121, "FP": 34483, "FN": 63196}, "counts_FA": {"TP": 14136, "TN": 597689, "FP": 3915, "FN": 91656}, "counts_rw": {"TP": 24343, "TN": 590902, "FP": 10702, "FN": 81449}, "pnc": [0.5444965716347889, 0.17675929267412485, 0.26553590761457957, 0.4662576687116564], "mcc": [0.3952363181484084, 0.28747698935777144, 0.3489378046033475, 0.38857482198607757], "scale_maxes": [0.4725828226562046, 0.4803637366634833, 0.4920606054971455, 0.509672573881917, 0.5362044111081353, 0.5760353676875384, 0.6349743302882283, 0.7187001890604058, 0.7917665001475545, 0.8258376038833128, 0.7809491127581789, 0.7004445960694664, 0.7376751916026545, 0.8092585586642961, 0.9374995704996322, 0.9715091122880721, 0.9594565287651609, 0.987634667556462, 0.9470709902084555, 0.8349090129824409], "ALPHAS": [0.06091291094402513, 0.06223932724434553, 0.06419787512934613, 0.06740301702230433, 0.07071799478918053, 0.07536729281153942, 0.08202142876572896, 0.09356289594787451, 0.11154910019804817, 0.13985458648573165, 0.15273060697309873, 0.17874724125953237, 0.19032363561089793, 0.17661010360549112, 0.16942941127843142, 0.1674085079733598, 0.17705326618147493, 0.18352868913508602, 0.20320344035768204, 0.2639055248512852]}