{"time": "181130_0136", "filename": "T-BN4193575.png", "betas": 0.35, "gammas": 0.5, "c": [null, null, null, null, null, null, null, null, null, null, null, null, null, null, null, null, null, null, null, null], "sigmas": [0.25, 0.30554858059465007, 0.37343974041362143, 0.4564159304840664, 0.5578289588807719, 0.681775386402445, 0.8332620063985445, 1.018408093274102, 1.2446925894640235, 1.5212562159496474, 1.8592707100168127, 2.2723901055473767, 2.7773022852293128, 3.394403084536378, 4.1486201777847675, 5.070420026993842, 6.197038569066624, 7.573985354674433, 9.256881898261764, 11.313708498984761], "border_radii": [12, 12, 12, 12, 12, 12, 12, 12, 12, 12, 12, 12, 12, 13, 16, 20, 24, 30, 37, 45], "counts": {"TP": 35161, "TN": 475194, "FP": 19565, "FN": 62689}, "counts_FA": {"TP": 11474, "TN": 493365, "FP": 1394, "FN": 86376}, "counts_rw": {"TP": 19628, "TN": 490808, "FP": 3951, "FN": 78222}, "pnc": [0.5593204775022956, 0.20156106519742883, 0.3074380165289256, 0.4640036730945822], "mcc": [0.41011252196470016, 0.29153867104844045, 0.3658635513308583, 0.38958574684004305], "scale_maxes": [0.5418527056423571, 0.548921820287129, 0.5597753489775205, 0.5766074020773867, 0.6069652440443344, 0.6776452354206084, 0.7823531237906941, 0.9234645452208093, 0.9894438423582392, 0.9924472636261136, 0.9865584727964043, 0.9769924241981215, 0.9826330785708774, 0.9964120344726272, 0.9993654725303874, 0.9864272139332304, 0.920413389237374, 0.9521913652443711, 0.9740026196061788, 0.8655918690897697], "ALPHAS": [0.06091291094402513, 0.06223932724434553, 0.06419787512934613, 0.06740301702230433, 0.07071799478918053, 0.07536729281153942, 0.08202142876572896, 0.09356289594787451, 0.11154910019804817, 0.13985458648573165, 0.15273060697309873, 0.17874724125953237, 0.19032363561089793, 0.17661010360549112, 0.16942941127843142, 0.1674085079733598, 0.17705326618147493, 0.18352868913508602, 0.20320344035768204, 0.2639055248512852]}