{"time": "181130_0055", "filename": "T-BN0392644.png", "betas": 0.35, "gammas": 0.5, "c": [null, null, null, null, null, null, null, null, null, null, null, null, null, null, null, null, null, null, null, null], "sigmas": [0.25, 0.30554858059465007, 0.37343974041362143, 0.4564159304840664, 0.5578289588807719, 0.681775386402445, 0.8332620063985445, 1.018408093274102, 1.2446925894640235, 1.5212562159496474, 1.8592707100168127, 2.2723901055473767, 2.7773022852293128, 3.394403084536378, 4.1486201777847675, 5.070420026993842, 6.197038569066624, 7.573985354674433, 9.256881898261764, 11.313708498984761], "border_radii": [12, 12, 12, 12, 12, 12, 12, 12, 12, 12, 12, 12, 12, 13, 16, 20, 24, 30, 37, 45], "counts": {"TP": 30244, "TN": 510460, "FP": 16250, "FN": 49346}, "counts_FA": {"TP": 9457, "TN": 524673, "FP": 2037, "FN": 70133}, "counts_rw": {"TP": 17260, "TN": 521742, "FP": 4968, "FN": 62330}, "pnc": [0.5547991831177672, 0.20830496936691628, 0.32666780122532335, 0.47804628999319265], "mcc": [0.4431026746717122, 0.2846531993455461, 0.3727363133688828, 0.42183562586185425], "scale_maxes": [0.8672180450680681, 0.8734956618403188, 0.8825351548561892, 0.8953037547907846, 0.9128003748424698, 0.9356081271055876, 0.9628046489902888, 0.9762334488481488, 0.9503366182475701, 0.99142224921413, 0.9917524712430839, 0.980679343054256, 0.9714894393265521, 0.9790949740569073, 0.9634062462308919, 0.9384395684338005, 0.9254697055248804, 0.9256666990996287, 0.9228852333142522, 0.9404988678438345], "ALPHAS": [0.06091291094402513, 0.06223932724434553, 0.06419787512934613, 0.06740301702230433, 0.07071799478918053, 0.07536729281153942, 0.08202142876572896, 0.09356289594787451, 0.11154910019804817, 0.13985458648573165, 0.15273060697309873, 0.17874724125953237, 0.19032363561089793, 0.17661010360549112, 0.16942941127843142, 0.1674085079733598, 0.17705326618147493, 0.18352868913508602, 0.20320344035768204, 0.2639055248512852]}