{"time": "181130_0144", "filename": "T-BN5260182.png", "betas": 0.35, "gammas": 0.5, "c": [null, null, null, null, null, null, null, null, null, null, null, null, null, null, null, null, null, null, null, null], "sigmas": [0.25, 0.30554858059465007, 0.37343974041362143, 0.4564159304840664, 0.5578289588807719, 0.681775386402445, 0.8332620063985445, 1.018408093274102, 1.2446925894640235, 1.5212562159496474, 1.8592707100168127, 2.2723901055473767, 2.7773022852293128, 3.394403084536378, 4.1486201777847675, 5.070420026993842, 6.197038569066624, 7.573985354674433, 9.256881898261764, 11.313708498984761], "border_radii": [12, 12, 12, 12, 12, 12, 12, 12, 12, 12, 12, 12, 12, 13, 16, 20, 24, 30, 37, 45], "counts": {"TP": 39906, "TN": 623800, "FP": 25924, "FN": 60057}, "counts_FA": {"TP": 15559, "TN": 646955, "FP": 2769, "FN": 84404}, "counts_rw": {"TP": 26467, "TN": 642763, "FP": 6961, "FN": 73496}, "pnc": [0.5498884284348103, 0.2602486452024227, 0.3779407076824992, 0.4536818616512592], "mcc": [0.43157475126878586, 0.33323172014747865, 0.4184274854183258, 0.37907454529752993], "scale_maxes": [0.8335204749283412, 0.833161257531938, 0.8374865487162321, 0.8499002034079672, 0.8675645063781506, 0.8922307949200108, 0.925766386001872, 0.9277254205769488, 0.9206757903545888, 0.9841887423176231, 0.9946336812128855, 0.9893083681163591, 0.9895331755599802, 0.9788895135717998, 0.9367935691947422, 0.8590660528130305, 0.7779616903562472, 0.8049299026049966, 0.8263994871647642, 0.911010526776231], "ALPHAS": [0.06091291094402513, 0.06223932724434553, 0.06419787512934613, 0.06740301702230433, 0.07071799478918053, 0.07536729281153942, 0.08202142876572896, 0.09356289594787451, 0.11154910019804817, 0.13985458648573165, 0.15273060697309873, 0.17874724125953237, 0.19032363561089793, 0.17661010360549112, 0.16942941127843142, 0.1674085079733598, 0.17705326618147493, 0.18352868913508602, 0.20320344035768204, 0.2639055248512852]}