{"time": "181130_0204", "filename": "T-BN7687331.png", "betas": 0.35, "gammas": 0.5, "c": [null, null, null, null, null, null, null, null, null, null, null, null, null, null, null, null, null, null, null, null], "sigmas": [0.25, 0.30554858059465007, 0.37343974041362143, 0.4564159304840664, 0.5578289588807719, 0.681775386402445, 0.8332620063985445, 1.018408093274102, 1.2446925894640235, 1.5212562159496474, 1.8592707100168127, 2.2723901055473767, 2.7773022852293128, 3.394403084536378, 4.1486201777847675, 5.070420026993842, 6.197038569066624, 7.573985354674433, 9.256881898261764, 11.313708498984761], "border_radii": [12, 12, 12, 12, 12, 12, 12, 12, 12, 12, 12, 12, 12, 13, 16, 20, 24, 30, 37, 45], "counts": {"TP": 33249, "TN": 412569, "FP": 11712, "FN": 45144}, "counts_FA": {"TP": 11320, "TN": 423503, "FP": 778, "FN": 67073}, "counts_rw": {"TP": 19666, "TN": 422000, "FP": 2281, "FN": 58727}, "pnc": [0.5974274476453705, 0.2238758371425534, 0.3311363877963219, 0.5164239396194323], "mcc": [0.5041091612266935, 0.3375004661881419, 0.435872035360814, 0.4658088259454626], "scale_maxes": [0.9852529156501212, 0.9847036229580309, 0.9839288850277784, 0.9828762085779459, 0.9815399550994862, 0.9800572808492791, 0.9788578126341061, 0.9993141241608634, 0.9965131474497114, 0.9974675939164961, 0.9818216107865158, 0.9468405113649335, 0.9065913404832513, 0.9557218470870065, 0.9791791366656317, 0.9821005557706763, 0.9932779122849231, 0.8338949409308019, 0.6275161530809478, 0.6441908903925151], "ALPHAS": [0.06091291094402513, 0.06223932724434553, 0.06419787512934613, 0.06740301702230433, 0.07071799478918053, 0.07536729281153942, 0.08202142876572896, 0.09356289594787451, 0.11154910019804817, 0.13985458648573165, 0.15273060697309873, 0.17874724125953237, 0.19032363561089793, 0.17661010360549112, 0.16942941127843142, 0.1674085079733598, 0.17705326618147493, 0.18352868913508602, 0.20320344035768204, 0.2639055248512852]}