{"time": "181130_0314", "filename": "T-BN3221123.png", "betas": 0.35, "gammas": 0.5, "c": [null, null, null, null, null, null, null, null, null, null, null, null, null, null, null, null, null, null, null, null], "sigmas": [0.25, 0.30554858059465007, 0.37343974041362143, 0.4564159304840664, 0.5578289588807719, 0.681775386402445, 0.8332620063985445, 1.018408093274102, 1.2446925894640235, 1.5212562159496474, 1.8592707100168127, 2.2723901055473767, 2.7773022852293128, 3.394403084536378, 4.1486201777847675, 5.070420026993842, 6.197038569066624, 7.573985354674433, 9.256881898261764, 11.313708498984761], "border_radii": [12, 12, 12, 12, 12, 12, 12, 12, 12, 12, 12, 12, 12, 13, 16, 20, 24, 30, 37, 45], "counts": {"TP": 22970, "TN": 463428, "FP": 22349, "FN": 50397}, "counts_FA": {"TP": 6700, "TN": 484297, "FP": 1480, "FN": 66667}, "counts_rw": {"TP": 12054, "TN": 481312, "FP": 4465, "FN": 61313}, "pnc": [0.48182569186286656, 0.15303593556381662, 0.24741842213961174, 0.4580751755472945], "mcc": [0.33041312958145425, 0.24823816013355302, 0.30928241486684915, 0.3483614397853543], "scale_maxes": [0.8609548535397705, 0.8726095289640292, 0.8893554849531072, 0.912909922419962, 0.9449348619715932, 0.9861609852450869, 0.9943526296806572, 0.9958519091981672, 0.9964453711079526, 0.9956813620128836, 0.9869010147892071, 0.9649697405587875, 0.9374946923598155, 0.9057205061164448, 0.9402386122870618, 0.9243457031096298, 0.9985861226161018, 0.9977000214789122, 0.9971924379245622, 0.9906144636481291], "ALPHAS": [0.06091291094402513, 0.06223932724434553, 0.06419787512934613, 0.06740301702230433, 0.07071799478918053, 0.07536729281153942, 0.08202142876572896, 0.09356289594787451, 0.11154910019804817, 0.13985458648573165, 0.15273060697309873, 0.17874724125953237, 0.19032363561089793, 0.17661010360549112, 0.16942941127843142, 0.1674085079733598, 0.17705326618147493, 0.18352868913508602, 0.20320344035768204, 0.2639055248512852]}