{"time": "181130_0147", "filename": "T-BN5932011.png", "betas": 0.35, "gammas": 0.5, "c": [null, null, null, null, null, null, null, null, null, null, null, null, null, null, null, null, null, null, null, null], "sigmas": [0.25, 0.30554858059465007, 0.37343974041362143, 0.4564159304840664, 0.5578289588807719, 0.681775386402445, 0.8332620063985445, 1.018408093274102, 1.2446925894640235, 1.5212562159496474, 1.8592707100168127, 2.2723901055473767, 2.7773022852293128, 3.394403084536378, 4.1486201777847675, 5.070420026993842, 6.197038569066624, 7.573985354674433, 9.256881898261764, 11.313708498984761], "border_radii": [12, 12, 12, 12, 12, 12, 12, 12, 12, 12, 12, 12, 12, 13, 16, 20, 24, 30, 37, 45], "counts": {"TP": 35625, "TN": 504814, "FP": 21470, "FN": 40542}, "counts_FA": {"TP": 11055, "TN": 523091, "FP": 3193, "FN": 65112}, "counts_rw": {"TP": 20553, "TN": 519838, "FP": 6446, "FN": 55614}, "pnc": [0.6467821252939919, 0.24802223647637375, 0.38240324994654695, 0.5342099636519136], "mcc": [0.4844041082928554, 0.30415890752992797, 0.41376084826436127, 0.44555358669777656], "scale_maxes": [0.9913322360061985, 0.9918830968925957, 0.9901472596018066, 0.9873088152174994, 0.9825700071421083, 0.9745247954624975, 0.9520514861675705, 0.9651244231989619, 0.9998510188460552, 0.9972977303457361, 0.9626850863011923, 0.9446557097156768, 0.8576572959621905, 0.8004417498361048, 0.865534325153299, 0.9225838806959555, 0.8441270968519705, 0.7317191220375701, 0.6813499811387865, 0.8552215824380391], "ALPHAS": [0.06091291094402513, 0.06223932724434553, 0.06419787512934613, 0.06740301702230433, 0.07071799478918053, 0.07536729281153942, 0.08202142876572896, 0.09356289594787451, 0.11154910019804817, 0.13985458648573165, 0.15273060697309873, 0.17874724125953237, 0.19032363561089793, 0.17661010360549112, 0.16942941127843142, 0.1674085079733598, 0.17705326618147493, 0.18352868913508602, 0.20320344035768204, 0.2639055248512852]}