{"time": "181130_0435", "filename": "T-BN6577513.png", "betas": 0.35, "gammas": 0.5, "c": [null, null, null, null, null, null, null, null, null, null, null, null, null, null, null, null, null, null, null, null], "sigmas": [0.25, 0.30554858059465007, 0.37343974041362143, 0.4564159304840664, 0.5578289588807719, 0.681775386402445, 0.8332620063985445, 1.018408093274102, 1.2446925894640235, 1.5212562159496474, 1.8592707100168127, 2.2723901055473767, 2.7773022852293128, 3.394403084536378, 4.1486201777847675, 5.070420026993842, 6.197038569066624, 7.573985354674433, 9.256881898261764, 11.313708498984761], "border_radii": [12, 12, 12, 12, 12, 12, 12, 12, 12, 12, 12, 12, 12, 13, 16, 20, 24, 30, 37, 45], "counts": {"TP": 37303, "TN": 523623, "FP": 72143, "FN": 71190}, "counts_FA": {"TP": 13692, "TN": 573187, "FP": 22579, "FN": 94801}, "counts_rw": {"TP": 27242, "TN": 552541, "FP": 43225, "FN": 81251}, "pnc": [0.41707879986811736, 0.14350478074513684, 0.27695351137487634, 0.20730300032970655], "mcc": [0.22194151605574441, 0.14422748353944997, 0.21478806068869363, 0.15167826702510653], "scale_maxes": [0.8988931537054763, 0.9014091678552016, 0.9055271643900831, 0.9163117448084938, 0.9320861348622786, 0.9547129661949996, 0.9869992086196117, 0.9370142606991673, 0.9611441256698436, 0.9538694584010227, 0.969024750994637, 0.998111292395439, 0.9839603728736603, 0.9231456000924445, 0.9220665337498503, 0.9454812862675093, 0.8776101199427265, 0.868057621623984, 0.9329077814733773, 0.9405907202095865], "ALPHAS": [0.06091291094402513, 0.06223932724434553, 0.06419787512934613, 0.06740301702230433, 0.07071799478918053, 0.07536729281153942, 0.08202142876572896, 0.09356289594787451, 0.11154910019804817, 0.13985458648573165, 0.15273060697309873, 0.17874724125953237, 0.19032363561089793, 0.17661010360549112, 0.16942941127843142, 0.1674085079733598, 0.17705326618147493, 0.18352868913508602, 0.20320344035768204, 0.2639055248512852]}