{"time": "181130_0208", "filename": "T-BN7832092.png", "betas": 0.35, "gammas": 0.5, "c": [null, null, null, null, null, null, null, null, null, null, null, null, null, null, null, null, null, null, null, null], "sigmas": [0.25, 0.30554858059465007, 0.37343974041362143, 0.4564159304840664, 0.5578289588807719, 0.681775386402445, 0.8332620063985445, 1.018408093274102, 1.2446925894640235, 1.5212562159496474, 1.8592707100168127, 2.2723901055473767, 2.7773022852293128, 3.394403084536378, 4.1486201777847675, 5.070420026993842, 6.197038569066624, 7.573985354674433, 9.256881898261764, 11.313708498984761], "border_radii": [12, 12, 12, 12, 12, 12, 12, 12, 12, 12, 12, 12, 12, 13, 16, 20, 24, 30, 37, 45], "counts": {"TP": 36087, "TN": 492446, "FP": 16302, "FN": 58420}, "counts_FA": {"TP": 11515, "TN": 506498, "FP": 2250, "FN": 82992}, "counts_rw": {"TP": 21803, "TN": 502915, "FP": 5833, "FN": 72704}, "pnc": [0.49382620774810926, 0.170396666152184, 0.28152492668621704, 0.44729124864948294], "mcc": [0.45150420943213204, 0.28582476171355325, 0.38114674511269675, 0.4344840975857784], "scale_maxes": [0.5379038914702131, 0.5307122756155543, 0.5192750260132274, 0.5007055162041256, 0.5281701345596757, 0.5950248137371303, 0.68733312782701, 0.7643942327742249, 0.8163807431195538, 0.9101967615036134, 0.9974702553431413, 0.9988368164719722, 0.9981550553524448, 0.9047044467028651, 0.8359891599657302, 0.8503125790403535, 0.9774754186156837, 0.9818473360766864, 0.9558202234854695, 0.883090475569948], "ALPHAS": [0.06091291094402513, 0.06223932724434553, 0.06419787512934613, 0.06740301702230433, 0.07071799478918053, 0.07536729281153942, 0.08202142876572896, 0.09356289594787451, 0.11154910019804817, 0.13985458648573165, 0.15273060697309873, 0.17874724125953237, 0.19032363561089793, 0.17661010360549112, 0.16942941127843142, 0.1674085079733598, 0.17705326618147493, 0.18352868913508602, 0.20320344035768204, 0.2639055248512852]}