{"time": "181130_0250", "filename": "T-BN1273150.png", "betas": 0.35, "gammas": 0.5, "c": [null, null, null, null, null, null, null, null, null, null, null, null, null, null, null, null, null, null, null, null], "sigmas": [0.25, 0.30554858059465007, 0.37343974041362143, 0.4564159304840664, 0.5578289588807719, 0.681775386402445, 0.8332620063985445, 1.018408093274102, 1.2446925894640235, 1.5212562159496474, 1.8592707100168127, 2.2723901055473767, 2.7773022852293128, 3.394403084536378, 4.1486201777847675, 5.070420026993842, 6.197038569066624, 7.573985354674433, 9.256881898261764, 11.313708498984761], "border_radii": [12, 12, 12, 12, 12, 12, 12, 12, 12, 12, 12, 12, 12, 13, 16, 20, 24, 30, 37, 45], "counts": {"TP": 36344, "TN": 547122, "FP": 19267, "FN": 88755}, "counts_FA": {"TP": 8336, "TN": 564231, "FP": 2158, "FN": 116763}, "counts_rw": {"TP": 16371, "TN": 561177, "FP": 5212, "FN": 108728}, "pnc": [0.3673885928109763, 0.076822769021431, 0.14480099784556072, 0.34641115772763353], "mcc": [0.36308863557250315, 0.19782241374441947, 0.2693254983950113, 0.37786673434439816], "scale_maxes": [0.9342076638195854, 0.9410794532550827, 0.9508137531012698, 0.9642087574643124, 0.9600139540473873, 0.9397665066336293, 0.9125497073232454, 0.8907252652006392, 0.8603939434230213, 0.7481147730131315, 0.6241927434655773, 0.6584855126323242, 0.6886297043275371, 0.7377351376479464, 0.8405521694009841, 0.9290638212915238, 0.8318820362373643, 0.7295039328522935, 0.7161112541962308, 0.8154354746832432], "ALPHAS": [0.06091291094402513, 0.06223932724434553, 0.06419787512934613, 0.06740301702230433, 0.07071799478918053, 0.07536729281153942, 0.08202142876572896, 0.09356289594787451, 0.11154910019804817, 0.13985458648573165, 0.15273060697309873, 0.17874724125953237, 0.19032363561089793, 0.17661010360549112, 0.16942941127843142, 0.1674085079733598, 0.17705326618147493, 0.18352868913508602, 0.20320344035768204, 0.2639055248512852]}