{"time": "181130_0141", "filename": "T-BN5197585.png", "betas": 0.35, "gammas": 0.5, "c": [null, null, null, null, null, null, null, null, null, null, null, null, null, null, null, null, null, null, null, null], "sigmas": [0.25, 0.30554858059465007, 0.37343974041362143, 0.4564159304840664, 0.5578289588807719, 0.681775386402445, 0.8332620063985445, 1.018408093274102, 1.2446925894640235, 1.5212562159496474, 1.8592707100168127, 2.2723901055473767, 2.7773022852293128, 3.394403084536378, 4.1486201777847675, 5.070420026993842, 6.197038569066624, 7.573985354674433, 9.256881898261764, 11.313708498984761], "border_radii": [12, 12, 12, 12, 12, 12, 12, 12, 12, 12, 12, 12, 12, 13, 16, 20, 24, 30, 37, 45], "counts": {"TP": 61021, "TN": 644185, "FP": 16011, "FN": 88878}, "counts_FA": {"TP": 22466, "TN": 658454, "FP": 1742, "FN": 127433}, "counts_rw": {"TP": 39776, "TN": 656132, "FP": 4064, "FN": 110123}, "pnc": [0.6493498639250076, 0.2931962503779861, 0.4394315089204717, 0.5108557605080133], "mcc": [0.5067972701917389, 0.33580661569669035, 0.44487971383399905, 0.41738348259056346], "scale_maxes": [0.6890477783602423, 0.6991091394710522, 0.7141568622547774, 0.7423010042454004, 0.790992486115962, 0.8599992839925251, 0.9204773830524784, 0.9307925910112752, 0.9177700880553552, 0.964221658548614, 0.9833610163555478, 0.9719117745393968, 0.9965037077235919, 0.9943356014700975, 0.9204591820951493, 0.8796329212252076, 0.9472156989302709, 0.7577647225468862, 0.501439535953227, 0.4334369612839441], "ALPHAS": [0.06091291094402513, 0.06223932724434553, 0.06419787512934613, 0.06740301702230433, 0.07071799478918053, 0.07536729281153942, 0.08202142876572896, 0.09356289594787451, 0.11154910019804817, 0.13985458648573165, 0.15273060697309873, 0.17874724125953237, 0.19032363561089793, 0.17661010360549112, 0.16942941127843142, 0.1674085079733598, 0.17705326618147493, 0.18352868913508602, 0.20320344035768204, 0.2639055248512852]}