{"time": "181130_0346", "filename": "T-BN7965300.png", "betas": 0.35, "gammas": 0.5, "c": [null, null, null, null, null, null, null, null, null, null, null, null, null, null, null, null, null, null, null, null], "sigmas": [0.25, 0.30554858059465007, 0.37343974041362143, 0.4564159304840664, 0.5578289588807719, 0.681775386402445, 0.8332620063985445, 1.018408093274102, 1.2446925894640235, 1.5212562159496474, 1.8592707100168127, 2.2723901055473767, 2.7773022852293128, 3.394403084536378, 4.1486201777847675, 5.070420026993842, 6.197038569066624, 7.573985354674433, 9.256881898261764, 11.313708498984761], "border_radii": [12, 12, 12, 12, 12, 12, 12, 12, 12, 12, 12, 12, 12, 13, 16, 20, 24, 30, 37, 45], "counts": {"TP": 52006, "TN": 417202, "FP": 34323, "FN": 53723}, "counts_FA": {"TP": 21209, "TN": 447278, "FP": 4247, "FN": 84520}, "counts_rw": {"TP": 34622, "TN": 439867, "FP": 11658, "FN": 71107}, "pnc": [0.6396110148276526, 0.2852878875409205, 0.4027537069131523, 0.38234161371076447], "mcc": [0.45064602147928434, 0.3590367573867693, 0.4285798675954627, 0.3695350474399967], "scale_maxes": [0.9788348270708241, 0.9770889151939991, 0.9743596939724777, 0.9700251915956223, 0.9630236173574832, 0.9542375924219824, 0.9644731803330424, 0.974245696881553, 0.9902385731912247, 0.9912824813382629, 0.9857906806532577, 0.9771651552576098, 0.997948628636568, 0.9906651414436388, 0.9959328962870007, 0.9855007486495524, 0.9952164356002356, 0.9993479988705493, 0.9989922265120004, 0.9768645918534586], "ALPHAS": [0.06091291094402513, 0.06223932724434553, 0.06419787512934613, 0.06740301702230433, 0.07071799478918053, 0.07536729281153942, 0.08202142876572896, 0.09356289594787451, 0.11154910019804817, 0.13985458648573165, 0.15273060697309873, 0.17874724125953237, 0.19032363561089793, 0.17661010360549112, 0.16942941127843142, 0.1674085079733598, 0.17705326618147493, 0.18352868913508602, 0.20320344035768204, 0.2639055248512852]}