{"time": "181130_0114", "filename": "T-BN1602443.png", "betas": 0.35, "gammas": 0.5, "c": [null, null, null, null, null, null, null, null, null, null, null, null, null, null, null, null, null, null, null, null], "sigmas": [0.25, 0.30554858059465007, 0.37343974041362143, 0.4564159304840664, 0.5578289588807719, 0.681775386402445, 0.8332620063985445, 1.018408093274102, 1.2446925894640235, 1.5212562159496474, 1.8592707100168127, 2.2723901055473767, 2.7773022852293128, 3.394403084536378, 4.1486201777847675, 5.070420026993842, 6.197038569066624, 7.573985354674433, 9.256881898261764, 11.313708498984761], "border_radii": [12, 12, 12, 12, 12, 12, 12, 12, 12, 12, 12, 12, 12, 13, 16, 20, 24, 30, 37, 45], "counts": {"TP": 61370, "TN": 570322, "FP": 25461, "FN": 73703}, "counts_FA": {"TP": 23976, "TN": 591949, "FP": 3834, "FN": 111097}, "counts_rw": {"TP": 41832, "TN": 586003, "FP": 9780, "FN": 93241}, "pnc": [0.6892600097826846, 0.3359653413458179, 0.4864090559709314, 0.4927678009922437], "mcc": [0.49377274580239905, 0.34706173862175255, 0.44435307639976623, 0.40945700807766666], "scale_maxes": [0.9928389994961221, 0.9926058787916007, 0.9922537177918296, 0.9917193421378222, 0.9909041378213549, 0.9896546333579311, 0.9877416230519956, 0.9894526099708303, 0.9608724619692988, 0.917579784047021, 0.8716912120711457, 0.9585846220211467, 0.9989451157760348, 0.9969343850928792, 0.9955639414764119, 0.9949814787560777, 0.9983838588244164, 0.9830269528695614, 0.9669253651174835, 0.8555163590145589], "ALPHAS": [0.06091291094402513, 0.06223932724434553, 0.06419787512934613, 0.06740301702230433, 0.07071799478918053, 0.07536729281153942, 0.08202142876572896, 0.09356289594787451, 0.11154910019804817, 0.13985458648573165, 0.15273060697309873, 0.17874724125953237, 0.19032363561089793, 0.17661010360549112, 0.16942941127843142, 0.1674085079733598, 0.17705326618147493, 0.18352868913508602, 0.20320344035768204, 0.2639055248512852]}