{"time": "181130_0417", "filename": "T-BN3227692.png", "betas": 0.35, "gammas": 0.5, "c": [null, null, null, null, null, null, null, null, null, null, null, null, null, null, null, null, null, null, null, null], "sigmas": [0.25, 0.30554858059465007, 0.37343974041362143, 0.4564159304840664, 0.5578289588807719, 0.681775386402445, 0.8332620063985445, 1.018408093274102, 1.2446925894640235, 1.5212562159496474, 1.8592707100168127, 2.2723901055473767, 2.7773022852293128, 3.394403084536378, 4.1486201777847675, 5.070420026993842, 6.197038569066624, 7.573985354674433, 9.256881898261764, 11.313708498984761], "border_radii": [12, 12, 12, 12, 12, 12, 12, 12, 12, 12, 12, 12, 12, 13, 16, 20, 24, 30, 37, 45], "counts": {"TP": 32102, "TN": 734465, "FP": 55168, "FN": 78952}, "counts_FA": {"TP": 9810, "TN": 779193, "FP": 10440, "FN": 101244}, "counts_rw": {"TP": 18358, "TN": 768038, "FP": 21595, "FN": 92696}, "pnc": [0.36369436911788167, 0.12394321263359387, 0.20401977986919764, 0.3092199712872866], "mcc": [0.24363158430924617, 0.1665863452187257, 0.22030281267786805, 0.23107021761700205], "scale_maxes": [0.5122528780413966, 0.5081770543096362, 0.5088572800665748, 0.5101039219500824, 0.5124926800630492, 0.5172713073083911, 0.5272129227329514, 0.605918158832757, 0.6762597499449959, 0.7179726939993669, 0.8464174495567697, 0.940613503813091, 0.9658569065204441, 0.9902208609300107, 0.9574868222368635, 0.993722198483496, 0.9266671903490935, 0.8990641327753933, 0.9316080474156964, 0.9467537577813441], "ALPHAS": [0.06091291094402513, 0.06223932724434553, 0.06419787512934613, 0.06740301702230433, 0.07071799478918053, 0.07536729281153942, 0.08202142876572896, 0.09356289594787451, 0.11154910019804817, 0.13985458648573165, 0.15273060697309873, 0.17874724125953237, 0.19032363561089793, 0.17661010360549112, 0.16942941127843142, 0.1674085079733598, 0.17705326618147493, 0.18352868913508602, 0.20320344035768204, 0.2639055248512852]}