{"time": "181130_0356", "filename": "T-BN9230531.png", "betas": 0.35, "gammas": 0.5, "c": [null, null, null, null, null, null, null, null, null, null, null, null, null, null, null, null, null, null, null, null], "sigmas": [0.25, 0.30554858059465007, 0.37343974041362143, 0.4564159304840664, 0.5578289588807719, 0.681775386402445, 0.8332620063985445, 1.018408093274102, 1.2446925894640235, 1.5212562159496474, 1.8592707100168127, 2.2723901055473767, 2.7773022852293128, 3.394403084536378, 4.1486201777847675, 5.070420026993842, 6.197038569066624, 7.573985354674433, 9.256881898261764, 11.313708498984761], "border_radii": [12, 12, 12, 12, 12, 12, 12, 12, 12, 12, 12, 12, 12, 13, 16, 20, 24, 30, 37, 45], "counts": {"TP": 31702, "TN": 505724, "FP": 19720, "FN": 74978}, "counts_FA": {"TP": 7947, "TN": 520961, "FP": 4483, "FN": 98733}, "counts_rw": {"TP": 15880, "TN": 516143, "FP": 9301, "FN": 90800}, "pnc": [0.42489454056367304, 0.11780888916060402, 0.2095127468362169, 0.324937335697255], "mcc": [0.3557323855737916, 0.17794025280279333, 0.2511769054821012, 0.30561541802304676], "scale_maxes": [0.9636892798475806, 0.9652636399444345, 0.9675287274788896, 0.9707211213349529, 0.9750734663939005, 0.9806905397577512, 0.9872928621108081, 0.9938475050828643, 0.9983514555554912, 0.9969833483010687, 0.9895541793037367, 0.976002830779551, 0.9696252522416592, 0.9663972558397255, 0.9776934654048827, 0.9529847192066139, 0.8812959196501798, 0.854008562480646, 0.9055773905838247, 0.8153316330106717], "ALPHAS": [0.06091291094402513, 0.06223932724434553, 0.06419787512934613, 0.06740301702230433, 0.07071799478918053, 0.07536729281153942, 0.08202142876572896, 0.09356289594787451, 0.11154910019804817, 0.13985458648573165, 0.15273060697309873, 0.17874724125953237, 0.19032363561089793, 0.17661010360549112, 0.16942941127843142, 0.1674085079733598, 0.17705326618147493, 0.18352868913508602, 0.20320344035768204, 0.2639055248512852]}