{"time": "181130_0310", "filename": "T-BN2829989.png", "betas": 0.35, "gammas": 0.5, "c": [null, null, null, null, null, null, null, null, null, null, null, null, null, null, null, null, null, null, null, null], "sigmas": [0.25, 0.30554858059465007, 0.37343974041362143, 0.4564159304840664, 0.5578289588807719, 0.681775386402445, 0.8332620063985445, 1.018408093274102, 1.2446925894640235, 1.5212562159496474, 1.8592707100168127, 2.2723901055473767, 2.7773022852293128, 3.394403084536378, 4.1486201777847675, 5.070420026993842, 6.197038569066624, 7.573985354674433, 9.256881898261764, 11.313708498984761], "border_radii": [12, 12, 12, 12, 12, 12, 12, 12, 12, 12, 12, 12, 12, 13, 16, 20, 24, 30, 37, 45], "counts": {"TP": 43683, "TN": 638169, "FP": 29539, "FN": 83265}, "counts_FA": {"TP": 13199, "TN": 663769, "FP": 3939, "FN": 113749}, "counts_rw": {"TP": 24076, "TN": 658617, "FP": 9091, "FN": 102872}, "pnc": [0.48368901552596383, 0.17061115310810024, 0.27248938768389835, 0.3713438390416933], "mcc": [0.37984703213502574, 0.24735336135371055, 0.3224971033364463, 0.3188813772264581], "scale_maxes": [0.9999501441245758, 0.999958778304882, 0.9999680053207051, 0.9999759576653778, 0.9999796179204838, 0.9999730414485971, 0.9999364716876924, 0.9927723726124412, 0.9919340321759894, 0.9981619507469205, 0.9948219274138167, 0.9922381612677029, 0.9913577034203536, 0.9599111606231875, 0.9310161378480478, 0.8957173400563949, 0.8797370024465349, 0.8672292889546979, 0.830471492991131, 0.7733640576871008], "ALPHAS": [0.06091291094402513, 0.06223932724434553, 0.06419787512934613, 0.06740301702230433, 0.07071799478918053, 0.07536729281153942, 0.08202142876572896, 0.09356289594787451, 0.11154910019804817, 0.13985458648573165, 0.15273060697309873, 0.17874724125953237, 0.19032363561089793, 0.17661010360549112, 0.16942941127843142, 0.1674085079733598, 0.17705326618147493, 0.18352868913508602, 0.20320344035768204, 0.2639055248512852]}