{"time": "181130_0301", "filename": "T-BN2421294.png", "betas": 0.35, "gammas": 0.5, "c": [null, null, null, null, null, null, null, null, null, null, null, null, null, null, null, null, null, null, null, null], "sigmas": [0.25, 0.30554858059465007, 0.37343974041362143, 0.4564159304840664, 0.5578289588807719, 0.681775386402445, 0.8332620063985445, 1.018408093274102, 1.2446925894640235, 1.5212562159496474, 1.8592707100168127, 2.2723901055473767, 2.7773022852293128, 3.394403084536378, 4.1486201777847675, 5.070420026993842, 6.197038569066624, 7.573985354674433, 9.256881898261764, 11.313708498984761], "border_radii": [12, 12, 12, 12, 12, 12, 12, 12, 12, 12, 12, 12, 12, 13, 16, 20, 24, 30, 37, 45], "counts": {"TP": 22633, "TN": 674826, "FP": 10234, "FN": 108540}, "counts_FA": {"TP": 3794, "TN": 683847, "FP": 1213, "FN": 127379}, "counts_rw": {"TP": 7855, "TN": 682691, "FP": 2369, "FN": 123318}, "pnc": [0.24002659574468085, 0.047449226305609285, 0.09163442940038685, 0.331963249516441], "mcc": [0.29443686245494727, 0.12771573937157074, 0.1863267066463615, 0.3252057494143582], "scale_maxes": [0.9002299752644448, 0.9123508071269183, 0.9297010013675043, 0.9539388799388356, 0.9864637260612205, 0.9954407354658471, 0.9999019227475248, 0.9989900351634052, 0.9963044955127218, 0.9902772609304343, 0.9942279520559459, 0.9645361914562288, 0.84211918330865, 0.8013368292113738, 0.7427628927868157, 0.7243189137122713, 0.7116609108260875, 0.6443453459637187, 0.6955394388778485, 0.7952146086801137], "ALPHAS": [0.06091291094402513, 0.06223932724434553, 0.06419787512934613, 0.06740301702230433, 0.07071799478918053, 0.07536729281153942, 0.08202142876572896, 0.09356289594787451, 0.11154910019804817, 0.13985458648573165, 0.15273060697309873, 0.17874724125953237, 0.19032363561089793, 0.17661010360549112, 0.16942941127843142, 0.1674085079733598, 0.17705326618147493, 0.18352868913508602, 0.20320344035768204, 0.2639055248512852]}