{"time": "181130_0445", "filename": "T-BN9324292.png", "betas": 0.35, "gammas": 0.5, "c": [null, null, null, null, null, null, null, null, null, null, null, null, null, null, null, null, null, null, null, null], "sigmas": [0.25, 0.30554858059465007, 0.37343974041362143, 0.4564159304840664, 0.5578289588807719, 0.681775386402445, 0.8332620063985445, 1.018408093274102, 1.2446925894640235, 1.5212562159496474, 1.8592707100168127, 2.2723901055473767, 2.7773022852293128, 3.394403084536378, 4.1486201777847675, 5.070420026993842, 6.197038569066624, 7.573985354674433, 9.256881898261764, 11.313708498984761], "border_radii": [12, 12, 12, 12, 12, 12, 12, 12, 12, 12, 12, 12, 12, 13, 16, 20, 24, 30, 37, 45], "counts": {"TP": 21983, "TN": 526963, "FP": 44831, "FN": 44004}, "counts_FA": {"TP": 4898, "TN": 562729, "FP": 9065, "FN": 61089}, "counts_rw": {"TP": 10873, "TN": 553581, "FP": 18213, "FN": 55114}, "pnc": [0.5020637279181113, 0.17459138187221396, 0.2921413240878323, 0.4035826316658412], "mcc": [0.25333910478822574, 0.12149087228258319, 0.19404641395349984, 0.22228239944240105], "scale_maxes": [0.9989397529438374, 0.9990006770048684, 0.9990924936748273, 0.9992297770037146, 0.9994294692043965, 0.9996965364559467, 0.9999601207318894, 0.9902183254325339, 0.9857039550566578, 0.9787869907817905, 0.9673553796996786, 0.9459430732663618, 0.9333492290912832, 0.9567468236794352, 0.9657651369380174, 0.9658742858738125, 0.9671903298998379, 0.9626373078073625, 0.9553779707048174, 0.9574460069813999], "ALPHAS": [0.06091291094402513, 0.06223932724434553, 0.06419787512934613, 0.06740301702230433, 0.07071799478918053, 0.07536729281153942, 0.08202142876572896, 0.09356289594787451, 0.11154910019804817, 0.13985458648573165, 0.15273060697309873, 0.17874724125953237, 0.19032363561089793, 0.17661010360549112, 0.16942941127843142, 0.1674085079733598, 0.17705326618147493, 0.18352868913508602, 0.20320344035768204, 0.2639055248512852]}