{
 "time": "181109_0322",
 "DARK_BG": false,
 "dilate_per_scale": true,
 "log_range": [
  -4,
  5.5
 ],
 "n_scales": 40,
 "scales": [
  0.0625,
  0.07399593066842687,
  0.08760636408778617,
  0.1037202310904446,
  0.12279800045890803,
  0.14538483725086093,
  0.17212618139928368,
  0.20378619176067939,
  0.24126958266729562,
  0.28564747698319176,
  0.3381880144393491,
  0.40039258990955234,
  0.47403875716958566,
  0.5612310241546864,
  0.6644609912371261,
  0.7866785510313052,
  0.9313761843272156,
  1.1026887609872094,
  1.3055116977098091,
  1.5456408491288847,
  1.8299381297668702,
  2.1665275996438407,
  2.565027616871663,
  3.0368256912101725,
  3.5954038927821665,
  4.25672411480482,
  5.039684199579492,
  5.966657961965606,
  7.064134542013187,
  8.363475356851955,
  9.901810282443423,
  11.723098674425596,
  13.879385547710774,
  16.432288811340356,
  19.45476005772011,
  23.033169222431017,
  27.26977268571437,
  32.28563534393412,
  38.22409015193375,
  45.254833995939045
 ],
 "alphas": [
  0.15,
  0.15,
  0.15,
  0.15,
  0.15,
  0.15,
  0.15,
  0.15,
  0.15,
  0.15,
  0.15,
  0.15,
  0.15,
  0.15,
  0.15,
  0.15,
  0.15,
  0.15,
  0.15,
  0.15,
  0.15,
  0.15,
  0.15,
  0.15,
  0.15,
  0.15,
  0.15,
  0.15,
  0.15,
  0.15,
  0.15,
  0.15,
  0.15,
  0.15,
  0.15,
  0.15,
  0.15,
  0.15,
  0.15,
  0.15
 ],
 "betas": null,
 "files": [
  "T-BN0013990.png",
  "T-BN0033885.png",
  "T-BN0061827.png",
  "T-BN0124393.png",
  "T-BN0164923.png",
  "T-BN0204423.png",
  "T-BN0224265.png",
  "T-BN0254914.png",
  "T-BN0264445.png",
  "T-BN0339328.png",
  "T-BN0342010.png",
  "T-BN0392139.png",
  "T-BN0392644.png",
  "T-BN0404929.png",
  "T-BN0421379.png",
  "T-BN0426372.png",
  "T-BN0464750.png",
  "T-BN0491127.png",
  "T-BN0501518.png",
  "T-BN0516545.png",
  "T-BN0546768.png",
  "T-BN0651415.png",
  "T-BN0657337.png",
  "T-BN0687730.png",
  "T-BN0723815.png",
  "T-BN0963435.png",
  "T-BN1051747.png",
  "T-BN1105196.png",
  "T-BN1145709.png",
  "T-BN1233668.png",
  "T-BN1273150.png",
  "T-BN1289932.png",
  "T-BN1328016.png",
  "T-BN1411786.png",
  "T-BN1442472.png",
  "T-BN1479814.png",
  "T-BN1510602.png",
  "T-BN1530431.png",
  "T-BN1587209.png",
  "T-BN1602443.png",
  "T-BN1629357.png",
  "T-BN1650687.png",
  "T-BN1662406.png",
  "T-BN1788623.png",
  "T-BN2050224.png",
  "T-BN2095839.png",
  "T-BN2315363.png",
  "T-BN2330218.png",
  "T-BN2341348.png",
  "T-BN2408482.png",
  "T-BN2421294.png",
  "T-BN2432252.png",
  "T-BN2459820.png",
  "T-BN2481864.png",
  "T-BN2583658.png",
  "T-BN2623827.png",
  "T-BN2641672.png",
  "T-BN2644701.png",
  "T-BN2679570.png",
  "T-BN2713393.png",
  "T-BN2721525.png",
  "T-BN2774548.png",
  "T-BN2810683.png",
  "T-BN2829989.png",
  "T-BN2839794.png",
  "T-BN2844756.png",
  "T-BN2899857.png",
  "T-BN2958557.png",
  "T-BN3109757.png",
  "T-BN3182394.png",
  "T-BN3221123.png",
  "T-BN3227692.png",
  "T-BN3236159.png",
  "T-BN3307587.png",
  "T-BN3436209.png",
  "T-BN3601547.png",
  "T-BN3633640.png",
  "T-BN3698241.png",
  "T-BN3731521.png",
  "T-BN3751005.png",
  "T-BN3800686.png",
  "T-BN3817093.png",
  "T-BN3857011.png",
  "T-BN3859381.png",
  "T-BN4031846.png",
  "T-BN4038502.png",
  "T-BN4130351.png",
  "T-BN4193575.png",
  "T-BN4337090.png",
  "T-BN4384182.png",
  "T-BN4442496.png",
  "T-BN4475126.png",
  "T-BN4537926.png",
  "T-BN4569506.png",
  "T-BN4773682.png",
  "T-BN4920563.png",
  "T-BN4979348.png",
  "T-BN4981652.png",
  "T-BN5065621.png",
  "T-BN5072928.png",
  "T-BN5179290.png",
  "T-BN5197585.png",
  "T-BN5226897.png",
  "T-BN5260182.png",
  "T-BN5280796.png",
  "T-BN5569860.png",
  "T-BN5602970.png",
  "T-BN5701077.png",
  "T-BN5766074.png",
  "T-BN5852719.png",
  "T-BN5932011.png",
  "T-BN5934535.png",
  "T-BN5961598.png",
  "T-BN6028328.png",
  "T-BN6132495.png",
  "T-BN6216577.png",
  "T-BN6238549.png",
  "T-BN6250724.png",
  "T-BN6279307.png",
  "T-BN6381701.png",
  "T-BN6469047.png",
  "T-BN6472004.png",
  "T-BN6483346.png",
  "T-BN6498420.png",
  "T-BN6535713.png",
  "T-BN6557410.png",
  "T-BN6577513.png",
  "T-BN6588820.png",
  "T-BN6616756.png",
  "T-BN6746662.png",
  "T-BN6803276.png",
  "T-BN7042433.png",
  "T-BN7080847.png",
  "T-BN7302686.png",
  "T-BN7408610.png",
  "T-BN7436313.png",
  "T-BN7467857.png",
  "T-BN7476220.png",
  "T-BN7515948.png",
  "T-BN7531176.png",
  "T-BN7547732.png",
  "T-BN7579137.png",
  "T-BN7644170.png",
  "T-BN7646343.png",
  "T-BN7680325.png",
  "T-BN7686730.png",
  "T-BN7687331.png",
  "T-BN7725413.png",
  "T-BN7726580.png",
  "T-BN7736166.png",
  "T-BN7753462.png",
  "T-BN7767693.png",
  "T-BN7804374.png",
  "T-BN7832092.png",
  "T-BN7847884.png",
  "T-BN7871142.png",
  "T-BN7914277.png",
  "T-BN7957558.png",
  "T-BN7965300.png",
  "T-BN7971406.png",
  "T-BN8048789.png",
  "T-BN8159259.png",
  "T-BN8166392.png",
  "T-BN8177602.png",
  "T-BN8183465.png",
  "T-BN8321696.png",
  "T-BN8333878.png",
  "T-BN8358802.png",
  "T-BN8438124.png",
  "T-BN8441842.png",
  "T-BN8549337.png",
  "T-BN8625834.png",
  "T-BN8656271.png",
  "T-BN8731535.png",
  "T-BN8778711.png",
  "T-BN8789191.png",
  "T-BN8801263.png",
  "T-BN8914395.png",
  "T-BN8949552.png",
  "T-BN9029696.png",
  "T-BN9056988.png",
  "T-BN9118174.png",
  "T-BN9165109.png",
  "T-BN9211170.png",
  "T-BN9226926.png",
  "T-BN9230531.png",
  "T-BN9238868.png",
  "T-BN9323718.png",
  "T-BN9324292.png",
  "T-BN9365078.png",
  "T-BN9413603.png",
  "T-BN9430295.png",
  "T-BN9486677.png",
  "T-BN9586508.png",
  "T-BN9597656.png",
  "T-BN9730834.png",
  "T-BN9770333.png",
  "T-BN9801033.png",
  "T-BN9900633.png",
  "T-BN9922415.png",
  "T-BN9937513.png"
 ],
 "MCCS": {
  "T-BN0013990.png": 0.29114997709976725,
  "T-BN0033885.png": 0.39883603493064107,
  "T-BN0061827.png": 0.3909234442927469,
  "T-BN0124393.png": 0.5278544792435875,
  "T-BN0164923.png": 0.5601312191136449,
  "T-BN0204423.png": 0.3221972938864569,
  "T-BN0224265.png": 0.40251157335695076,
  "T-BN0254914.png": 0.3640944219749605,
  "T-BN0264445.png": 0.277155295826448,
  "T-BN0339328.png": 0.3680083177784141,
  "T-BN0342010.png": 0.28422659098821446,
  "T-BN0392139.png": 0.3604737517076224,
  "T-BN0392644.png": 0.4261895974981176,
  "T-BN0404929.png": 0.4073358706879226,
  "T-BN0421379.png": 0.42647422666740287,
  "T-BN0426372.png": 0.38654098862653835,
  "T-BN0464750.png": 0.3376308168049699,
  "T-BN0491127.png": 0.3200772175676486,
  "T-BN0501518.png": 0.4202182328366999,
  "T-BN0516545.png": 0.42199129587056083,
  "T-BN0546768.png": 0.394862800449382,
  "T-BN0651415.png": 0.5401394517114431,
  "T-BN0657337.png": 0.4043893824163662,
  "T-BN0687730.png": 0.4726216444621129,
  "T-BN0723815.png": 0.3921679706847563,
  "T-BN0963435.png": 0.27831443320893007,
  "T-BN1051747.png": 0.47311758004198523,
  "T-BN1105196.png": 0.46987831203619396,
  "T-BN1145709.png": 0.5061624961884568,
  "T-BN1233668.png": 0.4552713277943121,
  "T-BN1273150.png": 0.3499271252504713,
  "T-BN1289932.png": 0.2133139914298061,
  "T-BN1328016.png": 0.5149302232783266,
  "T-BN1411786.png": 0.024500717279667253,
  "T-BN1442472.png": 0.3856714322687576,
  "T-BN1479814.png": 0.43489420063502615,
  "T-BN1510602.png": 0.31321049259793754,
  "T-BN1530431.png": 0.39585387828670626,
  "T-BN1587209.png": 0.45568275151902043,
  "T-BN1602443.png": 0.5048846625247067,
  "T-BN1629357.png": 0.31492878700153054,
  "T-BN1650687.png": 0.525805325865021,
  "T-BN1662406.png": 0.05690094739597088,
  "T-BN1788623.png": 0.48720846966080017,
  "T-BN2050224.png": 0.5470534695009253,
  "T-BN2095839.png": 0.5834014709743793,
  "T-BN2315363.png": 0.5429030072920626,
  "T-BN2330218.png": 0.3649727922301172,
  "T-BN2341348.png": 0.3728574296113129,
  "T-BN2408482.png": 0.3989067084915468,
  "T-BN2421294.png": 0.2980203482184458,
  "T-BN2432252.png": 0.5287171575076057,
  "T-BN2459820.png": 0.5766553242257257,
  "T-BN2481864.png": 0.5605969020741336,
  "T-BN2583658.png": 0.4275565648168812,
  "T-BN2623827.png": 0.2949363758738828,
  "T-BN2641672.png": 0.4355457625846941,
  "T-BN2644701.png": 0.3238849894202664,