{
 "time": "181108_2314",
 "filename": "T-BN0013990.png",
 "alphas": [
  0.15,
  0.15,
  0.15,
  0.15,
  0.15,
  0.15,
  0.15,
  0.15,
  0.15,
  0.15,
  0.15,
  0.15,
  0.15,
  0.15,
  0.15,
  0.15,
  0.15,
  0.15,
  0.15,
  0.15,
  0.15,
  0.15,
  0.15,
  0.15,
  0.15,
  0.15,
  0.15,
  0.15,
  0.15,
  0.15,
  0.15,
  0.15,
  0.15,
  0.15,
  0.15,
  0.15,
  0.15,
  0.15,
  0.15,
  0.15
 ],
 "betas": [
  0.5,
  0.5,
  0.5,
  0.5,
  0.5,
  0.5,
  0.5,
  0.5,
  0.5,
  0.5,
  0.5,
  0.5,
  0.5,
  0.5,
  0.5,
  0.5,
  0.5,
  0.5,
  0.5,
  0.5,
  0.5,
  0.5,
  0.5,
  0.5,
  0.5,
  0.5,
  0.5,
  0.5,
  0.5,
  0.5,
  0.5,
  0.5,
  0.5,
  0.5,
  0.5,
  0.5,
  0.5,
  0.5,
  0.5,
  0.5
 ],
 "gammas": [
  0.18629785780825758,
  0.1840796643983897,
  0.18149647035771588,
  0.17849723021227962,
  0.17502723220280567,
  0.1710292711795851,
  0.16644551584182854,
  0.16122024771326124,
  0.15530363497507965,
  0.14865664667698805,
  0.1412570893394738,
  0.1331065362258354,
  0.1242376079596961,
  0.1147206687354754,
  0.10466859460951844,
  0.09423799062976596,
  0.0836252875970113,
  0.07331650979913977,
  0.06413775473873848,
  0.05528740183847985,
  0.04768641706398827,
  0.04069409287696443,
  0.03491140970639856,
  0.030773568387024892,
  0.027072094731425862,
  0.023346624906479114,
  0.019697101412925695,
  0.016472832606247843,
  0.013998648820517086,
  0.011997855386425442,
  0.010371428121706558,
  0.008938264737162473,
  0.007673427790560646,
  0.006517145338091989,
  0.005496399203268899,
  0.004553543618847099,
  0.003486544450811401,
  0.0023475357607433927,
  0.0017455603150891002,
  0.0014611198213648723
 ],
 "sigmas": [
  0.0625,
  0.07399593066842687,
  0.08760636408778617,
  0.1037202310904446,
  0.12279800045890803,
  0.14538483725086093,
  0.17212618139928368,
  0.20378619176067939,
  0.24126958266729562,
  0.28564747698319176,
  0.3381880144393491,
  0.40039258990955234,
  0.47403875716958566,
  0.5612310241546864,
  0.6644609912371261,
  0.7866785510313052,
  0.9313761843272156,
  1.1026887609872094,
  1.3055116977098091,
  1.5456408491288847,
  1.8299381297668702,
  2.1665275996438407,
  2.565027616871663,
  3.0368256912101725,
  3.5954038927821665,
  4.25672411480482,
  5.039684199579492,
  5.966657961965606,
  7.064134542013187,
  8.363475356851955,
  9.901810282443423,
  11.723098674425596,
  13.879385547710774,
  16.432288811340356,
  19.45476005772011,
  23.033169222431017,
  27.26977268571437,
  32.28563534393412,
  38.22409015193375,
  45.254833995939045
 ],
 "border_radii": [
  10,
  10,
  10,
  10,
  10,
  10,
  10,
  10,
  10,
  10,
  10,
  10,
  10,
  10,
  10,
  10,
  10,
  10,
  10,
  10,
  10,
  10,
  10,
  12,
  14,
  17,
  20,
  23,
  28,
  33,
  39,
  46,
  55,
  65,
  77,
  46,
  54,
  64,
  76,
  90
 ]
}