{
 "time": "181109_0216",
 "filename": "T-BN7726580.png",
 "alphas": [
  0.15,
  0.15,
  0.15,
  0.15,
  0.15,
  0.15,
  0.15,
  0.15,
  0.15,
  0.15,
  0.15,
  0.15,
  0.15,
  0.15,
  0.15,
  0.15,
  0.15,
  0.15,
  0.15,
  0.15,
  0.15,
  0.15,
  0.15,
  0.15,
  0.15,
  0.15,
  0.15,
  0.15,
  0.15,
  0.15,
  0.15,
  0.15,
  0.15,
  0.15,
  0.15,
  0.15,
  0.15,
  0.15,
  0.15,
  0.15
 ],
 "betas": [
  0.5,
  0.5,
  0.5,
  0.5,
  0.5,
  0.5,
  0.5,
  0.5,
  0.5,
  0.5,
  0.5,
  0.5,
  0.5,
  0.5,
  0.5,
  0.5,
  0.5,
  0.5,
  0.5,
  0.5,
  0.5,
  0.5,
  0.5,
  0.5,
  0.5,
  0.5,
  0.5,
  0.5,
  0.5,
  0.5,
  0.5,
  0.5,
  0.5,
  0.5,
  0.5,
  0.5,
  0.5,
  0.5,
  0.5,
  0.5
 ],
 "gammas": [
  0.1403048729676957,
  0.13803557043695383,
  0.13540946323318942,
  0.13238282236138438,
  0.128911203603743,
  0.12495141619255888,
  0.12046424792606576,
  0.11541803453394703,
  0.10979308313384653,
  0.103586823633718,
  0.096819357467925,
  0.0895388038888071,
  0.08269254842691126,
  0.07618776315127539,
  0.06935155581670963,
  0.06229675289371116,
  0.05516185006819978,
  0.048103384562248476,
  0.041284294226565696,
  0.03531876315496015,
  0.03221723460874899,
  0.028920092900702923,
  0.025698452761670716,
  0.022494779791114226,
  0.019405954903564646,
  0.01651562079356936,
  0.01388423346552252,
  0.011546648557090582,
  0.009513666115761205,
  0.00777623229481883,
  0.006545877220319562,
  0.005690955026668595,
  0.0049529801866206,
  0.0042554117056180785,
  0.0035886361813418205,
  0.0029937444685226096,
  0.002457508589254352,
  0.0020029902878269555,
  0.0016224232505693994,
  0.0012191357351381852
 ],
 "sigmas": [
  0.0625,
  0.07399593066842687,
  0.08760636408778617,
  0.1037202310904446,
  0.12279800045890803,
  0.14538483725086093,
  0.17212618139928368,
  0.20378619176067939,
  0.24126958266729562,
  0.28564747698319176,
  0.3381880144393491,
  0.40039258990955234,
  0.47403875716958566,
  0.5612310241546864,
  0.6644609912371261,
  0.7866785510313052,
  0.9313761843272156,
  1.1026887609872094,
  1.3055116977098091,
  1.5456408491288847,
  1.8299381297668702,
  2.1665275996438407,
  2.565027616871663,
  3.0368256912101725,
  3.5954038927821665,
  4.25672411480482,
  5.039684199579492,
  5.966657961965606,
  7.064134542013187,
  8.363475356851955,
  9.901810282443423,
  11.723098674425596,
  13.879385547710774,
  16.432288811340356,
  19.45476005772011,
  23.033169222431017,
  27.26977268571437,
  32.28563534393412,
  38.22409015193375,
  45.254833995939045
 ],
 "border_radii": [
  10,
  10,
  10,
  10,
  10,
  10,
  10,
  10,
  10,
  10,
  10,
  10,
  10,
  10,
  10,
  10,
  10,
  10,
  10,
  10,
  10,
  10,
  10,
  12,
  14,
  17,
  20,
  23,
  28,
  33,
  39,
  46,
  55,
  65,
  77,
  46,
  54,
  64,
  76,
  90
 ]
}