{
 "time": "181109_0211",
 "filename": "T-BN7680325.png",
 "alphas": [
  0.15,
  0.15,
  0.15,
  0.15,
  0.15,
  0.15,
  0.15,
  0.15,
  0.15,
  0.15,
  0.15,
  0.15,
  0.15,
  0.15,
  0.15,
  0.15,
  0.15,
  0.15,
  0.15,
  0.15,
  0.15,
  0.15,
  0.15,
  0.15,
  0.15,
  0.15,
  0.15,
  0.15,
  0.15,
  0.15,
  0.15,
  0.15,
  0.15,
  0.15,
  0.15,
  0.15,
  0.15,
  0.15,
  0.15,
  0.15
 ],
 "betas": [
  0.5,
  0.5,
  0.5,
  0.5,
  0.5,
  0.5,
  0.5,
  0.5,
  0.5,
  0.5,
  0.5,
  0.5,
  0.5,
  0.5,
  0.5,
  0.5,
  0.5,
  0.5,
  0.5,
  0.5,
  0.5,
  0.5,
  0.5,
  0.5,
  0.5,
  0.5,
  0.5,
  0.5,
  0.5,
  0.5,
  0.5,
  0.5,
  0.5,
  0.5,
  0.5,
  0.5,
  0.5,
  0.5,
  0.5,
  0.5
 ],
 "gammas": [
  0.09177010838458678,
  0.09066746292325609,
  0.08938678189191289,
  0.0879043621404029,
  0.08619522412923643,
  0.08423379828420936,
  0.08199493653921529,
  0.07945530708538712,
  0.07659520982019505,
  0.07340080862749333,
  0.06986670891172597,
  0.06599871303570876,
  0.061816468919856156,
  0.05735560758803392,
  0.052668879459577427,
  0.047825794876910854,
  0.0429103978559663,
  0.03801707021881096,
  0.03345442778533858,
  0.029110057072094214,
  0.025851699707481055,
  0.02385850001129305,
  0.02205615409220734,
  0.020358338328769977,
  0.018535511487625216,
  0.01664967188598016,
  0.014760421695336715,
  0.012919841780556001,
  0.01128322257339024,
  0.009825691698666332,
  0.008492493192587587,
  0.0073283055790435,
  0.006246504167096088,
  0.005266277957486257,
  0.004131094451378781,
  0.0029072169004166646,
  0.002292978776056047,
  0.001785136317602322,
  0.0013698707332339879,
  0.0011024066634874462
 ],
 "sigmas": [
  0.0625,
  0.07399593066842687,
  0.08760636408778617,
  0.1037202310904446,
  0.12279800045890803,
  0.14538483725086093,
  0.17212618139928368,
  0.20378619176067939,
  0.24126958266729562,
  0.28564747698319176,
  0.3381880144393491,
  0.40039258990955234,
  0.47403875716958566,
  0.5612310241546864,
  0.6644609912371261,
  0.7866785510313052,
  0.9313761843272156,
  1.1026887609872094,
  1.3055116977098091,
  1.5456408491288847,
  1.8299381297668702,
  2.1665275996438407,
  2.565027616871663,
  3.0368256912101725,
  3.5954038927821665,
  4.25672411480482,
  5.039684199579492,
  5.966657961965606,
  7.064134542013187,
  8.363475356851955,
  9.901810282443423,
  11.723098674425596,
  13.879385547710774,
  16.432288811340356,
  19.45476005772011,
  23.033169222431017,
  27.26977268571437,
  32.28563534393412,
  38.22409015193375,
  45.254833995939045
 ],
 "border_radii": [
  10,
  10,
  10,
  10,
  10,
  10,
  10,
  10,
  10,
  10,
  10,
  10,
  10,
  10,
  10,
  10,
  10,
  10,
  10,
  10,
  10,
  10,
  10,
  12,
  14,
  17,
  20,
  23,
  28,
  33,
  39,
  46,
  55,
  65,
  77,
  46,
  54,
  64,
  76,
  90
 ]
}