{
 "time": "181109_0224",
 "filename": "T-BN7847884.png",
 "alphas": [
  0.15,
  0.15,
  0.15,
  0.15,
  0.15,
  0.15,
  0.15,
  0.15,
  0.15,
  0.15,
  0.15,
  0.15,
  0.15,
  0.15,
  0.15,
  0.15,
  0.15,
  0.15,
  0.15,
  0.15,
  0.15,
  0.15,
  0.15,
  0.15,
  0.15,
  0.15,
  0.15,
  0.15,
  0.15,
  0.15,
  0.15,
  0.15,
  0.15,
  0.15,
  0.15,
  0.15,
  0.15,
  0.15,
  0.15,
  0.15
 ],
 "betas": [
  0.5,
  0.5,
  0.5,
  0.5,
  0.5,
  0.5,
  0.5,
  0.5,
  0.5,
  0.5,
  0.5,
  0.5,
  0.5,
  0.5,
  0.5,
  0.5,
  0.5,
  0.5,
  0.5,
  0.5,
  0.5,
  0.5,
  0.5,
  0.5,
  0.5,
  0.5,
  0.5,
  0.5,
  0.5,
  0.5,
  0.5,
  0.5,
  0.5,
  0.5,
  0.5,
  0.5,
  0.5,
  0.5,
  0.5,
  0.5
 ],
 "gammas": [
  0.10075438876156266,
  0.09955641309601215,
  0.09816374400439071,
  0.09655000786326365,
  0.09468724203827437,
  0.09254660336412701,
  0.0900994386714818,
  0.08731879276431762,
  0.0841814127242689,
  0.08067026828800605,
  0.07677753804347175,
  0.0725560608420458,
  0.06830646755446063,
  0.0637216590450637,
  0.05884487144693133,
  0.05373889127040384,
  0.04850508384108836,
  0.043358815592463226,
  0.03829810086226969,
  0.033426268187603546,
  0.029843758852356603,
  0.027016131372378863,
  0.024085023544772505,
  0.02115259998382327,
  0.018322854568772865,
  0.016059227177060178,
  0.013901104842868528,
  0.011956158222281113,
  0.01041113407703771,
  0.00907555244497037,
  0.007942947069688119,
  0.006971025050984558,
  0.006122680131614915,
  0.005361209769809382,
  0.004689018485289909,
  0.004112790257690467,
  0.0035674642207063952,
  0.0024682310907888265,
  0.0016137260021429807,
  0.001324142421279845
 ],
 "sigmas": [
  0.0625,
  0.07399593066842687,
  0.08760636408778617,
  0.1037202310904446,
  0.12279800045890803,
  0.14538483725086093,
  0.17212618139928368,
  0.20378619176067939,
  0.24126958266729562,
  0.28564747698319176,
  0.3381880144393491,
  0.40039258990955234,
  0.47403875716958566,
  0.5612310241546864,
  0.6644609912371261,
  0.7866785510313052,
  0.9313761843272156,
  1.1026887609872094,
  1.3055116977098091,
  1.5456408491288847,
  1.8299381297668702,
  2.1665275996438407,
  2.565027616871663,
  3.0368256912101725,
  3.5954038927821665,
  4.25672411480482,
  5.039684199579492,
  5.966657961965606,
  7.064134542013187,
  8.363475356851955,
  9.901810282443423,
  11.723098674425596,
  13.879385547710774,
  16.432288811340356,
  19.45476005772011,
  23.033169222431017,
  27.26977268571437,
  32.28563534393412,
  38.22409015193375,
  45.254833995939045
 ],
 "border_radii": [
  10,
  10,
  10,
  10,
  10,
  10,
  10,
  10,
  10,
  10,
  10,
  10,
  10,
  10,
  10,
  10,
  10,
  10,
  10,
  10,
  10,
  10,
  10,
  12,
  14,
  17,
  20,
  23,
  28,
  33,
  39,
  46,
  55,
  65,
  77,
  46,
  54,
  64,
  76,
  90
 ]
}