{
 "time": "181109_0103",
 "filename": "T-BN4193575.png",
 "alphas": [
  0.15,
  0.15,
  0.15,
  0.15,
  0.15,
  0.15,
  0.15,
  0.15,
  0.15,
  0.15,
  0.15,
  0.15,
  0.15,
  0.15,
  0.15,
  0.15,
  0.15,
  0.15,
  0.15,
  0.15,
  0.15,
  0.15,
  0.15,
  0.15,
  0.15,
  0.15,
  0.15,
  0.15,
  0.15,
  0.15,
  0.15,
  0.15,
  0.15,
  0.15,
  0.15,
  0.15,
  0.15,
  0.15,
  0.15,
  0.15
 ],
 "betas": [
  0.5,
  0.5,
  0.5,
  0.5,
  0.5,
  0.5,
  0.5,
  0.5,
  0.5,
  0.5,
  0.5,
  0.5,
  0.5,
  0.5,
  0.5,
  0.5,
  0.5,
  0.5,
  0.5,
  0.5,
  0.5,
  0.5,
  0.5,
  0.5,
  0.5,
  0.5,
  0.5,
  0.5,
  0.5,
  0.5,
  0.5,
  0.5,
  0.5,
  0.5,
  0.5,
  0.5,
  0.5,
  0.5,
  0.5,
  0.5
 ],
 "gammas": [
  0.09114542827965308,
  0.08972894189327747,
  0.08808587588639474,
  0.08618699361760396,
  0.0840019454102364,
  0.08150034872148001,
  0.07865334817980252,
  0.07543574111163691,
  0.07213821345339941,
  0.0697213948788876,
  0.06700822575380826,
  0.06398957393684063,
  0.06066552213774654,
  0.0570481129316875,
  0.053163863086446765,
  0.049055554982573565,
  0.04478270296546824,
  0.0404200888483476,
  0.036053942014370496,
  0.031775756511511655,
  0.02767435611658065,
  0.023827473174162443,
  0.020738585011061125,
  0.017891038493092863,
  0.015622838999485841,
  0.013871363986103611,
  0.01207032990356781,
  0.010459190097619343,
  0.008953798819418492,
  0.007493348065872839,
  0.0062418042684577535,
  0.00509713141068819,
  0.00425809019666716,
  0.003602566052465712,
  0.003098290385021485,
  0.002624201974823546,
  0.002250418688065961,
  0.001934980843627682,
  0.0016356551142103798,
  0.0013606988393790166
 ],
 "sigmas": [
  0.0625,
  0.07399593066842687,
  0.08760636408778617,
  0.1037202310904446,
  0.12279800045890803,
  0.14538483725086093,
  0.17212618139928368,
  0.20378619176067939,
  0.24126958266729562,
  0.28564747698319176,
  0.3381880144393491,
  0.40039258990955234,
  0.47403875716958566,
  0.5612310241546864,
  0.6644609912371261,
  0.7866785510313052,
  0.9313761843272156,
  1.1026887609872094,
  1.3055116977098091,
  1.5456408491288847,
  1.8299381297668702,
  2.1665275996438407,
  2.565027616871663,
  3.0368256912101725,
  3.5954038927821665,
  4.25672411480482,
  5.039684199579492,
  5.966657961965606,
  7.064134542013187,
  8.363475356851955,
  9.901810282443423,
  11.723098674425596,
  13.879385547710774,
  16.432288811340356,
  19.45476005772011,
  23.033169222431017,
  27.26977268571437,
  32.28563534393412,
  38.22409015193375,
  45.254833995939045
 ],
 "border_radii": [
  10,
  10,
  10,
  10,
  10,
  10,
  10,
  10,
  10,
  10,
  10,
  10,
  10,
  10,
  10,
  10,
  10,
  10,
  10,
  10,
  10,
  10,
  10,
  12,
  14,
  17,
  20,
  23,
  28,
  33,
  39,
  46,
  55,
  65,
  77,
  46,
  54,
  64,
  76,
  90
 ]
}