{
 "time": "181118_0125",
 "filename": "T-BN0404929.png",
 "alphas": [
  0.03855516093184297,
  0.03961146118162213,
  0.040808345227436434,
  0.04228984091607764,
  0.04400717304484961,
  0.04626404624353797,
  0.04888969821008432,
  0.05208377978938875,
  0.056141523238739104,
  0.06118921790480685,
  0.06748222375151909,
  0.07523117426962661,
  0.08505427185400513,
  0.09470293884728706,
  0.10473589040807017,
  0.11673103432434796,
  0.13175619128067115,
  0.15074695755416864,
  0.17309911186673727,
  0.18663649464781165,
  0.1884457036912052,
  0.19138021179350934,
  0.1945490752375881,
  0.19618391091396228,
  0.20094397270462455,
  0.20551476888070694,
  0.2119525299748199,
  0.21651714610975614,
  0.19041576919992434,
  0.16710659569743058,
  0.14695428302672214,
  0.13366206554632326,
  0.10863310746378807,
  0.10369673600455427,
  0.12322265344587638,
  0.20750662573074405,
  0.22787289573469743,
  0.23085791027787378,
  0.23211156212619172,
  0.22987292567779763
 ],
 "betas": [
  0.5,
  0.5,
  0.5,
  0.5,
  0.5,
  0.5,
  0.5,
  0.5,
  0.5,
  0.5,
  0.5,
  0.5,
  0.5,
  0.5,
  0.5,
  0.5,
  0.5,
  0.5,
  0.5,
  0.5,
  0.5,
  0.5,
  0.5,
  0.5,
  0.5,
  0.5,
  0.5,
  0.5,
  0.5,
  0.5,
  0.5,
  0.5,
  0.5,
  0.5,
  0.5,
  0.5,
  0.5,
  0.5,
  0.5,
  0.5
 ],
 "gammas": [
  0.15434653814796756,
  0.150113257069099,
  0.14534657461852407,
  0.14001527137633876,
  0.13409841133178116,
  0.12758959449674798,
  0.1205015376046937,
  0.1128705522639008,
  0.1047602793392571,
  0.09626384900540058,
  0.0875035409034757,
  0.07940463808380806,
  0.07258480206688853,
  0.06559823891380338,
  0.05856938576180045,
  0.051634180233136324,
  0.04493047398890424,
  0.03987421276440021,
  0.03526320716497989,
  0.030732526936285965,
  0.0264046940149796,
  0.023356844330692444,
  0.020535072841649127,
  0.01787863581687619,
  0.015462739675204534,
  0.013202633666640231,
  0.011126548472033164,
  0.009530208412545517,
  0.00817623695990798,
  0.006881447636004842,
  0.005680204926169067,
  0.004830179136813331,
  0.00436303929508646,
  0.003884633846437837,
  0.003421284968815463,
  0.0029710476648503463,
  0.0025503099060644363,
  0.0021715485364742124,
  0.001828539317146063,
  0.0015202249826187179
 ],
 "sigmas": [
  0.125,
  0.1466825575005783,
  0.17212618139928368,
  0.20198326800364322,
  0.2370193785847929,
  0.27813286902412176,
  0.3263779244274524,
  0.38299158933399347,
  0.449425486597771,
  0.5273830382408234,
  0.6188631426527141,
  0.7262114280571627,
  0.8521803964285746,
  1.0,
  1.1734604600046263,
  1.3770094511942694,
  1.6158661440291457,
  1.8961550286783433,
  2.2250629521929746,
  2.61102339541962,
  3.0639327146719486,
  3.5954038927821688,
  4.219064305926588,
  4.950905141221715,
  5.8096914244572995,
  6.817443171428597,
  8.0,
  9.38768368003701,
  11.016075609554155,
  12.926929152233166,
  15.169240229426746,
  17.800503617543797,
  20.88818716335696,
  24.51146171737559,
  28.76323114225735,
  33.752514447412686,
  39.60724112977372,
  46.477531395658396,
  54.5395453714288,
  64.0
 ],
 "border_radii": [
  10,
  10,
  10,
  10,
  10,
  10,
  10,
  10,
  10,
  10,
  10,
  10,
  10,
  10,
  10,
  10,
  10,
  10,
  10,
  10,
  12,
  14,
  16,
  19,
  23,
  27,
  32,
  37,
  44,
  51,
  60,
  71,
  41,
  49,
  57,
  67,
  79,
  92,
  109,
  128
 ]
}