{
 "time": "181118_0508",
 "filename": "T-BN7965300.png",
 "alphas": [
  0.0659062449393342,
  0.06744694365688916,
  0.0692662728241539,
  0.07141207364357789,
  0.07400977309446995,
  0.07718931905537678,
  0.08109163554408812,
  0.08489232219416996,
  0.08919718482111179,
  0.09162322952051608,
  0.09463259542087658,
  0.09779841206515913,
  0.09882414293354035,
  0.10071827013380505,
  0.10432677306277255,
  0.10902964488622892,
  0.11554060442821218,
  0.12440290407200508,
  0.13531689399263822,
  0.14983864675977804,
  0.16933473005964464,
  0.19354614829719047,
  0.22274846548794844,
  0.26056147794909534,
  0.265163999128945,
  0.263435349700577,
  0.26840388847399216,
  0.2855128189059382,
  0.3058607227207364,
  0.3286803375966436,
  0.350729771240184,
  0.37908511068734985,
  0.3737010449405777,
  0.39185453151244287,
  0.409540340593581,
  0.42943083220783995,
  0.41245444627205097,
  0.3998121456521563,
  0.38153865833237377,
  0.37649872988758776
 ],
 "betas": [
  0.5,
  0.5,
  0.5,
  0.5,
  0.5,
  0.5,
  0.5,
  0.5,
  0.5,
  0.5,
  0.5,
  0.5,
  0.5,
  0.5,
  0.5,
  0.5,
  0.5,
  0.5,
  0.5,
  0.5,
  0.5,
  0.5,
  0.5,
  0.5,
  0.5,
  0.5,
  0.5,
  0.5,
  0.5,
  0.5,
  0.5,
  0.5,
  0.5,
  0.5,
  0.5,
  0.5,
  0.5,
  0.5,
  0.5,
  0.5
 ],
 "gammas": [
  0.08270043108542373,
  0.08073910606672641,
  0.07851725904930888,
  0.0760148209276771,
  0.07321511679070193,
  0.07010678566492454,
  0.06668600401100547,
  0.06295889061032624,
  0.058943874832867414,
  0.05467370276558001,
  0.050196658620279756,
  0.04557652859694194,
  0.04179697950928255,
  0.038126301207479514,
  0.03447120730980653,
  0.03088632629639143,
  0.02742325920124767,
  0.024782265988596903,
  0.02230622374100938,
  0.019809957335928337,
  0.017365699577446707,
  0.015036105894807122,
  0.012869864412367663,
  0.010900070749876914,
  0.00914482697883916,
  0.007903426452720876,
  0.006984091304287866,
  0.006067238040674538,
  0.005326496443110223,
  0.004659614630312435,
  0.004009483932134897,
  0.0033992877264710083,
  0.00294183930547191,
  0.0025187431241583016,
  0.0021140562957009125,
  0.0017432241275541858,
  0.001492168261314274,
  0.0013289269417989073,
  0.0011652915841783675,
  0.0010071482494666444
 ],
 "sigmas": [
  0.125,
  0.1466825575005783,
  0.17212618139928368,
  0.20198326800364322,
  0.2370193785847929,
  0.27813286902412176,
  0.3263779244274524,
  0.38299158933399347,
  0.449425486597771,
  0.5273830382408234,
  0.6188631426527141,
  0.7262114280571627,
  0.8521803964285746,
  1.0,
  1.1734604600046263,
  1.3770094511942694,
  1.6158661440291457,
  1.8961550286783433,
  2.2250629521929746,
  2.61102339541962,
  3.0639327146719486,
  3.5954038927821688,
  4.219064305926588,
  4.950905141221715,
  5.8096914244572995,
  6.817443171428597,
  8.0,
  9.38768368003701,
  11.016075609554155,
  12.926929152233166,
  15.169240229426746,
  17.800503617543797,
  20.88818716335696,
  24.51146171737559,
  28.76323114225735,
  33.752514447412686,
  39.60724112977372,
  46.477531395658396,
  54.5395453714288,
  64.0
 ],
 "border_radii": [
  10,
  10,
  10,
  10,
  10,
  10,
  10,
  10,
  10,
  10,
  10,
  10,
  10,
  10,
  10,
  10,
  10,
  10,
  10,
  10,
  12,
  14,
  16,
  19,
  23,
  27,
  32,
  37,
  44,
  51,
  60,
  71,
  41,
  49,
  57,
  67,
  79,
  92,
  109,
  128
 ]
}