{
 "time": "181118_0128",
 "filename": "T-BN0426372.png",
 "alphas": [
  0.06877504451198663,
  0.07009717564955839,
  0.07161098082010658,
  0.07351169837656614,
  0.07552357756921796,
  0.07802431127362108,
  0.08109239445456423,
  0.08391607098665778,
  0.0862766526044956,
  0.08972369698370036,
  0.09342612288836939,
  0.09813164503063433,
  0.10392056518274155,
  0.10864353389110902,
  0.10937503552965466,
  0.11092998954411668,
  0.11434599111078796,
  0.11957217724255417,
  0.1255855559932556,
  0.12517485590338323,
  0.12165317604802317,
  0.12154153520421852,
  0.12307117658895586,
  0.12696183573427575,
  0.13287423557060407,
  0.14079925196496645,
  0.15061504254728214,
  0.16359326499334043,
  0.1790279652723152,
  0.19779259180095207,
  0.21817777244571346,
  0.24407751180316656,
  0.23860078051373348,
  0.22178909759788512,
  0.2151239286729132,
  0.2196955988030825,
  0.23055956594290336,
  0.24546429833001437,
  0.27459496898495184,
  0.2810247583478741
 ],
 "betas": [
  0.5,
  0.5,
  0.5,
  0.5,
  0.5,
  0.5,
  0.5,
  0.5,
  0.5,
  0.5,
  0.5,
  0.5,
  0.5,
  0.5,
  0.5,
  0.5,
  0.5,
  0.5,
  0.5,
  0.5,
  0.5,
  0.5,
  0.5,
  0.5,
  0.5,
  0.5,
  0.5,
  0.5,
  0.5,
  0.5,
  0.5,
  0.5,
  0.5,
  0.5,
  0.5,
  0.5,
  0.5,
  0.5,
  0.5,
  0.5
 ],
 "gammas": [
  0.11355104372619028,
  0.11007212565127873,
  0.10695942926184125,
  0.10349834831150857,
  0.0996411304988285,
  0.09537750440094185,
  0.0907084377916011,
  0.0856491744647292,
  0.08023197775748563,
  0.07450808440496733,
  0.06854828077348524,
  0.0624415208665413,
  0.05629117343351999,
  0.050208852431545034,
  0.04430632695505007,
  0.039654126569536804,
  0.03618683439574292,
  0.03253785697040479,
  0.028819088400699206,
  0.025145579677665963,
  0.02192063162696751,
  0.01901740444367141,
  0.016163034685024946,
  0.01366878366321526,
  0.01202665410403109,
  0.010548309959076732,
  0.009110337587028821,
  0.007781272921346678,
  0.006791185108748621,
  0.005966578471660708,
  0.005178198382831509,
  0.004436128551691406,
  0.00377616843625719,
  0.003169373856221509,
  0.002743206895839766,
  0.0023605117500591234,
  0.0020041230195253436,
  0.0017321947493645505,
  0.0014814544544703482,
  0.0012556254480214177
 ],
 "sigmas": [
  0.125,
  0.1466825575005783,
  0.17212618139928368,
  0.20198326800364322,
  0.2370193785847929,
  0.27813286902412176,
  0.3263779244274524,
  0.38299158933399347,
  0.449425486597771,
  0.5273830382408234,
  0.6188631426527141,
  0.7262114280571627,
  0.8521803964285746,
  1.0,
  1.1734604600046263,
  1.3770094511942694,
  1.6158661440291457,
  1.8961550286783433,
  2.2250629521929746,
  2.61102339541962,
  3.0639327146719486,
  3.5954038927821688,
  4.219064305926588,
  4.950905141221715,
  5.8096914244572995,
  6.817443171428597,
  8.0,
  9.38768368003701,
  11.016075609554155,
  12.926929152233166,
  15.169240229426746,
  17.800503617543797,
  20.88818716335696,
  24.51146171737559,
  28.76323114225735,
  33.752514447412686,
  39.60724112977372,
  46.477531395658396,
  54.5395453714288,
  64.0
 ],
 "border_radii": [
  10,
  10,
  10,
  10,
  10,
  10,
  10,
  10,
  10,
  10,
  10,
  10,
  10,
  10,
  10,
  10,
  10,
  10,
  10,
  10,
  12,
  14,
  16,
  19,
  23,
  27,
  32,
  37,
  44,
  51,
  60,
  71,
  41,
  49,
  57,
  67,
  79,
  92,
  109,
  128
 ]
}