{
 "time": "181118_0510",
 "filename": "T-BN7971406.png",
 "alphas": [
  0.0513007215309837,
  0.052344805844248526,
  0.053594771253045126,
  0.05509676388098135,
  0.05689120733768978,
  0.059112190130711326,
  0.06180682011488023,
  0.06500613868091489,
  0.06906244657839802,
  0.07401833851022668,
  0.0802654697029914,
  0.08772581997655018,
  0.09329397612790732,
  0.09940539188524683,
  0.1063191677628301,
  0.11466139656271315,
  0.12499551209338514,
  0.1301340481751049,
  0.13542901563953413,
  0.14328382907069917,
  0.15417854362132583,
  0.16917250473925483,
  0.1885861308889779,
  0.21342170522306972,
  0.24219354681977195,
  0.2581833664214606,
  0.2650013751085992,
  0.2776319083829769,
  0.2863195781218758,
  0.2966745515192514,
  0.3136694816009309,
  0.34120878864770143,
  0.33353087617406474,
  0.34792560809377904,
  0.3722245394862076,
  0.40957866260603126,
  0.419761034099933,
  0.4039319505569173,
  0.3987129157908291,
  0.40235471753021573
 ],
 "betas": [
  0.5,
  0.5,
  0.5,
  0.5,
  0.5,
  0.5,
  0.5,
  0.5,
  0.5,
  0.5,
  0.5,
  0.5,
  0.5,
  0.5,
  0.5,
  0.5,
  0.5,
  0.5,
  0.5,
  0.5,
  0.5,
  0.5,
  0.5,
  0.5,
  0.5,
  0.5,
  0.5,
  0.5,
  0.5,
  0.5,
  0.5,
  0.5,
  0.5,
  0.5,
  0.5,
  0.5,
  0.5,
  0.5,
  0.5,
  0.5
 ],
 "gammas": [
  0.15824372151278498,
  0.15419359078716388,
  0.1496099520790271,
  0.14445346855066715,
  0.13869249583116117,
  0.13230719762410256,
  0.1252942913324024,
  0.11767215172363794,
  0.10948579163801285,
  0.10081100229220641,
  0.0917567191559423,
  0.08246456111695437,
  0.07310457329103984,
  0.06386658720435562,
  0.05599291247169583,
  0.050376960920162715,
  0.04466985261541282,
  0.038991262854296625,
  0.03347044332038793,
  0.028235511573541146,
  0.023400844305062507,
  0.019054915745777876,
  0.015251568098466636,
  0.012007193660255615,
  0.009432104805188472,
  0.008070275985507615,
  0.006811120533904679,
  0.005671163549880291,
  0.004659687886088119,
  0.0039430695964861,
  0.0033369351042988045,
  0.0028045171180652445,
  0.0023765721322671312,
  0.0020680233757091587,
  0.001823356889551299,
  0.0015898993388759513,
  0.0013705009460340547,
  0.0011650593765507083,
  0.0009770042776334855,
  0.0008081707271994928
 ],
 "sigmas": [
  0.125,
  0.1466825575005783,
  0.17212618139928368,
  0.20198326800364322,
  0.2370193785847929,
  0.27813286902412176,
  0.3263779244274524,
  0.38299158933399347,
  0.449425486597771,
  0.5273830382408234,
  0.6188631426527141,
  0.7262114280571627,
  0.8521803964285746,
  1.0,
  1.1734604600046263,
  1.3770094511942694,
  1.6158661440291457,
  1.8961550286783433,
  2.2250629521929746,
  2.61102339541962,
  3.0639327146719486,
  3.5954038927821688,
  4.219064305926588,
  4.950905141221715,
  5.8096914244572995,
  6.817443171428597,
  8.0,
  9.38768368003701,
  11.016075609554155,
  12.926929152233166,
  15.169240229426746,
  17.800503617543797,
  20.88818716335696,
  24.51146171737559,
  28.76323114225735,
  33.752514447412686,
  39.60724112977372,
  46.477531395658396,
  54.5395453714288,
  64.0
 ],
 "border_radii": [
  10,
  10,
  10,
  10,
  10,
  10,
  10,
  10,
  10,
  10,
  10,
  10,
  10,
  10,
  10,
  10,
  10,
  10,
  10,
  10,
  12,
  14,
  16,
  19,
  23,
  27,
  32,
  37,
  44,
  51,
  60,
  71,
  41,
  49,
  57,
  67,
  79,
  92,
  109,
  128
 ]
}