{
 "time": "181118_0244",
 "filename": "T-BN2829989.png",
 "alphas": [
  0.08161509428263516,
  0.0823162354411663,
  0.08291479815647927,
  0.08373466770884058,
  0.0848563429550486,
  0.08605761123936176,
  0.08723725021610286,
  0.08863890471186876,
  0.09001957018148948,
  0.09183335882546138,
  0.09406839577957415,
  0.09696251740707,
  0.10065064319733004,
  0.10507308704269391,
  0.11122365106409368,
  0.11940123684838497,
  0.1296029466382616,
  0.14288928121484526,
  0.15659268377530888,
  0.16763195312532314,
  0.18271555142518342,
  0.2025372524472574,
  0.22561712147385032,
  0.22987973471715353,
  0.2395008372193217,
  0.24612475538573447,
  0.2579478058943681,
  0.27387580979280746,
  0.29525063981882954,
  0.3229113548695475,
  0.3577375541481814,
  0.3783552337895566,
  0.3604242408267798,
  0.37376948152994843,
  0.3938384680883345,
  0.416576474016921,
  0.4314149026880917,
  0.43198149078976616,
  0.4458004677865419,
  0.45493202899383395
 ],
 "betas": [
  0.5,
  0.5,
  0.5,
  0.5,
  0.5,
  0.5,
  0.5,
  0.5,
  0.5,
  0.5,
  0.5,
  0.5,
  0.5,
  0.5,
  0.5,
  0.5,
  0.5,
  0.5,
  0.5,
  0.5,
  0.5,
  0.5,
  0.5,
  0.5,
  0.5,
  0.5,
  0.5,
  0.5,
  0.5,
  0.5,
  0.5,
  0.5,
  0.5,
  0.5,
  0.5,
  0.5,
  0.5,
  0.5,
  0.5,
  0.5
 ],
 "gammas": [
  0.07942490511218914,
  0.07753704231681195,
  0.07540593795704513,
  0.0730152371907715,
  0.07035245026877794,
  0.0674107335290787,
  0.06419084504844086,
  0.06070311384878812,
  0.05696917714967961,
  0.05302316179102157,
  0.048911941018802155,
  0.04469412182140366,
  0.04043754446399402,
  0.03646852510962305,
  0.03292374933670543,
  0.02961334041610585,
  0.027018298551008353,
  0.024368275974031857,
  0.021702107458732512,
  0.019191861122115066,
  0.017126900296639287,
  0.01516096184032406,
  0.013341054159292836,
  0.01164530442028262,
  0.010070677557337985,
  0.008629572367608388,
  0.007328536189625425,
  0.006336485165038385,
  0.00566760527678296,
  0.005018430448624271,
  0.004387302264573766,
  0.0037971075002315785,
  0.0032923816923329445,
  0.0028195698574989894,
  0.002386103957472265,
  0.0019966318045372277,
  0.0016654136377682554,
  0.001405730231881911,
  0.0012411680652565414,
  0.001087500822787793
 ],
 "sigmas": [
  0.125,
  0.1466825575005783,
  0.17212618139928368,
  0.20198326800364322,
  0.2370193785847929,
  0.27813286902412176,
  0.3263779244274524,
  0.38299158933399347,
  0.449425486597771,
  0.5273830382408234,
  0.6188631426527141,
  0.7262114280571627,
  0.8521803964285746,
  1.0,
  1.1734604600046263,
  1.3770094511942694,
  1.6158661440291457,
  1.8961550286783433,
  2.2250629521929746,
  2.61102339541962,
  3.0639327146719486,
  3.5954038927821688,
  4.219064305926588,
  4.950905141221715,
  5.8096914244572995,
  6.817443171428597,
  8.0,
  9.38768368003701,
  11.016075609554155,
  12.926929152233166,
  15.169240229426746,
  17.800503617543797,
  20.88818716335696,
  24.51146171737559,
  28.76323114225735,
  33.752514447412686,
  39.60724112977372,
  46.477531395658396,
  54.5395453714288,
  64.0
 ],
 "border_radii": [
  10,
  10,
  10,
  10,
  10,
  10,
  10,
  10,
  10,
  10,
  10,
  10,
  10,
  10,
  10,
  10,
  10,
  10,
  10,
  10,
  12,
  14,
  16,
  19,
  23,
  27,
  32,
  37,
  44,
  51,
  60,
  71,
  41,
  49,
  57,
  67,
  79,
  92,
  109,
  128
 ]
}