{
 "time": "181118_0424",
 "filename": "T-BN6616756.png",
 "alphas": [
  0.05829267939248157,
  0.05912323129353575,
  0.06023318191490606,
  0.061450960540659835,
  0.06280971583284778,
  0.0644249262894736,
  0.06649829085551333,
  0.06805133531832594,
  0.07029061198318416,
  0.07265388512756638,
  0.07581130156609382,
  0.07979223170683727,
  0.0847374585717654,
  0.08967979043010921,
  0.09599672841638149,
  0.10378630545913209,
  0.10959862801865675,
  0.1153788111383902,
  0.12265113210817348,
  0.12978805413709504,
  0.1386326331068716,
  0.1501561169328427,
  0.1609623185928166,
  0.16929833415197773,
  0.17985789195578228,
  0.1931757794957416,
  0.209296930251786,
  0.2276063388660165,
  0.239357848836303,
  0.2259595388401197,
  0.2089089269436418,
  0.1930517092599184,
  0.16973730482141586,
  0.1654075300354875,
  0.16577847499382278,
  0.1703023509374123,
  0.18064738581511444,
  0.19754173961927682,
  0.22119648264145905,
  0.25056367400258195
 ],
 "betas": [
  0.5,
  0.5,
  0.5,
  0.5,
  0.5,
  0.5,
  0.5,
  0.5,
  0.5,
  0.5,
  0.5,
  0.5,
  0.5,
  0.5,
  0.5,
  0.5,
  0.5,
  0.5,
  0.5,
  0.5,
  0.5,
  0.5,
  0.5,
  0.5,
  0.5,
  0.5,
  0.5,
  0.5,
  0.5,
  0.5,
  0.5,
  0.5,
  0.5,
  0.5,
  0.5,
  0.5,
  0.5,
  0.5,
  0.5,
  0.5
 ],
 "gammas": [
  0.11995178788162206,
  0.11656530962067699,
  0.11274842270165167,
  0.10847492286357596,
  0.1037267489506782,
  0.09849753350659846,
  0.09279651102662939,
  0.0866524574585181,
  0.08011714881301814,
  0.0732676415469954,
  0.06620654913324543,
  0.05905949892287455,
  0.05414312803801272,
  0.04941863154021573,
  0.04453210204259318,
  0.03957274904891572,
  0.034642476915166524,
  0.029848750784768265,
  0.025776058881549567,
  0.022235583612394843,
  0.01914653356866189,
  0.016254883295248015,
  0.013818856512770018,
  0.012081662639107498,
  0.010374582206091738,
  0.00876121383591349,
  0.0073126671361669,
  0.0063972304582128525,
  0.005513416715586116,
  0.004697749260819476,
  0.003953617662701438,
  0.0033002282230214547,
  0.0027278391914945417,
  0.0023473659583691203,
  0.002029488273810417,
  0.001728420161552114,
  0.001447381040916681,
  0.0011933118749003887,
  0.0009712075087014596,
  0.0007816043743518779
 ],
 "sigmas": [
  0.125,
  0.1466825575005783,
  0.17212618139928368,
  0.20198326800364322,
  0.2370193785847929,
  0.27813286902412176,
  0.3263779244274524,
  0.38299158933399347,
  0.449425486597771,
  0.5273830382408234,
  0.6188631426527141,
  0.7262114280571627,
  0.8521803964285746,
  1.0,
  1.1734604600046263,
  1.3770094511942694,
  1.6158661440291457,
  1.8961550286783433,
  2.2250629521929746,
  2.61102339541962,
  3.0639327146719486,
  3.5954038927821688,
  4.219064305926588,
  4.950905141221715,
  5.8096914244572995,
  6.817443171428597,
  8.0,
  9.38768368003701,
  11.016075609554155,
  12.926929152233166,
  15.169240229426746,
  17.800503617543797,
  20.88818716335696,
  24.51146171737559,
  28.76323114225735,
  33.752514447412686,
  39.60724112977372,
  46.477531395658396,
  54.5395453714288,
  64.0
 ],
 "border_radii": [
  10,
  10,
  10,
  10,
  10,
  10,
  10,
  10,
  10,
  10,
  10,
  10,
  10,
  10,
  10,
  10,
  10,
  10,
  10,
  10,
  12,
  14,
  16,
  19,
  23,
  27,
  32,
  37,
  44,
  51,
  60,
  71,
  41,
  49,
  57,
  67,
  79,
  92,
  109,
  128
 ]
}