{
 "time": "181118_0517",
 "filename": "T-BN8183465.png",
 "alphas": [
  0.054994698477831415,
  0.05576138068704168,
  0.05662376935306448,
  0.057627410695618865,
  0.05890767921731995,
  0.06044666087635039,
  0.06227528260783258,
  0.06445672131278649,
  0.06719614631812157,
  0.07040915967756947,
  0.07406723927381542,
  0.07888824006918625,
  0.08446407073986223,
  0.09157510764025159,
  0.10029321194663868,
  0.11043347371837536,
  0.12250833886439312,
  0.13609911164310837,
  0.14602227271181917,
  0.1590604225239161,
  0.17545736592643926,
  0.19478980127022583,
  0.21765996453209746,
  0.22805358988823987,
  0.24009521666579955,
  0.2562059582159468,
  0.2747813772526418,
  0.30355045848525697,
  0.33934365846355374,
  0.3839831127583346,
  0.4193390616803537,
  0.4421053859518567,
  0.4272362322712321,
  0.44239912112683333,
  0.432579533070367,
  0.416927678026344,
  0.4089779959994465,
  0.4086176810370286,
  0.4142832013713106,
  0.4253301211128955
 ],
 "betas": [
  0.5,
  0.5,
  0.5,
  0.5,
  0.5,
  0.5,
  0.5,
  0.5,
  0.5,
  0.5,
  0.5,
  0.5,
  0.5,
  0.5,
  0.5,
  0.5,
  0.5,
  0.5,
  0.5,
  0.5,
  0.5,
  0.5,
  0.5,
  0.5,
  0.5,
  0.5,
  0.5,
  0.5,
  0.5,
  0.5,
  0.5,
  0.5,
  0.5,
  0.5,
  0.5,
  0.5,
  0.5,
  0.5,
  0.5,
  0.5
 ],
 "gammas": [
  0.1454902985653472,
  0.14212612799823973,
  0.1383124811725733,
  0.1340138637102719,
  0.12920036039685867,
  0.12385093468763886,
  0.11795728644781267,
  0.11152807427710625,
  0.10459314299149423,
  0.09720720389055251,
  0.08945223018392832,
  0.08143771289211253,
  0.07329795604878275,
  0.06518585881162045,
  0.057501408965234015,
  0.051226461108971375,
  0.04510976762942769,
  0.04023378065112144,
  0.03611813355605068,
  0.03196597589256632,
  0.027995636843122004,
  0.024288698803262048,
  0.020767435970795455,
  0.01763816696298271,
  0.015153269061830406,
  0.012888474891297073,
  0.010843414247894926,
  0.009012674442308268,
  0.007596978950227854,
  0.006642499662935352,
  0.005742985640848411,
  0.004884598048841204,
  0.004097079232277057,
  0.003392866220830711,
  0.0028491121944531532,
  0.00242504184635919,
  0.0020287096613212222,
  0.0016650770448327836,
  0.0013839476295493865,
  0.001130999139912865
 ],
 "sigmas": [
  0.125,
  0.1466825575005783,
  0.17212618139928368,
  0.20198326800364322,
  0.2370193785847929,
  0.27813286902412176,
  0.3263779244274524,
  0.38299158933399347,
  0.449425486597771,
  0.5273830382408234,
  0.6188631426527141,
  0.7262114280571627,
  0.8521803964285746,
  1.0,
  1.1734604600046263,
  1.3770094511942694,
  1.6158661440291457,
  1.8961550286783433,
  2.2250629521929746,
  2.61102339541962,
  3.0639327146719486,
  3.5954038927821688,
  4.219064305926588,
  4.950905141221715,
  5.8096914244572995,
  6.817443171428597,
  8.0,
  9.38768368003701,
  11.016075609554155,
  12.926929152233166,
  15.169240229426746,
  17.800503617543797,
  20.88818716335696,
  24.51146171737559,
  28.76323114225735,
  33.752514447412686,
  39.60724112977372,
  46.477531395658396,
  54.5395453714288,
  64.0
 ],
 "border_radii": [
  10,
  10,
  10,
  10,
  10,
  10,
  10,
  10,
  10,
  10,
  10,
  10,
  10,
  10,
  10,
  10,
  10,
  10,
  10,
  10,
  12,
  14,
  16,
  19,
  23,
  27,
  32,
  37,
  44,
  51,
  60,
  71,
  41,
  49,
  57,
  67,
  79,
  92,
  109,
  128
 ]
}