{
 "time": "181118_0223",
 "filename": "T-BN2408482.png",
 "alphas": [
  0.07403834153693248,
  0.0751754476307296,
  0.07662629977571639,
  0.07834136441904392,
  0.08026371794387646,
  0.08246611130146239,
  0.0851933841219719,
  0.08863621107506492,
  0.09285181879818584,
  0.0979756991016141,
  0.10395812513473426,
  0.10525049949938219,
  0.10646397171095424,
  0.10765970488800693,
  0.1098758312427827,
  0.11295256260987477,
  0.11697388481878612,
  0.12215272004889186,
  0.12816949736640829,
  0.13566102848500672,
  0.14529416901017655,
  0.15621508722907823,
  0.16501565728929263,
  0.16684794177165857,
  0.17438825438526312,
  0.1862730352811494,
  0.18263949590136608,
  0.17720466705304463,
  0.1780784590222663,
  0.17694609879729423,
  0.21992131671707668,
  0.24097103381905893,
  0.23811132707507857,
  0.2649221854539468,
  0.3005524544937079,
  0.3080421701577998,
  0.310469129180112,
  0.3060166697057865,
  0.3086330531674868,
  0.3135562909803328
 ],
 "betas": [
  0.5,
  0.5,
  0.5,
  0.5,
  0.5,
  0.5,
  0.5,
  0.5,
  0.5,
  0.5,
  0.5,
  0.5,
  0.5,
  0.5,
  0.5,
  0.5,
  0.5,
  0.5,
  0.5,
  0.5,
  0.5,
  0.5,
  0.5,
  0.5,
  0.5,
  0.5,
  0.5,
  0.5,
  0.5,
  0.5,
  0.5,
  0.5,
  0.5,
  0.5,
  0.5,
  0.5,
  0.5,
  0.5,
  0.5,
  0.5
 ],
 "gammas": [
  0.0365986180610882,
  0.03617903400911526,
  0.03569845575566312,
  0.03515010050240582,
  0.034527102025149324,
  0.03382274494960009,
  0.033030764655606754,
  0.032145711511511195,
  0.03116337038973627,
  0.03008121688917238,
  0.02889888157219173,
  0.0276185846521639,
  0.026245498008436483,
  0.02478799064797215,
  0.023257717818970753,
  0.02166952128179754,
  0.02004111651875416,
  0.018392551155672242,
  0.016748518479915913,
  0.01517523609230488,
  0.013629527249448147,
  0.012132633225841237,
  0.010703223615189925,
  0.009356439093238704,
  0.008320983655633486,
  0.007506871683090393,
  0.006710688672065877,
  0.005922331121301184,
  0.0051636009113518845,
  0.004451948493677162,
  0.0037994959217681973,
  0.0033768142791987307,
  0.003032121643408221,
  0.002686113758482381,
  0.002343173596032495,
  0.002015570938590318,
  0.0017146057892914628,
  0.0014394487052771753,
  0.0011936221726973704,
  0.0009799173818800717
 ],
 "sigmas": [
  0.125,
  0.1466825575005783,
  0.17212618139928368,
  0.20198326800364322,
  0.2370193785847929,
  0.27813286902412176,
  0.3263779244274524,
  0.38299158933399347,
  0.449425486597771,
  0.5273830382408234,
  0.6188631426527141,
  0.7262114280571627,
  0.8521803964285746,
  1.0,
  1.1734604600046263,
  1.3770094511942694,
  1.6158661440291457,
  1.8961550286783433,
  2.2250629521929746,
  2.61102339541962,
  3.0639327146719486,
  3.5954038927821688,
  4.219064305926588,
  4.950905141221715,
  5.8096914244572995,
  6.817443171428597,
  8.0,
  9.38768368003701,
  11.016075609554155,
  12.926929152233166,
  15.169240229426746,
  17.800503617543797,
  20.88818716335696,
  24.51146171737559,
  28.76323114225735,
  33.752514447412686,
  39.60724112977372,
  46.477531395658396,
  54.5395453714288,
  64.0
 ],
 "border_radii": [
  10,
  10,
  10,
  10,
  10,
  10,
  10,
  10,
  10,
  10,
  10,
  10,
  10,
  10,
  10,
  10,
  10,
  10,
  10,
  10,
  12,
  14,
  16,
  19,
  23,
  27,
  32,
  37,
  44,
  51,
  60,
  71,
  41,
  49,
  57,
  67,
  79,
  92,
  109,
  128
 ]
}