{
 "time": "181118_0153",
 "filename": "T-BN1233668.png",
 "alphas": [
  0.06261524391661473,
  0.06315892853752923,
  0.06389535703137003,
  0.06489621335319269,
  0.06598880365332957,
  0.06716809628291076,
  0.06887842894036456,
  0.07086377515389243,
  0.0733204083184608,
  0.0764520818288218,
  0.08034849052422673,
  0.08552538068441407,
  0.09208102880307151,
  0.09851168630409214,
  0.10518052608953823,
  0.11475745228932346,
  0.12786790334166942,
  0.13914518867807096,
  0.14406854441574377,
  0.15154793799348967,
  0.16102692310332523,
  0.17378828974449054,
  0.19045853347460395,
  0.21242533785726975,
  0.2289350456251392,
  0.23486237371237545,
  0.23905979981874004,
  0.24782411519949799,
  0.25973143796206316,
  0.2652342825822718,
  0.2787869726213556,
  0.29658777961567007,
  0.26655264763928876,
  0.25546136340121717,
  0.24864600397666192,
  0.24709302736006633,
  0.2521775617828577,
  0.2597021431456975,
  0.27534072592953845,
  0.29772958683784445
 ],
 "betas": [
  0.5,
  0.5,
  0.5,
  0.5,
  0.5,
  0.5,
  0.5,
  0.5,
  0.5,
  0.5,
  0.5,
  0.5,
  0.5,
  0.5,
  0.5,
  0.5,
  0.5,
  0.5,
  0.5,
  0.5,
  0.5,
  0.5,
  0.5,
  0.5,
  0.5,
  0.5,
  0.5,
  0.5,
  0.5,
  0.5,
  0.5,
  0.5,
  0.5,
  0.5,
  0.5,
  0.5,
  0.5,
  0.5,
  0.5,
  0.5
 ],
 "gammas": [
  0.09893245846447177,
  0.09656256251587027,
  0.0938812304584426,
  0.09086537125795766,
  0.08749611876078833,
  0.08424449937302672,
  0.08090923269226251,
  0.07725052922620239,
  0.07354919638293224,
  0.06952752253317986,
  0.06520975399792593,
  0.06063616977081432,
  0.05586397110051885,
  0.05096651341416454,
  0.04660825665910101,
  0.04243999222351072,
  0.03830307519059901,
  0.034555126880566604,
  0.031453509262633336,
  0.029761825242449736,
  0.027746803896840495,
  0.02543180820178479,
  0.022920804951283423,
  0.020319938782861615,
  0.017726487858392512,
  0.015221598198289813,
  0.012867271554024853,
  0.010706752271681686,
  0.008766752863598588,
  0.00720234176426498,
  0.006280474644202906,
  0.005607595980272567,
  0.0049059828732956005,
  0.004210852706785903,
  0.0035355999158640417,
  0.002902365799204612,
  0.0023258794901787803,
  0.0018153592943258002,
  0.0013897245037817125,
  0.0011625535769117477
 ],
 "sigmas": [
  0.125,
  0.1466825575005783,
  0.17212618139928368,
  0.20198326800364322,
  0.2370193785847929,
  0.27813286902412176,
  0.3263779244274524,
  0.38299158933399347,
  0.449425486597771,
  0.5273830382408234,
  0.6188631426527141,
  0.7262114280571627,
  0.8521803964285746,
  1.0,
  1.1734604600046263,
  1.3770094511942694,
  1.6158661440291457,
  1.8961550286783433,
  2.2250629521929746,
  2.61102339541962,
  3.0639327146719486,
  3.5954038927821688,
  4.219064305926588,
  4.950905141221715,
  5.8096914244572995,
  6.817443171428597,
  8.0,
  9.38768368003701,
  11.016075609554155,
  12.926929152233166,
  15.169240229426746,
  17.800503617543797,
  20.88818716335696,
  24.51146171737559,
  28.76323114225735,
  33.752514447412686,
  39.60724112977372,
  46.477531395658396,
  54.5395453714288,
  64.0
 ],
 "border_radii": [
  10,
  10,
  10,
  10,
  10,
  10,
  10,
  10,
  10,
  10,
  10,
  10,
  10,
  10,
  10,
  10,
  10,
  10,
  10,
  10,
  12,
  14,
  16,
  19,
  23,
  27,
  32,
  37,
  44,
  51,
  60,
  71,
  41,
  49,
  57,
  67,
  79,
  92,
  109,
  128
 ]
}