{
 "time": "181118_0226",
 "filename": "T-BN2432252.png",
 "alphas": [
  0.024982379849250495,
  0.025705998002664494,
  0.026611604008052948,
  0.02766146214223212,
  0.028997286493479157,
  0.030600575529295636,
  0.03259560443257466,
  0.03383052161996182,
  0.034837034125499614,
  0.03617365611849504,
  0.03780625902314548,
  0.039296164765297154,
  0.040999206403546005,
  0.04327992522552487,
  0.04623593568175351,
  0.05019408310376141,
  0.05523193985896845,
  0.06173192877426368,
  0.06988582636993844,
  0.08002097210728436,
  0.0918868470547007,
  0.10708502597973349,
  0.11356199967336651,
  0.11707659961521062,
  0.12158613677636096,
  0.1235553755189847,
  0.11829478886848516,
  0.11574516789443792,
  0.11528076208702756,
  0.11538384997403137,
  0.11746213758791517,
  0.12121922119986023,
  0.11650382651246075,
  0.11690179487344907,
  0.11707897519146374,
  0.11444343087966664,
  0.11399931447755346,
  0.16746403421941816,
  0.15075178257382021,
  0.13350822382935454
 ],
 "betas": [
  0.5,
  0.5,
  0.5,
  0.5,
  0.5,
  0.5,
  0.5,
  0.5,
  0.5,
  0.5,
  0.5,
  0.5,
  0.5,
  0.5,
  0.5,
  0.5,
  0.5,
  0.5,
  0.5,
  0.5,
  0.5,
  0.5,
  0.5,
  0.5,
  0.5,
  0.5,
  0.5,
  0.5,
  0.5,
  0.5,
  0.5,
  0.5,
  0.5,
  0.5,
  0.5,
  0.5,
  0.5,
  0.5,
  0.5,
  0.5
 ],
 "gammas": [
  0.13973306067986666,
  0.13620701047079428,
  0.1322281781205306,
  0.12776678562387206,
  0.12280054549202042,
  0.11731805310127393,
  0.11132250488081197,
  0.10483542883285342,
  0.09789994840386029,
  0.0905829456978697,
  0.08297539966198314,
  0.0751902214712155,
  0.06735716491634823,
  0.05961489018844115,
  0.05286677583667887,
  0.046961215750796245,
  0.04123415115226154,
  0.03579132207573542,
  0.03071973484440073,
  0.026081399158250845,
  0.02202082814015634,
  0.01871537368294066,
  0.015767557643449656,
  0.01318132419473401,
  0.011044171548118162,
  0.00970649066284678,
  0.008426983175918905,
  0.007237979583170427,
  0.006218658482021688,
  0.005308702007446955,
  0.0046461073108934325,
  0.004027321615290331,
  0.0034174738437904918,
  0.0028340018321000257,
  0.0023972585794731424,
  0.002113670526583585,
  0.0018377022185423445,
  0.00157341179041722,
  0.0013283843635340847,
  0.0011106214042531396
 ],
 "sigmas": [
  0.125,
  0.1466825575005783,
  0.17212618139928368,
  0.20198326800364322,
  0.2370193785847929,
  0.27813286902412176,
  0.3263779244274524,
  0.38299158933399347,
  0.449425486597771,
  0.5273830382408234,
  0.6188631426527141,
  0.7262114280571627,
  0.8521803964285746,
  1.0,
  1.1734604600046263,
  1.3770094511942694,
  1.6158661440291457,
  1.8961550286783433,
  2.2250629521929746,
  2.61102339541962,
  3.0639327146719486,
  3.5954038927821688,
  4.219064305926588,
  4.950905141221715,
  5.8096914244572995,
  6.817443171428597,
  8.0,
  9.38768368003701,
  11.016075609554155,
  12.926929152233166,
  15.169240229426746,
  17.800503617543797,
  20.88818716335696,
  24.51146171737559,
  28.76323114225735,
  33.752514447412686,
  39.60724112977372,
  46.477531395658396,
  54.5395453714288,
  64.0
 ],
 "border_radii": [
  10,
  10,
  10,
  10,
  10,
  10,
  10,
  10,
  10,
  10,
  10,
  10,
  10,
  10,
  10,
  10,
  10,
  10,
  10,
  10,
  12,
  14,
  16,
  19,
  23,
  27,
  32,
  37,
  44,
  51,
  60,
  71,
  41,
  49,
  57,
  67,
  79,
  92,
  109,
  128
 ]
}