{
 "time": "181118_0253",
 "filename": "T-BN3182394.png",
 "alphas": [
  0.10314898948795752,
  0.10299903142191946,
  0.10292210940795901,
  0.10271603278192658,
  0.10280713290756331,
  0.10308663358629724,
  0.10341453898897042,
  0.10425029390855614,
  0.10552440458721758,
  0.10737588429927702,
  0.10986202804743908,
  0.1125756405434398,
  0.11703660220778685,
  0.12031808982235336,
  0.12424472954450412,
  0.12995732395325496,
  0.13711885223107564,
  0.14694093604853647,
  0.15955435719087385,
  0.16545895691016557,
  0.17297566958250238,
  0.1831824629877064,
  0.19522038133232403,
  0.20526740961977497,
  0.21729934165528023,
  0.23129135208334156,
  0.24973096317010268,
  0.2489499244422986,
  0.2413820166052376,
  0.23283265274986548,
  0.23027476530689026,
  0.22356974752223685,
  0.19020500576832303,
  0.1805438087615765,
  0.169823512421902,
  0.1620159545866355,
  0.1538919150822909,
  0.14499495104027946,
  0.14705367281819787,
  0.14583357211183123
 ],
 "betas": [
  0.5,
  0.5,
  0.5,
  0.5,
  0.5,
  0.5,
  0.5,
  0.5,
  0.5,
  0.5,
  0.5,
  0.5,
  0.5,
  0.5,
  0.5,
  0.5,
  0.5,
  0.5,
  0.5,
  0.5,
  0.5,
  0.5,
  0.5,
  0.5,
  0.5,
  0.5,
  0.5,
  0.5,
  0.5,
  0.5,
  0.5,
  0.5,
  0.5,
  0.5,
  0.5,
  0.5,
  0.5,
  0.5,
  0.5,
  0.5
 ],
 "gammas": [
  0.11912442756704605,
  0.11599759902449196,
  0.11246728162206822,
  0.10850647517545392,
  0.10409483832288814,
  0.09922181567559045,
  0.09389012509629685,
  0.08811934522951743,
  0.0822537179282252,
  0.07645607037265124,
  0.0704238746103766,
  0.06437119258537916,
  0.05840060787041456,
  0.052409142069967336,
  0.04642407581512431,
  0.04057235748572594,
  0.03525808219233053,
  0.030734118780018003,
  0.026306742417534196,
  0.022092619863644605,
  0.018578101179869973,
  0.016904631691412972,
  0.015131985876648955,
  0.013324082537918136,
  0.011542908342085316,
  0.009888011464824065,
  0.00840644047594541,
  0.007014783690602289,
  0.006021989357693856,
  0.005274833808233181,
  0.004537807636841314,
  0.003833733339335094,
  0.0031811496932844657,
  0.002593789761169875,
  0.0020800895579739724,
  0.0016432430206971456,
  0.0013829909841443948,
  0.0011408766405237188,
  0.0009757243077476915,
  0.000836446720507993
 ],
 "sigmas": [
  0.125,
  0.1466825575005783,
  0.17212618139928368,
  0.20198326800364322,
  0.2370193785847929,
  0.27813286902412176,
  0.3263779244274524,
  0.38299158933399347,
  0.449425486597771,
  0.5273830382408234,
  0.6188631426527141,
  0.7262114280571627,
  0.8521803964285746,
  1.0,
  1.1734604600046263,
  1.3770094511942694,
  1.6158661440291457,
  1.8961550286783433,
  2.2250629521929746,
  2.61102339541962,
  3.0639327146719486,
  3.5954038927821688,
  4.219064305926588,
  4.950905141221715,
  5.8096914244572995,
  6.817443171428597,
  8.0,
  9.38768368003701,
  11.016075609554155,
  12.926929152233166,
  15.169240229426746,
  17.800503617543797,
  20.88818716335696,
  24.51146171737559,
  28.76323114225735,
  33.752514447412686,
  39.60724112977372,
  46.477531395658396,
  54.5395453714288,
  64.0
 ],
 "border_radii": [
  10,
  10,
  10,
  10,
  10,
  10,
  10,
  10,
  10,
  10,
  10,
  10,
  10,
  10,
  10,
  10,
  10,
  10,
  10,
  10,
  12,
  14,
  16,
  19,
  23,
  27,
  32,
  37,
  44,
  51,
  60,
  71,
  41,
  49,
  57,
  67,
  79,
  92,
  109,
  128
 ]
}