{
 "time": "181118_0544",
 "filename": "T-BN9165109.png",
 "alphas": [
  0.033868774872659144,
  0.03488669801674171,
  0.03610222321263168,
  0.03758756216336246,
  0.03933265171940771,
  0.04152462251116806,
  0.0442067039131758,
  0.04756756512578541,
  0.051760721078178584,
  0.05718344849328956,
  0.06417875341678422,
  0.07332925645113844,
  0.0853093587224246,
  0.10111632598382053,
  0.12222507894829648,
  0.1511486514366142,
  0.16118433625195944,
  0.17227355335720096,
  0.1838616026226308,
  0.18541005321206763,
  0.18103350969363205,
  0.17975279416704118,
  0.182300852877869,
  0.18779701615443317,
  0.1979969260923279,
  0.20948226866874348,
  0.22680434411330413,
  0.2350661482809674,
  0.24267996114419832,
  0.25577159677468125,
  0.27548709969205987,
  0.29710459552335083,
  0.29230801616139945,
  0.312664871760097,
  0.33837007560823695,
  0.34652173555849586,
  0.34138858156983126,
  0.325895260029682,
  0.32170641118609045,
  0.3271147859672608
 ],
 "betas": [
  0.5,
  0.5,
  0.5,
  0.5,
  0.5,
  0.5,
  0.5,
  0.5,
  0.5,
  0.5,
  0.5,
  0.5,
  0.5,
  0.5,
  0.5,
  0.5,
  0.5,
  0.5,
  0.5,
  0.5,
  0.5,
  0.5,
  0.5,
  0.5,
  0.5,
  0.5,
  0.5,
  0.5,
  0.5,
  0.5,
  0.5,
  0.5,
  0.5,
  0.5,
  0.5,
  0.5,
  0.5,
  0.5,
  0.5,
  0.5
 ],
 "gammas": [
  0.1075886050117881,
  0.10506348601188739,
  0.10220344834907996,
  0.09898270651621915,
  0.095379761255655,
  0.09137980675186226,
  0.08697750795645025,
  0.08217999456213539,
  0.07700980373800417,
  0.07150737727176433,
  0.06573260643610504,
  0.05976486068860886,
  0.0537009848313347,
  0.04765094903771921,
  0.04272300124185481,
  0.038259772521163894,
  0.033881061493142496,
  0.029658463123711138,
  0.025655791518563693,
  0.021925533980971235,
  0.018506864571491123,
  0.015563415857031691,
  0.013304460447261881,
  0.01124336255596238,
  0.009886387711526421,
  0.008805476411787453,
  0.007803306739242876,
  0.00691560853873259,
  0.006109325044678793,
  0.005389240811636393,
  0.004686569640166533,
  0.004018221629093681,
  0.003389321303801842,
  0.002877626271180826,
  0.002472607747474306,
  0.0020885678432066394,
  0.001829103463854484,
  0.0016098424681497065,
  0.0013945894023695115,
  0.0011882310815364348
 ],
 "sigmas": [
  0.125,
  0.1466825575005783,
  0.17212618139928368,
  0.20198326800364322,
  0.2370193785847929,
  0.27813286902412176,
  0.3263779244274524,
  0.38299158933399347,
  0.449425486597771,
  0.5273830382408234,
  0.6188631426527141,
  0.7262114280571627,
  0.8521803964285746,
  1.0,
  1.1734604600046263,
  1.3770094511942694,
  1.6158661440291457,
  1.8961550286783433,
  2.2250629521929746,
  2.61102339541962,
  3.0639327146719486,
  3.5954038927821688,
  4.219064305926588,
  4.950905141221715,
  5.8096914244572995,
  6.817443171428597,
  8.0,
  9.38768368003701,
  11.016075609554155,
  12.926929152233166,
  15.169240229426746,
  17.800503617543797,
  20.88818716335696,
  24.51146171737559,
  28.76323114225735,
  33.752514447412686,
  39.60724112977372,
  46.477531395658396,
  54.5395453714288,
  64.0
 ],
 "border_radii": [
  10,
  10,
  10,
  10,
  10,
  10,
  10,
  10,
  10,
  10,
  10,
  10,
  10,
  10,
  10,
  10,
  10,
  10,
  10,
  10,
  12,
  14,
  16,
  19,
  23,
  27,
  32,
  37,
  44,
  51,
  60,
  71,
  41,
  49,
  57,
  67,
  79,
  92,
  109,
  128
 ]
}