{
 "time": "181118_0610",
 "filename": "T-BN9937513.png",
 "alphas": [
  0.03944751615678441,
  0.039953312179491114,
  0.04060405108566709,
  0.041414263339771315,
  0.042328785215733314,
  0.04347256392359246,
  0.04480276400933488,
  0.04650079750325983,
  0.04870101476056221,
  0.051419832836853974,
  0.05481831283591838,
  0.05908484331688835,
  0.06441342383092943,
  0.07135192283350437,
  0.08010149315182785,
  0.09126511169208934,
  0.10579490118470752,
  0.1160515730165544,
  0.12123895679918179,
  0.1280601308683446,
  0.12097487597211402,
  0.11537626695797816,
  0.11232912527742098,
  0.11120898565718854,
  0.11229797015341485,
  0.11492363814709197,
  0.11949251528438955,
  0.12561846853894326,
  0.1349641045882052,
  0.1465195879179207,
  0.15965215578185354,
  0.17701517897194088,
  0.17993430767732738,
  0.20235898067413305,
  0.22968011230786137,
  0.2611270317713595,
  0.29300797082316005,
  0.31811560627446994,
  0.33474035498945076,
  0.31635176537682635
 ],
 "betas": [
  0.5,
  0.5,
  0.5,
  0.5,
  0.5,
  0.5,
  0.5,
  0.5,
  0.5,
  0.5,
  0.5,
  0.5,
  0.5,
  0.5,
  0.5,
  0.5,
  0.5,
  0.5,
  0.5,
  0.5,
  0.5,
  0.5,
  0.5,
  0.5,
  0.5,
  0.5,
  0.5,
  0.5,
  0.5,
  0.5,
  0.5,
  0.5,
  0.5,
  0.5,
  0.5,
  0.5,
  0.5,
  0.5,
  0.5,
  0.5
 ],
 "gammas": [
  0.11972667618458539,
  0.11712398332542437,
  0.11416510392858364,
  0.11081895792108037,
  0.10705784456671755,
  0.10285992841575231,
  0.09821224630234256,
  0.09311413989236807,
  0.08758089751616392,
  0.08172683297763371,
  0.07560865712564062,
  0.06971207320708113,
  0.06385498503480316,
  0.05780653750168048,
  0.051705234404047944,
  0.04586004835633871,
  0.04014209368281541,
  0.034678420796382795,
  0.029582591926381303,
  0.026031727601348253,
  0.02259145432689809,
  0.01999309210298581,
  0.017955982179882722,
  0.01606581098402175,
  0.014536700631416826,
  0.012962943512979701,
  0.011403971913975953,
  0.00990841336132435,
  0.008511316158079537,
  0.0072935116878626895,
  0.006223852420209147,
  0.00525155753783075,
  0.004379492833562231,
  0.0036138312692262295,
  0.00297026315339697,
  0.0024069495865089163,
  0.0019218823642031422,
  0.0015113646365352963,
  0.001311663470268869,
  0.0011412227532263891
 ],
 "sigmas": [
  0.125,
  0.1466825575005783,
  0.17212618139928368,
  0.20198326800364322,
  0.2370193785847929,
  0.27813286902412176,
  0.3263779244274524,
  0.38299158933399347,
  0.449425486597771,
  0.5273830382408234,
  0.6188631426527141,
  0.7262114280571627,
  0.8521803964285746,
  1.0,
  1.1734604600046263,
  1.3770094511942694,
  1.6158661440291457,
  1.8961550286783433,
  2.2250629521929746,
  2.61102339541962,
  3.0639327146719486,
  3.5954038927821688,
  4.219064305926588,
  4.950905141221715,
  5.8096914244572995,
  6.817443171428597,
  8.0,
  9.38768368003701,
  11.016075609554155,
  12.926929152233166,
  15.169240229426746,
  17.800503617543797,
  20.88818716335696,
  24.51146171737559,
  28.76323114225735,
  33.752514447412686,
  39.60724112977372,
  46.477531395658396,
  54.5395453714288,
  64.0
 ],
 "border_radii": [
  10,
  10,
  10,
  10,
  10,
  10,
  10,
  10,
  10,
  10,
  10,
  10,
  10,
  10,
  10,
  10,
  10,
  10,
  10,
  10,
  12,
  14,
  16,
  19,
  23,
  27,
  32,
  37,
  44,
  51,
  60,
  71,
  41,
  49,
  57,
  67,
  79,
  92,
  109,
  128
 ]
}