{
 "time": "181118_0545",
 "filename": "T-BN9211170.png",
 "alphas": [
  0.054985708019902324,
  0.05570273586214991,
  0.056841500188384506,
  0.05802658576606672,
  0.0594246796449808,
  0.06127375633389069,
  0.06350226248301372,
  0.06625196358783692,
  0.06942981757302977,
  0.07356546673817971,
  0.07845750571612435,
  0.08445718164790512,
  0.09177687591520597,
  0.10145452340928077,
  0.10871168834144934,
  0.1155153027277831,
  0.12381721780548392,
  0.1339278116536389,
  0.14688951897324634,
  0.16375594945449137,
  0.18523946191121,
  0.2092514202108039,
  0.22783001188001017,
  0.2509000106220162,
  0.2574457040557356,
  0.2559162305332698,
  0.2561144992536617,
  0.25612694989447493,
  0.25767416055515513,
  0.25885817381553083,
  0.26518896355982513,
  0.27421655613929924,
  0.265127878887609,
  0.2768298661717818,
  0.2802802697634471,
  0.2922080519553861,
  0.2838428138531175,
  0.2764162508802149,
  0.2825276975235812,
  0.28851057654150425
 ],
 "betas": [
  0.5,
  0.5,
  0.5,
  0.5,
  0.5,
  0.5,
  0.5,
  0.5,
  0.5,
  0.5,
  0.5,
  0.5,
  0.5,
  0.5,
  0.5,
  0.5,
  0.5,
  0.5,
  0.5,
  0.5,
  0.5,
  0.5,
  0.5,
  0.5,
  0.5,
  0.5,
  0.5,
  0.5,
  0.5,
  0.5,
  0.5,
  0.5,
  0.5,
  0.5,
  0.5,
  0.5,
  0.5,
  0.5,
  0.5,
  0.5
 ],
 "gammas": [
  0.10337178179880907,
  0.10005104772232128,
  0.09633728211238628,
  0.09221641064047587,
  0.08768483194841357,
  0.08275274553144728,
  0.07858423933718073,
  0.0745098566824595,
  0.07010518909961995,
  0.06540049203291544,
  0.06044219386033192,
  0.055794879779076226,
  0.05120124954767409,
  0.04634073397513584,
  0.04131366611697362,
  0.03624302293256203,
  0.03128604348340357,
  0.02783996137894448,
  0.02451562954164616,
  0.021315150431724206,
  0.018702187380366383,
  0.016419553372054398,
  0.014276933026538449,
  0.012297953923593603,
  0.010525626614773725,
  0.008967821479270773,
  0.007775067676890376,
  0.006723601308460888,
  0.005755728073062035,
  0.004855874824926844,
  0.004037175297326944,
  0.003292573966746583,
  0.002802454223576456,
  0.002375604904521343,
  0.0020325371929587194,
  0.0017714121182879363,
  0.0015247306793864687,
  0.0012950094609909086,
  0.0010859217249317493,
  0.0008988168104010088
 ],
 "sigmas": [
  0.125,
  0.1466825575005783,
  0.17212618139928368,
  0.20198326800364322,
  0.2370193785847929,
  0.27813286902412176,
  0.3263779244274524,
  0.38299158933399347,
  0.449425486597771,
  0.5273830382408234,
  0.6188631426527141,
  0.7262114280571627,
  0.8521803964285746,
  1.0,
  1.1734604600046263,
  1.3770094511942694,
  1.6158661440291457,
  1.8961550286783433,
  2.2250629521929746,
  2.61102339541962,
  3.0639327146719486,
  3.5954038927821688,
  4.219064305926588,
  4.950905141221715,
  5.8096914244572995,
  6.817443171428597,
  8.0,
  9.38768368003701,
  11.016075609554155,
  12.926929152233166,
  15.169240229426746,
  17.800503617543797,
  20.88818716335696,
  24.51146171737559,
  28.76323114225735,
  33.752514447412686,
  39.60724112977372,
  46.477531395658396,
  54.5395453714288,
  64.0
 ],
 "border_radii": [
  10,
  10,
  10,
  10,
  10,
  10,
  10,
  10,
  10,
  10,
  10,
  10,
  10,
  10,
  10,
  10,
  10,
  10,
  10,
  10,
  12,
  14,
  16,
  19,
  23,
  27,
  32,
  37,
  44,
  51,
  60,
  71,
  41,
  49,
  57,
  67,
  79,
  92,
  109,
  128
 ]
}