{
 "time": "181118_0252",
 "filename": "T-BN3109757.png",
 "alphas": [
  0.05982596634066105,
  0.0613277509325494,
  0.06315651390580596,
  0.06538410511973147,
  0.0680391173453214,
  0.07121867941956045,
  0.0750472842932051,
  0.0795182136725627,
  0.08528934351364006,
  0.09236214328451997,
  0.10071651531300341,
  0.1100427779384765,
  0.11461363720088422,
  0.12033819051171438,
  0.12695744152714722,
  0.134665767337621,
  0.1445353919885492,
  0.15694328233638924,
  0.17208329691702828,
  0.18999267879647425,
  0.2077324227135165,
  0.2171394055792612,
  0.22830634254983845,
  0.2439354331463224,
  0.26072080180188134,
  0.2746727868294342,
  0.2920309304088304,
  0.3139576082961733,
  0.33544779348354137,
  0.33906878756131303,
  0.3211778942237413,
  0.31465661362725017,
  0.28984033750897986,
  0.291381596074225,
  0.2658707137496624,
  0.24772442037110687,
  0.23779073604566223,
  0.23326269858893495,
  0.2359316824051727,
  0.24077125962338
 ],
 "betas": [
  0.5,
  0.5,
  0.5,
  0.5,
  0.5,
  0.5,
  0.5,
  0.5,
  0.5,
  0.5,
  0.5,
  0.5,
  0.5,
  0.5,
  0.5,
  0.5,
  0.5,
  0.5,
  0.5,
  0.5,
  0.5,
  0.5,
  0.5,
  0.5,
  0.5,
  0.5,
  0.5,
  0.5,
  0.5,
  0.5,
  0.5,
  0.5,
  0.5,
  0.5,
  0.5,
  0.5,
  0.5,
  0.5,
  0.5,
  0.5
 ],
 "gammas": [
  0.1067360074107421,
  0.10489002484711527,
  0.102774169544304,
  0.10035885226148325,
  0.09761480687350171,
  0.09451461074960485,
  0.09103470463582705,
  0.08715793994095296,
  0.08287661425444096,
  0.07819584990229722,
  0.07313702450117678,
  0.06774079005556921,
  0.062069053500849215,
  0.05680089474922699,
  0.05154732946998602,
  0.046184001371581594,
  0.04081793717427963,
  0.03556467289625418,
  0.030627683238475648,
  0.02690277046701231,
  0.02334125507670451,
  0.020009350157357376,
  0.01698773858666903,
  0.014491817082025947,
  0.012230687321962455,
  0.01021793773888118,
  0.00845324090067824,
  0.007268024865380172,
  0.006423629010404925,
  0.005692866282561056,
  0.0049986209003441,
  0.004422353332949043,
  0.003931427912221515,
  0.0034803864308151295,
  0.0030954233386240584,
  0.002729118935814584,
  0.0023891478913625,
  0.0020684279230761605,
  0.0017707367818616585,
  0.0014877176638493441
 ],
 "sigmas": [
  0.125,
  0.1466825575005783,
  0.17212618139928368,
  0.20198326800364322,
  0.2370193785847929,
  0.27813286902412176,
  0.3263779244274524,
  0.38299158933399347,
  0.449425486597771,
  0.5273830382408234,
  0.6188631426527141,
  0.7262114280571627,
  0.8521803964285746,
  1.0,
  1.1734604600046263,
  1.3770094511942694,
  1.6158661440291457,
  1.8961550286783433,
  2.2250629521929746,
  2.61102339541962,
  3.0639327146719486,
  3.5954038927821688,
  4.219064305926588,
  4.950905141221715,
  5.8096914244572995,
  6.817443171428597,
  8.0,
  9.38768368003701,
  11.016075609554155,
  12.926929152233166,
  15.169240229426746,
  17.800503617543797,
  20.88818716335696,
  24.51146171737559,
  28.76323114225735,
  33.752514447412686,
  39.60724112977372,
  46.477531395658396,
  54.5395453714288,
  64.0
 ],
 "border_radii": [
  10,
  10,
  10,
  10,
  10,
  10,
  10,
  10,
  10,
  10,
  10,
  10,
  10,
  10,
  10,
  10,
  10,
  10,
  10,
  10,
  12,
  14,
  16,
  19,
  23,
  27,
  32,
  37,
  44,
  51,
  60,
  71,
  41,
  49,
  57,
  67,
  79,
  92,
  109,
  128
 ]
}