{
 "time": "181118_0532",
 "filename": "T-BN8778711.png",
 "alphas": [
  0.07801229355553795,
  0.07868443774157477,
  0.07952164542144938,
  0.08064894042916468,
  0.08187869141613949,
  0.08316981980347399,
  0.08480145031979201,
  0.08681959281263826,
  0.08937196406415404,
  0.09240869289891585,
  0.0959741695795905,
  0.10061620924709402,
  0.10622950527074333,
  0.11318983257120782,
  0.12181075098334375,
  0.1327753145210351,
  0.14670123461890916,
  0.163738413849794,
  0.17582542847501242,
  0.18197942626773195,
  0.18131921895463726,
  0.16932615138806323,
  0.16134653075501248,
  0.15566810355073757,
  0.15221617628770162,
  0.15304076096472752,
  0.15483069066868269,
  0.15703850384606194,
  0.1545865027598674,
  0.15444338372831953,
  0.1584708887560598,
  0.16367938654268585,
  0.17414916196530172,
  0.18676723168588463,
  0.20399839644682158,
  0.24098678377535507,
  0.2748373487647584,
  0.28449122009024086,
  0.2875677098185808,
  0.2923218848670778
 ],
 "betas": [
  0.5,
  0.5,
  0.5,
  0.5,
  0.5,
  0.5,
  0.5,
  0.5,
  0.5,
  0.5,
  0.5,
  0.5,
  0.5,
  0.5,
  0.5,
  0.5,
  0.5,
  0.5,
  0.5,
  0.5,
  0.5,
  0.5,
  0.5,
  0.5,
  0.5,
  0.5,
  0.5,
  0.5,
  0.5,
  0.5,
  0.5,
  0.5,
  0.5,
  0.5,
  0.5,
  0.5,
  0.5,
  0.5,
  0.5,
  0.5
 ],
 "gammas": [
  0.0929399145366551,
  0.09041583086836034,
  0.08756594305833545,
  0.08502185521360116,
  0.0829734897591523,
  0.08066652218311111,
  0.07808467002150342,
  0.07579754360281238,
  0.07329628716439587,
  0.0704777111100442,
  0.06732743614421882,
  0.06384082111124574,
  0.06002665651504669,
  0.05591067894453451,
  0.05153814513188528,
  0.04697456498995475,
  0.04230379656715816,
  0.037623137764214235,
  0.03303576229622341,
  0.02864162014403831,
  0.02532733267688661,
  0.02221368195662063,
  0.019240270999017317,
  0.016474284956166756,
  0.013961579226044768,
  0.011726084258707966,
  0.009772297829959734,
  0.008144690688749965,
  0.007069946971643067,
  0.006114758206423608,
  0.005235021232349208,
  0.004431143630593459,
  0.0037667335768008943,
  0.0032478779914971354,
  0.0027842443713714336,
  0.002381498909526868,
  0.002037227440811986,
  0.0017425321226290568,
  0.0014868940269683326,
  0.001264498236255259
 ],
 "sigmas": [
  0.125,
  0.1466825575005783,
  0.17212618139928368,
  0.20198326800364322,
  0.2370193785847929,
  0.27813286902412176,
  0.3263779244274524,
  0.38299158933399347,
  0.449425486597771,
  0.5273830382408234,
  0.6188631426527141,
  0.7262114280571627,
  0.8521803964285746,
  1.0,
  1.1734604600046263,
  1.3770094511942694,
  1.6158661440291457,
  1.8961550286783433,
  2.2250629521929746,
  2.61102339541962,
  3.0639327146719486,
  3.5954038927821688,
  4.219064305926588,
  4.950905141221715,
  5.8096914244572995,
  6.817443171428597,
  8.0,
  9.38768368003701,
  11.016075609554155,
  12.926929152233166,
  15.169240229426746,
  17.800503617543797,
  20.88818716335696,
  24.51146171737559,
  28.76323114225735,
  33.752514447412686,
  39.60724112977372,
  46.477531395658396,
  54.5395453714288,
  64.0
 ],
 "border_radii": [
  10,
  10,
  10,
  10,
  10,
  10,
  10,
  10,
  10,
  10,
  10,
  10,
  10,
  10,
  10,
  10,
  10,
  10,
  10,
  10,
  12,
  14,
  16,
  19,
  23,
  27,
  32,
  37,
  44,
  51,
  60,
  71,
  41,
  49,
  57,
  67,
  79,
  92,
  109,
  128
 ]
}