{
 "time": "181118_0349",
 "filename": "T-BN5766074.png",
 "alphas": [
  0.04938827854377408,
  0.050014499233662295,
  0.05069236032349894,
  0.05156117170524658,
  0.05247786924745262,
  0.05371820648322209,
  0.05520130406216542,
  0.057003570018817784,
  0.059149269399046446,
  0.06186233179592266,
  0.06517255716801817,
  0.0691685882574894,
  0.0742842561025548,
  0.08054614062847242,
  0.08845506591483568,
  0.09820897372680823,
  0.1079411182666657,
  0.11441121058538416,
  0.12232865744564153,
  0.12873245070980832,
  0.13606223825293917,
  0.14431440168204318,
  0.15749466848017152,
  0.17496535856598527,
  0.19801502183113878,
  0.2169084194730384,
  0.22670919646703092,
  0.23685895465012982,
  0.24944377460981831,
  0.2642800804799478,
  0.28739621203679766,
  0.3193841141362962,
  0.3310660746146995,
  0.3715949500175556,
  0.3873178577512962,
  0.40357537905440427,
  0.3909933847965774,
  0.38182586628038667,
  0.382227200199847,
  0.38566809885762005
 ],
 "betas": [
  0.5,
  0.5,
  0.5,
  0.5,
  0.5,
  0.5,
  0.5,
  0.5,
  0.5,
  0.5,
  0.5,
  0.5,
  0.5,
  0.5,
  0.5,
  0.5,
  0.5,
  0.5,
  0.5,
  0.5,
  0.5,
  0.5,
  0.5,
  0.5,
  0.5,
  0.5,
  0.5,
  0.5,
  0.5,
  0.5,
  0.5,
  0.5,
  0.5,
  0.5,
  0.5,
  0.5,
  0.5,
  0.5,
  0.5,
  0.5
 ],
 "gammas": [
  0.12906077350077827,
  0.12614428459183535,
  0.12283583017132838,
  0.1191035666511825,
  0.11492015408969737,
  0.11026555765930443,
  0.10513034617816755,
  0.09951933797847126,
  0.0934553088228679,
  0.08698231720999061,
  0.08016804592331699,
  0.07310445146712853,
  0.06590601818548032,
  0.058705096700074455,
  0.05164420624341309,
  0.044865774816075205,
  0.038500468127113094,
  0.032655824422107974,
  0.02740714997526345,
  0.02340039607263592,
  0.019961977218472378,
  0.01752453635237143,
  0.015135873518975343,
  0.012875382682047014,
  0.01080052243961809,
  0.00914623369491281,
  0.007772594487583701,
  0.0065973546455952905,
  0.005631250360025261,
  0.004930232647521105,
  0.0042785816000513385,
  0.0036830745611785756,
  0.0031361919261122862,
  0.0026410057973855036,
  0.0022065992181305736,
  0.0019513852410555639,
  0.0017484236129083114,
  0.0015837748575618146,
  0.0014209869761705994,
  0.0012587374270942831
 ],
 "sigmas": [
  0.125,
  0.1466825575005783,
  0.17212618139928368,
  0.20198326800364322,
  0.2370193785847929,
  0.27813286902412176,
  0.3263779244274524,
  0.38299158933399347,
  0.449425486597771,
  0.5273830382408234,
  0.6188631426527141,
  0.7262114280571627,
  0.8521803964285746,
  1.0,
  1.1734604600046263,
  1.3770094511942694,
  1.6158661440291457,
  1.8961550286783433,
  2.2250629521929746,
  2.61102339541962,
  3.0639327146719486,
  3.5954038927821688,
  4.219064305926588,
  4.950905141221715,
  5.8096914244572995,
  6.817443171428597,
  8.0,
  9.38768368003701,
  11.016075609554155,
  12.926929152233166,
  15.169240229426746,
  17.800503617543797,
  20.88818716335696,
  24.51146171737559,
  28.76323114225735,
  33.752514447412686,
  39.60724112977372,
  46.477531395658396,
  54.5395453714288,
  64.0
 ],
 "border_radii": [
  10,
  10,
  10,
  10,
  10,
  10,
  10,
  10,
  10,
  10,
  10,
  10,
  10,
  10,
  10,
  10,
  10,
  10,
  10,
  10,
  12,
  14,
  16,
  19,
  23,
  27,
  32,
  37,
  44,
  51,
  60,
  71,
  41,
  49,
  57,
  67,
  79,
  92,
  109,
  128
 ]
}