{
 "time": "181118_0530",
 "filename": "T-BN8731535.png",
 "alphas": [
  0.07830398266935834,
  0.07933233353728959,
  0.08048297582428064,
  0.08191843176509916,
  0.08368884899854151,
  0.08565894994669179,
  0.0881948261767754,
  0.09106601022446881,
  0.09467776166754593,
  0.09901381066507309,
  0.1043940334819905,
  0.11059449246240882,
  0.11802539462731923,
  0.12752102919977854,
  0.13863129787465675,
  0.15213225535067737,
  0.16759935524648945,
  0.1714650869984151,
  0.17866656931566105,
  0.18854006642056084,
  0.2031396844657123,
  0.22205417493250876,
  0.2448908662493206,
  0.24727696024513515,
  0.25281496196428066,
  0.2624938310375287,
  0.26254608257171613,
  0.23908606133470323,
  0.21799546786316085,
  0.19821427566312838,
  0.18197782261960013,
  0.16985781280994827,
  0.14209638334542563,
  0.1359587138166646,
  0.13376496413810443,
  0.13613238596801067,
  0.14434057649476956,
  0.1574403788562445,
  0.18149412804673232,
  0.2198637662605808
 ],
 "betas": [
  0.5,
  0.5,
  0.5,
  0.5,
  0.5,
  0.5,
  0.5,
  0.5,
  0.5,
  0.5,
  0.5,
  0.5,
  0.5,
  0.5,
  0.5,
  0.5,
  0.5,
  0.5,
  0.5,
  0.5,
  0.5,
  0.5,
  0.5,
  0.5,
  0.5,
  0.5,
  0.5,
  0.5,
  0.5,
  0.5,
  0.5,
  0.5,
  0.5,
  0.5,
  0.5,
  0.5,
  0.5,
  0.5,
  0.5,
  0.5
 ],
 "gammas": [
  0.11898603700073551,
  0.11658968527004995,
  0.11385979534143076,
  0.11076518822949973,
  0.10727701512529268,
  0.10337090592776843,
  0.0990296174607115,
  0.09424612316512526,
  0.08902698572896797,
  0.08339572177327641,
  0.07739571533780454,
  0.07109209340603014,
  0.06457189139969306,
  0.057941875545057635,
  0.05132361842682007,
  0.044845876993271756,
  0.038634954875609286,
  0.032844403068629124,
  0.028236147243339105,
  0.02460238236994236,
  0.021857610455301373,
  0.020096652741965475,
  0.01818999983883985,
  0.016283322993149996,
  0.01444833851436953,
  0.012633868539135527,
  0.01095294328460653,
  0.009442926827318522,
  0.008257164840587906,
  0.007124145532879123,
  0.006062422771046671,
  0.005092362129267715,
  0.004223956501307481,
  0.0034595981542549737,
  0.002796650870450347,
  0.002156837686470803,
  0.001688816132330714,
  0.0014191236790967803,
  0.001188626738709094,
  0.0009915915665679091
 ],
 "sigmas": [
  0.125,
  0.1466825575005783,
  0.17212618139928368,
  0.20198326800364322,
  0.2370193785847929,
  0.27813286902412176,
  0.3263779244274524,
  0.38299158933399347,
  0.449425486597771,
  0.5273830382408234,
  0.6188631426527141,
  0.7262114280571627,
  0.8521803964285746,
  1.0,
  1.1734604600046263,
  1.3770094511942694,
  1.6158661440291457,
  1.8961550286783433,
  2.2250629521929746,
  2.61102339541962,
  3.0639327146719486,
  3.5954038927821688,
  4.219064305926588,
  4.950905141221715,
  5.8096914244572995,
  6.817443171428597,
  8.0,
  9.38768368003701,
  11.016075609554155,
  12.926929152233166,
  15.169240229426746,
  17.800503617543797,
  20.88818716335696,
  24.51146171737559,
  28.76323114225735,
  33.752514447412686,
  39.60724112977372,
  46.477531395658396,
  54.5395453714288,
  64.0
 ],
 "border_radii": [
  10,
  10,
  10,
  10,
  10,
  10,
  10,
  10,
  10,
  10,
  10,
  10,
  10,
  10,
  10,
  10,
  10,
  10,
  10,
  10,
  12,
  14,
  16,
  19,
  23,
  27,
  32,
  37,
  44,
  51,
  60,
  71,
  41,
  49,
  57,
  67,
  79,
  92,
  109,
  128
 ]
}