{
 "time": "181118_0124",
 "filename": "T-BN0392644.png",
 "alphas": [
  0.06865101216052708,
  0.06924282936024094,
  0.06942162101143273,
  0.06972948421946952,
  0.07002462551021352,
  0.07055146264565387,
  0.0712555964493316,
  0.07222540257099223,
  0.07363731192370489,
  0.07550696854709915,
  0.0779668868742883,
  0.08124331095107869,
  0.08539071936900078,
  0.09110005652686513,
  0.09281647358334547,
  0.09610879419070435,
  0.09683843425259675,
  0.09894207534909608,
  0.1029964683755048,
  0.10841470069930953,
  0.11472432390606033,
  0.11278113196059886,
  0.11038970492640687,
  0.11021903127909577,
  0.11268879623344633,
  0.11545687035519514,
  0.12029786109742428,
  0.1288326932959616,
  0.1407225024739936,
  0.1556882452966817,
  0.1715020857898828,
  0.1729142054696226,
  0.16019747893972255,
  0.16689300337312085,
  0.17309203503498988,
  0.1818644737840754,
  0.19056785620546127,
  0.20241257501488935,
  0.19692373028871935,
  0.19168833924332412
 ],
 "betas": [
  0.5,
  0.5,
  0.5,
  0.5,
  0.5,
  0.5,
  0.5,
  0.5,
  0.5,
  0.5,
  0.5,
  0.5,
  0.5,
  0.5,
  0.5,
  0.5,
  0.5,
  0.5,
  0.5,
  0.5,
  0.5,
  0.5,
  0.5,
  0.5,
  0.5,
  0.5,
  0.5,
  0.5,
  0.5,
  0.5,
  0.5,
  0.5,
  0.5,
  0.5,
  0.5,
  0.5,
  0.5,
  0.5,
  0.5,
  0.5
 ],
 "gammas": [
  0.10728883292160632,
  0.10447925278551692,
  0.10130609975143928,
  0.09774470158592864,
  0.09377627925336843,
  0.08939076012425311,
  0.0845899274701252,
  0.07939067659101275,
  0.07382800765108447,
  0.06795724221456112,
  0.061854844751657166,
  0.05561721985604614,
  0.04935700431741267,
  0.04390854026326631,
  0.038917501555876866,
  0.03407039048634809,
  0.02946135048990577,
  0.025172687440466184,
  0.021268362845491388,
  0.018500764559544233,
  0.016644033087494643,
  0.014832524633706235,
  0.013162494068380893,
  0.011662550327911081,
  0.01021749383912664,
  0.008892106565466261,
  0.007685501733603677,
  0.0066236225100932584,
  0.006209991656599527,
  0.005800107448655707,
  0.005421647590624201,
  0.004978592940079642,
  0.004519229671139213,
  0.003997927756531146,
  0.0031470386135244283,
  0.0020311681966915683,
  0.0016506384696074738,
  0.001392307046386451,
  0.0011692007886834087,
  0.0009837909040728823
 ],
 "sigmas": [
  0.125,
  0.1466825575005783,
  0.17212618139928368,
  0.20198326800364322,
  0.2370193785847929,
  0.27813286902412176,
  0.3263779244274524,
  0.38299158933399347,
  0.449425486597771,
  0.5273830382408234,
  0.6188631426527141,
  0.7262114280571627,
  0.8521803964285746,
  1.0,
  1.1734604600046263,
  1.3770094511942694,
  1.6158661440291457,
  1.8961550286783433,
  2.2250629521929746,
  2.61102339541962,
  3.0639327146719486,
  3.5954038927821688,
  4.219064305926588,
  4.950905141221715,
  5.8096914244572995,
  6.817443171428597,
  8.0,
  9.38768368003701,
  11.016075609554155,
  12.926929152233166,
  15.169240229426746,
  17.800503617543797,
  20.88818716335696,
  24.51146171737559,
  28.76323114225735,
  33.752514447412686,
  39.60724112977372,
  46.477531395658396,
  54.5395453714288,
  64.0
 ],
 "border_radii": [
  10,
  10,
  10,
  10,
  10,
  10,
  10,
  10,
  10,
  10,
  10,
  10,
  10,
  10,
  10,
  10,
  10,
  10,
  10,
  10,
  12,
  14,
  16,
  19,
  23,
  27,
  32,
  37,
  44,
  51,
  60,
  71,
  41,
  49,
  57,
  67,
  79,
  92,
  109,
  128
 ]
}