{
 "time": "181118_0452",
 "filename": "T-BN7725413.png",
 "alphas": [
  0.038332443004806774,
  0.039101649704891925,
  0.04008956169752065,
  0.041296357042455864,
  0.04276862487623489,
  0.04453695333530129,
  0.046585367156003386,
  0.049162842542855106,
  0.05237861010866517,
  0.05631777697260544,
  0.061202690757775485,
  0.06722077860845038,
  0.07366036636728354,
  0.07318489542289086,
  0.07305470175863694,
  0.07318399885414674,
  0.07396703468264972,
  0.07566857722705023,
  0.07856485581284037,
  0.08226032013293107,
  0.08766497166108086,
  0.09499967433868858,
  0.1019065805976059,
  0.10941238058719074,
  0.11989641093245718,
  0.13487804292165442,
  0.15627428802334234,
  0.18451485345375843,
  0.2256408915262244,
  0.27883751484835856,
  0.32111148462583494,
  0.3248925209453769,
  0.29634132282280157,
  0.3002351737395388,
  0.31036911209042584,
  0.309175000295512,
  0.3160831596103319,
  0.28904511787516485,
  0.26806506165260924,
  0.2537477922991893
 ],
 "betas": [
  0.5,
  0.5,
  0.5,
  0.5,
  0.5,
  0.5,
  0.5,
  0.5,
  0.5,
  0.5,
  0.5,
  0.5,
  0.5,
  0.5,
  0.5,
  0.5,
  0.5,
  0.5,
  0.5,
  0.5,
  0.5,
  0.5,
  0.5,
  0.5,
  0.5,
  0.5,
  0.5,
  0.5,
  0.5,
  0.5,
  0.5,
  0.5,
  0.5,
  0.5,
  0.5,
  0.5,
  0.5,
  0.5,
  0.5,
  0.5
 ],
 "gammas": [
  0.13464527402496324,
  0.1320780877758769,
  0.12914520659978299,
  0.12581012841093106,
  0.12203835273531034,
  0.11779983514625429,
  0.11307211554821314,
  0.10784408299568302,
  0.10212020083390856,
  0.09592481560035583,
  0.08930592486844015,
  0.08233753253539745,
  0.07514491417433004,
  0.06805206509274915,
  0.060918847464912114,
  0.053889581058782256,
  0.04711086292768227,
  0.04071844050497683,
  0.03482413302476295,
  0.02950558718886665,
  0.025004797610301922,
  0.022313886336322992,
  0.019749316978223946,
  0.01725329727518622,
  0.014898633676453542,
  0.012763122072523114,
  0.010890921889963849,
  0.009222800878356054,
  0.0077609671970156014,
  0.006497034056080176,
  0.005450674606972067,
  0.004558490408067032,
  0.0038205889432562663,
  0.0032452280632423933,
  0.0027741776543765066,
  0.0023868623301214103,
  0.0018883903164419718,
  0.0016698962931054149,
  0.0014574611241872113,
  0.0012569105576355846
 ],
 "sigmas": [
  0.125,
  0.1466825575005783,
  0.17212618139928368,
  0.20198326800364322,
  0.2370193785847929,
  0.27813286902412176,
  0.3263779244274524,
  0.38299158933399347,
  0.449425486597771,
  0.5273830382408234,
  0.6188631426527141,
  0.7262114280571627,
  0.8521803964285746,
  1.0,
  1.1734604600046263,
  1.3770094511942694,
  1.6158661440291457,
  1.8961550286783433,
  2.2250629521929746,
  2.61102339541962,
  3.0639327146719486,
  3.5954038927821688,
  4.219064305926588,
  4.950905141221715,
  5.8096914244572995,
  6.817443171428597,
  8.0,
  9.38768368003701,
  11.016075609554155,
  12.926929152233166,
  15.169240229426746,
  17.800503617543797,
  20.88818716335696,
  24.51146171737559,
  28.76323114225735,
  33.752514447412686,
  39.60724112977372,
  46.477531395658396,
  54.5395453714288,
  64.0
 ],
 "border_radii": [
  10,
  10,
  10,
  10,
  10,
  10,
  10,
  10,
  10,
  10,
  10,
  10,
  10,
  10,
  10,
  10,
  10,
  10,
  10,
  10,
  12,
  14,
  16,
  19,
  23,
  27,
  32,
  37,
  44,
  51,
  60,
  71,
  41,
  49,
  57,
  67,
  79,
  92,
  109,
  128
 ]
}