{
 "time": "181118_0551",
 "filename": "T-BN9323718.png",
 "alphas": [
  0.01282406083850291,
  0.013236085041937063,
  0.013737814883211597,
  0.014331186722126552,
  0.01508107530005361,
  0.01603718328954088,
  0.017222949513000487,
  0.01871382026840988,
  0.020488475362810652,
  0.022754243291132095,
  0.025711243057160202,
  0.027820437602416696,
  0.030571863592565446,
  0.03414436744360544,
  0.038629792724949555,
  0.044647342247272605,
  0.05191332114671675,
  0.059082578958269204,
  0.06839093448347759,
  0.07833648049578745,
  0.09125160687531322,
  0.10773271442132834,
  0.12818588822952767,
  0.1451379478824662,
  0.16336003689786088,
  0.18453864363027056,
  0.1855909623148099,
  0.18819591435590122,
  0.19695839558478778,
  0.2089007278593361,
  0.22390151511060624,
  0.23132816660012787,
  0.20726965908455852,
  0.21448319702908963,
  0.22544177983252023,
  0.23112209179378881,
  0.23778394859907687,
  0.25707387962616557,
  0.29735604155663314,
  0.30382388844402763
 ],
 "betas": [
  0.5,
  0.5,
  0.5,
  0.5,
  0.5,
  0.5,
  0.5,
  0.5,
  0.5,
  0.5,
  0.5,
  0.5,
  0.5,
  0.5,
  0.5,
  0.5,
  0.5,
  0.5,
  0.5,
  0.5,
  0.5,
  0.5,
  0.5,
  0.5,
  0.5,
  0.5,
  0.5,
  0.5,
  0.5,
  0.5,
  0.5,
  0.5,
  0.5,
  0.5,
  0.5,
  0.5,
  0.5,
  0.5,
  0.5,
  0.5
 ],
 "gammas": [
  0.08789592883325474,
  0.08590470757533657,
  0.0836447867404674,
  0.08125250415117963,
  0.0788751880008499,
  0.07619655640895717,
  0.07319909497130392,
  0.06987148761441499,
  0.06621124333850928,
  0.06222754309273162,
  0.05794402334739904,
  0.053401065913132616,
  0.04865703380476595,
  0.044316698030560826,
  0.04003601253290682,
  0.03576887753623046,
  0.031589497576092335,
  0.02756916325150776,
  0.023771390038891678,
  0.021194030189510698,
  0.018725178136574934,
  0.016426126373669907,
  0.014309610076409646,
  0.012584282225277535,
  0.011435625877565175,
  0.010201466085889167,
  0.008936927671435724,
  0.007763000019661999,
  0.0068996864415619705,
  0.006021648166396802,
  0.005165228669098189,
  0.004361310022327078,
  0.0036404915897011014,
  0.003042069150581542,
  0.0025626742991312263,
  0.002143383398654746,
  0.001774016192091309,
  0.0014718833687203615,
  0.0012398514758360766,
  0.001041506537958903
 ],
 "sigmas": [
  0.125,
  0.1466825575005783,
  0.17212618139928368,
  0.20198326800364322,
  0.2370193785847929,
  0.27813286902412176,
  0.3263779244274524,
  0.38299158933399347,
  0.449425486597771,
  0.5273830382408234,
  0.6188631426527141,
  0.7262114280571627,
  0.8521803964285746,
  1.0,
  1.1734604600046263,
  1.3770094511942694,
  1.6158661440291457,
  1.8961550286783433,
  2.2250629521929746,
  2.61102339541962,
  3.0639327146719486,
  3.5954038927821688,
  4.219064305926588,
  4.950905141221715,
  5.8096914244572995,
  6.817443171428597,
  8.0,
  9.38768368003701,
  11.016075609554155,
  12.926929152233166,
  15.169240229426746,
  17.800503617543797,
  20.88818716335696,
  24.51146171737559,
  28.76323114225735,
  33.752514447412686,
  39.60724112977372,
  46.477531395658396,
  54.5395453714288,
  64.0
 ],
 "border_radii": [
  10,
  10,
  10,
  10,
  10,
  10,
  10,
  10,
  10,
  10,
  10,
  10,
  10,
  10,
  10,
  10,
  10,
  10,
  10,
  10,
  12,
  14,
  16,
  19,
  23,
  27,
  32,
  37,
  44,
  51,
  60,
  71,
  41,
  49,
  57,
  67,
  79,
  92,
  109,
  128
 ]
}