{
 "time": "181118_0318",
 "filename": "T-BN4130351.png",
 "alphas": [
  0.09663199920411732,
  0.09878180941436603,
  0.10120621590075984,
  0.1031165358891057,
  0.10521291520372267,
  0.10781166883270626,
  0.11081154227205084,
  0.11484570895537463,
  0.11973147601070788,
  0.1255940359405759,
  0.13281421504582808,
  0.14106853896017224,
  0.15002294880909078,
  0.1616607823292361,
  0.1655910569332811,
  0.16516224719244604,
  0.16735313780133043,
  0.17181261818546534,
  0.17966589574983732,
  0.19217274674131665,
  0.21140598454625337,
  0.2376277506145727,
  0.2720165969108892,
  0.31776401225513823,
  0.34034946481261935,
  0.35079588711995047,
  0.34598548051030875,
  0.34572415647834814,
  0.34910189900959404,
  0.3553384873511799,
  0.3682832681801189,
  0.38798886090605345,
  0.386096049355088,
  0.41767705662902976,
  0.4233753563111978,
  0.43634483050155026,
  0.42531373504712455,
  0.4092081689142918,
  0.40405403706165277,
  0.4029771269850765
 ],
 "betas": [
  0.5,
  0.5,
  0.5,
  0.5,
  0.5,
  0.5,
  0.5,
  0.5,
  0.5,
  0.5,
  0.5,
  0.5,
  0.5,
  0.5,
  0.5,
  0.5,
  0.5,
  0.5,
  0.5,
  0.5,
  0.5,
  0.5,
  0.5,
  0.5,
  0.5,
  0.5,
  0.5,
  0.5,
  0.5,
  0.5,
  0.5,
  0.5,
  0.5,
  0.5,
  0.5,
  0.5,
  0.5,
  0.5,
  0.5,
  0.5
 ],
 "gammas": [
  0.07706512515934846,
  0.07574270366007829,
  0.07423144398857713,
  0.07251204622041975,
  0.07056591313340455,
  0.06837625779637004,
  0.06592951316151795,
  0.06321703135832618,
  0.060237007195653815,
  0.056996485252707216,
  0.053513217357361795,
  0.04981704233019346,
  0.045950391958801864,
  0.04196752894725878,
  0.03793223984899807,
  0.03391396490943429,
  0.03018928592965547,
  0.02691537324834214,
  0.023757382971032415,
  0.020768361057601558,
  0.017989620826726255,
  0.01544846270885768,
  0.013157624453146076,
  0.011225393579363032,
  0.009937103821536675,
  0.00869598212609992,
  0.007491416216978566,
  0.006398957701422634,
  0.005648380588767175,
  0.0049266444033497815,
  0.004389461165940272,
  0.003857759119689977,
  0.0033588490409342804,
  0.0028801723053474885,
  0.0024353396198873284,
  0.002094242635596388,
  0.0018249232905404387,
  0.0015589830022543815,
  0.0013067709907533588,
  0.001076042872818245
 ],
 "sigmas": [
  0.125,
  0.1466825575005783,
  0.17212618139928368,
  0.20198326800364322,
  0.2370193785847929,
  0.27813286902412176,
  0.3263779244274524,
  0.38299158933399347,
  0.449425486597771,
  0.5273830382408234,
  0.6188631426527141,
  0.7262114280571627,
  0.8521803964285746,
  1.0,
  1.1734604600046263,
  1.3770094511942694,
  1.6158661440291457,
  1.8961550286783433,
  2.2250629521929746,
  2.61102339541962,
  3.0639327146719486,
  3.5954038927821688,
  4.219064305926588,
  4.950905141221715,
  5.8096914244572995,
  6.817443171428597,
  8.0,
  9.38768368003701,
  11.016075609554155,
  12.926929152233166,
  15.169240229426746,
  17.800503617543797,
  20.88818716335696,
  24.51146171737559,
  28.76323114225735,
  33.752514447412686,
  39.60724112977372,
  46.477531395658396,
  54.5395453714288,
  64.0
 ],
 "border_radii": [
  10,
  10,
  10,
  10,
  10,
  10,
  10,
  10,
  10,
  10,
  10,
  10,
  10,
  10,
  10,
  10,
  10,
  10,
  10,
  10,
  12,
  14,
  16,
  19,
  23,
  27,
  32,
  37,
  44,
  51,
  60,
  71,
  41,
  49,
  57,
  67,
  79,
  92,
  109,
  128
 ]
}