{
 "time": "181118_0337",
 "filename": "T-BN5072928.png",
 "alphas": [
  0.04344036835932651,
  0.04428170113490695,
  0.04531772348246911,
  0.04645194111462074,
  0.04787589830845176,
  0.04945185925189957,
  0.05150238656995171,
  0.05392864991193461,
  0.05710348455810352,
  0.061070834586802215,
  0.06605881614503431,
  0.07235634070368757,
  0.08023411857220854,
  0.09097534880518554,
  0.10486655671358915,
  0.12310453115715289,
  0.14730792594033054,
  0.16112237994110418,
  0.16060506901987776,
  0.16213784416240973,
  0.16581636376645548,
  0.16263597363735166,
  0.15882333902685186,
  0.15738413782386879,
  0.15820187708728903,
  0.16329969513484724,
  0.17294762642639672,
  0.18553373342220023,
  0.20111568785896267,
  0.21966596265890603,
  0.2426575218982724,
  0.2290876090811056,
  0.21964685997725036,
  0.21077536241391162,
  0.20797051107895084,
  0.22458731353278716,
  0.19574625400823015,
  0.17015820172388937,
  0.14972409100045297,
  0.14463658474501428
 ],
 "betas": [
  0.5,
  0.5,
  0.5,
  0.5,
  0.5,
  0.5,
  0.5,
  0.5,
  0.5,
  0.5,
  0.5,
  0.5,
  0.5,
  0.5,
  0.5,
  0.5,
  0.5,
  0.5,
  0.5,
  0.5,
  0.5,
  0.5,
  0.5,
  0.5,
  0.5,
  0.5,
  0.5,
  0.5,
  0.5,
  0.5,
  0.5,
  0.5,
  0.5,
  0.5,
  0.5,
  0.5,
  0.5,
  0.5,
  0.5,
  0.5
 ],
 "gammas": [
  0.13669246111791433,
  0.13283859417822863,
  0.12850281375584438,
  0.12365830441877737,
  0.11828805068640605,
  0.11238875780142649,
  0.10597504253914261,
  0.09908348157234215,
  0.09177590944951029,
  0.08414118564246788,
  0.07629456973892862,
  0.06837394422224342,
  0.0605324869187299,
  0.053733463301560425,
  0.04838238980790976,
  0.043092257743479176,
  0.037957426119510765,
  0.03306412241406123,
  0.02854029901733164,
  0.02478485086979049,
  0.021334533908361257,
  0.018789573910279796,
  0.016924238401821584,
  0.015035972644201819,
  0.013195092915265935,
  0.011454893117567375,
  0.009872663644243464,
  0.008466050377035177,
  0.007208467696290986,
  0.006097224209799771,
  0.005124402860435914,
  0.004394908072868724,
  0.003844254665888498,
  0.0033284709324093004,
  0.0028562204877008736,
  0.002435410646467353,
  0.0020669087705911054,
  0.0017434118681700697,
  0.0014651239510456969,
  0.0012256071447125246
 ],
 "sigmas": [
  0.125,
  0.1466825575005783,
  0.17212618139928368,
  0.20198326800364322,
  0.2370193785847929,
  0.27813286902412176,
  0.3263779244274524,
  0.38299158933399347,
  0.449425486597771,
  0.5273830382408234,
  0.6188631426527141,
  0.7262114280571627,
  0.8521803964285746,
  1.0,
  1.1734604600046263,
  1.3770094511942694,
  1.6158661440291457,
  1.8961550286783433,
  2.2250629521929746,
  2.61102339541962,
  3.0639327146719486,
  3.5954038927821688,
  4.219064305926588,
  4.950905141221715,
  5.8096914244572995,
  6.817443171428597,
  8.0,
  9.38768368003701,
  11.016075609554155,
  12.926929152233166,
  15.169240229426746,
  17.800503617543797,
  20.88818716335696,
  24.51146171737559,
  28.76323114225735,
  33.752514447412686,
  39.60724112977372,
  46.477531395658396,
  54.5395453714288,
  64.0
 ],
 "border_radii": [
  10,
  10,
  10,
  10,
  10,
  10,
  10,
  10,
  10,
  10,
  10,
  10,
  10,
  10,
  10,
  10,
  10,
  10,
  10,
  10,
  12,
  14,
  16,
  19,
  23,
  27,
  32,
  37,
  44,
  51,
  60,
  71,
  41,
  49,
  57,
  67,
  79,
  92,
  109,
  128
 ]
}