{
 "time": "181118_0402",
 "filename": "T-BN6132495.png",
 "alphas": [
  0.050858148354182064,
  0.051886650775739396,
  0.05309797881197507,
  0.0545837434315126,
  0.05633061009034426,
  0.058447581314689426,
  0.06101986157229902,
  0.0640332950509039,
  0.06776012072638551,
  0.07232342662191613,
  0.0780493053989778,
  0.08451289268325887,
  0.09192028380683451,
  0.10110781496046292,
  0.1126812952515506,
  0.12771981653061398,
  0.1456879117688685,
  0.15565468667208415,
  0.16794965235746312,
  0.17636000485534564,
  0.1854037884287475,
  0.19810921922369576,
  0.2157099826274709,
  0.24111146940647732,
  0.2596462077906009,
  0.2643866193312298,
  0.2707069362819317,
  0.2785705187907495,
  0.2901797724111775,
  0.3061529643802549,
  0.3300980511607829,
  0.351727926280877,
  0.32286230305995334,
  0.3143741140340804,
  0.3054954010873525,
  0.3021143233690856,
  0.2996805659037624,
  0.3034846460877999,
  0.31749568500088055,
  0.3450214966244015
 ],
 "betas": [
  0.5,
  0.5,
  0.5,
  0.5,
  0.5,
  0.5,
  0.5,
  0.5,
  0.5,
  0.5,
  0.5,
  0.5,
  0.5,
  0.5,
  0.5,
  0.5,
  0.5,
  0.5,
  0.5,
  0.5,
  0.5,
  0.5,
  0.5,
  0.5,
  0.5,
  0.5,
  0.5,
  0.5,
  0.5,
  0.5,
  0.5,
  0.5,
  0.5,
  0.5,
  0.5,
  0.5,
  0.5,
  0.5,
  0.5,
  0.5
 ],
 "gammas": [
  0.0882222456936147,
  0.0861165353717005,
  0.08373073749458804,
  0.08104323456734529,
  0.07803609579553192,
  0.07469718014646158,
  0.07102258240971106,
  0.06701929041586799,
  0.06270781316013005,
  0.058255121034621694,
  0.05387892168456238,
  0.04935016579167726,
  0.04623143876523759,
  0.042900119267212454,
  0.03940181234457507,
  0.03579614204175294,
  0.03215358077134608,
  0.028550289923090322,
  0.02523188867846868,
  0.022551772796362404,
  0.019916458690893132,
  0.01738953809266172,
  0.015022708239577921,
  0.012853569403151768,
  0.011175246755463998,
  0.009782715933067194,
  0.008466482737707738,
  0.007249714536936661,
  0.006200839910766043,
  0.0054265196129555495,
  0.004684021917231378,
  0.003998378908096323,
  0.0035284181013526556,
  0.003116487580684273,
  0.002716311095949197,
  0.002346064404391253,
  0.0020102974706719917,
  0.001713224090338693,
  0.0014508188591899258,
  0.001224869468729197
 ],
 "sigmas": [
  0.125,
  0.1466825575005783,
  0.17212618139928368,
  0.20198326800364322,
  0.2370193785847929,
  0.27813286902412176,
  0.3263779244274524,
  0.38299158933399347,
  0.449425486597771,
  0.5273830382408234,
  0.6188631426527141,
  0.7262114280571627,
  0.8521803964285746,
  1.0,
  1.1734604600046263,
  1.3770094511942694,
  1.6158661440291457,
  1.8961550286783433,
  2.2250629521929746,
  2.61102339541962,
  3.0639327146719486,
  3.5954038927821688,
  4.219064305926588,
  4.950905141221715,
  5.8096914244572995,
  6.817443171428597,
  8.0,
  9.38768368003701,
  11.016075609554155,
  12.926929152233166,
  15.169240229426746,
  17.800503617543797,
  20.88818716335696,
  24.51146171737559,
  28.76323114225735,
  33.752514447412686,
  39.60724112977372,
  46.477531395658396,
  54.5395453714288,
  64.0
 ],
 "border_radii": [
  10,
  10,
  10,
  10,
  10,
  10,
  10,
  10,
  10,
  10,
  10,
  10,
  10,
  10,
  10,
  10,
  10,
  10,
  10,
  10,
  12,
  14,
  16,
  19,
  23,
  27,
  32,
  37,
  44,
  51,
  60,
  71,
  41,
  49,
  57,
  67,
  79,
  92,
  109,
  128
 ]
}