{
 "time": "181118_0416",
 "filename": "T-BN6498420.png",
 "alphas": [
  0.04110734618745813,
  0.042246362509096004,
  0.04373959944378071,
  0.04542429430709012,
  0.04751851955122316,
  0.04998734082696901,
  0.052945701806558734,
  0.05676233912643315,
  0.061394781973850884,
  0.06696800144981482,
  0.07397161639338068,
  0.0828310595414721,
  0.09404644887104475,
  0.108532180642265,
  0.12091012052729888,
  0.13235797214493641,
  0.14698079167872588,
  0.16114922792012,
  0.17474300450568034,
  0.18637082996416687,
  0.20169519325353769,
  0.22060734208472252,
  0.23528442758037024,
  0.2480422845392059,
  0.26571393129795023,
  0.2714911604236667,
  0.2810064852890958,
  0.29375920529377264,
  0.30810285642729435,
  0.32632386085399784,
  0.3415169650912153,
  0.34811925838760965,
  0.3291946388940668,
  0.3434022494950726,
  0.3505623676268246,
  0.33248438175529904,
  0.3216497234495144,
  0.3204538505591715,
  0.32865646809261284,
  0.3403111911223089
 ],
 "betas": [
  0.5,
  0.5,
  0.5,
  0.5,
  0.5,
  0.5,
  0.5,
  0.5,
  0.5,
  0.5,
  0.5,
  0.5,
  0.5,
  0.5,
  0.5,
  0.5,
  0.5,
  0.5,
  0.5,
  0.5,
  0.5,
  0.5,
  0.5,
  0.5,
  0.5,
  0.5,
  0.5,
  0.5,
  0.5,
  0.5,
  0.5,
  0.5,
  0.5,
  0.5,
  0.5,
  0.5,
  0.5,
  0.5,
  0.5,
  0.5
 ],
 "gammas": [
  0.11691155718918884,
  0.11370110657662491,
  0.11007799552698617,
  0.10601534205951937,
  0.10211046033981971,
  0.09826059030628419,
  0.09401055701402382,
  0.089363100933773,
  0.08433534997885594,
  0.07896139652807865,
  0.07329400176737451,
  0.06777515478483609,
  0.062164495728623204,
  0.05645836544867606,
  0.05075387646391438,
  0.045151195274769754,
  0.039745745455339536,
  0.03482456677468089,
  0.030619106885844474,
  0.026876628116974555,
  0.023332419080077813,
  0.020195930860449175,
  0.01800832427472673,
  0.015959289584894308,
  0.014040904215926145,
  0.012254757829583279,
  0.010614594633909053,
  0.009125162041647756,
  0.0077852915775283495,
  0.006590544827374857,
  0.005534972759273959,
  0.004611879694039076,
  0.0038138078290954926,
  0.0031321709877692827,
  0.002723559826994695,
  0.0023918525925057,
  0.0020974353724058053,
  0.001823448375801018,
  0.001580042455485025,
  0.0013545829886443834
 ],
 "sigmas": [
  0.125,
  0.1466825575005783,
  0.17212618139928368,
  0.20198326800364322,
  0.2370193785847929,
  0.27813286902412176,
  0.3263779244274524,
  0.38299158933399347,
  0.449425486597771,
  0.5273830382408234,
  0.6188631426527141,
  0.7262114280571627,
  0.8521803964285746,
  1.0,
  1.1734604600046263,
  1.3770094511942694,
  1.6158661440291457,
  1.8961550286783433,
  2.2250629521929746,
  2.61102339541962,
  3.0639327146719486,
  3.5954038927821688,
  4.219064305926588,
  4.950905141221715,
  5.8096914244572995,
  6.817443171428597,
  8.0,
  9.38768368003701,
  11.016075609554155,
  12.926929152233166,
  15.169240229426746,
  17.800503617543797,
  20.88818716335696,
  24.51146171737559,
  28.76323114225735,
  33.752514447412686,
  39.60724112977372,
  46.477531395658396,
  54.5395453714288,
  64.0
 ],
 "border_radii": [
  10,
  10,
  10,
  10,
  10,
  10,
  10,
  10,
  10,
  10,
  10,
  10,
  10,
  10,
  10,
  10,
  10,
  10,
  10,
  10,
  12,
  14,
  16,
  19,
  23,
  27,
  32,
  37,
  44,
  51,
  60,
  71,
  41,
  49,
  57,
  67,
  79,
  92,
  109,
  128
 ]
}