{
 "time": "181118_0251",
 "filename": "T-BN2958557.png",
 "alphas": [
  0.03594930759349816,
  0.0363648558830782,
  0.036905041299967634,
  0.03751489457583065,
  0.038352119007027896,
  0.03933251961208268,
  0.040479963510474636,
  0.04187880824505281,
  0.043548598149015835,
  0.0456446079886349,
  0.04810329606219642,
  0.05125609183012426,
  0.055134333289504796,
  0.05962619058911286,
  0.06541294744774034,
  0.0718369992176308,
  0.07983189118055058,
  0.09028729977779301,
  0.10416323704965516,
  0.1222303992269351,
  0.14127028307660283,
  0.14581499340669546,
  0.1533054385192129,
  0.1638401233826479,
  0.1759877402029202,
  0.18740304509076422,
  0.20142824282784066,
  0.21652101206387223,
  0.23149979119806152,
  0.23085741886837977,
  0.2373470043735948,
  0.2525067533674585,
  0.2504470533275622,
  0.27975631331919687,
  0.2970555014299688,
  0.299791250500346,
  0.30758922302908803,
  0.31848102126800554,
  0.3329951017360034,
  0.3557033583646245
 ],
 "betas": [
  0.5,
  0.5,
  0.5,
  0.5,
  0.5,
  0.5,
  0.5,
  0.5,
  0.5,
  0.5,
  0.5,
  0.5,
  0.5,
  0.5,
  0.5,
  0.5,
  0.5,
  0.5,
  0.5,
  0.5,
  0.5,
  0.5,
  0.5,
  0.5,
  0.5,
  0.5,
  0.5,
  0.5,
  0.5,
  0.5,
  0.5,
  0.5,
  0.5,
  0.5,
  0.5,
  0.5,
  0.5,
  0.5,
  0.5,
  0.5
 ],
 "gammas": [
  0.07730966094929916,
  0.07552144757304782,
  0.07350014637151046,
  0.07122917305330353,
  0.06869535640347152,
  0.06589062771870258,
  0.0628139083007504,
  0.05947305580462773,
  0.055886648596230284,
  0.052085306575328005,
  0.048112191672772094,
  0.044156842894522035,
  0.04139714369481176,
  0.03849205714824287,
  0.03553076056991366,
  0.032483418611095535,
  0.029319517281729678,
  0.026110311442938034,
  0.023049299701349748,
  0.020102998172618892,
  0.017520730868916617,
  0.015585683058999279,
  0.013677671885086912,
  0.011842505765941832,
  0.010195844502974722,
  0.008781751676531993,
  0.007463986379698807,
  0.00626482341767554,
  0.005256661316685056,
  0.004548569388823341,
  0.004051715132368063,
  0.0035431096611376095,
  0.0030799713424140003,
  0.002629122835293098,
  0.0023638216702008916,
  0.002104771677562869,
  0.00184115339188957,
  0.001581263340239195,
  0.001331812723507097,
  0.0011007020651376117
 ],
 "sigmas": [
  0.125,
  0.1466825575005783,
  0.17212618139928368,
  0.20198326800364322,
  0.2370193785847929,
  0.27813286902412176,
  0.3263779244274524,
  0.38299158933399347,
  0.449425486597771,
  0.5273830382408234,
  0.6188631426527141,
  0.7262114280571627,
  0.8521803964285746,
  1.0,
  1.1734604600046263,
  1.3770094511942694,
  1.6158661440291457,
  1.8961550286783433,
  2.2250629521929746,
  2.61102339541962,
  3.0639327146719486,
  3.5954038927821688,
  4.219064305926588,
  4.950905141221715,
  5.8096914244572995,
  6.817443171428597,
  8.0,
  9.38768368003701,
  11.016075609554155,
  12.926929152233166,
  15.169240229426746,
  17.800503617543797,
  20.88818716335696,
  24.51146171737559,
  28.76323114225735,
  33.752514447412686,
  39.60724112977372,
  46.477531395658396,
  54.5395453714288,
  64.0
 ],
 "border_radii": [
  10,
  10,
  10,
  10,
  10,
  10,
  10,
  10,
  10,
  10,
  10,
  10,
  10,
  10,
  10,
  10,
  10,
  10,
  10,
  10,
  12,
  14,
  16,
  19,
  23,
  27,
  32,
  37,
  44,
  51,
  60,
  71,
  41,
  49,
  57,
  67,
  79,
  92,
  109,
  128
 ]
}