{
 "time": "181118_0249",
 "filename": "T-BN2899857.png",
 "alphas": [
  0.03889397106387119,
  0.03996558483166564,
  0.041293690383678784,
  0.04294951304918655,
  0.04496192378729852,
  0.04744942863524061,
  0.050501102565460296,
  0.054248624439052505,
  0.0588332548155638,
  0.0646085188003616,
  0.07198247555170757,
  0.07753150402598877,
  0.0818530568218139,
  0.08762575693902613,
  0.09485670643892109,
  0.10415464699486442,
  0.11577465798101225,
  0.12887765284912622,
  0.14459374122994403,
  0.16051905443847725,
  0.1602308740092946,
  0.1604528215714609,
  0.16063184505902037,
  0.15814105443181412,
  0.1566597284174523,
  0.1562649424722884,
  0.15785962035159384,
  0.15962998829107417,
  0.1616953999582082,
  0.1615871272592726,
  0.1623034930468384,
  0.16400073069701715,
  0.1547597172734038,
  0.1515916008457504,
  0.14240128866955842,
  0.13128208822011028,
  0.12413502402388692,
  0.11971770517956407,
  0.1192431687581254,
  0.12095273616757815
 ],
 "betas": [
  0.5,
  0.5,
  0.5,
  0.5,
  0.5,
  0.5,
  0.5,
  0.5,
  0.5,
  0.5,
  0.5,
  0.5,
  0.5,
  0.5,
  0.5,
  0.5,
  0.5,
  0.5,
  0.5,
  0.5,
  0.5,
  0.5,
  0.5,
  0.5,
  0.5,
  0.5,
  0.5,
  0.5,
  0.5,
  0.5,
  0.5,
  0.5,
  0.5,
  0.5,
  0.5,
  0.5,
  0.5,
  0.5,
  0.5,
  0.5
 ],
 "gammas": [
  0.12278356159763563,
  0.12035984633325139,
  0.11760291932813731,
  0.11448311844013133,
  0.11097367177583922,
  0.10705292379999871,
  0.1027070094741967,
  0.09793286957334063,
  0.09274138291163503,
  0.08716024827440251,
  0.08123610581220489,
  0.07503529334296645,
  0.06864265774688896,
  0.062158057626487545,
  0.05569063021486262,
  0.04946544104989678,
  0.043589487425832844,
  0.03785107801756957,
  0.03238536496027979,
  0.027310447180159222,
  0.02317130730842396,
  0.020809166629353535,
  0.01844021215631845,
  0.016131767267203678,
  0.013990884823161921,
  0.01207376865802774,
  0.010303995456870841,
  0.008732411508491354,
  0.007371118252577636,
  0.006431369297530741,
  0.005493317686958232,
  0.004592797925559206,
  0.0037546955954146062,
  0.0029952134805479426,
  0.0024535943263608736,
  0.0020702548238303213,
  0.001733847844450504,
  0.0014365350421351967,
  0.0011738474584800033,
  0.0009430893925756107
 ],
 "sigmas": [
  0.125,
  0.1466825575005783,
  0.17212618139928368,
  0.20198326800364322,
  0.2370193785847929,
  0.27813286902412176,
  0.3263779244274524,
  0.38299158933399347,
  0.449425486597771,
  0.5273830382408234,
  0.6188631426527141,
  0.7262114280571627,
  0.8521803964285746,
  1.0,
  1.1734604600046263,
  1.3770094511942694,
  1.6158661440291457,
  1.8961550286783433,
  2.2250629521929746,
  2.61102339541962,
  3.0639327146719486,
  3.5954038927821688,
  4.219064305926588,
  4.950905141221715,
  5.8096914244572995,
  6.817443171428597,
  8.0,
  9.38768368003701,
  11.016075609554155,
  12.926929152233166,
  15.169240229426746,
  17.800503617543797,
  20.88818716335696,
  24.51146171737559,
  28.76323114225735,
  33.752514447412686,
  39.60724112977372,
  46.477531395658396,
  54.5395453714288,
  64.0
 ],
 "border_radii": [
  10,
  10,
  10,
  10,
  10,
  10,
  10,
  10,
  10,
  10,
  10,
  10,
  10,
  10,
  10,
  10,
  10,
  10,
  10,
  10,
  12,
  14,
  16,
  19,
  23,
  27,
  32,
  37,
  44,
  51,
  60,
  71,
  41,
  49,
  57,
  67,
  79,
  92,
  109,
  128
 ]
}