{
 "time": "181118_0507",
 "filename": "T-BN7957558.png",
 "alphas": [
  0.0687939523359436,
  0.07032713798554663,
  0.07209889169250705,
  0.07411185265127954,
  0.07681087935290914,
  0.07956581385357173,
  0.08272244129599378,
  0.08647280957311812,
  0.08875946775621278,
  0.08998798146705847,
  0.09162978529159577,
  0.09391729939246088,
  0.09693256860053577,
  0.10065640232063822,
  0.10547467882973836,
  0.11173955144335639,
  0.11992138966326801,
  0.12918674591960472,
  0.14007080838984073,
  0.15313068653188328,
  0.16976198738221027,
  0.18940326367755203,
  0.2106952129512128,
  0.22202961534642196,
  0.22666751116639863,
  0.23126489049300947,
  0.23809505499838385,
  0.24698478699048818,
  0.2500295313606933,
  0.2562391946196335,
  0.26671667030889756,
  0.2867856955297948,
  0.2834654436522711,
  0.31139443505108044,
  0.3379399874021232,
  0.3345545428883862,
  0.3366986026848826,
  0.3416518434720042,
  0.33498032090486796,
  0.33468729374876777
 ],
 "betas": [
  0.5,
  0.5,
  0.5,
  0.5,
  0.5,
  0.5,
  0.5,
  0.5,
  0.5,
  0.5,
  0.5,
  0.5,
  0.5,
  0.5,
  0.5,
  0.5,
  0.5,
  0.5,
  0.5,
  0.5,
  0.5,
  0.5,
  0.5,
  0.5,
  0.5,
  0.5,
  0.5,
  0.5,
  0.5,
  0.5,
  0.5,
  0.5,
  0.5,
  0.5,
  0.5,
  0.5,
  0.5,
  0.5,
  0.5,
  0.5
 ],
 "gammas": [
  0.08956030748987008,
  0.08722120698555666,
  0.084588146125595,
  0.08164406788609478,
  0.07837755869914208,
  0.07478513845569831,
  0.07087370453127974,
  0.06698342912800932,
  0.06296539102458018,
  0.059644657508019,
  0.056044072703487824,
  0.052467027536175326,
  0.04941263920671053,
  0.04607630271985969,
  0.04250135987809651,
  0.038749635907927224,
  0.034897940429418225,
  0.031031930080264312,
  0.027238249439294152,
  0.02359640833352481,
  0.020171967693241276,
  0.0170557865167005,
  0.014236157659350344,
  0.011708630493530906,
  0.010430153698779919,
  0.009396092308623167,
  0.008314746210101564,
  0.007163477795617675,
  0.006137367486197978,
  0.005203709717575612,
  0.004419831802302505,
  0.0037230054983028752,
  0.003133590850195988,
  0.0026435083347359925,
  0.0022259238990509577,
  0.0018625364653562502,
  0.0016492915586284363,
  0.0014340945698854905,
  0.0012601863427279835,
  0.0010800621835724221
 ],
 "sigmas": [
  0.125,
  0.1466825575005783,
  0.17212618139928368,
  0.20198326800364322,
  0.2370193785847929,
  0.27813286902412176,
  0.3263779244274524,
  0.38299158933399347,
  0.449425486597771,
  0.5273830382408234,
  0.6188631426527141,
  0.7262114280571627,
  0.8521803964285746,
  1.0,
  1.1734604600046263,
  1.3770094511942694,
  1.6158661440291457,
  1.8961550286783433,
  2.2250629521929746,
  2.61102339541962,
  3.0639327146719486,
  3.5954038927821688,
  4.219064305926588,
  4.950905141221715,
  5.8096914244572995,
  6.817443171428597,
  8.0,
  9.38768368003701,
  11.016075609554155,
  12.926929152233166,
  15.169240229426746,
  17.800503617543797,
  20.88818716335696,
  24.51146171737559,
  28.76323114225735,
  33.752514447412686,
  39.60724112977372,
  46.477531395658396,
  54.5395453714288,
  64.0
 ],
 "border_radii": [
  10,
  10,
  10,
  10,
  10,
  10,
  10,
  10,
  10,
  10,
  10,
  10,
  10,
  10,
  10,
  10,
  10,
  10,
  10,
  10,
  12,
  14,
  16,
  19,
  23,
  27,
  32,
  37,
  44,
  51,
  60,
  71,
  41,
  49,
  57,
  67,
  79,
  92,
  109,
  128
 ]
}