{
 "time": "181118_0257",
 "filename": "T-BN3236159.png",
 "alphas": [
  0.020252357855530128,
  0.020691507774034567,
  0.02116648975940058,
  0.021728579752348397,
  0.02248220000052601,
  0.02338105398999249,
  0.024499931151837177,
  0.025932288481206402,
  0.02767957787600548,
  0.02993440238060835,
  0.03280659038035583,
  0.03650440433619138,
  0.0413166348207952,
  0.047632169788524074,
  0.05603681088109072,
  0.06229199144337737,
  0.0688100594769192,
  0.07757413859402128,
  0.08906775845903728,
  0.10405492960713553,
  0.12345041663553409,
  0.14696591319841934,
  0.17684797758890808,
  0.185544085382923,
  0.19335294999884958,
  0.1758471171910593,
  0.16446178284305774,
  0.1590170103718686,
  0.16764842250367415,
  0.18457527044387997,
  0.2764593864492767,
  0.2871285116848937,
  0.2739011218664088,
  0.27670805683805827,
  0.28130717930369253,
  0.27102695203603466,
  0.26487365826365056,
  0.26235347735609443,
  0.2665945207514251,
  0.27858643074888245
 ],
 "betas": [
  0.5,
  0.5,
  0.5,
  0.5,
  0.5,
  0.5,
  0.5,
  0.5,
  0.5,
  0.5,
  0.5,
  0.5,
  0.5,
  0.5,
  0.5,
  0.5,
  0.5,
  0.5,
  0.5,
  0.5,
  0.5,
  0.5,
  0.5,
  0.5,
  0.5,
  0.5,
  0.5,
  0.5,
  0.5,
  0.5,
  0.5,
  0.5,
  0.5,
  0.5,
  0.5,
  0.5,
  0.5,
  0.5,
  0.5,
  0.5
 ],
 "gammas": [
  0.14096186636939342,
  0.1377316503145036,
  0.1340685539479515,
  0.12993780955248138,
  0.12530974047861518,
  0.12016284928331658,
  0.11448743018187495,
  0.10828952713291523,
  0.1015949074845638,
  0.09445254682544277,
  0.08693695615785188,
  0.07914858286997803,
  0.07121155520304386,
  0.06326828795376431,
  0.0554709602303462,
  0.04906402936336159,
  0.04383739267734026,
  0.038888439491909364,
  0.03402853908227487,
  0.029375263889749058,
  0.025029663219616426,
  0.021413861056926352,
  0.018690200356953856,
  0.017203217008682773,
  0.01559896882690072,
  0.013967018960337753,
  0.012274933774589375,
  0.010604024213158572,
  0.009019041991610839,
  0.007575840719759981,
  0.0062975437274339465,
  0.005281081812736489,
  0.004466408678461301,
  0.0037677709886177295,
  0.0031246302126952384,
  0.00254542276304229,
  0.002042685823427821,
  0.0017644928069072178,
  0.0014999379245733847,
  0.0012511964535013298
 ],
 "sigmas": [
  0.125,
  0.1466825575005783,
  0.17212618139928368,
  0.20198326800364322,
  0.2370193785847929,
  0.27813286902412176,
  0.3263779244274524,
  0.38299158933399347,
  0.449425486597771,
  0.5273830382408234,
  0.6188631426527141,
  0.7262114280571627,
  0.8521803964285746,
  1.0,
  1.1734604600046263,
  1.3770094511942694,
  1.6158661440291457,
  1.8961550286783433,
  2.2250629521929746,
  2.61102339541962,
  3.0639327146719486,
  3.5954038927821688,
  4.219064305926588,
  4.950905141221715,
  5.8096914244572995,
  6.817443171428597,
  8.0,
  9.38768368003701,
  11.016075609554155,
  12.926929152233166,
  15.169240229426746,
  17.800503617543797,
  20.88818716335696,
  24.51146171737559,
  28.76323114225735,
  33.752514447412686,
  39.60724112977372,
  46.477531395658396,
  54.5395453714288,
  64.0
 ],
 "border_radii": [
  10,
  10,
  10,
  10,
  10,
  10,
  10,
  10,
  10,
  10,
  10,
  10,
  10,
  10,
  10,
  10,
  10,
  10,
  10,
  10,
  12,
  14,
  16,
  19,
  23,
  27,
  32,
  37,
  44,
  51,
  60,
  71,
  41,
  49,
  57,
  67,
  79,
  92,
  109,
  128
 ]
}