{
 "time": "181118_0303",
 "filename": "T-BN3633640.png",
 "alphas": [
  0.03764507560824297,
  0.039514430133622505,
  0.0417248135016016,
  0.044474135940554896,
  0.04787280454267633,
  0.05220497679793319,
  0.057708941140831034,
  0.06495994924396345,
  0.06930563093689174,
  0.0726243945433689,
  0.07672529110909039,
  0.08150496560759153,
  0.08792384687826835,
  0.09577597945543576,
  0.10598053127843646,
  0.11846420522994847,
  0.13378755437998732,
  0.1444055214984337,
  0.15370012516999595,
  0.16326182875191406,
  0.16755765619287383,
  0.17457053029272782,
  0.18405704876900464,
  0.19033747057300165,
  0.20049519257272233,
  0.21511462736273188,
  0.23337523820677383,
  0.24670883979323788,
  0.26581039495259007,
  0.27209352978835577,
  0.27445074749463494,
  0.28274901238772143,
  0.2794630417476145,
  0.2899394722772437,
  0.29902232615867513,
  0.2797471963977566,
  0.2568945869909083,
  0.24559284886215604,
  0.24668526214319492,
  0.2564711170796799
 ],
 "betas": [
  0.5,
  0.5,
  0.5,
  0.5,
  0.5,
  0.5,
  0.5,
  0.5,
  0.5,
  0.5,
  0.5,
  0.5,
  0.5,
  0.5,
  0.5,
  0.5,
  0.5,
  0.5,
  0.5,
  0.5,
  0.5,
  0.5,
  0.5,
  0.5,
  0.5,
  0.5,
  0.5,
  0.5,
  0.5,
  0.5,
  0.5,
  0.5,
  0.5,
  0.5,
  0.5,
  0.5,
  0.5,
  0.5,
  0.5,
  0.5
 ],
 "gammas": [
  0.10572533626240499,
  0.10303021650421211,
  0.0999788574606659,
  0.09654447980158916,
  0.09270521500634422,
  0.0884467956325414,
  0.08376566649611242,
  0.0786723463941719,
  0.07319473790814038,
  0.06738093412612418,
  0.06130093560128129,
  0.05504661679236732,
  0.04872933000964548,
  0.04247476353639006,
  0.03761720501106034,
  0.03300607267771637,
  0.02858981397671904,
  0.02513827609069496,
  0.022703888809292465,
  0.020399800678265557,
  0.018053388527226634,
  0.015728295981846288,
  0.01348481493501276,
  0.011617094073727092,
  0.010493502421241132,
  0.009352799944956266,
  0.008221275963622963,
  0.007125746865380795,
  0.006076910492639274,
  0.005089742879323378,
  0.00417743765403218,
  0.003567602192337639,
  0.0031106999661028403,
  0.0026617161527553402,
  0.002232838153612635,
  0.001914348199066333,
  0.001738205568343206,
  0.0015501274532183898,
  0.001358385808782228,
  0.0011666832993205115
 ],
 "sigmas": [
  0.125,
  0.1466825575005783,
  0.17212618139928368,
  0.20198326800364322,
  0.2370193785847929,
  0.27813286902412176,
  0.3263779244274524,
  0.38299158933399347,
  0.449425486597771,
  0.5273830382408234,
  0.6188631426527141,
  0.7262114280571627,
  0.8521803964285746,
  1.0,
  1.1734604600046263,
  1.3770094511942694,
  1.6158661440291457,
  1.8961550286783433,
  2.2250629521929746,
  2.61102339541962,
  3.0639327146719486,
  3.5954038927821688,
  4.219064305926588,
  4.950905141221715,
  5.8096914244572995,
  6.817443171428597,
  8.0,
  9.38768368003701,
  11.016075609554155,
  12.926929152233166,
  15.169240229426746,
  17.800503617543797,
  20.88818716335696,
  24.51146171737559,
  28.76323114225735,
  33.752514447412686,
  39.60724112977372,
  46.477531395658396,
  54.5395453714288,
  64.0
 ],
 "border_radii": [
  10,
  10,
  10,
  10,
  10,
  10,
  10,
  10,
  10,
  10,
  10,
  10,
  10,
  10,
  10,
  10,
  10,
  10,
  10,
  10,
  12,
  14,
  16,
  19,
  23,
  27,
  32,
  37,
  44,
  51,
  60,
  71,
  41,
  49,
  57,
  67,
  79,
  92,
  109,
  128
 ]
}