{
 "time": "181118_0202",
 "filename": "T-BN1479814.png",
 "alphas": [
  0.04130094832445111,
  0.04200935359072358,
  0.04284425592061457,
  0.04389730844322072,
  0.04513765018225548,
  0.04673658023681568,
  0.048580040994279025,
  0.050931574812819194,
  0.05374846877795635,
  0.05721137319760905,
  0.061655738577278144,
  0.06701741207679485,
  0.07120277716552434,
  0.07642836068970435,
  0.08322955737247895,
  0.09221860273341446,
  0.10361249194249492,
  0.11803375101088578,
  0.13266137657666846,
  0.13577134023800833,
  0.14031619305029314,
  0.14767149225558643,
  0.15761726072191368,
  0.17148369176371037,
  0.17746576999021618,
  0.17859046225485514,
  0.18711641070039622,
  0.2044062668214746,
  0.231207550872506,
  0.2525725780113909,
  0.2803187343140201,
  0.27629181066626246,
  0.25786457074537966,
  0.25218691966707535,
  0.252456550127114,
  0.260135101906827,
  0.27617094691992466,
  0.2854620902751492,
  0.28276858886942446,
  0.28833607425276603
 ],
 "betas": [
  0.5,
  0.5,
  0.5,
  0.5,
  0.5,
  0.5,
  0.5,
  0.5,
  0.5,
  0.5,
  0.5,
  0.5,
  0.5,
  0.5,
  0.5,
  0.5,
  0.5,
  0.5,
  0.5,
  0.5,
  0.5,
  0.5,
  0.5,
  0.5,
  0.5,
  0.5,
  0.5,
  0.5,
  0.5,
  0.5,
  0.5,
  0.5,
  0.5,
  0.5,
  0.5,
  0.5,
  0.5,
  0.5,
  0.5,
  0.5
 ],
 "gammas": [
  0.13936457046717396,
  0.1351998360907389,
  0.13050575910846948,
  0.12525021227239116,
  0.12020380864397161,
  0.11521153932886152,
  0.10971887801661101,
  0.10373514083043271,
  0.09728877988423656,
  0.09043038070460549,
  0.08323443334628215,
  0.07579918724426205,
  0.06824398047601295,
  0.060703708382448554,
  0.053320577612438934,
  0.04937346970546028,
  0.045217284774972055,
  0.04084391978739202,
  0.03636921183432145,
  0.03202545111257292,
  0.027855430996295852,
  0.023915286694838948,
  0.020685358722059642,
  0.018379470735956978,
  0.01628137026356871,
  0.014362744725056819,
  0.01265623071327112,
  0.011163931161877822,
  0.009772119738374219,
  0.008486858229654897,
  0.007327545607772615,
  0.006322651729883557,
  0.005403842115523876,
  0.00460968785389165,
  0.003924317118151868,
  0.003318149743058743,
  0.0028129831981292923,
  0.0023788699168476525,
  0.0020068049717265985,
  0.0016931042208005733
 ],
 "sigmas": [
  0.125,
  0.1466825575005783,
  0.17212618139928368,
  0.20198326800364322,
  0.2370193785847929,
  0.27813286902412176,
  0.3263779244274524,
  0.38299158933399347,
  0.449425486597771,
  0.5273830382408234,
  0.6188631426527141,
  0.7262114280571627,
  0.8521803964285746,
  1.0,
  1.1734604600046263,
  1.3770094511942694,
  1.6158661440291457,
  1.8961550286783433,
  2.2250629521929746,
  2.61102339541962,
  3.0639327146719486,
  3.5954038927821688,
  4.219064305926588,
  4.950905141221715,
  5.8096914244572995,
  6.817443171428597,
  8.0,
  9.38768368003701,
  11.016075609554155,
  12.926929152233166,
  15.169240229426746,
  17.800503617543797,
  20.88818716335696,
  24.51146171737559,
  28.76323114225735,
  33.752514447412686,
  39.60724112977372,
  46.477531395658396,
  54.5395453714288,
  64.0
 ],
 "border_radii": [
  10,
  10,
  10,
  10,
  10,
  10,
  10,
  10,
  10,
  10,
  10,
  10,
  10,
  10,
  10,
  10,
  10,
  10,
  10,
  10,
  12,
  14,
  16,
  19,
  23,
  27,
  32,
  37,
  44,
  51,
  60,
  71,
  41,
  49,
  57,
  67,
  79,
  92,
  109,
  128
 ]
}