{
 "time": "181118_0603",
 "filename": "T-BN9730834.png",
 "alphas": [
  0.056601758637339225,
  0.05762959508260561,
  0.058838093806984584,
  0.06023069138382522,
  0.0617565439093161,
  0.06375986993403167,
  0.06595596295592614,
  0.06863883090015047,
  0.07203789424329755,
  0.07481823508512041,
  0.07771512875697315,
  0.08173656603669642,
  0.08671080868019444,
  0.09295107066820607,
  0.10042876364204312,
  0.1096699901116788,
  0.12116365383097613,
  0.13567414931745858,
  0.15389045328697787,
  0.16680806869454928,
  0.17213559946671603,
  0.17939203534181836,
  0.17938186772336526,
  0.17223481989699116,
  0.1681366053210981,
  0.1640694579504175,
  0.16132894459815733,
  0.16032648448797582,
  0.1630944593060736,
  0.16542825490991514,
  0.1703592032273875,
  0.179234240604911,
  0.17271747338758228,
  0.1865897741763593,
  0.20044181806341424,
  0.22077257333143643,
  0.244099991624327,
  0.27031073282820994,
  0.2793546576972925,
  0.27265341315568936
 ],
 "betas": [
  0.5,
  0.5,
  0.5,
  0.5,
  0.5,
  0.5,
  0.5,
  0.5,
  0.5,
  0.5,
  0.5,
  0.5,
  0.5,
  0.5,
  0.5,
  0.5,
  0.5,
  0.5,
  0.5,
  0.5,
  0.5,
  0.5,
  0.5,
  0.5,
  0.5,
  0.5,
  0.5,
  0.5,
  0.5,
  0.5,
  0.5,
  0.5,
  0.5,
  0.5,
  0.5,
  0.5,
  0.5,
  0.5,
  0.5,
  0.5
 ],
 "gammas": [
  0.10704045240931297,
  0.1042506214643028,
  0.10109354050440665,
  0.09754211115374377,
  0.09357446885225308,
  0.08917677585500375,
  0.08434643756849154,
  0.07909556047445471,
  0.07345433343818479,
  0.06747386148970459,
  0.061227842720062195,
  0.057839634470874306,
  0.05467830581459028,
  0.051272960175784726,
  0.04765866357687824,
  0.04388422092583096,
  0.04024760839471174,
  0.037159961289265235,
  0.03390298520508511,
  0.03055392460185251,
  0.027194894863571507,
  0.02390555919436139,
  0.02076278783111852,
  0.017903072203884558,
  0.015257791254415145,
  0.013336796477598771,
  0.011725142760124993,
  0.010214970304473246,
  0.008825412163645647,
  0.007565382227886746,
  0.006435971689361807,
  0.005435656683106674,
  0.004555767741191555,
  0.0037839118340804515,
  0.00311183287952441,
  0.0025320845476437858,
  0.002038248817686942,
  0.0016279299095567118,
  0.0012928562652861119,
  0.001035163535728075
 ],
 "sigmas": [
  0.125,
  0.1466825575005783,
  0.17212618139928368,
  0.20198326800364322,
  0.2370193785847929,
  0.27813286902412176,
  0.3263779244274524,
  0.38299158933399347,
  0.449425486597771,
  0.5273830382408234,
  0.6188631426527141,
  0.7262114280571627,
  0.8521803964285746,
  1.0,
  1.1734604600046263,
  1.3770094511942694,
  1.6158661440291457,
  1.8961550286783433,
  2.2250629521929746,
  2.61102339541962,
  3.0639327146719486,
  3.5954038927821688,
  4.219064305926588,
  4.950905141221715,
  5.8096914244572995,
  6.817443171428597,
  8.0,
  9.38768368003701,
  11.016075609554155,
  12.926929152233166,
  15.169240229426746,
  17.800503617543797,
  20.88818716335696,
  24.51146171737559,
  28.76323114225735,
  33.752514447412686,
  39.60724112977372,
  46.477531395658396,
  54.5395453714288,
  64.0
 ],
 "border_radii": [
  10,
  10,
  10,
  10,
  10,
  10,
  10,
  10,
  10,
  10,
  10,
  10,
  10,
  10,
  10,
  10,
  10,
  10,
  10,
  10,
  12,
  14,
  16,
  19,
  23,
  27,
  32,
  37,
  44,
  51,
  60,
  71,
  41,
  49,
  57,
  67,
  79,
  92,
  109,
  128
 ]
}