{
 "time": "181118_0513",
 "filename": "T-BN8159259.png",
 "alphas": [
  0.031226130680028975,
  0.03204805223074447,
  0.03307337242512119,
  0.03410464447129355,
  0.03523897407096507,
  0.03663589788325962,
  0.03831194698289336,
  0.04042822660311636,
  0.04296566302206081,
  0.04622175940631547,
  0.05011762151462949,
  0.055135406940401296,
  0.061570400164753576,
  0.06989333273926372,
  0.07857005027967799,
  0.0821509275520286,
  0.08686901458229437,
  0.09168555051552024,
  0.09754199508667659,
  0.1049010989210838,
  0.11174555539205774,
  0.11812065165584884,
  0.1242508376024453,
  0.13042150760470067,
  0.1288624566201386,
  0.12792320495910928,
  0.1283084940643849,
  0.13021091305598922,
  0.13200790376631796,
  0.13466572576452396,
  0.13636750819275034,
  0.13824448250398172,
  0.12743292820314314,
  0.14130324762341887,
  0.18296278843130592,
  0.2786794202527803,
  0.3562662727628133,
  0.34368316923552356,
  0.335046701669375,
  0.3383955213914603
 ],
 "betas": [
  0.5,
  0.5,
  0.5,
  0.5,
  0.5,
  0.5,
  0.5,
  0.5,
  0.5,
  0.5,
  0.5,
  0.5,
  0.5,
  0.5,
  0.5,
  0.5,
  0.5,
  0.5,
  0.5,
  0.5,
  0.5,
  0.5,
  0.5,
  0.5,
  0.5,
  0.5,
  0.5,
  0.5,
  0.5,
  0.5,
  0.5,
  0.5,
  0.5,
  0.5,
  0.5,
  0.5,
  0.5,
  0.5,
  0.5,
  0.5
 ],
 "gammas": [
  0.1393613229569883,
  0.13560357849959576,
  0.13137091546810747,
  0.1266349629957992,
  0.12137627610205438,
  0.11558807190072187,
  0.10928025961861622,
  0.10248338808490028,
  0.09525194951160325,
  0.08766631203590573,
  0.07983246978942907,
  0.07187888114514591,
  0.06394999142330184,
  0.05619663540879145,
  0.048764314783371926,
  0.04293392225286075,
  0.03883291294999859,
  0.03473865525408602,
  0.030727457892664962,
  0.02706337731373335,
  0.024013703936559477,
  0.021287515344178984,
  0.018706655713656095,
  0.01629845660982107,
  0.014070646008459932,
  0.01207238507436966,
  0.01023871221561336,
  0.008586771415517976,
  0.007139573191668948,
  0.005979141983369291,
  0.004995573200125733,
  0.004137652154536489,
  0.003478373020575752,
  0.002886322063152853,
  0.0023809696929717765,
  0.0020829734692635856,
  0.0018104372340685187,
  0.0015498941411539093,
  0.0013062535657617166,
  0.0010835886421937384
 ],
 "sigmas": [
  0.125,
  0.1466825575005783,
  0.17212618139928368,
  0.20198326800364322,
  0.2370193785847929,
  0.27813286902412176,
  0.3263779244274524,
  0.38299158933399347,
  0.449425486597771,
  0.5273830382408234,
  0.6188631426527141,
  0.7262114280571627,
  0.8521803964285746,
  1.0,
  1.1734604600046263,
  1.3770094511942694,
  1.6158661440291457,
  1.8961550286783433,
  2.2250629521929746,
  2.61102339541962,
  3.0639327146719486,
  3.5954038927821688,
  4.219064305926588,
  4.950905141221715,
  5.8096914244572995,
  6.817443171428597,
  8.0,
  9.38768368003701,
  11.016075609554155,
  12.926929152233166,
  15.169240229426746,
  17.800503617543797,
  20.88818716335696,
  24.51146171737559,
  28.76323114225735,
  33.752514447412686,
  39.60724112977372,
  46.477531395658396,
  54.5395453714288,
  64.0
 ],
 "border_radii": [
  10,
  10,
  10,
  10,
  10,
  10,
  10,
  10,
  10,
  10,
  10,
  10,
  10,
  10,
  10,
  10,
  10,
  10,
  10,
  10,
  12,
  14,
  16,
  19,
  23,
  27,
  32,
  37,
  44,
  51,
  60,
  71,
  41,
  49,
  57,
  67,
  79,
  92,
  109,
  128
 ]
}