{
 "time": "181118_0538",
 "filename": "T-BN8949552.png",
 "alphas": [
  0.03480723960887747,
  0.03578674235126231,
  0.036926556600069584,
  0.038352506697886646,
  0.04010128408685107,
  0.04229519575727547,
  0.04487686657334057,
  0.048172828428646765,
  0.05223682913976136,
  0.05726265552356899,
  0.06370406477111738,
  0.07175060011649681,
  0.08182912015097993,
  0.09264577794839007,
  0.10642094822617822,
  0.11590996380950588,
  0.1261936650783539,
  0.13876160146592806,
  0.1403834989761179,
  0.134634480320483,
  0.1337721199078614,
  0.13710184221380234,
  0.13844307162467068,
  0.14504015236315018,
  0.15494250969774137,
  0.1649416867430822,
  0.17966104070453887,
  0.19564632966240655,
  0.20553775114550374,
  0.20901669753937457,
  0.20608035082324935,
  0.21007421047097652,
  0.19215422082422223,
  0.20549652296669313,
  0.23194146411449837,
  0.27169404991446944,
  0.2835553804062909,
  0.2872798095843419,
  0.30518943123188574,
  0.33681323344249686
 ],
 "betas": [
  0.5,
  0.5,
  0.5,
  0.5,
  0.5,
  0.5,
  0.5,
  0.5,
  0.5,
  0.5,
  0.5,
  0.5,
  0.5,
  0.5,
  0.5,
  0.5,
  0.5,
  0.5,
  0.5,
  0.5,
  0.5,
  0.5,
  0.5,
  0.5,
  0.5,
  0.5,
  0.5,
  0.5,
  0.5,
  0.5,
  0.5,
  0.5,
  0.5,
  0.5,
  0.5,
  0.5,
  0.5,
  0.5,
  0.5,
  0.5
 ],
 "gammas": [
  0.09525560092823829,
  0.09341197857201312,
  0.09130876969394325,
  0.08892072903069066,
  0.08622408875313722,
  0.08319819370779367,
  0.07982755196662993,
  0.07610427243710664,
  0.07203078493965404,
  0.06762263298856393,
  0.06291100255239558,
  0.05794452227303619,
  0.05278978102671901,
  0.04753001296911273,
  0.04226155767178266,
  0.03708804850155141,
  0.03211278784912056,
  0.027430313181731725,
  0.023563247976771496,
  0.020682639924242827,
  0.017891185265310004,
  0.015415797224882934,
  0.013248743474718066,
  0.011297949824437437,
  0.009596374027558014,
  0.008442355960773246,
  0.007365819826625316,
  0.006429696174871535,
  0.005785762548215422,
  0.005140607722569814,
  0.004508231581411425,
  0.0039012284564305263,
  0.0033301599900313703,
  0.0028030610072949094,
  0.002325259469172776,
  0.001899497824250994,
  0.0015262667720026414,
  0.0012381629446137612,
  0.001033719843001808,
  0.000859560142271887
 ],
 "sigmas": [
  0.125,
  0.1466825575005783,
  0.17212618139928368,
  0.20198326800364322,
  0.2370193785847929,
  0.27813286902412176,
  0.3263779244274524,
  0.38299158933399347,
  0.449425486597771,
  0.5273830382408234,
  0.6188631426527141,
  0.7262114280571627,
  0.8521803964285746,
  1.0,
  1.1734604600046263,
  1.3770094511942694,
  1.6158661440291457,
  1.8961550286783433,
  2.2250629521929746,
  2.61102339541962,
  3.0639327146719486,
  3.5954038927821688,
  4.219064305926588,
  4.950905141221715,
  5.8096914244572995,
  6.817443171428597,
  8.0,
  9.38768368003701,
  11.016075609554155,
  12.926929152233166,
  15.169240229426746,
  17.800503617543797,
  20.88818716335696,
  24.51146171737559,
  28.76323114225735,
  33.752514447412686,
  39.60724112977372,
  46.477531395658396,
  54.5395453714288,
  64.0
 ],
 "border_radii": [
  10,
  10,
  10,
  10,
  10,
  10,
  10,
  10,
  10,
  10,
  10,
  10,
  10,
  10,
  10,
  10,
  10,
  10,
  10,
  10,
  12,
  14,
  16,
  19,
  23,
  27,
  32,
  37,
  44,
  51,
  60,
  71,
  41,
  49,
  57,
  67,
  79,
  92,
  109,
  128
 ]
}