{
 "time": "181118_0542",
 "filename": "T-BN9118174.png",
 "alphas": [
  0.018404858956434553,
  0.018782161014328353,
  0.019216546177402774,
  0.019758524092931426,
  0.020451519203502015,
  0.021296154841547524,
  0.022242508924549445,
  0.023459994062060594,
  0.02489647778755154,
  0.026679335244803523,
  0.02887300613117649,
  0.03164471404890271,
  0.035305270678962455,
  0.03991770290775366,
  0.04583417210064966,
  0.053244878667453935,
  0.05935227058143298,
  0.0658347756174916,
  0.07010885407270438,
  0.07596298179591138,
  0.08430515329695457,
  0.09509381887182344,
  0.10978323396011885,
  0.1228944413948539,
  0.122058055617988,
  0.11958174956225245,
  0.11877599587506138,
  0.12054116370806908,
  0.12365600331216087,
  0.12965518775797608,
  0.13939056563737484,
  0.1540457943322669,
  0.170484300115034,
  0.19302924070516533,
  0.20549844194424444,
  0.21009818839689512,
  0.219889350525794,
  0.2381534883452518,
  0.2604550133218041,
  0.289945612938231
 ],
 "betas": [
  0.5,
  0.5,
  0.5,
  0.5,
  0.5,
  0.5,
  0.5,
  0.5,
  0.5,
  0.5,
  0.5,
  0.5,
  0.5,
  0.5,
  0.5,
  0.5,
  0.5,
  0.5,
  0.5,
  0.5,
  0.5,
  0.5,
  0.5,
  0.5,
  0.5,
  0.5,
  0.5,
  0.5,
  0.5,
  0.5,
  0.5,
  0.5,
  0.5,
  0.5,
  0.5,
  0.5,
  0.5,
  0.5,
  0.5,
  0.5
 ],
 "gammas": [
  0.12591890679777434,
  0.12241687853872689,
  0.11846510534978558,
  0.11403431373927835,
  0.10910297194605616,
  0.10366084089347485,
  0.0977129227648295,
  0.09128350828572136,
  0.08441984950763638,
  0.07719481094674412,
  0.0697077293208874,
  0.06208271189277651,
  0.05446380068771236,
  0.04700687058107569,
  0.0398687855735943,
  0.03319507321657627,
  0.029796426654473112,
  0.026550856526734896,
  0.02352917645200727,
  0.02137668668607407,
  0.01978533527960421,
  0.018049252468035865,
  0.016219301995030473,
  0.014351764569477088,
  0.01250978262586246,
  0.010813611070686966,
  0.009199009350247813,
  0.007994080961409323,
  0.006962049241523244,
  0.005971749864888978,
  0.005050083380153746,
  0.004240195800207336,
  0.0035182428278219538,
  0.0028873005177145195,
  0.002342222424443933,
  0.0019618494303480973,
  0.001673010942101775,
  0.001453977128960117,
  0.001244996897205989,
  0.0010491352814724117
 ],
 "sigmas": [
  0.125,
  0.1466825575005783,
  0.17212618139928368,
  0.20198326800364322,
  0.2370193785847929,
  0.27813286902412176,
  0.3263779244274524,
  0.38299158933399347,
  0.449425486597771,
  0.5273830382408234,
  0.6188631426527141,
  0.7262114280571627,
  0.8521803964285746,
  1.0,
  1.1734604600046263,
  1.3770094511942694,
  1.6158661440291457,
  1.8961550286783433,
  2.2250629521929746,
  2.61102339541962,
  3.0639327146719486,
  3.5954038927821688,
  4.219064305926588,
  4.950905141221715,
  5.8096914244572995,
  6.817443171428597,
  8.0,
  9.38768368003701,
  11.016075609554155,
  12.926929152233166,
  15.169240229426746,
  17.800503617543797,
  20.88818716335696,
  24.51146171737559,
  28.76323114225735,
  33.752514447412686,
  39.60724112977372,
  46.477531395658396,
  54.5395453714288,
  64.0
 ],
 "border_radii": [
  10,
  10,
  10,
  10,
  10,
  10,
  10,
  10,
  10,
  10,
  10,
  10,
  10,
  10,
  10,
  10,
  10,
  10,
  10,
  10,
  12,
  14,
  16,
  19,
  23,
  27,
  32,
  37,
  44,
  51,
  60,
  71,
  41,
  49,
  57,
  67,
  79,
  92,
  109,
  128
 ]
}