{
 "time": "181118_0427",
 "filename": "T-BN7042433.png",
 "alphas": [
  0.08068437203283646,
  0.08166905166757756,
  0.08260249847622188,
  0.08408287228696462,
  0.0852730069370622,
  0.08668572865158433,
  0.08828313951531956,
  0.09028374479759445,
  0.09261493440025324,
  0.09551033172996885,
  0.09894696440533247,
  0.10349799481650167,
  0.10929724651476265,
  0.11591460816146873,
  0.12388806706772108,
  0.13385049818668807,
  0.1462993523923868,
  0.1599562649422568,
  0.17143679820882643,
  0.186622860220498,
  0.20807787309860698,
  0.22961330237424712,
  0.23363518757355403,
  0.24203266755361244,
  0.25559538064728726,
  0.27223676410988823,
  0.28121159226986947,
  0.29662658693603916,
  0.2923383852433731,
  0.2884142919585359,
  0.2876410314408476,
  0.2885283803499682,
  0.2463478829651946,
  0.2413992218634765,
  0.2374161454051435,
  0.23659875328027777,
  0.23629941828162387,
  0.23421019836939846,
  0.24019733577211477,
  0.2833227095993512
 ],
 "betas": [
  0.5,
  0.5,
  0.5,
  0.5,
  0.5,
  0.5,
  0.5,
  0.5,
  0.5,
  0.5,
  0.5,
  0.5,
  0.5,
  0.5,
  0.5,
  0.5,
  0.5,
  0.5,
  0.5,
  0.5,
  0.5,
  0.5,
  0.5,
  0.5,
  0.5,
  0.5,
  0.5,
  0.5,
  0.5,
  0.5,
  0.5,
  0.5,
  0.5,
  0.5,
  0.5,
  0.5,
  0.5,
  0.5,
  0.5,
  0.5
 ],
 "gammas": [
  0.11601305125142786,
  0.11262922310958967,
  0.10881639694467819,
  0.10454862577855323,
  0.0998080258237354,
  0.09458824161512162,
  0.08889824199528874,
  0.08396727105797476,
  0.08061096249089625,
  0.07685157467792249,
  0.0726843248482737,
  0.06812117645745006,
  0.06319487900242125,
  0.05796176853869067,
  0.05250231040362746,
  0.04691850632991597,
  0.04132779441588755,
  0.03585390289860949,
  0.030616044609843497,
  0.02691774775282127,
  0.023563499181432874,
  0.020362557069734572,
  0.017385537690221196,
  0.014683871792027556,
  0.012428509783509447,
  0.010658764624081288,
  0.009336580342650167,
  0.00807950019349058,
  0.0069846578478755484,
  0.006145524891873256,
  0.0053034870559609,
  0.004514127061012746,
  0.00380935538290345,
  0.00317529690861062,
  0.0026220631750053184,
  0.0021472969199632314,
  0.0017471996131644392,
  0.001419510358427482,
  0.0011918729707040404,
  0.0009821343815621705
 ],
 "sigmas": [
  0.125,
  0.1466825575005783,
  0.17212618139928368,
  0.20198326800364322,
  0.2370193785847929,
  0.27813286902412176,
  0.3263779244274524,
  0.38299158933399347,
  0.449425486597771,
  0.5273830382408234,
  0.6188631426527141,
  0.7262114280571627,
  0.8521803964285746,
  1.0,
  1.1734604600046263,
  1.3770094511942694,
  1.6158661440291457,
  1.8961550286783433,
  2.2250629521929746,
  2.61102339541962,
  3.0639327146719486,
  3.5954038927821688,
  4.219064305926588,
  4.950905141221715,
  5.8096914244572995,
  6.817443171428597,
  8.0,
  9.38768368003701,
  11.016075609554155,
  12.926929152233166,
  15.169240229426746,
  17.800503617543797,
  20.88818716335696,
  24.51146171737559,
  28.76323114225735,
  33.752514447412686,
  39.60724112977372,
  46.477531395658396,
  54.5395453714288,
  64.0
 ],
 "border_radii": [
  10,
  10,
  10,
  10,
  10,
  10,
  10,
  10,
  10,
  10,
  10,
  10,
  10,
  10,
  10,
  10,
  10,
  10,
  10,
  10,
  12,
  14,
  16,
  19,
  23,
  27,
  32,
  37,
  44,
  51,
  60,
  71,
  41,
  49,
  57,
  67,
  79,
  92,
  109,
  128
 ]
}