{
 "time": "181118_0410",
 "filename": "T-BN6381701.png",
 "alphas": [
  0.03666460331741652,
  0.03792379699415025,
  0.0394327036871717,
  0.041412506348539,
  0.043741046398225965,
  0.046463192423219904,
  0.049862449934557115,
  0.05072860031991616,
  0.051903035634491335,
  0.05331661332052387,
  0.055076529953186695,
  0.05751975456667342,
  0.06089759109218971,
  0.06523822099113086,
  0.0709238637533613,
  0.07819006881949683,
  0.0878661352103246,
  0.10043209029882551,
  0.11096871407489278,
  0.11823066976796787,
  0.1279947531806967,
  0.1403913208733897,
  0.15613619259777134,
  0.16692136089766096,
  0.1798508757911936,
  0.18891565826560985,
  0.20019778051947817,
  0.19884332416047823,
  0.20137512561187965,
  0.1913337940818157,
  0.18357719953960494,
  0.1824970456346228,
  0.1665077611875554,
  0.17135888780743447,
  0.18115089640577797,
  0.19718624705605717,
  0.22076298934294758,
  0.2534421840920312,
  0.2815299607748495,
  0.2876475353903699
 ],
 "betas": [
  0.5,
  0.5,
  0.5,
  0.5,
  0.5,
  0.5,
  0.5,
  0.5,
  0.5,
  0.5,
  0.5,
  0.5,
  0.5,
  0.5,
  0.5,
  0.5,
  0.5,
  0.5,
  0.5,
  0.5,
  0.5,
  0.5,
  0.5,
  0.5,
  0.5,
  0.5,
  0.5,
  0.5,
  0.5,
  0.5,
  0.5,
  0.5,
  0.5,
  0.5,
  0.5,
  0.5,
  0.5,
  0.5,
  0.5,
  0.5
 ],
 "gammas": [
  0.13223713392102515,
  0.1295208825388108,
  0.12644115034636919,
  0.12296855892987976,
  0.11907772531055688,
  0.1147496672271775,
  0.10997457267028979,
  0.10475477601856115,
  0.0991076718669654,
  0.09306817965428969,
  0.08669027611086796,
  0.08004708034730344,
  0.07322905568334837,
  0.06634011831904205,
  0.05949181223604384,
  0.05279615575768834,
  0.04635815518623703,
  0.04026915325232474,
  0.03460202283189373,
  0.02940875013273959,
  0.0247203511989668,
  0.021426171061110957,
  0.018416505753791893,
  0.015677526368892556,
  0.013244050847567348,
  0.011114025676968472,
  0.009354726783093141,
  0.00801113010004732,
  0.006814968225521908,
  0.005884409680256685,
  0.005050209912637476,
  0.004309915606764439,
  0.0037877910710909265,
  0.0032658451658765454,
  0.0027589521887270655,
  0.0022877859488868416,
  0.0018573433582120544,
  0.0015017884967763668,
  0.0012965506510679383,
  0.0011099183047839293
 ],
 "sigmas": [
  0.125,
  0.1466825575005783,
  0.17212618139928368,
  0.20198326800364322,
  0.2370193785847929,
  0.27813286902412176,
  0.3263779244274524,
  0.38299158933399347,
  0.449425486597771,
  0.5273830382408234,
  0.6188631426527141,
  0.7262114280571627,
  0.8521803964285746,
  1.0,
  1.1734604600046263,
  1.3770094511942694,
  1.6158661440291457,
  1.8961550286783433,
  2.2250629521929746,
  2.61102339541962,
  3.0639327146719486,
  3.5954038927821688,
  4.219064305926588,
  4.950905141221715,
  5.8096914244572995,
  6.817443171428597,
  8.0,
  9.38768368003701,
  11.016075609554155,
  12.926929152233166,
  15.169240229426746,
  17.800503617543797,
  20.88818716335696,
  24.51146171737559,
  28.76323114225735,
  33.752514447412686,
  39.60724112977372,
  46.477531395658396,
  54.5395453714288,
  64.0
 ],
 "border_radii": [
  10,
  10,
  10,
  10,
  10,
  10,
  10,
  10,
  10,
  10,
  10,
  10,
  10,
  10,
  10,
  10,
  10,
  10,
  10,
  10,
  12,
  14,
  16,
  19,
  23,
  27,
  32,
  37,
  44,
  51,
  60,
  71,
  41,
  49,
  57,
  67,
  79,
  92,
  109,
  128
 ]
}