{
 "time": "181118_0511",
 "filename": "T-BN8048789.png",
 "alphas": [
  0.009989435688440157,
  0.010189538131235625,
  0.010428161666394757,
  0.010726022189650002,
  0.011082228057725324,
  0.01151201611007709,
  0.012029941527900986,
  0.012696238780987723,
  0.013516158564576036,
  0.014542129567296593,
  0.015819143860538905,
  0.017412518407566555,
  0.019504802167319323,
  0.022232521111291106,
  0.024869085544075402,
  0.025990441969460286,
  0.027697875851814283,
  0.03010461174402481,
  0.033493590130622544,
  0.03819361669532348,
  0.044599673634882514,
  0.05333286119081908,
  0.06515446324914205,
  0.08132117576521956,
  0.10161744250767099,
  0.10739488715509715,
  0.11628906927932109,
  0.12788782364801893,
  0.14524751074555373,
  0.15564847817142974,
  0.16397693394173155,
  0.17568203851869973,
  0.1781855104756167,
  0.1784140809098779,
  0.17292551913635498,
  0.17061615239005554,
  0.17249138342785159,
  0.1776797958426956,
  0.19096282863291303,
  0.20693210440750998
 ],
 "betas": [
  0.5,
  0.5,
  0.5,
  0.5,
  0.5,
  0.5,
  0.5,
  0.5,
  0.5,
  0.5,
  0.5,
  0.5,
  0.5,
  0.5,
  0.5,
  0.5,
  0.5,
  0.5,
  0.5,
  0.5,
  0.5,
  0.5,
  0.5,
  0.5,
  0.5,
  0.5,
  0.5,
  0.5,
  0.5,
  0.5,
  0.5,
  0.5,
  0.5,
  0.5,
  0.5,
  0.5,
  0.5,
  0.5,
  0.5,
  0.5
 ],
 "gammas": [
  0.08795656795273452,
  0.0856866101683122,
  0.08312001472316638,
  0.08047687403226224,
  0.07766443338707592,
  0.0745282508071133,
  0.07105980465417863,
  0.06726004090927576,
  0.06314209476401153,
  0.05873385721900371,
  0.05407996873347637,
  0.049242713806086795,
  0.04430124924560626,
  0.03934868313749337,
  0.03493848951416396,
  0.03206112196457824,
  0.02912518066000553,
  0.02637478966660523,
  0.023722918058114523,
  0.021165450435670394,
  0.01888970346939174,
  0.016847742568334708,
  0.01499477817818342,
  0.013287237304151241,
  0.012130878517036854,
  0.011000053881123087,
  0.009871507580190708,
  0.00875064742237109,
  0.0077088588460388,
  0.006718359493598649,
  0.005823044770265179,
  0.005009775936948557,
  0.004297326666205069,
  0.0034864986295659634,
  0.00258239139831794,
  0.0017238023106846295,
  0.0012533421586989227,
  0.0010728493847220195,
  0.0009167126600476836,
  0.0007685449544056866
 ],
 "sigmas": [
  0.125,
  0.1466825575005783,
  0.17212618139928368,
  0.20198326800364322,
  0.2370193785847929,
  0.27813286902412176,
  0.3263779244274524,
  0.38299158933399347,
  0.449425486597771,
  0.5273830382408234,
  0.6188631426527141,
  0.7262114280571627,
  0.8521803964285746,
  1.0,
  1.1734604600046263,
  1.3770094511942694,
  1.6158661440291457,
  1.8961550286783433,
  2.2250629521929746,
  2.61102339541962,
  3.0639327146719486,
  3.5954038927821688,
  4.219064305926588,
  4.950905141221715,
  5.8096914244572995,
  6.817443171428597,
  8.0,
  9.38768368003701,
  11.016075609554155,
  12.926929152233166,
  15.169240229426746,
  17.800503617543797,
  20.88818716335696,
  24.51146171737559,
  28.76323114225735,
  33.752514447412686,
  39.60724112977372,
  46.477531395658396,
  54.5395453714288,
  64.0
 ],
 "border_radii": [
  10,
  10,
  10,
  10,
  10,
  10,
  10,
  10,
  10,
  10,
  10,
  10,
  10,
  10,
  10,
  10,
  10,
  10,
  10,
  10,
  12,
  14,
  16,
  19,
  23,
  27,
  32,
  37,
  44,
  51,
  60,
  71,
  41,
  49,
  57,
  67,
  79,
  92,
  109,
  128
 ]
}