{
 "time": "181118_0351",
 "filename": "T-BN5932011.png",
 "alphas": [
  0.034922245423380884,
  0.03569166372412474,
  0.03667116727647618,
  0.03773347270784483,
  0.0390397176114604,
  0.04074012481124253,
  0.04282060793262391,
  0.04542975705052392,
  0.04855925421530532,
  0.05256422173358717,
  0.05514353386750142,
  0.05750324144067228,
  0.060889597339702825,
  0.06490762425254451,
  0.06957980316798446,
  0.07484550217262775,
  0.07576018974970526,
  0.07787434309447991,
  0.08065840587955447,
  0.08451301975560861,
  0.09014282741228088,
  0.09458125701146233,
  0.0997913891092263,
  0.10677585921998958,
  0.10722957270671254,
  0.10990592135981014,
  0.11498390433094668,
  0.11978841526210257,
  0.12299905080059413,
  0.12171428257837758,
  0.12231903722952296,
  0.12295338893730572,
  0.11281736260429309,
  0.11061410698539453,
  0.1076654463004839,
  0.10373599065671874,
  0.10176298633137762,
  0.10420143287382058,
  0.13712828416883455,
  0.3036516511023666
 ],
 "betas": [
  0.5,
  0.5,
  0.5,
  0.5,
  0.5,
  0.5,
  0.5,
  0.5,
  0.5,
  0.5,
  0.5,
  0.5,
  0.5,
  0.5,
  0.5,
  0.5,
  0.5,
  0.5,
  0.5,
  0.5,
  0.5,
  0.5,
  0.5,
  0.5,
  0.5,
  0.5,
  0.5,
  0.5,
  0.5,
  0.5,
  0.5,
  0.5,
  0.5,
  0.5,
  0.5,
  0.5,
  0.5,
  0.5,
  0.5,
  0.5
 ],
 "gammas": [
  0.12207407761268442,
  0.11917326031277463,
  0.11588339462620677,
  0.11217333384293007,
  0.10801666326735929,
  0.10339458041133022,
  0.09829928743930241,
  0.09273773755117828,
  0.08673543052027044,
  0.08046402562228842,
  0.07499410195821524,
  0.06920628486044073,
  0.06317593605973847,
  0.05699913167014486,
  0.050788713240879454,
  0.04512357350734153,
  0.040522323402640566,
  0.03600225922496464,
  0.031614336882389155,
  0.027896909825768004,
  0.025231622437816372,
  0.02247228335388248,
  0.019660424388536463,
  0.01689281259469634,
  0.014247284968340837,
  0.011821033399985064,
  0.010041391060978013,
  0.008873816994598204,
  0.007690249737188353,
  0.00653987917685411,
  0.005463160180758484,
  0.004510275407725596,
  0.003969522581713029,
  0.0035747776882638607,
  0.003156544149735075,
  0.0027637865049218607,
  0.002465742464907049,
  0.0021996529217470874,
  0.0019448518276273864,
  0.0016855242981773854
 ],
 "sigmas": [
  0.125,
  0.1466825575005783,
  0.17212618139928368,
  0.20198326800364322,
  0.2370193785847929,
  0.27813286902412176,
  0.3263779244274524,
  0.38299158933399347,
  0.449425486597771,
  0.5273830382408234,
  0.6188631426527141,
  0.7262114280571627,
  0.8521803964285746,
  1.0,
  1.1734604600046263,
  1.3770094511942694,
  1.6158661440291457,
  1.8961550286783433,
  2.2250629521929746,
  2.61102339541962,
  3.0639327146719486,
  3.5954038927821688,
  4.219064305926588,
  4.950905141221715,
  5.8096914244572995,
  6.817443171428597,
  8.0,
  9.38768368003701,
  11.016075609554155,
  12.926929152233166,
  15.169240229426746,
  17.800503617543797,
  20.88818716335696,
  24.51146171737559,
  28.76323114225735,
  33.752514447412686,
  39.60724112977372,
  46.477531395658396,
  54.5395453714288,
  64.0
 ],
 "border_radii": [
  10,
  10,
  10,
  10,
  10,
  10,
  10,
  10,
  10,
  10,
  10,
  10,
  10,
  10,
  10,
  10,
  10,
  10,
  10,
  10,
  12,
  14,
  16,
  19,
  23,
  27,
  32,
  37,
  44,
  51,
  60,
  71,
  41,
  49,
  57,
  67,
  79,
  92,
  109,
  128
 ]
}