{
 "time": "181118_0109",
 "filename": "T-BN0033885.png",
 "alphas": [
  0.03790570341783712,
  0.03893304416731293,
  0.03918204695085914,
  0.03920102937633402,
  0.039295530448214,
  0.039431396521726045,
  0.03966460941560916,
  0.040081009296328074,
  0.040649761967381424,
  0.041529049412059205,
  0.04281577852865412,
  0.04483387134342416,
  0.04747798005391797,
  0.051109562151686806,
  0.05593181156409214,
  0.0625787669005946,
  0.07169042356125135,
  0.08396138256394736,
  0.09981914141872708,
  0.10546106399264331,
  0.10603271284334524,
  0.10929768328228495,
  0.11288976280272478,
  0.11485457286778275,
  0.11946715837947829,
  0.1264831381268325,
  0.13055718110301623,
  0.13339931368815316,
  0.1366821767819288,
  0.1430644023457317,
  0.15000897209986866,
  0.16132333467394663,
  0.1700414523941673,
  0.18742922429026754,
  0.21248821451702649,
  0.24545226335843842,
  0.2714283107148091,
  0.28354763011962086,
  0.3026020285776341,
  0.2969412163395477
 ],
 "betas": [
  0.5,
  0.5,
  0.5,
  0.5,
  0.5,
  0.5,
  0.5,
  0.5,
  0.5,
  0.5,
  0.5,
  0.5,
  0.5,
  0.5,
  0.5,
  0.5,
  0.5,
  0.5,
  0.5,
  0.5,
  0.5,
  0.5,
  0.5,
  0.5,
  0.5,
  0.5,
  0.5,
  0.5,
  0.5,
  0.5,
  0.5,
  0.5,
  0.5,
  0.5,
  0.5,
  0.5,
  0.5,
  0.5,
  0.5,
  0.5
 ],
 "gammas": [
  0.09951103148546625,
  0.09742896265001681,
  0.09506221326533851,
  0.09238621413574358,
  0.08973045385395692,
  0.0867558418849028,
  0.08344851492347072,
  0.07989945228266794,
  0.07609851971333913,
  0.07196837192381327,
  0.06753164427411573,
  0.06282618397495984,
  0.05790584575360763,
  0.05283983633101323,
  0.04771025383830444,
  0.042685162287483494,
  0.03784721278116734,
  0.03316364791902904,
  0.028717369359077722,
  0.025249606067136193,
  0.02246067568011781,
  0.01972115610513406,
  0.017090497757167346,
  0.014618078595019715,
  0.012340977693123863,
  0.010681887625688958,
  0.009522884172378942,
  0.00847114521743947,
  0.007509687169562438,
  0.006581826057714069,
  0.005752746421954553,
  0.0049929959576724015,
  0.004316517380578128,
  0.0036893886681125285,
  0.0031214367401685462,
  0.002628010226086183,
  0.0021919443174120176,
  0.0018118852476268332,
  0.001545935453583616,
  0.0013046904374574354
 ],
 "sigmas": [
  0.125,
  0.1466825575005783,
  0.17212618139928368,
  0.20198326800364322,
  0.2370193785847929,
  0.27813286902412176,
  0.3263779244274524,
  0.38299158933399347,
  0.449425486597771,
  0.5273830382408234,
  0.6188631426527141,
  0.7262114280571627,
  0.8521803964285746,
  1.0,
  1.1734604600046263,
  1.3770094511942694,
  1.6158661440291457,
  1.8961550286783433,
  2.2250629521929746,
  2.61102339541962,
  3.0639327146719486,
  3.5954038927821688,
  4.219064305926588,
  4.950905141221715,
  5.8096914244572995,
  6.817443171428597,
  8.0,
  9.38768368003701,
  11.016075609554155,
  12.926929152233166,
  15.169240229426746,
  17.800503617543797,
  20.88818716335696,
  24.51146171737559,
  28.76323114225735,
  33.752514447412686,
  39.60724112977372,
  46.477531395658396,
  54.5395453714288,
  64.0
 ],
 "border_radii": [
  10,
  10,
  10,
  10,
  10,
  10,
  10,
  10,
  10,
  10,
  10,
  10,
  10,
  10,
  10,
  10,
  10,
  10,
  10,
  10,
  12,
  14,
  16,
  19,
  23,
  27,
  32,
  37,
  44,
  51,
  60,
  71,
  41,
  49,
  57,
  67,
  79,
  92,
  109,
  128
 ]
}