{
 "time": "181118_0445",
 "filename": "T-BN7644170.png",
 "alphas": [
  0.0912688040867161,
  0.09337125189321403,
  0.0957882518627252,
  0.09880966221295134,
  0.10234890958646253,
  0.10662992314172735,
  0.11182406392159647,
  0.11590636801519,
  0.11876898917655435,
  0.12223538227262319,
  0.12655826172458362,
  0.1319140836267342,
  0.13889031377520134,
  0.1469436793104796,
  0.1514630524199125,
  0.15428172016157166,
  0.1572427998575723,
  0.16173057945146213,
  0.16779817161747743,
  0.17512262428771141,
  0.18560040220874743,
  0.18649904876410633,
  0.18371428952332525,
  0.18372151758011276,
  0.18766012723400433,
  0.1951759655658613,
  0.2062983035393165,
  0.22210898890673358,
  0.24254256653394995,
  0.22459478104517844,
  0.1922198361490213,
  0.1594593020936975,
  0.12269800013022344,
  0.10723761376102853,
  0.09913770589426793,
  0.09833751057987716,
  0.10138575013929658,
  0.11008584878170585,
  0.12669250238786825,
  0.14628271391974373
 ],
 "betas": [
  0.5,
  0.5,
  0.5,
  0.5,
  0.5,
  0.5,
  0.5,
  0.5,
  0.5,
  0.5,
  0.5,
  0.5,
  0.5,
  0.5,
  0.5,
  0.5,
  0.5,
  0.5,
  0.5,
  0.5,
  0.5,
  0.5,
  0.5,
  0.5,
  0.5,
  0.5,
  0.5,
  0.5,
  0.5,
  0.5,
  0.5,
  0.5,
  0.5,
  0.5,
  0.5,
  0.5,
  0.5,
  0.5,
  0.5,
  0.5
 ],
 "gammas": [
  0.07296098681134569,
  0.07171739547482887,
  0.07029431687061423,
  0.0686726145880748,
  0.06683345422154173,
  0.06475925905878063,
  0.06243495624058019,
  0.05984952504708969,
  0.05699782305233194,
  0.05388261093223188,
  0.050798792864247565,
  0.04774492442008118,
  0.04453539819688345,
  0.041202973130957186,
  0.037786313131476956,
  0.03432842898377199,
  0.030874789114870283,
  0.027471316193762932,
  0.024162474099444685,
  0.020989582600770836,
  0.01815004673715632,
  0.016003701761981584,
  0.013934706541597175,
  0.011988807936082967,
  0.010789642821779202,
  0.009694982811465632,
  0.008748372287344739,
  0.007833689575588736,
  0.006962583916969577,
  0.006131004556564603,
  0.005418780894181924,
  0.004739502239746554,
  0.004081014927561735,
  0.003460174298157028,
  0.0028945571241181067,
  0.002401245908003232,
  0.0019654687109249497,
  0.0016909505650656528,
  0.0014640333086820062,
  0.0012607182401241615
 ],
 "sigmas": [
  0.125,
  0.1466825575005783,
  0.17212618139928368,
  0.20198326800364322,
  0.2370193785847929,
  0.27813286902412176,
  0.3263779244274524,
  0.38299158933399347,
  0.449425486597771,
  0.5273830382408234,
  0.6188631426527141,
  0.7262114280571627,
  0.8521803964285746,
  1.0,
  1.1734604600046263,
  1.3770094511942694,
  1.6158661440291457,
  1.8961550286783433,
  2.2250629521929746,
  2.61102339541962,
  3.0639327146719486,
  3.5954038927821688,
  4.219064305926588,
  4.950905141221715,
  5.8096914244572995,
  6.817443171428597,
  8.0,
  9.38768368003701,
  11.016075609554155,
  12.926929152233166,
  15.169240229426746,
  17.800503617543797,
  20.88818716335696,
  24.51146171737559,
  28.76323114225735,
  33.752514447412686,
  39.60724112977372,
  46.477531395658396,
  54.5395453714288,
  64.0
 ],
 "border_radii": [
  10,
  10,
  10,
  10,
  10,
  10,
  10,
  10,
  10,
  10,
  10,
  10,
  10,
  10,
  10,
  10,
  10,
  10,
  10,
  10,
  12,
  14,
  16,
  19,
  23,
  27,
  32,
  37,
  44,
  51,
  60,
  71,
  41,
  49,
  57,
  67,
  79,
  92,
  109,
  128
 ]
}