{
 "time": "181118_0446",
 "filename": "T-BN7646343.png",
 "alphas": [
  0.05510634823373124,
  0.05601288809530272,
  0.05707801553480331,
  0.05838136818972853,
  0.059852447735999736,
  0.06167675852359211,
  0.06379658902117048,
  0.06659806695598532,
  0.06995925520914711,
  0.0740535619980504,
  0.07797046505276552,
  0.08200896184492067,
  0.08684918408952692,
  0.09234880604370777,
  0.09896045913568784,
  0.10696115926640486,
  0.11636322887452634,
  0.1278038587641955,
  0.14194095705813095,
  0.1589592709696277,
  0.1779153188682048,
  0.18957513110764498,
  0.20416274962573375,
  0.2220169912264148,
  0.2194524479511895,
  0.21668579771971402,
  0.21088394247576883,
  0.206511923591276,
  0.20442417663702273,
  0.20519494096222318,
  0.2032616682725498,
  0.20528557093676247,
  0.18817329344706316,
  0.19511205397078912,
  0.20637159926704474,
  0.22137185670891554,
  0.24195198751164007,
  0.244658740762259,
  0.24361340629588157,
  0.251920038655957
 ],
 "betas": [
  0.5,
  0.5,
  0.5,
  0.5,
  0.5,
  0.5,
  0.5,
  0.5,
  0.5,
  0.5,
  0.5,
  0.5,
  0.5,
  0.5,
  0.5,
  0.5,
  0.5,
  0.5,
  0.5,
  0.5,
  0.5,
  0.5,
  0.5,
  0.5,
  0.5,
  0.5,
  0.5,
  0.5,
  0.5,
  0.5,
  0.5,
  0.5,
  0.5,
  0.5,
  0.5,
  0.5,
  0.5,
  0.5,
  0.5,
  0.5
 ],
 "gammas": [
  0.11006769186155921,
  0.10756674525181731,
  0.1047322467106979,
  0.10153795603048892,
  0.09796173893192815,
  0.09398795638696494,
  0.08961023201251056,
  0.08483444329838752,
  0.07968166327499569,
  0.07478218606818629,
  0.06981160446201892,
  0.06454063061776688,
  0.059032284151670535,
  0.05336828501519161,
  0.04764649456667818,
  0.04197596715759461,
  0.03646979692258824,
  0.03227452742265655,
  0.02894937659555817,
  0.025754319979854997,
  0.022733776517335973,
  0.019920247487565722,
  0.017368378205750677,
  0.015184380806456461,
  0.013165769776605267,
  0.011321745417865058,
  0.009660644041145021,
  0.008200543857737063,
  0.007101566742351381,
  0.0062352853846648565,
  0.0053916190690559375,
  0.004652117104334575,
  0.004038892046969044,
  0.0034612341053549714,
  0.0029326606610365655,
  0.0024515656370223816,
  0.0020769112224786825,
  0.001839154447272894,
  0.0016256842433352377,
  0.0014133288114529983
 ],
 "sigmas": [
  0.125,
  0.1466825575005783,
  0.17212618139928368,
  0.20198326800364322,
  0.2370193785847929,
  0.27813286902412176,
  0.3263779244274524,
  0.38299158933399347,
  0.449425486597771,
  0.5273830382408234,
  0.6188631426527141,
  0.7262114280571627,
  0.8521803964285746,
  1.0,
  1.1734604600046263,
  1.3770094511942694,
  1.6158661440291457,
  1.8961550286783433,
  2.2250629521929746,
  2.61102339541962,
  3.0639327146719486,
  3.5954038927821688,
  4.219064305926588,
  4.950905141221715,
  5.8096914244572995,
  6.817443171428597,
  8.0,
  9.38768368003701,
  11.016075609554155,
  12.926929152233166,
  15.169240229426746,
  17.800503617543797,
  20.88818716335696,
  24.51146171737559,
  28.76323114225735,
  33.752514447412686,
  39.60724112977372,
  46.477531395658396,
  54.5395453714288,
  64.0
 ],
 "border_radii": [
  10,
  10,
  10,
  10,
  10,
  10,
  10,
  10,
  10,
  10,
  10,
  10,
  10,
  10,
  10,
  10,
  10,
  10,
  10,
  10,
  12,
  14,
  16,
  19,
  23,
  27,
  32,
  37,
  44,
  51,
  60,
  71,
  41,
  49,
  57,
  67,
  79,
  92,
  109,
  128
 ]
}