{
 "time": "181118_0232",
 "filename": "T-BN2623827.png",
 "alphas": [
  0.024122318759671888,
  0.025354582057172895,
  0.02664657622848239,
  0.027260262788041667,
  0.027923758021256948,
  0.028785269152802946,
  0.029786239452203815,
  0.03111741810340226,
  0.03261533204903387,
  0.03453499607489642,
  0.03700676558662162,
  0.040160957613998786,
  0.043997781373393274,
  0.04885231539520373,
  0.055233022075362515,
  0.06360356797464709,
  0.07464979105679216,
  0.08962676902832123,
  0.11015351170823216,
  0.13781239082144842,
  0.17687836402802362,
  0.2182260880158216,
  0.2282206123750026,
  0.23420200769178728,
  0.2329445940079969,
  0.23629246799558118,
  0.24436663702470401,
  0.2576392027775864,
  0.27904694727709384,
  0.30271562892443493,
  0.3105467657652159,
  0.31141390067618685,
  0.28796241307962933,
  0.2885942767355242,
  0.27256868847856214,
  0.2611693446276381,
  0.2570000464944579,
  0.2588777465717825,
  0.2730245682390213,
  0.27044626399332417
 ],
 "betas": [
  0.5,
  0.5,
  0.5,
  0.5,
  0.5,
  0.5,
  0.5,
  0.5,
  0.5,
  0.5,
  0.5,
  0.5,
  0.5,
  0.5,
  0.5,
  0.5,
  0.5,
  0.5,
  0.5,
  0.5,
  0.5,
  0.5,
  0.5,
  0.5,
  0.5,
  0.5,
  0.5,
  0.5,
  0.5,
  0.5,
  0.5,
  0.5,
  0.5,
  0.5,
  0.5,
  0.5,
  0.5,
  0.5,
  0.5,
  0.5
 ],
 "gammas": [
  0.08330834035125882,
  0.08112687175902918,
  0.07865762423638775,
  0.07587898254226207,
  0.07277320240315173,
  0.06932850281933665,
  0.06554146648116618,
  0.061419612581165337,
  0.056983912590104234,
  0.05227092164242071,
  0.04791443673539514,
  0.044474048916612316,
  0.04085094384835769,
  0.03709670431873964,
  0.03327542280912786,
  0.03030915240239773,
  0.0278766748107969,
  0.02549479689592341,
  0.02325893676767075,
  0.020956910699236508,
  0.01867442828694417,
  0.01692823171332037,
  0.015283593278901265,
  0.013672060056285558,
  0.012116637762018117,
  0.01069650542592426,
  0.009487963868685036,
  0.008307229256048017,
  0.007187556912944116,
  0.006153287736532384,
  0.00525304557905108,
  0.004759758060693951,
  0.004336394893110646,
  0.0038497956613182224,
  0.0032214527047769474,
  0.002851473874215649,
  0.002538478857216857,
  0.002256703206627651,
  0.001998922609771961,
  0.0017552372254280395
 ],
 "sigmas": [
  0.125,
  0.1466825575005783,
  0.17212618139928368,
  0.20198326800364322,
  0.2370193785847929,
  0.27813286902412176,
  0.3263779244274524,
  0.38299158933399347,
  0.449425486597771,
  0.5273830382408234,
  0.6188631426527141,
  0.7262114280571627,
  0.8521803964285746,
  1.0,
  1.1734604600046263,
  1.3770094511942694,
  1.6158661440291457,
  1.8961550286783433,
  2.2250629521929746,
  2.61102339541962,
  3.0639327146719486,
  3.5954038927821688,
  4.219064305926588,
  4.950905141221715,
  5.8096914244572995,
  6.817443171428597,
  8.0,
  9.38768368003701,
  11.016075609554155,
  12.926929152233166,
  15.169240229426746,
  17.800503617543797,
  20.88818716335696,
  24.51146171737559,
  28.76323114225735,
  33.752514447412686,
  39.60724112977372,
  46.477531395658396,
  54.5395453714288,
  64.0
 ],
 "border_radii": [
  10,
  10,
  10,
  10,
  10,
  10,
  10,
  10,
  10,
  10,
  10,
  10,
  10,
  10,
  10,
  10,
  10,
  10,
  10,
  10,
  12,
  14,
  16,
  19,
  23,
  27,
  32,
  37,
  44,
  51,
  60,
  71,
  41,
  49,
  57,
  67,
  79,
  92,
  109,
  128
 ]
}