{
 "time": "181118_0604",
 "filename": "T-BN9770333.png",
 "alphas": [
  0.05249948993004602,
  0.05366410365298052,
  0.055107593565448004,
  0.05674210466860107,
  0.058844261418083764,
  0.0613792948410357,
  0.06453645519035672,
  0.06840212833409944,
  0.07325171342406255,
  0.07944840014017654,
  0.08747171772214185,
  0.08826638538122372,
  0.08812408523646928,
  0.08829152964523043,
  0.08898767665987296,
  0.09020223328305602,
  0.09132359138359805,
  0.09035503457360475,
  0.09059895748412074,
  0.09236912405271304,
  0.09626116004140514,
  0.10186984024200557,
  0.10928317799613818,
  0.1181544012828033,
  0.13006138496580064,
  0.13560424297190019,
  0.13922754631919637,
  0.14399938873710078,
  0.15020331351625416,
  0.15657121856343337,
  0.16335161067584683,
  0.171252217777772,
  0.1660816653873451,
  0.17469889905905717,
  0.18425111185948995,
  0.19711085084651256,
  0.21111020737462924,
  0.23031999984068208,
  0.2555223980667801,
  0.2838983338313645
 ],
 "betas": [
  0.5,
  0.5,
  0.5,
  0.5,
  0.5,
  0.5,
  0.5,
  0.5,
  0.5,
  0.5,
  0.5,
  0.5,
  0.5,
  0.5,
  0.5,
  0.5,
  0.5,
  0.5,
  0.5,
  0.5,
  0.5,
  0.5,
  0.5,
  0.5,
  0.5,
  0.5,
  0.5,
  0.5,
  0.5,
  0.5,
  0.5,
  0.5,
  0.5,
  0.5,
  0.5,
  0.5,
  0.5,
  0.5,
  0.5,
  0.5
 ],
 "gammas": [
  0.051382924758769266,
  0.05060662015907999,
  0.049718835012187095,
  0.04870780073977634,
  0.04756193106163827,
  0.046270374886172624,
  0.044823719080220925,
  0.043214835960177195,
  0.041439847992160724,
  0.03949915242106137,
  0.03739841405528485,
  0.03514940140239645,
  0.032770519711826936,
  0.030319473295343468,
  0.027799802119670872,
  0.025243774381660814,
  0.022996266562987106,
  0.020877981937952768,
  0.018775058297873865,
  0.016716619040903838,
  0.01473049560626004,
  0.013038442743418671,
  0.011805352862196902,
  0.010614188853627464,
  0.009527386097619422,
  0.008481336364856318,
  0.007489384818758485,
  0.006609984528988848,
  0.005846877532047465,
  0.005149782454826029,
  0.004538093706009772,
  0.003990784451619537,
  0.003477546406818198,
  0.0029967703357650297,
  0.002546442890793999,
  0.0021351344226586185,
  0.0017704546464995656,
  0.0015380811273207047,
  0.0013917313153749705,
  0.0012337468344803739
 ],
 "sigmas": [
  0.125,
  0.1466825575005783,
  0.17212618139928368,
  0.20198326800364322,
  0.2370193785847929,
  0.27813286902412176,
  0.3263779244274524,
  0.38299158933399347,
  0.449425486597771,
  0.5273830382408234,
  0.6188631426527141,
  0.7262114280571627,
  0.8521803964285746,
  1.0,
  1.1734604600046263,
  1.3770094511942694,
  1.6158661440291457,
  1.8961550286783433,
  2.2250629521929746,
  2.61102339541962,
  3.0639327146719486,
  3.5954038927821688,
  4.219064305926588,
  4.950905141221715,
  5.8096914244572995,
  6.817443171428597,
  8.0,
  9.38768368003701,
  11.016075609554155,
  12.926929152233166,
  15.169240229426746,
  17.800503617543797,
  20.88818716335696,
  24.51146171737559,
  28.76323114225735,
  33.752514447412686,
  39.60724112977372,
  46.477531395658396,
  54.5395453714288,
  64.0
 ],
 "border_radii": [
  10,
  10,
  10,
  10,
  10,
  10,
  10,
  10,
  10,
  10,
  10,
  10,
  10,
  10,
  10,
  10,
  10,
  10,
  10,
  10,
  12,
  14,
  16,
  19,
  23,
  27,
  32,
  37,
  44,
  51,
  60,
  71,
  41,
  49,
  57,
  67,
  79,
  92,
  109,
  128
 ]
}