{
 "time": "181118_0200",
 "filename": "T-BN1442472.png",
 "alphas": [
  0.010308521049116684,
  0.010565941875548069,
  0.010877893084783579,
  0.01126857930725269,
  0.011747393589805361,
  0.012336249941531062,
  0.013042378218239883,
  0.013920424779640093,
  0.015063531073900472,
  0.016463234606658578,
  0.016911456039155066,
  0.016696255081475462,
  0.01660702384490364,
  0.016566163774178216,
  0.016602746843764414,
  0.01684546017653867,
  0.017321843060354482,
  0.018155623273723557,
  0.019371041314069193,
  0.02097393169995329,
  0.022893218887146904,
  0.025452340024803535,
  0.02886005509550959,
  0.033017628653919294,
  0.03774727565708594,
  0.043740217163859875,
  0.04598344460376921,
  0.04486985053444544,
  0.04419218334388733,
  0.04401831545507241,
  0.04531085725635402,
  0.04764155020225461,
  0.04835291308071291,
  0.050581369036889756,
  0.053373974885267655,
  0.05677912209339828,
  0.06047969207032575,
  0.06525716288936935,
  0.07134495223851331,
  0.07794919309743917
 ],
 "betas": [
  0.5,
  0.5,
  0.5,
  0.5,
  0.5,
  0.5,
  0.5,
  0.5,
  0.5,
  0.5,
  0.5,
  0.5,
  0.5,
  0.5,
  0.5,
  0.5,
  0.5,
  0.5,
  0.5,
  0.5,
  0.5,
  0.5,
  0.5,
  0.5,
  0.5,
  0.5,
  0.5,
  0.5,
  0.5,
  0.5,
  0.5,
  0.5,
  0.5,
  0.5,
  0.5,
  0.5,
  0.5,
  0.5,
  0.5,
  0.5
 ],
 "gammas": [
  0.13912541293038513,
  0.13563800177427685,
  0.13168824763692938,
  0.1272411745400063,
  0.12226824656008851,
  0.1167509610738781,
  0.11068503316233094,
  0.10408494804824439,
  0.09698846996447091,
  0.08946047547034311,
  0.0815952672761381,
  0.07362496422907833,
  0.0669049262113889,
  0.06007153541439507,
  0.05324992280881317,
  0.046571818354578354,
  0.04016567148686368,
  0.034146545144963625,
  0.02914008790342385,
  0.026052530454270584,
  0.023024443032323864,
  0.020103512643623637,
  0.01733285193729843,
  0.014749319882818265,
  0.01284531650097298,
  0.011304278289606234,
  0.009706318890657406,
  0.00811628639282609,
  0.006665480928492087,
  0.00555275727255875,
  0.004600937391013324,
  0.004092588890870491,
  0.0036520390259872607,
  0.003229075264038737,
  0.002820019518657595,
  0.0024203266898206862,
  0.002047165818841508,
  0.0017540519655471526,
  0.0015446298287205378,
  0.0013374456195167233
 ],
 "sigmas": [
  0.125,
  0.1466825575005783,
  0.17212618139928368,
  0.20198326800364322,
  0.2370193785847929,
  0.27813286902412176,
  0.3263779244274524,
  0.38299158933399347,
  0.449425486597771,
  0.5273830382408234,
  0.6188631426527141,
  0.7262114280571627,
  0.8521803964285746,
  1.0,
  1.1734604600046263,
  1.3770094511942694,
  1.6158661440291457,
  1.8961550286783433,
  2.2250629521929746,
  2.61102339541962,
  3.0639327146719486,
  3.5954038927821688,
  4.219064305926588,
  4.950905141221715,
  5.8096914244572995,
  6.817443171428597,
  8.0,
  9.38768368003701,
  11.016075609554155,
  12.926929152233166,
  15.169240229426746,
  17.800503617543797,
  20.88818716335696,
  24.51146171737559,
  28.76323114225735,
  33.752514447412686,
  39.60724112977372,
  46.477531395658396,
  54.5395453714288,
  64.0
 ],
 "border_radii": [
  10,
  10,
  10,
  10,
  10,
  10,
  10,
  10,
  10,
  10,
  10,
  10,
  10,
  10,
  10,
  10,
  10,
  10,
  10,
  10,
  12,
  14,
  16,
  19,
  23,
  27,
  32,
  37,
  44,
  51,
  60,
  71,
  41,
  49,
  57,
  67,
  79,
  92,
  109,
  128
 ]
}