{
 "time": "181118_0345",
 "filename": "T-BN5569860.png",
 "alphas": [
  0.05977317763108459,
  0.06102902163015925,
  0.0626617990156979,
  0.06462777966884392,
  0.0670899009648598,
  0.06995806690836255,
  0.07327587189383068,
  0.07763254600247166,
  0.08284608716843214,
  0.08936339017391298,
  0.09736508539105226,
  0.10478689673876386,
  0.10930774310775009,
  0.11501148092148965,
  0.12189745765949893,
  0.13138393521277467,
  0.142647998089068,
  0.1562079580987594,
  0.1711460520664031,
  0.17898793781683098,
  0.19098473887440698,
  0.20042989029820152,
  0.20983861322416522,
  0.22021405833965332,
  0.2338892740911637,
  0.24921823137634133,
  0.2651298836206571,
  0.2863309245441158,
  0.31150354674346836,
  0.3375669522056488,
  0.3718885064442189,
  0.4150124573840949,
  0.415526904646893,
  0.4380880654887489,
  0.4573963533305198,
  0.4285318070644898,
  0.4066786969528301,
  0.39228948237078903,
  0.38656120827818835,
  0.3922350788058918
 ],
 "betas": [
  0.5,
  0.5,
  0.5,
  0.5,
  0.5,
  0.5,
  0.5,
  0.5,
  0.5,
  0.5,
  0.5,
  0.5,
  0.5,
  0.5,
  0.5,
  0.5,
  0.5,
  0.5,
  0.5,
  0.5,
  0.5,
  0.5,
  0.5,
  0.5,
  0.5,
  0.5,
  0.5,
  0.5,
  0.5,
  0.5,
  0.5,
  0.5,
  0.5,
  0.5,
  0.5,
  0.5,
  0.5,
  0.5,
  0.5,
  0.5
 ],
 "gammas": [
  0.11431288148144207,
  0.11151110432175225,
  0.10833258912329881,
  0.10474673239985709,
  0.10072730627660058,
  0.09625519460285216,
  0.09132163168940301,
  0.08593180882040306,
  0.08010858368979337,
  0.07389587245152893,
  0.06769174173972935,
  0.06129459276505193,
  0.05475170583073238,
  0.04818072005306563,
  0.04255989290185963,
  0.03834801795704096,
  0.03412410161025112,
  0.02997107506382428,
  0.025971535818389367,
  0.02220123175515931,
  0.018723059760504188,
  0.015582514360112222,
  0.012805260741124678,
  0.011082849782878703,
  0.009697267849153719,
  0.008398690580948442,
  0.007200778231137951,
  0.00607995691115987,
  0.005059917084409883,
  0.004152303067000169,
  0.0033592978151778777,
  0.0026769253240758687,
  0.0023655322788464946,
  0.0021566090628546064,
  0.0019230511805483055,
  0.0016820152401636952,
  0.0014441594393085103,
  0.001217174287330876,
  0.0010094881276021485,
  0.0008257350234685876
 ],
 "sigmas": [
  0.125,
  0.1466825575005783,
  0.17212618139928368,
  0.20198326800364322,
  0.2370193785847929,
  0.27813286902412176,
  0.3263779244274524,
  0.38299158933399347,
  0.449425486597771,
  0.5273830382408234,
  0.6188631426527141,
  0.7262114280571627,
  0.8521803964285746,
  1.0,
  1.1734604600046263,
  1.3770094511942694,
  1.6158661440291457,
  1.8961550286783433,
  2.2250629521929746,
  2.61102339541962,
  3.0639327146719486,
  3.5954038927821688,
  4.219064305926588,
  4.950905141221715,
  5.8096914244572995,
  6.817443171428597,
  8.0,
  9.38768368003701,
  11.016075609554155,
  12.926929152233166,
  15.169240229426746,
  17.800503617543797,
  20.88818716335696,
  24.51146171737559,
  28.76323114225735,
  33.752514447412686,
  39.60724112977372,
  46.477531395658396,
  54.5395453714288,
  64.0
 ],
 "border_radii": [
  10,
  10,
  10,
  10,
  10,
  10,
  10,
  10,
  10,
  10,
  10,
  10,
  10,
  10,
  10,
  10,
  10,
  10,
  10,
  10,
  12,
  14,
  16,
  19,
  23,
  27,
  32,
  37,
  44,
  51,
  60,
  71,
  41,
  49,
  57,
  67,
  79,
  92,
  109,
  128
 ]
}