{
 "time": "181118_0216",
 "filename": "T-BN2050224.png",
 "alphas": [
  0.05360401945414113,
  0.054502936547269995,
  0.05552401175524008,
  0.05661412057271399,
  0.05798846398181415,
  0.059641035948462595,
  0.061198324905302186,
  0.0630147996775057,
  0.06502879409293812,
  0.06742706448671143,
  0.07053004144169958,
  0.0740132477758991,
  0.07836283147763763,
  0.08423412857002235,
  0.09131633923464827,
  0.09686144657621995,
  0.10135145158242427,
  0.1069670662021543,
  0.11431029456753994,
  0.12406475599744973,
  0.13805055944433325,
  0.1561635113715793,
  0.17240162058915337,
  0.1878588638282151,
  0.20836606226167992,
  0.23386319669927158,
  0.26404792832964585,
  0.2800134606010698,
  0.29947214745176604,
  0.32375243972936474,
  0.34646060644431703,
  0.3780428378078518,
  0.3905803767259729,
  0.43356572180564884,
  0.42335224095817686,
  0.41376021287900533,
  0.4118214654667611,
  0.41344482608024946,
  0.3799454893654934,
  0.35198993923317257
 ],
 "betas": [
  0.5,
  0.5,
  0.5,
  0.5,
  0.5,
  0.5,
  0.5,
  0.5,
  0.5,
  0.5,
  0.5,
  0.5,
  0.5,
  0.5,
  0.5,
  0.5,
  0.5,
  0.5,
  0.5,
  0.5,
  0.5,
  0.5,
  0.5,
  0.5,
  0.5,
  0.5,
  0.5,
  0.5,
  0.5,
  0.5,
  0.5,
  0.5,
  0.5,
  0.5,
  0.5,
  0.5,
  0.5,
  0.5,
  0.5,
  0.5
 ],
 "gammas": [
  0.09527474259066235,
  0.09322898205039289,
  0.09090804343360123,
  0.08828924574733013,
  0.08535281181371376,
  0.08208370005267533,
  0.07847373883447124,
  0.07452395652522702,
  0.070653999253976,
  0.06659214194790002,
  0.0622784941369949,
  0.057758351152923104,
  0.053089963811133414,
  0.04834250943666925,
  0.04359257996780651,
  0.0390031718981558,
  0.034970187407425524,
  0.03114280377421444,
  0.027574620980369058,
  0.024302154777569966,
  0.02158511253527732,
  0.019877254247378507,
  0.018020054692264555,
  0.016083024576992393,
  0.014132370997681973,
  0.012286560545874535,
  0.010787301006747284,
  0.009403388265371227,
  0.008130581146002378,
  0.006965574922728903,
  0.005906236796985393,
  0.00506962215258423,
  0.004464773781115248,
  0.0038773869913451674,
  0.0033277045837520436,
  0.0028292952038180834,
  0.002375525609178037,
  0.001968196634903479,
  0.0016112167030181835,
  0.0013084459045268003
 ],
 "sigmas": [
  0.125,
  0.1466825575005783,
  0.17212618139928368,
  0.20198326800364322,
  0.2370193785847929,
  0.27813286902412176,
  0.3263779244274524,
  0.38299158933399347,
  0.449425486597771,
  0.5273830382408234,
  0.6188631426527141,
  0.7262114280571627,
  0.8521803964285746,
  1.0,
  1.1734604600046263,
  1.3770094511942694,
  1.6158661440291457,
  1.8961550286783433,
  2.2250629521929746,
  2.61102339541962,
  3.0639327146719486,
  3.5954038927821688,
  4.219064305926588,
  4.950905141221715,
  5.8096914244572995,
  6.817443171428597,
  8.0,
  9.38768368003701,
  11.016075609554155,
  12.926929152233166,
  15.169240229426746,
  17.800503617543797,
  20.88818716335696,
  24.51146171737559,
  28.76323114225735,
  33.752514447412686,
  39.60724112977372,
  46.477531395658396,
  54.5395453714288,
  64.0
 ],
 "border_radii": [
  10,
  10,
  10,
  10,
  10,
  10,
  10,
  10,
  10,
  10,
  10,
  10,
  10,
  10,
  10,
  10,
  10,
  10,
  10,
  10,
  12,
  14,
  16,
  19,
  23,
  27,
  32,
  37,
  44,
  51,
  60,
  71,
  41,
  49,
  57,
  67,
  79,
  92,
  109,
  128
 ]
}