{
 "time": "181118_0208",
 "filename": "T-BN1602443.png",
 "alphas": [
  0.02446499282750516,
  0.02477629133375523,
  0.02514556095202466,
  0.025645380272995226,
  0.026236888848320677,
  0.026942137681669823,
  0.02778875922471267,
  0.02842613302654984,
  0.028811852565561027,
  0.02939743287354605,
  0.03011746597035889,
  0.031017600175514304,
  0.032241936229121096,
  0.03372962549552668,
  0.035606065788311776,
  0.03804600781743153,
  0.04116948750312014,
  0.045116631828379154,
  0.04993752966217112,
  0.05520722565796446,
  0.053109038720417265,
  0.05333886094281857,
  0.05599802635595746,
  0.06148060351569548,
  0.07058581422795672,
  0.08332104289738707,
  0.1023465544041658,
  0.10698689801709435,
  0.11387292371611442,
  0.12579461161186994,
  0.14154398873810536,
  0.16365319860654196,
  0.1679258108961192,
  0.19295635774908598,
  0.2187665577943071,
  0.2357659573015461,
  0.2579328674513659,
  0.28559817344979027,
  0.3187967770509515,
  0.3623051101380661
 ],
 "betas": [
  0.5,
  0.5,
  0.5,
  0.5,
  0.5,
  0.5,
  0.5,
  0.5,
  0.5,
  0.5,
  0.5,
  0.5,
  0.5,
  0.5,
  0.5,
  0.5,
  0.5,
  0.5,
  0.5,
  0.5,
  0.5,
  0.5,
  0.5,
  0.5,
  0.5,
  0.5,
  0.5,
  0.5,
  0.5,
  0.5,
  0.5,
  0.5,
  0.5,
  0.5,
  0.5,
  0.5,
  0.5,
  0.5,
  0.5,
  0.5
 ],
 "gammas": [
  0.1349293429277597,
  0.13185999634179885,
  0.128377655737414,
  0.12444867736201669,
  0.12004416780347363,
  0.11514295692500948,
  0.10973510140614491,
  0.10382575647654176,
  0.09743910407133953,
  0.09062184875868964,
  0.0834456185580707,
  0.07600749030095325,
  0.06915763261880044,
  0.0644196354078508,
  0.0599434204395932,
  0.05518290449211041,
  0.050146976577788216,
  0.04494174898223746,
  0.03969257255587682,
  0.03453295943046983,
  0.02959131339328532,
  0.024978060769684764,
  0.0207758461507568,
  0.01773877801199446,
  0.01499320764045,
  0.013012363452125005,
  0.011631355616280772,
  0.010229285944078629,
  0.008870634845224448,
  0.007601246635913087,
  0.006468202676041236,
  0.005455194764441385,
  0.004561399078570295,
  0.0038243584960301266,
  0.0031726986131759287,
  0.002606062227224983,
  0.0021192350184228038,
  0.0017735883606962567,
  0.0014580615692493435,
  0.001192547793118348
 ],
 "sigmas": [
  0.125,
  0.1466825575005783,
  0.17212618139928368,
  0.20198326800364322,
  0.2370193785847929,
  0.27813286902412176,
  0.3263779244274524,
  0.38299158933399347,
  0.449425486597771,
  0.5273830382408234,
  0.6188631426527141,
  0.7262114280571627,
  0.8521803964285746,
  1.0,
  1.1734604600046263,
  1.3770094511942694,
  1.6158661440291457,
  1.8961550286783433,
  2.2250629521929746,
  2.61102339541962,
  3.0639327146719486,
  3.5954038927821688,
  4.219064305926588,
  4.950905141221715,
  5.8096914244572995,
  6.817443171428597,
  8.0,
  9.38768368003701,
  11.016075609554155,
  12.926929152233166,
  15.169240229426746,
  17.800503617543797,
  20.88818716335696,
  24.51146171737559,
  28.76323114225735,
  33.752514447412686,
  39.60724112977372,
  46.477531395658396,
  54.5395453714288,
  64.0
 ],
 "border_radii": [
  10,
  10,
  10,
  10,
  10,
  10,
  10,
  10,
  10,
  10,
  10,
  10,
  10,
  10,
  10,
  10,
  10,
  10,
  10,
  10,
  12,
  14,
  16,
  19,
  23,
  27,
  32,
  37,
  44,
  51,
  60,
  71,
  41,
  49,
  57,
  67,
  79,
  92,
  109,
  128
 ]
}