{
 "time": "181118_0547",
 "filename": "T-BN9226926.png",
 "alphas": [
  0.03890805186465491,
  0.04035137396126941,
  0.04215865817534644,
  0.044377480897933835,
  0.047091921916331686,
  0.05036085484416011,
  0.052873414625351445,
  0.055314875523765746,
  0.058315891907597395,
  0.06199893340953798,
  0.06662885552131864,
  0.07086882737430925,
  0.07579567125240881,
  0.08245308288882416,
  0.0915149968211828,
  0.10389344706772825,
  0.11987669838334644,
  0.1294740158460755,
  0.14057114551474,
  0.15413779376405984,
  0.16496831241914656,
  0.17538938662807638,
  0.18744909008209756,
  0.20204070916409508,
  0.21980501299509103,
  0.2377018164432848,
  0.24796576288211414,
  0.2598708819749968,
  0.27545555091175344,
  0.2956782131016138,
  0.32332377464499296,
  0.36123076314370295,
  0.32520885042218695,
  0.33055671434777556,
  0.3319700617088579,
  0.32052180377879336,
  0.31744344758075493,
  0.3171785278550421,
  0.316681241872089,
  0.3243940415505776
 ],
 "betas": [
  0.5,
  0.5,
  0.5,
  0.5,
  0.5,
  0.5,
  0.5,
  0.5,
  0.5,
  0.5,
  0.5,
  0.5,
  0.5,
  0.5,
  0.5,
  0.5,
  0.5,
  0.5,
  0.5,
  0.5,
  0.5,
  0.5,
  0.5,
  0.5,
  0.5,
  0.5,
  0.5,
  0.5,
  0.5,
  0.5,
  0.5,
  0.5,
  0.5,
  0.5,
  0.5,
  0.5,
  0.5,
  0.5,
  0.5,
  0.5
 ],
 "gammas": [
  0.08915387659767303,
  0.08668219814383248,
  0.08390401150670777,
  0.08080304692617095,
  0.07736944811382286,
  0.07360222294340929,
  0.06951181453010438,
  0.06512251532910623,
  0.06107520452827164,
  0.057844888205808354,
  0.05435707558890746,
  0.050637933732507606,
  0.046726776624572634,
  0.042676030647381034,
  0.038549809496043565,
  0.03442094739015699,
  0.030475293785692446,
  0.027295765143420254,
  0.024147918999731226,
  0.021105375160442492,
  0.01915795677359836,
  0.017323847052418104,
  0.015397344373473813,
  0.01345252054729949,
  0.011559206133004318,
  0.009775193934399287,
  0.008142017096386586,
  0.006684319761239478,
  0.005411826600926331,
  0.004322608082693663,
  0.0035385233149092315,
  0.0030355245342472133,
  0.002665749781816439,
  0.0023089513935822354,
  0.0019741043911983415,
  0.0016702345289857023,
  0.0014011407585207633,
  0.001164169135424745,
  0.000979484473835438,
  0.00087200571540991
 ],
 "sigmas": [
  0.125,
  0.1466825575005783,
  0.17212618139928368,
  0.20198326800364322,
  0.2370193785847929,
  0.27813286902412176,
  0.3263779244274524,
  0.38299158933399347,
  0.449425486597771,
  0.5273830382408234,
  0.6188631426527141,
  0.7262114280571627,
  0.8521803964285746,
  1.0,
  1.1734604600046263,
  1.3770094511942694,
  1.6158661440291457,
  1.8961550286783433,
  2.2250629521929746,
  2.61102339541962,
  3.0639327146719486,
  3.5954038927821688,
  4.219064305926588,
  4.950905141221715,
  5.8096914244572995,
  6.817443171428597,
  8.0,
  9.38768368003701,
  11.016075609554155,
  12.926929152233166,
  15.169240229426746,
  17.800503617543797,
  20.88818716335696,
  24.51146171737559,
  28.76323114225735,
  33.752514447412686,
  39.60724112977372,
  46.477531395658396,
  54.5395453714288,
  64.0
 ],
 "border_radii": [
  10,
  10,
  10,
  10,
  10,
  10,
  10,
  10,
  10,
  10,
  10,
  10,
  10,
  10,
  10,
  10,
  10,
  10,
  10,
  10,
  12,
  14,
  16,
  19,
  23,
  27,
  32,
  37,
  44,
  51,
  60,
  71,
  41,
  49,
  57,
  67,
  79,
  92,
  109,
  128
 ]
}