{
 "time": "181118_0315",
 "filename": "T-BN4031846.png",
 "alphas": [
  0.0558514595493177,
  0.056567440094297275,
  0.05732836389250916,
  0.058339741691682684,
  0.05946354993567564,
  0.0609845913717981,
  0.062395662984422534,
  0.063551552177246,
  0.06504453539495228,
  0.06724103838681826,
  0.07038940821873173,
  0.07437394746786768,
  0.07991514694935734,
  0.08719589651740087,
  0.09344280296411378,
  0.09522300193923432,
  0.09825375927050692,
  0.10321336459058561,
  0.11020392112799059,
  0.11976996166781434,
  0.13299475329591393,
  0.14947499978902842,
  0.1701391554365632,
  0.18009240165354568,
  0.17682289535154103,
  0.17858362884003515,
  0.18594233831748364,
  0.19749667551119066,
  0.2114465460586383,
  0.2315414623068467,
  0.2607454520859025,
  0.30406366639300064,
  0.3176027551523255,
  0.3538392438500187,
  0.3594123190867979,
  0.365728546149654,
  0.38286628127079436,
  0.3916748784355407,
  0.38111959030214937,
  0.38166935091763204
 ],
 "betas": [
  0.5,
  0.5,
  0.5,
  0.5,
  0.5,
  0.5,
  0.5,
  0.5,
  0.5,
  0.5,
  0.5,
  0.5,
  0.5,
  0.5,
  0.5,
  0.5,
  0.5,
  0.5,
  0.5,
  0.5,
  0.5,
  0.5,
  0.5,
  0.5,
  0.5,
  0.5,
  0.5,
  0.5,
  0.5,
  0.5,
  0.5,
  0.5,
  0.5,
  0.5,
  0.5,
  0.5,
  0.5,
  0.5,
  0.5,
  0.5
 ],
 "gammas": [
  0.15997872148222633,
  0.15554607041764026,
  0.15053875056359917,
  0.14491778395894458,
  0.13865374872077976,
  0.13173142173649074,
  0.1241550381496552,
  0.11595381308060936,
  0.10718712943385955,
  0.09794853337004425,
  0.08836745766876787,
  0.07860750990208205,
  0.06886033742531224,
  0.059334620577202686,
  0.05024067544549205,
  0.04177233962171023,
  0.03743165592918486,
  0.03376416044035352,
  0.030416823971923943,
  0.02698828308482338,
  0.023973280082895218,
  0.020961577672076993,
  0.018068990437649916,
  0.015557106988620886,
  0.013258836764542651,
  0.011171647608630998,
  0.009405245087647467,
  0.007789178927493542,
  0.006390968613856415,
  0.0051308848471332495,
  0.004010628426131199,
  0.003508745741770758,
  0.0030844716001056003,
  0.0027085078045135987,
  0.0023665951677683795,
  0.0020526058946692153,
  0.0017629976170133535,
  0.0014984069094503836,
  0.0012592215773124494,
  0.0010451011360806217
 ],
 "sigmas": [
  0.125,
  0.1466825575005783,
  0.17212618139928368,
  0.20198326800364322,
  0.2370193785847929,
  0.27813286902412176,
  0.3263779244274524,
  0.38299158933399347,
  0.449425486597771,
  0.5273830382408234,
  0.6188631426527141,
  0.7262114280571627,
  0.8521803964285746,
  1.0,
  1.1734604600046263,
  1.3770094511942694,
  1.6158661440291457,
  1.8961550286783433,
  2.2250629521929746,
  2.61102339541962,
  3.0639327146719486,
  3.5954038927821688,
  4.219064305926588,
  4.950905141221715,
  5.8096914244572995,
  6.817443171428597,
  8.0,
  9.38768368003701,
  11.016075609554155,
  12.926929152233166,
  15.169240229426746,
  17.800503617543797,
  20.88818716335696,
  24.51146171737559,
  28.76323114225735,
  33.752514447412686,
  39.60724112977372,
  46.477531395658396,
  54.5395453714288,
  64.0
 ],
 "border_radii": [
  10,
  10,
  10,
  10,
  10,
  10,
  10,
  10,
  10,
  10,
  10,
  10,
  10,
  10,
  10,
  10,
  10,
  10,
  10,
  10,
  12,
  14,
  16,
  19,
  23,
  27,
  32,
  37,
  44,
  51,
  60,
  71,
  41,
  49,
  57,
  67,
  79,
  92,
  109,
  128
 ]
}