{
 "time": "181118_0607",
 "filename": "T-BN9900633.png",
 "alphas": [
  0.05977798890282818,
  0.06095126604351676,
  0.062128622359931364,
  0.06370018083669352,
  0.06557386850116644,
  0.06784036157884797,
  0.07063926898922523,
  0.07413701984198019,
  0.07826203521831249,
  0.08332947672827795,
  0.08941212466523171,
  0.09545188997647698,
  0.09890591052683292,
  0.10329266084338723,
  0.10880727104303724,
  0.11535697259899745,
  0.12362477443670435,
  0.1342808408158846,
  0.14743159485112117,
  0.16393957416346785,
  0.18568468437835128,
  0.20702179502997456,
  0.21140000305115153,
  0.2173308799645449,
  0.22774044105192653,
  0.24159311423052765,
  0.2611237716481125,
  0.2818196130005433,
  0.2873665155091098,
  0.2977597689374055,
  0.31205667723280267,
  0.32240393868958117,
  0.298421090720145,
  0.2875449544213139,
  0.2833423405263022,
  0.28792053996753175,
  0.2958645683110707,
  0.300590834241447,
  0.30306539896597207,
  0.3155357473378459
 ],
 "betas": [
  0.5,
  0.5,
  0.5,
  0.5,
  0.5,
  0.5,
  0.5,
  0.5,
  0.5,
  0.5,
  0.5,
  0.5,
  0.5,
  0.5,
  0.5,
  0.5,
  0.5,
  0.5,
  0.5,
  0.5,
  0.5,
  0.5,
  0.5,
  0.5,
  0.5,
  0.5,
  0.5,
  0.5,
  0.5,
  0.5,
  0.5,
  0.5,
  0.5,
  0.5,
  0.5,
  0.5,
  0.5,
  0.5,
  0.5,
  0.5
 ],
 "gammas": [
  0.1387799561331206,
  0.13549549374479314,
  0.13177535355669298,
  0.12758618963039756,
  0.12290040051387979,
  0.11769933251948125,
  0.1119769672398173,
  0.10574387186940142,
  0.09903102602856798,
  0.09189295787414686,
  0.08440946897380638,
  0.07668517172301263,
  0.06884619132885393,
  0.06103376725310552,
  0.05339512552820152,
  0.046072750178704096,
  0.03919377918236369,
  0.03286135885797332,
  0.027149248508102488,
  0.022099981897700953,
  0.018073025355307883,
  0.015322868616514421,
  0.012861569307805666,
  0.011157096899875773,
  0.010139869623713337,
  0.009153516660062713,
  0.00814603108366284,
  0.0071918903444865385,
  0.00626519754364347,
  0.005405105475986635,
  0.00462394427195217,
  0.003914675512621137,
  0.0032901288934244852,
  0.0027424651727118838,
  0.002264112394291551,
  0.0018591168238709787,
  0.0015161850633508434,
  0.0012364940705370797,
  0.0010154783504769714,
  0.0008694225472744177
 ],
 "sigmas": [
  0.125,
  0.1466825575005783,
  0.17212618139928368,
  0.20198326800364322,
  0.2370193785847929,
  0.27813286902412176,
  0.3263779244274524,
  0.38299158933399347,
  0.449425486597771,
  0.5273830382408234,
  0.6188631426527141,
  0.7262114280571627,
  0.8521803964285746,
  1.0,
  1.1734604600046263,
  1.3770094511942694,
  1.6158661440291457,
  1.8961550286783433,
  2.2250629521929746,
  2.61102339541962,
  3.0639327146719486,
  3.5954038927821688,
  4.219064305926588,
  4.950905141221715,
  5.8096914244572995,
  6.817443171428597,
  8.0,
  9.38768368003701,
  11.016075609554155,
  12.926929152233166,
  15.169240229426746,
  17.800503617543797,
  20.88818716335696,
  24.51146171737559,
  28.76323114225735,
  33.752514447412686,
  39.60724112977372,
  46.477531395658396,
  54.5395453714288,
  64.0
 ],
 "border_radii": [
  10,
  10,
  10,
  10,
  10,
  10,
  10,
  10,
  10,
  10,
  10,
  10,
  10,
  10,
  10,
  10,
  10,
  10,
  10,
  10,
  12,
  14,
  16,
  19,
  23,
  27,
  32,
  37,
  44,
  51,
  60,
  71,
  41,
  49,
  57,
  67,
  79,
  92,
  109,
  128
 ]
}