{
 "time": "181118_0319",
 "filename": "T-BN4193575.png",
 "alphas": [
  0.06766139745249798,
  0.06831759871510032,
  0.06906888729283747,
  0.06990920854150001,
  0.07101058444455982,
  0.07229393881180418,
  0.07368265284647676,
  0.07549235106859235,
  0.07775806592647024,
  0.08049891127313613,
  0.08377071679790216,
  0.08798508530759142,
  0.093524158725243,
  0.10044874747948045,
  0.10869006403567823,
  0.11931719931076103,
  0.13091760445892134,
  0.14171987086965881,
  0.15462836131294355,
  0.17059642733257882,
  0.1888164085018501,
  0.2088820341286512,
  0.23262955601337887,
  0.2566222066242031,
  0.26334573247246806,
  0.27539988990945796,
  0.2931057001513405,
  0.3161304278783249,
  0.3222293093977119,
  0.33198702858495543,
  0.3320828679307538,
  0.3396835035329279,
  0.3173916965663818,
  0.33287488993119635,
  0.3562431968429902,
  0.36724661919501056,
  0.3667202746803408,
  0.38136724279071266,
  0.4077499016315312,
  0.44640527331740154
 ],
 "betas": [
  0.5,
  0.5,
  0.5,
  0.5,
  0.5,
  0.5,
  0.5,
  0.5,
  0.5,
  0.5,
  0.5,
  0.5,
  0.5,
  0.5,
  0.5,
  0.5,
  0.5,
  0.5,
  0.5,
  0.5,
  0.5,
  0.5,
  0.5,
  0.5,
  0.5,
  0.5,
  0.5,
  0.5,
  0.5,
  0.5,
  0.5,
  0.5,
  0.5,
  0.5,
  0.5,
  0.5,
  0.5,
  0.5,
  0.5,
  0.5
 ],
 "gammas": [
  0.08375404568878013,
  0.0813593580397397,
  0.0786533481798025,
  0.07561466784435918,
  0.07237597143974164,
  0.07012236160618966,
  0.06760461946190521,
  0.06481375889305417,
  0.061747753105595285,
  0.05841363333784548,
  0.054829499762162934,
  0.051026135356165264,
  0.0470478289452862,
  0.04295197811189412,
  0.03880710228761454,
  0.03468909241137996,
  0.03067586560853641,
  0.026841027915849757,
  0.02326349099134998,
  0.020430437699275467,
  0.017746472042066024,
  0.015622838999485796,
  0.013965458806866102,
  0.012259985410502869,
  0.010696229114918378,
  0.00926930886514155,
  0.007869650816523695,
  0.0066249421553844935,
  0.005505307384891363,
  0.004589348617582351,
  0.003862554990460677,
  0.0033615054886966802,
  0.002892528543687665,
  0.0024566806248358677,
  0.0021495551125430275,
  0.0018543291392549436,
  0.0015754004513455018,
  0.0013201767321785825,
  0.0010925666961052298,
  0.0008931597748128755
 ],
 "sigmas": [
  0.125,
  0.1466825575005783,
  0.17212618139928368,
  0.20198326800364322,
  0.2370193785847929,
  0.27813286902412176,
  0.3263779244274524,
  0.38299158933399347,
  0.449425486597771,
  0.5273830382408234,
  0.6188631426527141,
  0.7262114280571627,
  0.8521803964285746,
  1.0,
  1.1734604600046263,
  1.3770094511942694,
  1.6158661440291457,
  1.8961550286783433,
  2.2250629521929746,
  2.61102339541962,
  3.0639327146719486,
  3.5954038927821688,
  4.219064305926588,
  4.950905141221715,
  5.8096914244572995,
  6.817443171428597,
  8.0,
  9.38768368003701,
  11.016075609554155,
  12.926929152233166,
  15.169240229426746,
  17.800503617543797,
  20.88818716335696,
  24.51146171737559,
  28.76323114225735,
  33.752514447412686,
  39.60724112977372,
  46.477531395658396,
  54.5395453714288,
  64.0
 ],
 "border_radii": [
  10,
  10,
  10,
  10,
  10,
  10,
  10,
  10,
  10,
  10,
  10,
  10,
  10,
  10,
  10,
  10,
  10,
  10,
  10,
  10,
  12,
  14,
  16,
  19,
  23,
  27,
  32,
  37,
  44,
  51,
  60,
  71,
  41,
  49,
  57,
  67,
  79,
  92,
  109,
  128
 ]
}