{
 "time": "181118_0118",
 "filename": "T-BN0264445.png",
 "alphas": [
  0.0734779013626694,
  0.07478170065766133,
  0.07615998136737043,
  0.07789157730652221,
  0.08005413250079757,
  0.08234503093090814,
  0.08508927467648855,
  0.08836765495613139,
  0.09206160122310736,
  0.09659063519838462,
  0.10226240371768287,
  0.10910693309157933,
  0.11720985430806274,
  0.12702850509479974,
  0.13628944594904346,
  0.14018972952228384,
  0.14341505440299263,
  0.1466949817237749,
  0.14914610040172072,
  0.15249646511004225,
  0.1581709611244173,
  0.16458307818692008,
  0.16521275933543011,
  0.16793276995376946,
  0.17517889349852503,
  0.1874911684906247,
  0.20768527282359311,
  0.21911557468656903,
  0.2298238467527972,
  0.24712067802104543,
  0.2749843857227621,
  0.31322683937975004,
  0.2926369798314211,
  0.28896250856302896,
  0.28712688619015064,
  0.2873054465278715,
  0.29424943731778563,
  0.31308379828238186,
  0.3403080468263618,
  0.38113266878959495
 ],
 "betas": [
  0.5,
  0.5,
  0.5,
  0.5,
  0.5,
  0.5,
  0.5,
  0.5,
  0.5,
  0.5,
  0.5,
  0.5,
  0.5,
  0.5,
  0.5,
  0.5,
  0.5,
  0.5,
  0.5,
  0.5,
  0.5,
  0.5,
  0.5,
  0.5,
  0.5,
  0.5,
  0.5,
  0.5,
  0.5,
  0.5,
  0.5,
  0.5,
  0.5,
  0.5,
  0.5,
  0.5,
  0.5,
  0.5,
  0.5,
  0.5
 ],
 "gammas": [
  0.11379733434533698,
  0.11065280507502818,
  0.10711842339366977,
  0.10317348372843074,
  0.0988054072318368,
  0.09401283728555788,
  0.08880888040658948,
  0.08322414056338145,
  0.07730904896788268,
  0.07113487762254518,
  0.0647928016179691,
  0.058390509794251415,
  0.052046205799943505,
  0.045880382628676664,
  0.04101161722117103,
  0.0362424239833293,
  0.03163475446663344,
  0.027712146285733163,
  0.024087646020426297,
  0.020683478079050896,
  0.017551521197161867,
  0.01496202976322553,
  0.012648092373372593,
  0.010563192607964123,
  0.009022015289659164,
  0.007789222405827038,
  0.006732740271445666,
  0.005784780568845356,
  0.004942715445180807,
  0.0042086880077212485,
  0.003576634730719308,
  0.0030640039587265066,
  0.002662412671598437,
  0.0023567885612539967,
  0.0020877325030544025,
  0.0018377577965343439,
  0.0015948137293492655,
  0.0010960033909984171,
  0.0009142586846121457,
  0.000758330389632831
 ],
 "sigmas": [
  0.125,
  0.1466825575005783,
  0.17212618139928368,
  0.20198326800364322,
  0.2370193785847929,
  0.27813286902412176,
  0.3263779244274524,
  0.38299158933399347,
  0.449425486597771,
  0.5273830382408234,
  0.6188631426527141,
  0.7262114280571627,
  0.8521803964285746,
  1.0,
  1.1734604600046263,
  1.3770094511942694,
  1.6158661440291457,
  1.8961550286783433,
  2.2250629521929746,
  2.61102339541962,
  3.0639327146719486,
  3.5954038927821688,
  4.219064305926588,
  4.950905141221715,
  5.8096914244572995,
  6.817443171428597,
  8.0,
  9.38768368003701,
  11.016075609554155,
  12.926929152233166,
  15.169240229426746,
  17.800503617543797,
  20.88818716335696,
  24.51146171737559,
  28.76323114225735,
  33.752514447412686,
  39.60724112977372,
  46.477531395658396,
  54.5395453714288,
  64.0
 ],
 "border_radii": [
  10,
  10,
  10,
  10,
  10,
  10,
  10,
  10,
  10,
  10,
  10,
  10,
  10,
  10,
  10,
  10,
  10,
  10,
  10,
  10,
  12,
  14,
  16,
  19,
  23,
  27,
  32,
  37,
  44,
  51,
  60,
  71,
  41,
  49,
  57,
  67,
  79,
  92,
  109,
  128
 ]
}