{
 "time": "181118_0458",
 "filename": "T-BN7767693.png",
 "alphas": [
  0.06738975263437733,
  0.06857355707487159,
  0.06999771799966063,
  0.07169214651281797,
  0.07380698884862702,
  0.07591096843402391,
  0.07814767399641287,
  0.08065520790761176,
  0.08387023398598918,
  0.08788755174440599,
  0.09265563453972211,
  0.0982933258813094,
  0.10499313520644123,
  0.11309489497755457,
  0.12249252818711046,
  0.13375136035073318,
  0.14645944110513834,
  0.16115246960708565,
  0.17768734085166105,
  0.19676622385720316,
  0.21282783407595138,
  0.22073782177498114,
  0.23083851227660696,
  0.2417229079064595,
  0.2512110643229592,
  0.2631902100663926,
  0.27650861499473744,
  0.28458953128348086,
  0.2958164757898214,
  0.3015899896416579,
  0.30143814272772435,
  0.3062558636343306,
  0.2713696810090946,
  0.27613083622177265,
  0.28357185033048793,
  0.2913159426340697,
  0.278072282375863,
  0.2668235475436458,
  0.2701986170039504,
  0.2875796230819781
 ],
 "betas": [
  0.5,
  0.5,
  0.5,
  0.5,
  0.5,
  0.5,
  0.5,
  0.5,
  0.5,
  0.5,
  0.5,
  0.5,
  0.5,
  0.5,
  0.5,
  0.5,
  0.5,
  0.5,
  0.5,
  0.5,
  0.5,
  0.5,
  0.5,
  0.5,
  0.5,
  0.5,
  0.5,
  0.5,
  0.5,
  0.5,
  0.5,
  0.5,
  0.5,
  0.5,
  0.5,
  0.5,
  0.5,
  0.5,
  0.5,
  0.5
 ],
 "gammas": [
  0.07321746711516822,
  0.07160922401860327,
  0.06978408920326787,
  0.06772485926419015,
  0.06547481458288326,
  0.06296453127379294,
  0.060186452511549145,
  0.05714026396266309,
  0.05383495516657181,
  0.05029073834584121,
  0.046540505203558576,
  0.0426304320188739,
  0.03866400895700681,
  0.03516199936656339,
  0.031635983822392626,
  0.028146402239494914,
  0.024820777300334374,
  0.022406286184093793,
  0.020109938562110026,
  0.017893188150495478,
  0.01599537081110302,
  0.014382632535292664,
  0.012896766008481258,
  0.01143415572763123,
  0.010035748586573943,
  0.00873196688616674,
  0.00754209802684914,
  0.006475276209348073,
  0.0055323453269847155,
  0.004847307994562756,
  0.004354089110188824,
  0.0038836267487411314,
  0.0034237404291195266,
  0.0029973292331089037,
  0.002602536039439483,
  0.002254357364457845,
  0.0019381366258408887,
  0.0016508168402553064,
  0.001392410239911802,
  0.0011633262741956732
 ],
 "sigmas": [
  0.125,
  0.1466825575005783,
  0.17212618139928368,
  0.20198326800364322,
  0.2370193785847929,
  0.27813286902412176,
  0.3263779244274524,
  0.38299158933399347,
  0.449425486597771,
  0.5273830382408234,
  0.6188631426527141,
  0.7262114280571627,
  0.8521803964285746,
  1.0,
  1.1734604600046263,
  1.3770094511942694,
  1.6158661440291457,
  1.8961550286783433,
  2.2250629521929746,
  2.61102339541962,
  3.0639327146719486,
  3.5954038927821688,
  4.219064305926588,
  4.950905141221715,
  5.8096914244572995,
  6.817443171428597,
  8.0,
  9.38768368003701,
  11.016075609554155,
  12.926929152233166,
  15.169240229426746,
  17.800503617543797,
  20.88818716335696,
  24.51146171737559,
  28.76323114225735,
  33.752514447412686,
  39.60724112977372,
  46.477531395658396,
  54.5395453714288,
  64.0
 ],
 "border_radii": [
  10,
  10,
  10,
  10,
  10,
  10,
  10,
  10,
  10,
  10,
  10,
  10,
  10,
  10,
  10,
  10,
  10,
  10,
  10,
  10,
  12,
  14,
  16,
  19,
  23,
  27,
  32,
  37,
  44,
  51,
  60,
  71,
  41,
  49,
  57,
  67,
  79,
  92,
  109,
  128
 ]
}