{
 "time": "181118_0312",
 "filename": "T-BN3857011.png",
 "alphas": [
  0.04834763991399511,
  0.04892609575574833,
  0.049655657250083765,
  0.05060955782131419,
  0.05165123040269474,
  0.053041812679287294,
  0.054717145182158346,
  0.05675902595572186,
  0.059377952147552114,
  0.06249284487898209,
  0.06618997058672549,
  0.06977482913189986,
  0.0727294065309536,
  0.07692681265334118,
  0.08232238537451121,
  0.08481329613818012,
  0.08559488909227744,
  0.08770380911861848,
  0.09107311898289018,
  0.09602448412463957,
  0.10194445315366907,
  0.1042997942591533,
  0.10745790966435775,
  0.1112000736429804,
  0.11482724238999789,
  0.11865734870235817,
  0.12384807231973027,
  0.12982546806591114,
  0.13402895894394448,
  0.1273359801890817,
  0.12548166354538065,
  0.12668306365352672,
  0.11703088901280673,
  0.12346415759188653,
  0.13412543015423906,
  0.15090101573152725,
  0.16466537604686854,
  0.16122818632616376,
  0.16584559781956779,
  0.17709161843802473
 ],
 "betas": [
  0.5,
  0.5,
  0.5,
  0.5,
  0.5,
  0.5,
  0.5,
  0.5,
  0.5,
  0.5,
  0.5,
  0.5,
  0.5,
  0.5,
  0.5,
  0.5,
  0.5,
  0.5,
  0.5,
  0.5,
  0.5,
  0.5,
  0.5,
  0.5,
  0.5,
  0.5,
  0.5,
  0.5,
  0.5,
  0.5,
  0.5,
  0.5,
  0.5,
  0.5,
  0.5,
  0.5,
  0.5,
  0.5,
  0.5,
  0.5
 ],
 "gammas": [
  0.10766801269310887,
  0.10476884256515792,
  0.10148416514292602,
  0.09778436631739526,
  0.09364503015094865,
  0.08904991675300436,
  0.08399445902144036,
  0.08085645431542975,
  0.07768603808841076,
  0.07417458937009815,
  0.07032286870295536,
  0.06614446146598366,
  0.061668352200845385,
  0.057260581657905624,
  0.052596851674422386,
  0.04771994847931877,
  0.042721417445864336,
  0.03770849735276491,
  0.03279608726992648,
  0.02809671229568389,
  0.023710214289842605,
  0.019772307652191495,
  0.016497715939463826,
  0.013665367615280416,
  0.012046013419428146,
  0.010526216067028771,
  0.009117182966543772,
  0.007823761519368297,
  0.006656050508188333,
  0.005612357770153042,
  0.004677266471995525,
  0.0038495090690515267,
  0.0032994706582321677,
  0.002776152741418343,
  0.0022902485534249833,
  0.0020135183169704865,
  0.0017581863126978443,
  0.0015548911064390187,
  0.0014007944016274714,
  0.0012403510440443866
 ],
 "sigmas": [
  0.125,
  0.1466825575005783,
  0.17212618139928368,
  0.20198326800364322,
  0.2370193785847929,
  0.27813286902412176,
  0.3263779244274524,
  0.38299158933399347,
  0.449425486597771,
  0.5273830382408234,
  0.6188631426527141,
  0.7262114280571627,
  0.8521803964285746,
  1.0,
  1.1734604600046263,
  1.3770094511942694,
  1.6158661440291457,
  1.8961550286783433,
  2.2250629521929746,
  2.61102339541962,
  3.0639327146719486,
  3.5954038927821688,
  4.219064305926588,
  4.950905141221715,
  5.8096914244572995,
  6.817443171428597,
  8.0,
  9.38768368003701,
  11.016075609554155,
  12.926929152233166,
  15.169240229426746,
  17.800503617543797,
  20.88818716335696,
  24.51146171737559,
  28.76323114225735,
  33.752514447412686,
  39.60724112977372,
  46.477531395658396,
  54.5395453714288,
  64.0
 ],
 "border_radii": [
  10,
  10,
  10,
  10,
  10,
  10,
  10,
  10,
  10,
  10,
  10,
  10,
  10,
  10,
  10,
  10,
  10,
  10,
  10,
  10,
  12,
  14,
  16,
  19,
  23,
  27,
  32,
  37,
  44,
  51,
  60,
  71,
  41,
  49,
  57,
  67,
  79,
  92,
  109,
  128
 ]
}