{
 "time": "181118_0211",
 "filename": "T-BN1650687.png",
 "alphas": [
  0.03707465363841627,
  0.038410334814647264,
  0.04007898571440125,
  0.04208650350842142,
  0.04460382619827293,
  0.04764479961771223,
  0.05142630982069327,
  0.05623096709799461,
  0.0622362909580162,
  0.07009808487523406,
  0.07486413911443882,
  0.08030753007110046,
  0.08711642841889507,
  0.09527111267927771,
  0.10498819689062747,
  0.11651017230341423,
  0.12128872944390323,
  0.11922914649156843,
  0.11099244661923943,
  0.10487739408419851,
  0.10094351542515276,
  0.09643687630670338,
  0.09083098140377815,
  0.08498881137901865,
  0.0792378649654186,
  0.0753806319063568,
  0.07310649599950647,
  0.07190174630927469,
  0.07196456871379511,
  0.07357205692171502,
  0.07661167409153918,
  0.08118202471011207,
  0.0820231783782845,
  0.09026381439878559,
  0.10261868126292746,
  0.1213860995347329,
  0.14123960142915817,
  0.1560874405132128,
  0.1817777942545968,
  0.2097080406537703
 ],
 "betas": [
  0.5,
  0.5,
  0.5,
  0.5,
  0.5,
  0.5,
  0.5,
  0.5,
  0.5,
  0.5,
  0.5,
  0.5,
  0.5,
  0.5,
  0.5,
  0.5,
  0.5,
  0.5,
  0.5,
  0.5,
  0.5,
  0.5,
  0.5,
  0.5,
  0.5,
  0.5,
  0.5,
  0.5,
  0.5,
  0.5,
  0.5,
  0.5,
  0.5,
  0.5,
  0.5,
  0.5,
  0.5,
  0.5,
  0.5,
  0.5
 ],
 "gammas": [
  0.079403324262737,
  0.0768080564316714,
  0.07389998079069587,
  0.07066595193916024,
  0.06710063678335877,
  0.06320921455748396,
  0.059010138568980776,
  0.05453762172807153,
  0.04984337653034315,
  0.044997041485669735,
  0.040084714306516535,
  0.03520514996840756,
  0.0308576856125326,
  0.02862261981129759,
  0.026358369420120382,
  0.024095736338952144,
  0.02186478840475636,
  0.01969296732174185,
  0.01760365141210198,
  0.01569453727442858,
  0.014432015461663427,
  0.013111410227938223,
  0.011760345115982779,
  0.010622785736902075,
  0.009531182538488963,
  0.00844455706845133,
  0.007493056299368827,
  0.006599938937883948,
  0.005737194378279289,
  0.004938841161825559,
  0.004180541201754404,
  0.0036222510938022424,
  0.003211071150749663,
  0.002809020735984424,
  0.002416048882676953,
  0.0021931309782249834,
  0.0019416226494126353,
  0.0016760409410077198,
  0.0014121750578244717,
  0.0011635189963856611
 ],
 "sigmas": [
  0.125,
  0.1466825575005783,
  0.17212618139928368,
  0.20198326800364322,
  0.2370193785847929,
  0.27813286902412176,
  0.3263779244274524,
  0.38299158933399347,
  0.449425486597771,
  0.5273830382408234,
  0.6188631426527141,
  0.7262114280571627,
  0.8521803964285746,
  1.0,
  1.1734604600046263,
  1.3770094511942694,
  1.6158661440291457,
  1.8961550286783433,
  2.2250629521929746,
  2.61102339541962,
  3.0639327146719486,
  3.5954038927821688,
  4.219064305926588,
  4.950905141221715,
  5.8096914244572995,
  6.817443171428597,
  8.0,
  9.38768368003701,
  11.016075609554155,
  12.926929152233166,
  15.169240229426746,
  17.800503617543797,
  20.88818716335696,
  24.51146171737559,
  28.76323114225735,
  33.752514447412686,
  39.60724112977372,
  46.477531395658396,
  54.5395453714288,
  64.0
 ],
 "border_radii": [
  10,
  10,
  10,
  10,
  10,
  10,
  10,
  10,
  10,
  10,
  10,
  10,
  10,
  10,
  10,
  10,
  10,
  10,
  10,
  10,
  12,
  14,
  16,
  19,
  23,
  27,
  32,
  37,
  44,
  51,
  60,
  71,
  41,
  49,
  57,
  67,
  79,
  92,
  109,
  128
 ]
}