{
 "time": "181118_0127",
 "filename": "T-BN0421379.png",
 "alphas": [
  0.04529250240085556,
  0.04645610310888432,
  0.04782681893707699,
  0.04950846034404427,
  0.051523917627197824,
  0.05392543847895033,
  0.0568684552596865,
  0.060369670101112854,
  0.06490008542505553,
  0.07037748869111121,
  0.07725950712650333,
  0.0840386735828082,
  0.08937082941238805,
  0.0959644592798899,
  0.1043840689404045,
  0.11522728927928244,
  0.12879757962357835,
  0.13682835380571326,
  0.14458693682629567,
  0.15508088205500728,
  0.17056074614539019,
  0.17649669305683566,
  0.18385770336526278,
  0.19369995230795312,
  0.2062194454352705,
  0.22410885746452255,
  0.2462419043870877,
  0.25984361007653145,
  0.2722234267142706,
  0.2899266939672127,
  0.31512731385018966,
  0.32452991731450737,
  0.26767619266893505,
  0.2469354702208314,
  0.23106288840762793,
  0.22172515220706585,
  0.2164263942985603,
  0.21429815570235536,
  0.21677264794611517,
  0.22641687152051632
 ],
 "betas": [
  0.5,
  0.5,
  0.5,
  0.5,
  0.5,
  0.5,
  0.5,
  0.5,
  0.5,
  0.5,
  0.5,
  0.5,
  0.5,
  0.5,
  0.5,
  0.5,
  0.5,
  0.5,
  0.5,
  0.5,
  0.5,
  0.5,
  0.5,
  0.5,
  0.5,
  0.5,
  0.5,
  0.5,
  0.5,
  0.5,
  0.5,
  0.5,
  0.5,
  0.5,
  0.5,
  0.5,
  0.5,
  0.5,
  0.5,
  0.5
 ],
 "gammas": [
  0.09201807558854927,
  0.08975733689204418,
  0.08720348816897408,
  0.08433635252110151,
  0.08114034953852925,
  0.07760670280883707,
  0.07373590169246816,
  0.06990677072958033,
  0.06608298170394995,
  0.0619893608751761,
  0.057663216549425564,
  0.05315579007789662,
  0.048531174398076735,
  0.04432663741650056,
  0.04108562639747446,
  0.03764964567779195,
  0.03407467056899846,
  0.030431584999364054,
  0.026955903215021622,
  0.024454283518313823,
  0.022443300652476014,
  0.02032303469638982,
  0.01819804000501959,
  0.016087443239753377,
  0.01405257495100788,
  0.012139484603685972,
  0.010378753793778105,
  0.008787098895450497,
  0.007370105790309831,
  0.006125378578713318,
  0.005059795417966679,
  0.004157925113545089,
  0.0034491238959869506,
  0.003077779697865718,
  0.0026898843621972314,
  0.002297075799410187,
  0.0019152997824713293,
  0.0015636549011561664,
  0.0012599878811928827,
  0.0010630162359191535
 ],
 "sigmas": [
  0.125,
  0.1466825575005783,
  0.17212618139928368,
  0.20198326800364322,
  0.2370193785847929,
  0.27813286902412176,
  0.3263779244274524,
  0.38299158933399347,
  0.449425486597771,
  0.5273830382408234,
  0.6188631426527141,
  0.7262114280571627,
  0.8521803964285746,
  1.0,
  1.1734604600046263,
  1.3770094511942694,
  1.6158661440291457,
  1.8961550286783433,
  2.2250629521929746,
  2.61102339541962,
  3.0639327146719486,
  3.5954038927821688,
  4.219064305926588,
  4.950905141221715,
  5.8096914244572995,
  6.817443171428597,
  8.0,
  9.38768368003701,
  11.016075609554155,
  12.926929152233166,
  15.169240229426746,
  17.800503617543797,
  20.88818716335696,
  24.51146171737559,
  28.76323114225735,
  33.752514447412686,
  39.60724112977372,
  46.477531395658396,
  54.5395453714288,
  64.0
 ],
 "border_radii": [
  10,
  10,
  10,
  10,
  10,
  10,
  10,
  10,
  10,
  10,
  10,
  10,
  10,
  10,
  10,
  10,
  10,
  10,
  10,
  10,
  12,
  14,
  16,
  19,
  23,
  27,
  32,
  37,
  44,
  51,
  60,
  71,
  41,
  49,
  57,
  67,
  79,
  92,
  109,
  128
 ]
}