{
 "time": "181118_0358",
 "filename": "T-BN5934535.png",
 "alphas": [
  0.06312851973433543,
  0.06407451587716836,
  0.06517429609691623,
  0.06660878719443132,
  0.06820086027840078,
  0.07032024717210937,
  0.0727825628009928,
  0.07594839940814851,
  0.07967986673692193,
  0.08378328887796807,
  0.08683843987627528,
  0.09079252743124283,
  0.09588453138703941,
  0.10274399477591681,
  0.11131580968282923,
  0.1201627111820739,
  0.12568221500593021,
  0.1328028205152097,
  0.142571946531807,
  0.14951249961743385,
  0.15067781981553074,
  0.15534788160229962,
  0.16458546389059275,
  0.1801288111723272,
  0.20199569756037758,
  0.23235389800537387,
  0.25354846058971003,
  0.25462003834753855,
  0.2645892149736414,
  0.2801815758179955,
  0.3031950444848007,
  0.33267557507404016,
  0.2996175513539568,
  0.27898009432707915,
  0.26437704807838075,
  0.2527312252782862,
  0.23554995925727307,
  0.2192831729406492,
  0.21021327530611117,
  0.21439729364334492
 ],
 "betas": [
  0.5,
  0.5,
  0.5,
  0.5,
  0.5,
  0.5,
  0.5,
  0.5,
  0.5,
  0.5,
  0.5,
  0.5,
  0.5,
  0.5,
  0.5,
  0.5,
  0.5,
  0.5,
  0.5,
  0.5,
  0.5,
  0.5,
  0.5,
  0.5,
  0.5,
  0.5,
  0.5,
  0.5,
  0.5,
  0.5,
  0.5,
  0.5,
  0.5,
  0.5,
  0.5,
  0.5,
  0.5,
  0.5,
  0.5,
  0.5
 ],
 "gammas": [
  0.10326496856625167,
  0.10127654978030286,
  0.09901463742166593,
  0.09645438949888302,
  0.09357291660716095,
  0.09035089944960208,
  0.08677452186030248,
  0.08283765200460384,
  0.07854413878954364,
  0.07391001605696598,
  0.06896533715456955,
  0.06375531701934685,
  0.05834046101492133,
  0.0527954274555864,
  0.04776842456629632,
  0.0433082167532197,
  0.038757311143097,
  0.03420779067222071,
  0.029757679183170117,
  0.025502500826012055,
  0.02152648769725467,
  0.01906783127007108,
  0.017263591319300366,
  0.015487988203770177,
  0.013764099810484404,
  0.012112367867973286,
  0.010549846199498435,
  0.009089879489563716,
  0.007755524898718893,
  0.006543650681466674,
  0.0054472452974678115,
  0.004468790958649744,
  0.0036560598888207376,
  0.0029955344402771015,
  0.0025835803295763335,
  0.0022161678023529486,
  0.0018816208770684345,
  0.0015804984727223346,
  0.0013137215655178206,
  0.001079714261012669
 ],
 "sigmas": [
  0.125,
  0.1466825575005783,
  0.17212618139928368,
  0.20198326800364322,
  0.2370193785847929,
  0.27813286902412176,
  0.3263779244274524,
  0.38299158933399347,
  0.449425486597771,
  0.5273830382408234,
  0.6188631426527141,
  0.7262114280571627,
  0.8521803964285746,
  1.0,
  1.1734604600046263,
  1.3770094511942694,
  1.6158661440291457,
  1.8961550286783433,
  2.2250629521929746,
  2.61102339541962,
  3.0639327146719486,
  3.5954038927821688,
  4.219064305926588,
  4.950905141221715,
  5.8096914244572995,
  6.817443171428597,
  8.0,
  9.38768368003701,
  11.016075609554155,
  12.926929152233166,
  15.169240229426746,
  17.800503617543797,
  20.88818716335696,
  24.51146171737559,
  28.76323114225735,
  33.752514447412686,
  39.60724112977372,
  46.477531395658396,
  54.5395453714288,
  64.0
 ],
 "border_radii": [
  10,
  10,
  10,
  10,
  10,
  10,
  10,
  10,
  10,
  10,
  10,
  10,
  10,
  10,
  10,
  10,
  10,
  10,
  10,
  10,
  12,
  14,
  16,
  19,
  23,
  27,
  32,
  37,
  44,
  51,
  60,
  71,
  41,
  49,
  57,
  67,
  79,
  92,
  109,
  128
 ]
}