{
 "time": "181118_0238",
 "filename": "T-BN2713393.png",
 "alphas": [
  0.04309220685033038,
  0.044027449190179355,
  0.04512888230944649,
  0.046462744151325,
  0.048113745504298824,
  0.05010799561255938,
  0.05255028046320147,
  0.05548425923378576,
  0.05922463739060142,
  0.06330550461341009,
  0.06607903424758588,
  0.06887180318701534,
  0.07189856467326534,
  0.07424914591707531,
  0.07778430855627794,
  0.08324338807527769,
  0.09079834535690046,
  0.10121140379273702,
  0.11501946697760973,
  0.1341379481937671,
  0.14940639516805831,
  0.15973358546423633,
  0.17250064827895276,
  0.1864457614052067,
  0.19278546020320242,
  0.20338010238554696,
  0.21718789464970678,
  0.2101675036932308,
  0.2572506255180748,
  0.28125983322550197,
  0.28972754899483116,
  0.2951558022880614,
  0.2852276329112715,
  0.27269971499225565,
  0.2640575603007361,
  0.2549941724587861,
  0.24846224923600974,
  0.24257093515991568,
  0.2335427791723267,
  0.22326862015512094
 ],
 "betas": [
  0.5,
  0.5,
  0.5,
  0.5,
  0.5,
  0.5,
  0.5,
  0.5,
  0.5,
  0.5,
  0.5,
  0.5,
  0.5,
  0.5,
  0.5,
  0.5,
  0.5,
  0.5,
  0.5,
  0.5,
  0.5,
  0.5,
  0.5,
  0.5,
  0.5,
  0.5,
  0.5,
  0.5,
  0.5,
  0.5,
  0.5,
  0.5,
  0.5,
  0.5,
  0.5,
  0.5,
  0.5,
  0.5,
  0.5,
  0.5
 ],
 "gammas": [
  0.13277558023768798,
  0.12950701734109948,
  0.12580855341224337,
  0.12164831808273185,
  0.11700034694601556,
  0.1118477007724764,
  0.10618601774349559,
  0.10002727943330394,
  0.09340342622793012,
  0.08636930698300267,
  0.07900432961407924,
  0.07141214905937913,
  0.063717846269759,
  0.0560623552354085,
  0.04866808400080764,
  0.04523920335918774,
  0.04216245303125381,
  0.039397427214415075,
  0.03633757303428872,
  0.03305391093238822,
  0.029635502100999474,
  0.026349434121640196,
  0.023176049707706318,
  0.020032766531789592,
  0.017017524736021875,
  0.014211719454690692,
  0.011674502675098212,
  0.009776249659884767,
  0.00868597223393895,
  0.007653510813346339,
  0.006676430189485219,
  0.005762317443193603,
  0.004920175729996583,
  0.004137598999583281,
  0.003431624363555652,
  0.0028006039212052107,
  0.002252678259099294,
  0.001787761244478831,
  0.0014066386544207658,
  0.0012442467951206996
 ],
 "sigmas": [
  0.125,
  0.1466825575005783,
  0.17212618139928368,
  0.20198326800364322,
  0.2370193785847929,
  0.27813286902412176,
  0.3263779244274524,
  0.38299158933399347,
  0.449425486597771,
  0.5273830382408234,
  0.6188631426527141,
  0.7262114280571627,
  0.8521803964285746,
  1.0,
  1.1734604600046263,
  1.3770094511942694,
  1.6158661440291457,
  1.8961550286783433,
  2.2250629521929746,
  2.61102339541962,
  3.0639327146719486,
  3.5954038927821688,
  4.219064305926588,
  4.950905141221715,
  5.8096914244572995,
  6.817443171428597,
  8.0,
  9.38768368003701,
  11.016075609554155,
  12.926929152233166,
  15.169240229426746,
  17.800503617543797,
  20.88818716335696,
  24.51146171737559,
  28.76323114225735,
  33.752514447412686,
  39.60724112977372,
  46.477531395658396,
  54.5395453714288,
  64.0
 ],
 "border_radii": [
  10,
  10,
  10,
  10,
  10,
  10,
  10,
  10,
  10,
  10,
  10,
  10,
  10,
  10,
  10,
  10,
  10,
  10,
  10,
  10,
  12,
  14,
  16,
  19,
  23,
  27,
  32,
  37,
  44,
  51,
  60,
  71,
  41,
  49,
  57,
  67,
  79,
  92,
  109,
  128
 ]
}