{
 "time": "181118_0500",
 "filename": "T-BN7804374.png",
 "alphas": [
  0.07069443722141507,
  0.07218815253496726,
  0.07400789877040247,
  0.07618562027702862,
  0.07888032153027674,
  0.08193454230077854,
  0.08556574001099525,
  0.09014355823971344,
  0.0957636808961746,
  0.10228176866259128,
  0.11050803059700023,
  0.12058733337789358,
  0.1331908988805433,
  0.14466091744213766,
  0.15832807014492886,
  0.17541419965991012,
  0.19502287433686294,
  0.20634001641027538,
  0.21798289233108126,
  0.23092540675477113,
  0.24258354716946767,
  0.2501426797788757,
  0.256162451977691,
  0.2668678202235526,
  0.2801653319675157,
  0.29592942054268334,
  0.31537051459386645,
  0.33484035446309146,
  0.3549112756951358,
  0.3557140841881158,
  0.33769816935392843,
  0.31837485133417975,
  0.28578793973583866,
  0.27380806781599587,
  0.26193145100892107,
  0.2463878541686475,
  0.23559297286673683,
  0.22652533007979603,
  0.22097133469986638,
  0.21786137113792403
 ],
 "betas": [
  0.5,
  0.5,
  0.5,
  0.5,
  0.5,
  0.5,
  0.5,
  0.5,
  0.5,
  0.5,
  0.5,
  0.5,
  0.5,
  0.5,
  0.5,
  0.5,
  0.5,
  0.5,
  0.5,
  0.5,
  0.5,
  0.5,
  0.5,
  0.5,
  0.5,
  0.5,
  0.5,
  0.5,
  0.5,
  0.5,
  0.5,
  0.5,
  0.5,
  0.5,
  0.5,
  0.5,
  0.5,
  0.5,
  0.5,
  0.5
 ],
 "gammas": [
  0.11670953654201768,
  0.11375631882800817,
  0.11042112834679176,
  0.10667796550296038,
  0.10250690803731438,
  0.09789699009875542,
  0.09284940310379908,
  0.08771600852278603,
  0.08235368980893552,
  0.07664521007405711,
  0.0706499757934901,
  0.06444617224649446,
  0.058157957226820337,
  0.0522198605345383,
  0.04629151293880149,
  0.04048785981394379,
  0.03492093567988918,
  0.029690777728626536,
  0.024877635013466553,
  0.02090498526545501,
  0.017622099153654234,
  0.014652657748107171,
  0.012018893630810695,
  0.01039810265538163,
  0.00908341634643055,
  0.007877134846738196,
  0.006930550886712851,
  0.006056278504439728,
  0.005259178610451002,
  0.004540591077932888,
  0.003910673194800717,
  0.0034009970390544188,
  0.002945109187373795,
  0.0025276593281127165,
  0.0021534200256945555,
  0.0018234989441893359,
  0.0015355937000545987,
  0.0012868995534976847,
  0.0011064595131475058,
  0.0009532991668749644
 ],
 "sigmas": [
  0.125,
  0.1466825575005783,
  0.17212618139928368,
  0.20198326800364322,
  0.2370193785847929,
  0.27813286902412176,
  0.3263779244274524,
  0.38299158933399347,
  0.449425486597771,
  0.5273830382408234,
  0.6188631426527141,
  0.7262114280571627,
  0.8521803964285746,
  1.0,
  1.1734604600046263,
  1.3770094511942694,
  1.6158661440291457,
  1.8961550286783433,
  2.2250629521929746,
  2.61102339541962,
  3.0639327146719486,
  3.5954038927821688,
  4.219064305926588,
  4.950905141221715,
  5.8096914244572995,
  6.817443171428597,
  8.0,
  9.38768368003701,
  11.016075609554155,
  12.926929152233166,
  15.169240229426746,
  17.800503617543797,
  20.88818716335696,
  24.51146171737559,
  28.76323114225735,
  33.752514447412686,
  39.60724112977372,
  46.477531395658396,
  54.5395453714288,
  64.0
 ],
 "border_radii": [
  10,
  10,
  10,
  10,
  10,
  10,
  10,
  10,
  10,
  10,
  10,
  10,
  10,
  10,
  10,
  10,
  10,
  10,
  10,
  10,
  12,
  14,
  16,
  19,
  23,
  27,
  32,
  37,
  44,
  51,
  60,
  71,
  41,
  49,
  57,
  67,
  79,
  92,
  109,
  128
 ]
}