{
 "time": "181118_0134",
 "filename": "T-BN0516545.png",
 "alphas": [
  0.026566627831870495,
  0.02718780534143516,
  0.02795671866982538,
  0.028793099618958144,
  0.029819794386167203,
  0.03118862976319018,
  0.03280094369439483,
  0.03485257438553221,
  0.037350305512449423,
  0.04033230849589195,
  0.04413171885470211,
  0.04910241029602699,
  0.05537888909768602,
  0.06351255902789184,
  0.07401390682265056,
  0.08770151150279688,
  0.10210163623238169,
  0.11533906877501109,
  0.13271342257675187,
  0.15593498785037438,
  0.18739919535894864,
  0.2091592545232503,
  0.23691573375671737,
  0.25237587973481596,
  0.264414543348514,
  0.2745737027564967,
  0.2895451187321102,
  0.3001806789691519,
  0.30721853774021773,
  0.31549400120560606,
  0.32959103665552814,
  0.3505219031551589,
  0.3415709104177277,
  0.33373657440874593,
  0.323468975807481,
  0.32490942005385326,
  0.33547780842755553,
  0.3397379301572018,
  0.3281974103848252,
  0.32378186296765576
 ],
 "betas": [
  0.5,
  0.5,
  0.5,
  0.5,
  0.5,
  0.5,
  0.5,
  0.5,
  0.5,
  0.5,
  0.5,
  0.5,
  0.5,
  0.5,
  0.5,
  0.5,
  0.5,
  0.5,
  0.5,
  0.5,
  0.5,
  0.5,
  0.5,
  0.5,
  0.5,
  0.5,
  0.5,
  0.5,
  0.5,
  0.5,
  0.5,
  0.5,
  0.5,
  0.5,
  0.5,
  0.5,
  0.5,
  0.5,
  0.5,
  0.5
 ],
 "gammas": [
  0.13671465671609476,
  0.1334071699745283,
  0.12966204082015773,
  0.12544622218269927,
  0.1207326662898285,
  0.1155036442816576,
  0.1097545989107504,
  0.10349832440273726,
  0.09676909878795859,
  0.08962619691346159,
  0.08215602111164316,
  0.07447196231961181,
  0.06671113419218139,
  0.059027402157051524,
  0.051580723265890756,
  0.04452369486953355,
  0.03798720630630862,
  0.03268890692583924,
  0.0285084352182432,
  0.024549194806076754,
  0.020890282317261828,
  0.018012920280338428,
  0.015890898506863847,
  0.014032490794274988,
  0.012216763814157483,
  0.011047076345742075,
  0.009842483652050964,
  0.008898174082084475,
  0.007879534510636754,
  0.00684656053653895,
  0.005867404696674539,
  0.005072518665346396,
  0.004334721119554217,
  0.003188407353423548,
  0.002826094365672024,
  0.0024895995183279685,
  0.0016670147125537663,
  0.0012893299503209791,
  0.0010378723809018509,
  0.0008301110550170792
 ],
 "sigmas": [
  0.125,
  0.1466825575005783,
  0.17212618139928368,
  0.20198326800364322,
  0.2370193785847929,
  0.27813286902412176,
  0.3263779244274524,
  0.38299158933399347,
  0.449425486597771,
  0.5273830382408234,
  0.6188631426527141,
  0.7262114280571627,
  0.8521803964285746,
  1.0,
  1.1734604600046263,
  1.3770094511942694,
  1.6158661440291457,
  1.8961550286783433,
  2.2250629521929746,
  2.61102339541962,
  3.0639327146719486,
  3.5954038927821688,
  4.219064305926588,
  4.950905141221715,
  5.8096914244572995,
  6.817443171428597,
  8.0,
  9.38768368003701,
  11.016075609554155,
  12.926929152233166,
  15.169240229426746,
  17.800503617543797,
  20.88818716335696,
  24.51146171737559,
  28.76323114225735,
  33.752514447412686,
  39.60724112977372,
  46.477531395658396,
  54.5395453714288,
  64.0
 ],
 "border_radii": [
  10,
  10,
  10,
  10,
  10,
  10,
  10,
  10,
  10,
  10,
  10,
  10,
  10,
  10,
  10,
  10,
  10,
  10,
  10,
  10,
  12,
  14,
  16,
  19,
  23,
  27,
  32,
  37,
  44,
  51,
  60,
  71,
  41,
  49,
  57,
  67,
  79,
  92,
  109,
  128
 ]
}