{
 "time": "181118_0413",
 "filename": "T-BN6472004.png",
 "alphas": [
  0.059833106416119636,
  0.06095989555761014,
  0.06218509267296207,
  0.06369743759998164,
  0.06546760101921179,
  0.067697952324075,
  0.07044674874321358,
  0.0738061804248565,
  0.07778883178103671,
  0.08304061734076762,
  0.08948282744872711,
  0.0974680379261035,
  0.10775581906561768,
  0.11968580446042323,
  0.13389532667339774,
  0.15027885630739965,
  0.16508104720232894,
  0.17876777196725657,
  0.19146048616259007,
  0.20077203771804022,
  0.21388200321545336,
  0.2307855691510079,
  0.22568451686834196,
  0.22124892467341822,
  0.2215740993191242,
  0.22087313145675996,
  0.21572468985802973,
  0.21733652643267484,
  0.22493909244294383,
  0.23818979153610811,
  0.2553693129961883,
  0.24072238959934417,
  0.21496107220555094,
  0.21070324598355025,
  0.2134357727064563,
  0.2229325894243827,
  0.24036101261407422,
  0.2537025159284197,
  0.25017079896455874,
  0.25521447205874237
 ],
 "betas": [
  0.5,
  0.5,
  0.5,
  0.5,
  0.5,
  0.5,
  0.5,
  0.5,
  0.5,
  0.5,
  0.5,
  0.5,
  0.5,
  0.5,
  0.5,
  0.5,
  0.5,
  0.5,
  0.5,
  0.5,
  0.5,
  0.5,
  0.5,
  0.5,
  0.5,
  0.5,
  0.5,
  0.5,
  0.5,
  0.5,
  0.5,
  0.5,
  0.5,
  0.5,
  0.5,
  0.5,
  0.5,
  0.5,
  0.5,
  0.5
 ],
 "gammas": [
  0.10703810718868137,
  0.10443858112892783,
  0.10149415797027174,
  0.09817838934095373,
  0.09446935840124285,
  0.09035222815346658,
  0.08582219487191056,
  0.08088768835747429,
  0.07557353650404051,
  0.06992367157988055,
  0.06400282745173112,
  0.05789660577175755,
  0.05170933228066986,
  0.04555933531815319,
  0.039571678711632426,
  0.033868927299631583,
  0.02897140126102964,
  0.02470340045281806,
  0.02137077045360752,
  0.019846864531336404,
  0.01860056022431371,
  0.017143303656093154,
  0.015520671679845313,
  0.013792454620890396,
  0.012382384960800075,
  0.011149126546866119,
  0.009980828706650046,
  0.008787362349736573,
  0.007687522286436968,
  0.006718662768934637,
  0.005765070235236925,
  0.004900267351553788,
  0.004142495257019618,
  0.0035193720425551523,
  0.002974056647590547,
  0.002547277737601409,
  0.002189867318546981,
  0.0018889404735159,
  0.0016353063757349035,
  0.0014120437896074118
 ],
 "sigmas": [
  0.125,
  0.1466825575005783,
  0.17212618139928368,
  0.20198326800364322,
  0.2370193785847929,
  0.27813286902412176,
  0.3263779244274524,
  0.38299158933399347,
  0.449425486597771,
  0.5273830382408234,
  0.6188631426527141,
  0.7262114280571627,
  0.8521803964285746,
  1.0,
  1.1734604600046263,
  1.3770094511942694,
  1.6158661440291457,
  1.8961550286783433,
  2.2250629521929746,
  2.61102339541962,
  3.0639327146719486,
  3.5954038927821688,
  4.219064305926588,
  4.950905141221715,
  5.8096914244572995,
  6.817443171428597,
  8.0,
  9.38768368003701,
  11.016075609554155,
  12.926929152233166,
  15.169240229426746,
  17.800503617543797,
  20.88818716335696,
  24.51146171737559,
  28.76323114225735,
  33.752514447412686,
  39.60724112977372,
  46.477531395658396,
  54.5395453714288,
  64.0
 ],
 "border_radii": [
  10,
  10,
  10,
  10,
  10,
  10,
  10,
  10,
  10,
  10,
  10,
  10,
  10,
  10,
  10,
  10,
  10,
  10,
  10,
  10,
  12,
  14,
  16,
  19,
  23,
  27,
  32,
  37,
  44,
  51,
  60,
  71,
  41,
  49,
  57,
  67,
  79,
  92,
  109,
  128
 ]
}