{
 "time": "181118_0157",
 "filename": "T-BN1328016.png",
 "alphas": [
  0.024383520645040416,
  0.02473352107990019,
  0.025155765644366397,
  0.025703332969303546,
  0.026369024607969655,
  0.027185140168386395,
  0.028141971635320097,
  0.029375017034472935,
  0.030873791238378495,
  0.03275782367566862,
  0.035270820333724695,
  0.03833365317366794,
  0.04220473872160435,
  0.04728837218093582,
  0.053975140278854944,
  0.06266718511566852,
  0.06992835871460062,
  0.0780754321129846,
  0.08858149302551775,
  0.10209969816578071,
  0.11891233594700888,
  0.14049870676892331,
  0.15566264827488785,
  0.15738552986825347,
  0.16219316839410608,
  0.16873790232948427,
  0.1767392275962577,
  0.1891274315121587,
  0.19675934331346534,
  0.18642421934384984,
  0.17624864396178955,
  0.16981817206743394,
  0.16168509862511599,
  0.16763793036469632,
  0.17801195568641356,
  0.17892290665846056,
  0.18708535396445694,
  0.2021601575499783,
  0.21490753984657326,
  0.23634852146343088
 ],
 "betas": [
  0.5,
  0.5,
  0.5,
  0.5,
  0.5,
  0.5,
  0.5,
  0.5,
  0.5,
  0.5,
  0.5,
  0.5,
  0.5,
  0.5,
  0.5,
  0.5,
  0.5,
  0.5,
  0.5,
  0.5,
  0.5,
  0.5,
  0.5,
  0.5,
  0.5,
  0.5,
  0.5,
  0.5,
  0.5,
  0.5,
  0.5,
  0.5,
  0.5,
  0.5,
  0.5,
  0.5,
  0.5,
  0.5,
  0.5,
  0.5
 ],
 "gammas": [
  0.1245812498415063,
  0.12179265882416333,
  0.11862587272763586,
  0.1150490927236349,
  0.11103454268330477,
  0.10656116409378795,
  0.10161782750480751,
  0.09620692926958607,
  0.09034810657376771,
  0.08408163852831686,
  0.07747093211028792,
  0.07060336780968157,
  0.0635887722936233,
  0.056554973545793634,
  0.04964033087513534,
  0.043501023351620094,
  0.04011150772420519,
  0.03648052794771707,
  0.03272223001691889,
  0.02898567434135474,
  0.025383716984015647,
  0.022104660495471933,
  0.018992885466954674,
  0.01610221413215445,
  0.013476667925458163,
  0.01116210709222427,
  0.009814109113034998,
  0.008517108584270447,
  0.007300990588297829,
  0.006185214701237108,
  0.005299016070605431,
  0.00499897553471449,
  0.004691047594967774,
  0.004311395159482565,
  0.003883308501677224,
  0.003378828550924509,
  0.0023934711246311304,
  0.0017274555703459674,
  0.0014205697511554952,
  0.0011574366389153368
 ],
 "sigmas": [
  0.125,
  0.1466825575005783,
  0.17212618139928368,
  0.20198326800364322,
  0.2370193785847929,
  0.27813286902412176,
  0.3263779244274524,
  0.38299158933399347,
  0.449425486597771,
  0.5273830382408234,
  0.6188631426527141,
  0.7262114280571627,
  0.8521803964285746,
  1.0,
  1.1734604600046263,
  1.3770094511942694,
  1.6158661440291457,
  1.8961550286783433,
  2.2250629521929746,
  2.61102339541962,
  3.0639327146719486,
  3.5954038927821688,
  4.219064305926588,
  4.950905141221715,
  5.8096914244572995,
  6.817443171428597,
  8.0,
  9.38768368003701,
  11.016075609554155,
  12.926929152233166,
  15.169240229426746,
  17.800503617543797,
  20.88818716335696,
  24.51146171737559,
  28.76323114225735,
  33.752514447412686,
  39.60724112977372,
  46.477531395658396,
  54.5395453714288,
  64.0
 ],
 "border_radii": [
  10,
  10,
  10,
  10,
  10,
  10,
  10,
  10,
  10,
  10,
  10,
  10,
  10,
  10,
  10,
  10,
  10,
  10,
  10,
  10,
  12,
  14,
  16,
  19,
  23,
  27,
  32,
  37,
  44,
  51,
  60,
  71,
  41,
  49,
  57,
  67,
  79,
  92,
  109,
  128
 ]
}