{
 "time": "181118_0259",
 "filename": "T-BN3307587.png",
 "alphas": [
  0.09701141215354615,
  0.09848185103709532,
  0.10011267419249718,
  0.10209174945217836,
  0.10447522077568552,
  0.10722854269229146,
  0.11085219753857664,
  0.1147644889085124,
  0.11984965993432686,
  0.12605702119483836,
  0.1341051330011103,
  0.14309950507418095,
  0.15461600860454877,
  0.16828375065539886,
  0.18564132553657445,
  0.19872994372940314,
  0.20629863708852905,
  0.21508870429828145,
  0.2266329168917191,
  0.24190081016186188,
  0.2617281180618838,
  0.2784774141522105,
  0.2829580942932519,
  0.2625558591150519,
  0.2475768927858143,
  0.23519468151746487,
  0.22926821747791654,
  0.22931302274660278,
  0.23293491950662767,
  0.2408425205374905,
  0.25509914575128273,
  0.2680828069879759,
  0.24243305422663217,
  0.24799842067388017,
  0.26093233517939857,
  0.2802067721122361,
  0.30816643597246407,
  0.3013135133810986,
  0.30588384211432224,
  0.30982669031796695
 ],
 "betas": [
  0.5,
  0.5,
  0.5,
  0.5,
  0.5,
  0.5,
  0.5,
  0.5,
  0.5,
  0.5,
  0.5,
  0.5,
  0.5,
  0.5,
  0.5,
  0.5,
  0.5,
  0.5,
  0.5,
  0.5,
  0.5,
  0.5,
  0.5,
  0.5,
  0.5,
  0.5,
  0.5,
  0.5,
  0.5,
  0.5,
  0.5,
  0.5,
  0.5,
  0.5,
  0.5,
  0.5,
  0.5,
  0.5,
  0.5,
  0.5
 ],
 "gammas": [
  0.1700527377483702,
  0.16494042542993964,
  0.15919030792765074,
  0.15276770071736992,
  0.14565132373192127,
  0.1378386532117125,
  0.12935166942827842,
  0.12024244995324833,
  0.11059778819149958,
  0.1005417709721475,
  0.09023511811282586,
  0.0798701888415313,
  0.06966100622557697,
  0.05982848673483987,
  0.05058219741949525,
  0.04280389763407891,
  0.036823226517695005,
  0.032312154893245584,
  0.028380783327563372,
  0.025284150963222257,
  0.022589570391635293,
  0.020553897495072505,
  0.018362286167454837,
  0.01626091993261016,
  0.014222332439749883,
  0.012227665760254662,
  0.010350741569449108,
  0.008743257949124039,
  0.007346995218242718,
  0.006305981161593013,
  0.0053712077846850325,
  0.004525274433293374,
  0.0037759582782245747,
  0.0031215194899421464,
  0.002564666114509519,
  0.0020955509005570225,
  0.0017017756095448638,
  0.0013236067760495956,
  0.0011046386845586283,
  0.0009073764301902658
 ],
 "sigmas": [
  0.125,
  0.1466825575005783,
  0.17212618139928368,
  0.20198326800364322,
  0.2370193785847929,
  0.27813286902412176,
  0.3263779244274524,
  0.38299158933399347,
  0.449425486597771,
  0.5273830382408234,
  0.6188631426527141,
  0.7262114280571627,
  0.8521803964285746,
  1.0,
  1.1734604600046263,
  1.3770094511942694,
  1.6158661440291457,
  1.8961550286783433,
  2.2250629521929746,
  2.61102339541962,
  3.0639327146719486,
  3.5954038927821688,
  4.219064305926588,
  4.950905141221715,
  5.8096914244572995,
  6.817443171428597,
  8.0,
  9.38768368003701,
  11.016075609554155,
  12.926929152233166,
  15.169240229426746,
  17.800503617543797,
  20.88818716335696,
  24.51146171737559,
  28.76323114225735,
  33.752514447412686,
  39.60724112977372,
  46.477531395658396,
  54.5395453714288,
  64.0
 ],
 "border_radii": [
  10,
  10,
  10,
  10,
  10,
  10,
  10,
  10,
  10,
  10,
  10,
  10,
  10,
  10,
  10,
  10,
  10,
  10,
  10,
  10,
  12,
  14,
  16,
  19,
  23,
  27,
  32,
  37,
  44,
  51,
  60,
  71,
  41,
  49,
  57,
  67,
  79,
  92,
  109,
  128
 ]
}