{
 "time": "181118_0422",
 "filename": "T-BN6588820.png",
 "alphas": [
  0.05888633032151103,
  0.0605248045079024,
  0.06256492523669685,
  0.06507922415719006,
  0.06803887921383336,
  0.07164055481651403,
  0.07605726318587508,
  0.0817008119700423,
  0.08879661510949353,
  0.09782669446437275,
  0.10953013804509074,
  0.11396409412666995,
  0.11598619908745736,
  0.11936499328591607,
  0.12437170039925677,
  0.13094901134275833,
  0.13962450925311015,
  0.15111384723776244,
  0.16199949978407674,
  0.17291805206511393,
  0.18737826204543032,
  0.20557334625130494,
  0.2280535871585626,
  0.24451794454286135,
  0.2599484754607811,
  0.27652423213537297,
  0.29862300210851234,
  0.3084207134863588,
  0.315356191128351,
  0.3268719376630411,
  0.33541439159687725,
  0.34687506981705335,
  0.3410748084163816,
  0.35668536385322686,
  0.34971697798522433,
  0.33683500957925927,
  0.3349325722950019,
  0.3416691050025832,
  0.3566283347838982,
  0.37861325729273
 ],
 "betas": [
  0.5,
  0.5,
  0.5,
  0.5,
  0.5,
  0.5,
  0.5,
  0.5,
  0.5,
  0.5,
  0.5,
  0.5,
  0.5,
  0.5,
  0.5,
  0.5,
  0.5,
  0.5,
  0.5,
  0.5,
  0.5,
  0.5,
  0.5,
  0.5,
  0.5,
  0.5,
  0.5,
  0.5,
  0.5,
  0.5,
  0.5,
  0.5,
  0.5,
  0.5,
  0.5,
  0.5,
  0.5,
  0.5,
  0.5,
  0.5
 ],
 "gammas": [
  0.08579899367975793,
  0.08402843518427036,
  0.0820230544525081,
  0.07976453850584067,
  0.07723734580509731,
  0.07443024808852011,
  0.0713908823076856,
  0.06845398450981825,
  0.06521636997059208,
  0.06168265620005824,
  0.05786915949465912,
  0.05380580905428189,
  0.04953724336396284,
  0.045466051607973,
  0.0413298390807539,
  0.03713922665653472,
  0.03359169657040794,
  0.030221846842513046,
  0.026951117630068043,
  0.023938887143937562,
  0.021052327309378276,
  0.018320698737723653,
  0.015932889308603187,
  0.0139251837167479,
  0.012039369417917977,
  0.010297937245114913,
  0.008715965632837419,
  0.0073294791017489095,
  0.006268745614485419,
  0.005690999822843723,
  0.005211645831039448,
  0.004758737927259071,
  0.004253920181304955,
  0.003744368675242784,
  0.003234348055607488,
  0.00274347732763106,
  0.0022901769393139535,
  0.0018859376119453799,
  0.0015358148036544049,
  0.0012396461895743858
 ],
 "sigmas": [
  0.125,
  0.1466825575005783,
  0.17212618139928368,
  0.20198326800364322,
  0.2370193785847929,
  0.27813286902412176,
  0.3263779244274524,
  0.38299158933399347,
  0.449425486597771,
  0.5273830382408234,
  0.6188631426527141,
  0.7262114280571627,
  0.8521803964285746,
  1.0,
  1.1734604600046263,
  1.3770094511942694,
  1.6158661440291457,
  1.8961550286783433,
  2.2250629521929746,
  2.61102339541962,
  3.0639327146719486,
  3.5954038927821688,
  4.219064305926588,
  4.950905141221715,
  5.8096914244572995,
  6.817443171428597,
  8.0,
  9.38768368003701,
  11.016075609554155,
  12.926929152233166,
  15.169240229426746,
  17.800503617543797,
  20.88818716335696,
  24.51146171737559,
  28.76323114225735,
  33.752514447412686,
  39.60724112977372,
  46.477531395658396,
  54.5395453714288,
  64.0
 ],
 "border_radii": [
  10,
  10,
  10,
  10,
  10,
  10,
  10,
  10,
  10,
  10,
  10,
  10,
  10,
  10,
  10,
  10,
  10,
  10,
  10,
  10,
  12,
  14,
  16,
  19,
  23,
  27,
  32,
  37,
  44,
  51,
  60,
  71,
  41,
  49,
  57,
  67,
  79,
  92,
  109,
  128
 ]
}