{
 "time": "181118_0325",
 "filename": "T-BN4475126.png",
 "alphas": [
  0.017441770494839255,
  0.017984627099825345,
  0.0186969376979754,
  0.019550308549679755,
  0.02059600529346379,
  0.021850499310444072,
  0.02343077437562856,
  0.025376561065683978,
  0.027756989287505123,
  0.030740006008099216,
  0.03448968031115833,
  0.03910519337256037,
  0.04440756839499482,
  0.05052954110362674,
  0.058224006053646415,
  0.06635921910987079,
  0.06926539197617712,
  0.0721408865956004,
  0.07505074495886171,
  0.07553103243389077,
  0.07478826598057746,
  0.07265585593204195,
  0.07078430247926817,
  0.07077941301420806,
  0.07265858886759444,
  0.07625479868774034,
  0.08124202007127261,
  0.08790563355680622,
  0.09671663048923793,
  0.10888444954743859,
  0.12249551584765635,
  0.13623946288007352,
  0.14201336186735222,
  0.15339546693900563,
  0.17658525517275941,
  0.1755510987074614,
  0.17892044524591375,
  0.18641345725939512,
  0.20355133896766375,
  0.23144101768182213
 ],
 "betas": [
  0.5,
  0.5,
  0.5,
  0.5,
  0.5,
  0.5,
  0.5,
  0.5,
  0.5,
  0.5,
  0.5,
  0.5,
  0.5,
  0.5,
  0.5,
  0.5,
  0.5,
  0.5,
  0.5,
  0.5,
  0.5,
  0.5,
  0.5,
  0.5,
  0.5,
  0.5,
  0.5,
  0.5,
  0.5,
  0.5,
  0.5,
  0.5,
  0.5,
  0.5,
  0.5,
  0.5,
  0.5,
  0.5,
  0.5,
  0.5
 ],
 "gammas": [
  0.08500279351561026,
  0.08367194545163803,
  0.08214962465145505,
  0.08041547020972648,
  0.07844937132052793,
  0.0762324078501141,
  0.07374805825324014,
  0.07098367701074126,
  0.067932211015095,
  0.06459407878708043,
  0.06097907968683091,
  0.0571081375572076,
  0.05301462388926852,
  0.048744963059555606,
  0.04469432711186589,
  0.04053193025688395,
  0.0362786353583366,
  0.03202754105728354,
  0.027877577761711018,
  0.02392452959742809,
  0.020251752696300758,
  0.016922423788630313,
  0.013974921708291692,
  0.012157753464736716,
  0.010537981158974901,
  0.009187632133586152,
  0.008151930721968204,
  0.0071964053881002745,
  0.006312575352949987,
  0.005481216740718162,
  0.0047043370768186515,
  0.003991175745435073,
  0.0033509046412711773,
  0.0028859569780495913,
  0.002451151699237265,
  0.0020541719804088292,
  0.0016994288375704225,
  0.001400846488411928,
  0.0011818150992225897,
  0.001036162362196483
 ],
 "sigmas": [
  0.125,
  0.1466825575005783,
  0.17212618139928368,
  0.20198326800364322,
  0.2370193785847929,
  0.27813286902412176,
  0.3263779244274524,
  0.38299158933399347,
  0.449425486597771,
  0.5273830382408234,
  0.6188631426527141,
  0.7262114280571627,
  0.8521803964285746,
  1.0,
  1.1734604600046263,
  1.3770094511942694,
  1.6158661440291457,
  1.8961550286783433,
  2.2250629521929746,
  2.61102339541962,
  3.0639327146719486,
  3.5954038927821688,
  4.219064305926588,
  4.950905141221715,
  5.8096914244572995,
  6.817443171428597,
  8.0,
  9.38768368003701,
  11.016075609554155,
  12.926929152233166,
  15.169240229426746,
  17.800503617543797,
  20.88818716335696,
  24.51146171737559,
  28.76323114225735,
  33.752514447412686,
  39.60724112977372,
  46.477531395658396,
  54.5395453714288,
  64.0
 ],
 "border_radii": [
  10,
  10,
  10,
  10,
  10,
  10,
  10,
  10,
  10,
  10,
  10,
  10,
  10,
  10,
  10,
  10,
  10,
  10,
  10,
  10,
  12,
  14,
  16,
  19,
  23,
  27,
  32,
  37,
  44,
  51,
  60,
  71,
  41,
  49,
  57,
  67,
  79,
  92,
  109,
  128
 ]
}