{
 "time": "181118_0411",
 "filename": "T-BN6469047.png",
 "alphas": [
  0.04589177071993725,
  0.04650273298485878,
  0.04723671430522661,
  0.04808955554168056,
  0.04917095358263352,
  0.05041768630938147,
  0.051847359235607765,
  0.053441750703355564,
  0.05557403694134913,
  0.05814388749946401,
  0.06122515308502421,
  0.06500966019153091,
  0.06959133614452775,
  0.07516593953033524,
  0.08199537521215827,
  0.09049607561335224,
  0.10093712245750658,
  0.11289271929699626,
  0.12838001375183242,
  0.14645646349807526,
  0.1691908069625421,
  0.18353983911228958,
  0.20003712734855306,
  0.22001649865038947,
  0.24343162993379713,
  0.2697621848113916,
  0.29475689877990063,
  0.3122453166013436,
  0.33064883087496655,
  0.33745193691832626,
  0.3481742466729185,
  0.35685597762554283,
  0.3302026554808346,
  0.3302469234180875,
  0.33924104407808403,
  0.34688396629831536,
  0.36749482284954227,
  0.3932747861004744,
  0.3851172954613522,
  0.379147144670528
 ],
 "betas": [
  0.5,
  0.5,
  0.5,
  0.5,
  0.5,
  0.5,
  0.5,
  0.5,
  0.5,
  0.5,
  0.5,
  0.5,
  0.5,
  0.5,
  0.5,
  0.5,
  0.5,
  0.5,
  0.5,
  0.5,
  0.5,
  0.5,
  0.5,
  0.5,
  0.5,
  0.5,
  0.5,
  0.5,
  0.5,
  0.5,
  0.5,
  0.5,
  0.5,
  0.5,
  0.5,
  0.5,
  0.5,
  0.5,
  0.5,
  0.5
 ],
 "gammas": [
  0.10339589843172856,
  0.10099062668141018,
  0.09826400559045351,
  0.09519043657720948,
  0.09174810427388064,
  0.0879212238295415,
  0.08370265305337826,
  0.0790967362739937,
  0.07412214295355443,
  0.06881434903338444,
  0.0632273063220169,
  0.05743379125674373,
  0.05152396235905279,
  0.04583417519971642,
  0.04030343414637543,
  0.0352038841212813,
  0.030880035326018858,
  0.02715929879991435,
  0.023896348349895798,
  0.021150286433326806,
  0.018494915377550707,
  0.015964245175811034,
  0.014500813758410017,
  0.013107768559362026,
  0.011673695993329678,
  0.010346487777684021,
  0.009246665704965885,
  0.00811148057999059,
  0.00698804439525778,
  0.0059224966404556245,
  0.004959973123310943,
  0.004475999685720347,
  0.0039885602208517895,
  0.003486116165748385,
  0.002988259831697692,
  0.002510328011030996,
  0.0020652443317085442,
  0.001703918716327981,
  0.00145755713230208,
  0.0012316490907416208
 ],
 "sigmas": [
  0.125,
  0.1466825575005783,
  0.17212618139928368,
  0.20198326800364322,
  0.2370193785847929,
  0.27813286902412176,
  0.3263779244274524,
  0.38299158933399347,
  0.449425486597771,
  0.5273830382408234,
  0.6188631426527141,
  0.7262114280571627,
  0.8521803964285746,
  1.0,
  1.1734604600046263,
  1.3770094511942694,
  1.6158661440291457,
  1.8961550286783433,
  2.2250629521929746,
  2.61102339541962,
  3.0639327146719486,
  3.5954038927821688,
  4.219064305926588,
  4.950905141221715,
  5.8096914244572995,
  6.817443171428597,
  8.0,
  9.38768368003701,
  11.016075609554155,
  12.926929152233166,
  15.169240229426746,
  17.800503617543797,
  20.88818716335696,
  24.51146171737559,
  28.76323114225735,
  33.752514447412686,
  39.60724112977372,
  46.477531395658396,
  54.5395453714288,
  64.0
 ],
 "border_radii": [
  10,
  10,
  10,
  10,
  10,
  10,
  10,
  10,
  10,
  10,
  10,
  10,
  10,
  10,
  10,
  10,
  10,
  10,
  10,
  10,
  12,
  14,
  16,
  19,
  23,
  27,
  32,
  37,
  44,
  51,
  60,
  71,
  41,
  49,
  57,
  67,
  79,
  92,
  109,
  128
 ]
}