{
 "time": "181118_0235",
 "filename": "T-BN2644701.png",
 "alphas": [
  0.060986321281413444,
  0.06186683107935719,
  0.06282074330796207,
  0.06397036311641022,
  0.0653078716493507,
  0.06717800541038808,
  0.06944081655972598,
  0.07202283864415958,
  0.07520281968850323,
  0.07920868820976056,
  0.0839368766016183,
  0.08973717986547203,
  0.09733490762975144,
  0.10679597786951549,
  0.11862068401068694,
  0.13291518744357844,
  0.15122098891183566,
  0.16993602193931603,
  0.1645930855138412,
  0.1632520874072665,
  0.16599710993761632,
  0.16966629463014368,
  0.1742024152502792,
  0.18351002105296657,
  0.19816494386458522,
  0.21779075604667586,
  0.22428793726621,
  0.2344041436640597,
  0.2504351685933017,
  0.2591757692256148,
  0.27410082568990446,
  0.2979467041238384,
  0.31040773374994746,
  0.3523117052150665,
  0.38466047151871874,
  0.36161476137832893,
  0.34406808286010154,
  0.33736983095270257,
  0.3404411639462611,
  0.3516742974870469
 ],
 "betas": [
  0.5,
  0.5,
  0.5,
  0.5,
  0.5,
  0.5,
  0.5,
  0.5,
  0.5,
  0.5,
  0.5,
  0.5,
  0.5,
  0.5,
  0.5,
  0.5,
  0.5,
  0.5,
  0.5,
  0.5,
  0.5,
  0.5,
  0.5,
  0.5,
  0.5,
  0.5,
  0.5,
  0.5,
  0.5,
  0.5,
  0.5,
  0.5,
  0.5,
  0.5,
  0.5,
  0.5,
  0.5,
  0.5,
  0.5,
  0.5
 ],
 "gammas": [
  0.1253829940756381,
  0.12176453186886649,
  0.11768400144175571,
  0.11311249686959546,
  0.10802959881881281,
  0.10242716988716015,
  0.09631356496950826,
  0.08987660337416753,
  0.08360870586568374,
  0.07698535826710735,
  0.07009256538059638,
  0.06303994009396469,
  0.05595677216775312,
  0.048984871726693545,
  0.04226849025977665,
  0.035942384784594966,
  0.030119815234795278,
  0.026018092329284464,
  0.023185569635183118,
  0.020352397327682164,
  0.01759762766965195,
  0.014998007419858404,
  0.013438700311534449,
  0.012649494357218313,
  0.012069685980719964,
  0.011329991108121384,
  0.010510161433078416,
  0.00958290883310205,
  0.008599410982181007,
  0.007603238643868284,
  0.00660928565996725,
  0.005676245877390021,
  0.00480324540588582,
  0.004025097226544528,
  0.003341515194451002,
  0.002769050847011878,
  0.002325572528139429,
  0.0019467162260856305,
  0.0016031831421746698,
  0.0012942374643579043
 ],
 "sigmas": [
  0.125,
  0.1466825575005783,
  0.17212618139928368,
  0.20198326800364322,
  0.2370193785847929,
  0.27813286902412176,
  0.3263779244274524,
  0.38299158933399347,
  0.449425486597771,
  0.5273830382408234,
  0.6188631426527141,
  0.7262114280571627,
  0.8521803964285746,
  1.0,
  1.1734604600046263,
  1.3770094511942694,
  1.6158661440291457,
  1.8961550286783433,
  2.2250629521929746,
  2.61102339541962,
  3.0639327146719486,
  3.5954038927821688,
  4.219064305926588,
  4.950905141221715,
  5.8096914244572995,
  6.817443171428597,
  8.0,
  9.38768368003701,
  11.016075609554155,
  12.926929152233166,
  15.169240229426746,
  17.800503617543797,
  20.88818716335696,
  24.51146171737559,
  28.76323114225735,
  33.752514447412686,
  39.60724112977372,
  46.477531395658396,
  54.5395453714288,
  64.0
 ],
 "border_radii": [
  10,
  10,
  10,
  10,
  10,
  10,
  10,
  10,
  10,
  10,
  10,
  10,
  10,
  10,
  10,
  10,
  10,
  10,
  10,
  10,
  12,
  14,
  16,
  19,
  23,
  27,
  32,
  37,
  44,
  51,
  60,
  71,
  41,
  49,
  57,
  67,
  79,
  92,
  109,
  128
 ]
}