{
 "time": "181118_0316",
 "filename": "T-BN4038502.png",
 "alphas": [
  0.031948355363227376,
  0.03271422951456758,
  0.03364389006395295,
  0.034715558824971175,
  0.03606314761198237,
  0.037632867354139676,
  0.0395844976033389,
  0.042207113004462546,
  0.045202080224656896,
  0.04895104941459617,
  0.053947943386588655,
  0.06018823433358506,
  0.06810107575657993,
  0.07841796962380297,
  0.09170844016992462,
  0.10931316059544395,
  0.11164511991303384,
  0.11033349008207533,
  0.10826343517284263,
  0.10712175131393313,
  0.10411486252337018,
  0.10304976036958075,
  0.10399585183162939,
  0.10434873014312782,
  0.10592029553423342,
  0.10822110063729384,
  0.11148944213251727,
  0.11845152461112803,
  0.12896124117139734,
  0.14576767151069034,
  0.17368100304980066,
  0.167602513131336,
  0.14894564921745188,
  0.1431556716314523,
  0.13954723382927056,
  0.13610084473166678,
  0.1382942829453851,
  0.14208280636957746,
  0.14686451460314778,
  0.1521567772360918
 ],
 "betas": [
  0.5,
  0.5,
  0.5,
  0.5,
  0.5,
  0.5,
  0.5,
  0.5,
  0.5,
  0.5,
  0.5,
  0.5,
  0.5,
  0.5,
  0.5,
  0.5,
  0.5,
  0.5,
  0.5,
  0.5,
  0.5,
  0.5,
  0.5,
  0.5,
  0.5,
  0.5,
  0.5,
  0.5,
  0.5,
  0.5,
  0.5,
  0.5,
  0.5,
  0.5,
  0.5,
  0.5,
  0.5,
  0.5,
  0.5,
  0.5
 ],
 "gammas": [
  0.11927556425314619,
  0.11599722554767465,
  0.11233246556005833,
  0.1088199979171778,
  0.10489595038430247,
  0.10054589389399138,
  0.09576582134063147,
  0.0905651877193741,
  0.08496975732916066,
  0.07902380845972784,
  0.07279115554848899,
  0.0664863098661341,
  0.06026469018984079,
  0.05399506691760655,
  0.04937572038039884,
  0.04565514481406751,
  0.041703213587354605,
  0.03763841582428858,
  0.03346426380855664,
  0.029296023965686462,
  0.025243481915366593,
  0.02140211388763781,
  0.01784740065469437,
  0.014632441404361887,
  0.012588003647444617,
  0.011051246591493933,
  0.009944331782716764,
  0.008861496794721207,
  0.0078057776211788886,
  0.006785062085235924,
  0.005808796882344051,
  0.004900141438037537,
  0.00408246139366422,
  0.0033552862998374173,
  0.0028524868488117917,
  0.00238828270945365,
  0.002100301430078537,
  0.0018570138539004326,
  0.0016145905665527695,
  0.0013753306609090323
 ],
 "sigmas": [
  0.125,
  0.1466825575005783,
  0.17212618139928368,
  0.20198326800364322,
  0.2370193785847929,
  0.27813286902412176,
  0.3263779244274524,
  0.38299158933399347,
  0.449425486597771,
  0.5273830382408234,
  0.6188631426527141,
  0.7262114280571627,
  0.8521803964285746,
  1.0,
  1.1734604600046263,
  1.3770094511942694,
  1.6158661440291457,
  1.8961550286783433,
  2.2250629521929746,
  2.61102339541962,
  3.0639327146719486,
  3.5954038927821688,
  4.219064305926588,
  4.950905141221715,
  5.8096914244572995,
  6.817443171428597,
  8.0,
  9.38768368003701,
  11.016075609554155,
  12.926929152233166,
  15.169240229426746,
  17.800503617543797,
  20.88818716335696,
  24.51146171737559,
  28.76323114225735,
  33.752514447412686,
  39.60724112977372,
  46.477531395658396,
  54.5395453714288,
  64.0
 ],
 "border_radii": [
  10,
  10,
  10,
  10,
  10,
  10,
  10,
  10,
  10,
  10,
  10,
  10,
  10,
  10,
  10,
  10,
  10,
  10,
  10,
  10,
  12,
  14,
  16,
  19,
  23,
  27,
  32,
  37,
  44,
  51,
  60,
  71,
  41,
  49,
  57,
  67,
  79,
  92,
  109,
  128
 ]
}