{
 "time": "181118_0550",
 "filename": "T-BN9238868.png",
 "alphas": [
  0.07747055571260064,
  0.07816677943456242,
  0.0789727568452184,
  0.07987275889276249,
  0.08108095965132725,
  0.08235193533561648,
  0.08389705311994478,
  0.0857959044813479,
  0.08820012680560327,
  0.09089255705281685,
  0.09435014169796198,
  0.09840284554951745,
  0.10333030224073118,
  0.10862320301289366,
  0.11527659206876312,
  0.12285175022609839,
  0.13168814714557747,
  0.141658010441143,
  0.15279475623803526,
  0.16577154796322963,
  0.18030755871489412,
  0.19661550022703594,
  0.2143454842833069,
  0.23490028389609136,
  0.23163961982477257,
  0.22639088419237172,
  0.22283391993399662,
  0.21965300806056626,
  0.21990142866018264,
  0.22125843692630168,
  0.22042363867417802,
  0.2175661652959225,
  0.20820068443920764,
  0.20357486768762928,
  0.19368925722098485,
  0.17192619784467067,
  0.15681926865899853,
  0.15544926034559356,
  0.1572880711520858,
  0.17145239705317253
 ],
 "betas": [
  0.5,
  0.5,
  0.5,
  0.5,
  0.5,
  0.5,
  0.5,
  0.5,
  0.5,
  0.5,
  0.5,
  0.5,
  0.5,
  0.5,
  0.5,
  0.5,
  0.5,
  0.5,
  0.5,
  0.5,
  0.5,
  0.5,
  0.5,
  0.5,
  0.5,
  0.5,
  0.5,
  0.5,
  0.5,
  0.5,
  0.5,
  0.5,
  0.5,
  0.5,
  0.5,
  0.5,
  0.5,
  0.5,
  0.5,
  0.5
 ],
 "gammas": [
  0.13985071926276246,
  0.13550248009545376,
  0.13062166135667513,
  0.12518289412544273,
  0.11917319110395504,
  0.11259649501269793,
  0.10547841668949273,
  0.09787061804108346,
  0.08985406068374324,
  0.08154015118470487,
  0.07308566021114594,
  0.06651955315444558,
  0.05980634326468209,
  0.05306326598412653,
  0.046418230078417076,
  0.040001635215491334,
  0.0342060452246211,
  0.029330573373675877,
  0.02478918218200477,
  0.02095755568242929,
  0.01749927635992782,
  0.014416728236684988,
  0.011737659862021766,
  0.009746702693483225,
  0.00808016263226942,
  0.006632180037431437,
  0.005792045161247927,
  0.0050234393277788095,
  0.004287179090403073,
  0.0036036788220294097,
  0.0029865395358590137,
  0.0025319469907029296,
  0.002147163797126605,
  0.0017977244946453187,
  0.001486202122963702,
  0.001251061356238602,
  0.0010508662751589606,
  0.0008634735781303597,
  0.0006953795907124054,
  0.0005978622404031268
 ],
 "sigmas": [
  0.125,
  0.1466825575005783,
  0.17212618139928368,
  0.20198326800364322,
  0.2370193785847929,
  0.27813286902412176,
  0.3263779244274524,
  0.38299158933399347,
  0.449425486597771,
  0.5273830382408234,
  0.6188631426527141,
  0.7262114280571627,
  0.8521803964285746,
  1.0,
  1.1734604600046263,
  1.3770094511942694,
  1.6158661440291457,
  1.8961550286783433,
  2.2250629521929746,
  2.61102339541962,
  3.0639327146719486,
  3.5954038927821688,
  4.219064305926588,
  4.950905141221715,
  5.8096914244572995,
  6.817443171428597,
  8.0,
  9.38768368003701,
  11.016075609554155,
  12.926929152233166,
  15.169240229426746,
  17.800503617543797,
  20.88818716335696,
  24.51146171737559,
  28.76323114225735,
  33.752514447412686,
  39.60724112977372,
  46.477531395658396,
  54.5395453714288,
  64.0
 ],
 "border_radii": [
  10,
  10,
  10,
  10,
  10,
  10,
  10,
  10,
  10,
  10,
  10,
  10,
  10,
  10,
  10,
  10,
  10,
  10,
  10,
  10,
  12,
  14,
  16,
  19,
  23,
  27,
  32,
  37,
  44,
  51,
  60,
  71,
  41,
  49,
  57,
  67,
  79,
  92,
  109,
  128
 ]
}