{
 "time": "180929_1747",
 "filename": "T-BN7687331.png",
 "DARK_BG": false,
 "fixed_alpha": 0.1,
 "VT_alphas": [
  0.017538469504833953,
  0.020542233236162735,
  0.02406044302854373,
  0.028181206593969017,
  0.033007721601376966,
  0.03866086009060983,
  0.04528219551159072,
  0.05303754819588089,
  0.06212113805105496,
  0.07276044847521695,
  0.08522192330030562,
  0.09981763943465738,
  0.11691312231006101,
  0.13693649985817463,
  0.1603892242624178,
  0.18785862999378014,
  0.22003264262566358,
  0.2577170067855597,
  0.301855464688954,
  0.3535533905932737
 ],
 "betas": [
  0.5,
  0.5,
  0.5,
  0.5,
  0.5,
  0.5,
  0.5,
  0.5,
  0.5,
  0.5,
  0.5,
  0.5,
  0.5,
  0.5,
  0.5,
  0.5,
  0.5,
  0.5,
  0.5,
  0.5
 ],
 "gammas": [
  0.0579816167838504,
  0.10172049993694185,
  0.10089270648173741,
  0.07030289981032907,
  0.03952001766081565,
  0.019419983697878573,
  0.009358608199608343,
  0.004041205122880613,
  0.0017039118548046225,
  0.0006604601437257518,
  0.0002500410730483607,
  9.41799110262794e-05,
  3.8098408937811734e-05,
  1.5108453954649866e-05,
  5.469145754424108e-06,
  1.9621082218678067e-06,
  6.990674196491965e-07,
  2.618260304657747e-07,
  1.0271393649569331e-07,
  3.837942618403173e-08
 ],
 "sigmas": [
  0.25,
  0.31690125168711514,
  0.4017056132834412,
  0.509204046637051,
  0.6454695989737025,
  0.8182004953629862,
  1.037155044446192,
  1.3147029271144153,
  1.666524012797089,
  2.112494182488126,
  2.6778082024489445,
  3.394403084536377,
  4.302762344880731,
  5.4542030912195605,
  6.913775146252846,
  8.763935990923178,
  11.109209140917251,
  14.08208912804247,
  17.8505266841847,
  22.627416997969522
 ],
 "log_min": -2,
 "log_max": 4.5,
 "n_scales": 20,
 "border_radii": [
  10,
  10,
  10,
  10,
  10,
  10,
  10,
  10,
  10,
  10,
  10,
  13,
  17,
  21,
  27,
  35,
  44,
  56,
  71,
  90
 ]
}