{
 "time": "180929_1731",
 "filename": "T-BN5602970.png",
 "DARK_BG": false,
 "fixed_alpha": 0.1,
 "VT_alphas": [
  0.017538469504833953,
  0.020542233236162735,
  0.02406044302854373,
  0.028181206593969017,
  0.033007721601376966,
  0.03866086009060983,
  0.04528219551159072,
  0.05303754819588089,
  0.06212113805105496,
  0.07276044847521695,
  0.08522192330030562,
  0.09981763943465738,
  0.11691312231006101,
  0.13693649985817463,
  0.1603892242624178,
  0.18785862999378014,
  0.22003264262566358,
  0.2577170067855597,
  0.301855464688954,
  0.3535533905932737
 ],
 "betas": [
  0.5,
  0.5,
  0.5,
  0.5,
  0.5,
  0.5,
  0.5,
  0.5,
  0.5,
  0.5,
  0.5,
  0.5,
  0.5,
  0.5,
  0.5,
  0.5,
  0.5,
  0.5,
  0.5,
  0.5
 ],
 "gammas": [
  0.07404623444719415,
  0.12989958744796531,
  0.1286756170488955,
  0.088547196294269,
  0.047523546120593514,
  0.02206327059986486,
  0.010115398177949186,
  0.004692661791372485,
  0.002060104290249704,
  0.0008233008117058062,
  0.000301850054937988,
  0.00010431759490305048,
  4.318291092013231e-05,
  1.6628275614841758e-05,
  6.520812166076059e-06,
  2.471749159373074e-06,
  8.829541655297215e-07,
  2.9684709250091236e-07,
  9.404973542704508e-08,
  3.0294716098279046e-08
 ],
 "sigmas": [
  0.25,
  0.31690125168711514,
  0.4017056132834412,
  0.509204046637051,
  0.6454695989737025,
  0.8182004953629862,
  1.037155044446192,
  1.3147029271144153,
  1.666524012797089,
  2.112494182488126,
  2.6778082024489445,
  3.394403084536377,
  4.302762344880731,
  5.4542030912195605,
  6.913775146252846,
  8.763935990923178,
  11.109209140917251,
  14.08208912804247,
  17.8505266841847,
  22.627416997969522
 ],
 "log_min": -2,
 "log_max": 4.5,
 "n_scales": 20,
 "border_radii": [
  10,
  10,
  10,
  10,
  10,
  10,
  10,
  10,
  10,
  10,
  10,
  13,
  17,
  21,
  27,
  35,
  44,
  56,
  71,
  90
 ]
}