{
 "time": "181004_1913",
 "filename": "T-BN0124393.png",
 "DARK_BG": true,
 "fixed_alpha": 0.1,
 "VT_alphas": [
  0.017538469504833953,
  0.02448680147527354,
  0.034187900279679224,
  0.047732347841082594,
  0.06664278916761482,
  0.09304510565509255,
  0.1299074032539804,
  0.18137368216603905,
  0.2532296986812366,
  0.3535533905932737
 ],
 "betas": [
  0.5,
  0.5,
  0.5,
  0.5,
  0.5,
  0.5,
  0.5,
  0.5,
  0.5,
  0.5
 ],
 "gammas": [
  0.09212801744442155,
  0.15619487646494248,
  0.05367442764569306,
  0.009805765743075926,
  0.0015004381554045401,
  0.0002112274627484127,
  2.9476906333114787e-05,
  3.96880335327931e-06,
  6.046929355394581e-07,
  5.966709749367146e-08
 ],
 "sigmas": [
  0.25,
  0.4124302971676513,
  0.6803950000871885,
  1.1224620483093728,
  1.8517494245745807,
  3.0548702618292864,
  5.039684199579492,
  8.314073808254745,
  13.715903725649165,
  22.627416997969522
 ],
 "log_min": -2,
 "log_max": 4.5,
 "n_scales": 10,
 "border_radii": [
  10,
  10,
  10,
  10,
  10,
  12,
  20,
  33,
  54,
  90
 ]
}