{
 "time": "181004_1904",
 "filename": "T-BN0033885.png",
 "DARK_BG": false,
 "fixed_alpha": 0.1,
 "VT_alphas": [
  0.017538469504833953,
  0.03198043412489922,
  0.05831456197105047,
  0.10633339511885698,
  0.1938930952292168,
  0.3535533905932737
 ],
 "betas": [
  0.5,
  0.5,
  0.5,
  0.5,
  0.5,
  0.5
 ],
 "gammas": [
  0.07770715782733233,
  0.05975789405838471,
  0.0029644270282097552,
  8.450052368339189e-05,
  2.153076620161104e-06,
  6.029350363094123e-08
 ],
 "sigmas": [
  0.25,
  0.6155722066724582,
  1.5157165665103982,
  3.7321319661472305,
  9.18958683997628,
  22.627416997969522
 ],
 "log_min": -2,
 "log_max": 4.5,
 "n_scales": 6,
 "border_radii": [
  10,
  10,
  10,
  14,
  36,
  90
 ]
}