{
 "time": "181004_1914",
 "filename": "T-BN0224265.png",
 "DARK_BG": true,
 "fixed_alpha": 0.1,
 "VT_alphas": [
  0.017538469504833953,
  0.02448680147527354,
  0.034187900279679224,
  0.047732347841082594,
  0.06664278916761482,
  0.09304510565509255,
  0.1299074032539804,
  0.18137368216603905,
  0.2532296986812366,
  0.3535533905932737
 ],
 "betas": [
  0.5,
  0.5,
  0.5,
  0.5,
  0.5,
  0.5,
  0.5,
  0.5,
  0.5,
  0.5
 ],
 "gammas": [
  0.4143282796346578,
  0.20415751846017158,
  0.04940407547618292,
  0.008296175638080234,
  0.001283547708518569,
  0.00017855672498710425,
  2.4013697918867015e-05,
  2.9319860395895213e-06,
  3.374276250550418e-07,
  4.4214159246480145e-08
 ],
 "sigmas": [
  0.25,
  0.4124302971676513,
  0.6803950000871885,
  1.1224620483093728,
  1.8517494245745807,
  3.0548702618292864,
  5.039684199579492,
  8.314073808254745,
  13.715903725649165,
  22.627416997969522
 ],
 "log_min": -2,
 "log_max": 4.5,
 "n_scales": 10,
 "border_radii": [
  10,
  10,
  10,
  10,
  10,
  12,
  20,
  33,
  54,
  90
 ]
}