{
 "T-BN0164923.png": 0.5526412418645666,
 "T-BN1650687.png": 0.5176093538348967,
 "T-BN2050224.png": 0.5220960216387888,
 "T-BN5072928.png": 0.5173925884077358,
 "T-BN5280796.png": 0.5752228906533298,
 "T-BN6028328.png": 0.5327400420132934,
 "T-BN6238549.png": 0.5439999524652526,
 "T-BN7646343.png": 0.537132979194285,
 "T-BN7753462.png": 0.5533077542255728,
 "T-BN7767693.png": 0.5272074403099657,
 "T-BN8333878.png": 0.5692311089088338,
 "T-BN8549337.png": 0.521773798989484
}