{"time": "181201_1655", "filename": "T-BN0164923.png", "betas": 0.35, "gammas": 0.5, "c": [null, null, null, null, null, null, null, null, null, null, null, null, null, null, null, null, null, null, null, null], "sigmas": [0.5, 0.5892052152295192, 0.6943255713073281, 0.8182004953629862, 0.9641759979424951, 1.1361950527736884, 1.3389041012244722, 1.577778558267302, 1.8592707100168124, 2.1909839977307937, 2.5818783958948095, 3.042512431899294, 3.585328384551423, 4.224988364976252, 4.978770357856092, 5.867034920557899, 6.913775146252844, 8.147264746192816, 9.600821756624821, 11.313708498984761], "border_radii": [12, 12, 12, 12, 12, 12, 12, 12, 12, 12, 12, 12, 14, 16, 19, 23, 27, 32, 38, 45], "counts": {"TP": 37002, "TN": 505256, "FP": 9955, "FN": 68125}, "counts_FA": {"TP": 38141, "TN": 507418, "FP": 7793, "FN": 66986}, "counts_rw": {"TP": 42699, "TN": 506269, "FP": 8942, "FN": 62428}, "pnc": [0.5570428494499577, 0.522347872913301, 0.5354258019847681, 0.5060389260712362], "mcc": [0.47181109095340046, 0.4981466728339645, 0.528018574651067, 0.46529508847856055], "scale_maxes": [0.9326739781034855, 0.9619672780730298, 0.9920238672339475, 0.9967744455787283, 0.9965440413109767, 0.9950943558196692, 0.9925673868432286, 0.9913977883216554, 0.988844096700667, 0.9784850790572617, 0.9916924775884441, 0.990069740023404, 0.9863963902202857, 0.9784774104339711, 0.9895621945468396, 0.8921502023597924, 0.8702922619276966, 0.8550592003726687, 0.8144605581660302, 0.8484989524273608], "ALPHAS": [0.06471877021291877, 0.07379431875201664, 0.08685869735875171, 0.09296836078617038, 0.10135616231702564, 0.11568052022582627, 0.14031062995054594, 0.17623966342864184, 0.22962079894127438, 0.2925469502625141, 0.32001854105716304, 0.32383556852336304, 0.34617034217863607, 0.38430642253214026, 0.40685906504119207, 0.34781301174810186, 0.30901415902244433, 0.3075811983987686, 0.3327517617822568, 0.35247877197944816]}