{
 "time": "181008_1509",
 "filename": "T-BN1650687.png",
 "DARK_BG": false,
 "fixed_alpha": 0.1,
 "VT_alphas": [
  0.1,
  0.1,
  0.1,
  0.1,
  0.1,
  0.1,
  0.1,
  0.1,
  0.1,
  0.1,
  0.1,
  0.1,
  0.1,
  0.1,
  0.1,
  0.1,
  0.1,
  0.1,
  0.1,
  0.1
 ],
 "betas": [
  0.5,
  0.5,
  0.5,
  0.5,
  0.5,
  0.5,
  0.5,
  0.5,
  0.5,
  0.5,
  0.5,
  0.5,
  0.5,
  0.5,
  0.5,
  0.5,
  0.5,
  0.5,
  0.5,
  0.5
 ],
 "gammas": [
  0.1466019050506742,
  0.13458835245321207,
  0.12043664276028025,
  0.10442644901334805,
  0.08721780551897179,
  0.0698462836457664,
  0.055093747546646026,
  0.043223619205134456,
  0.03349450094236918,
  0.024880932539847616,
  0.018284670726223785,
  0.01362561456404908,
  0.010154422794224469,
  0.0077470387268573125,
  0.005859250567834374,
  0.004360868733088859,
  0.0031950070752090306,
  0.002365633666688561,
  0.0017501882899512487,
  0.001329848411556231
 ],
 "sigmas": [
  0.25,
  0.33472602530611806,
  0.4481660480689279,
  0.6000513597890514,
  0.8034112265668824,
  1.0756905862201824,
  1.440246537538759,
  1.92835199588499,
  2.5818783958948095,
  3.456887573126422,
  4.628440949130878,
  6.197038569066624,
  8.297240355569535,
  11.109209140917244,
  14.874165680134498,
  19.915081431424376,
  26.664384204753418,
  35.70105336836938,
  47.80028677294353,
  64.0
 ],
 "log_min": -2,
 "log_max": 6,
 "n_scales": 20,
 "border_radii": [
  10,
  10,
  10,
  10,
  10,
  10,
  10,
  10,
  10,
  13,
  18,
  24,
  33,
  44,
  59,
  79,
  106,
  142,
  191,
  256
 ]
}