{
 "time": "181008_1525",
 "filename": "T-BN8333878.png",
 "DARK_BG": false,
 "fixed_alpha": 0.1,
 "VT_alphas": [
  0.08,
  0.08,
  0.08,
  0.08,
  0.08,
  0.08,
  0.08,
  0.08,
  0.08,
  0.08,
  0.08,
  0.08,
  0.08,
  0.08,
  0.08,
  0.08,
  0.08,
  0.08,
  0.08,
  0.08
 ],
 "betas": [
  0.5,
  0.5,
  0.5,
  0.5,
  0.5,
  0.5,
  0.5,
  0.5,
  0.5,
  0.5,
  0.5,
  0.5,
  0.5,
  0.5,
  0.5,
  0.5,
  0.5,
  0.5,
  0.5,
  0.5
 ],
 "gammas": [
  0.1893543903899614,
  0.17413513627616498,
  0.15613145972936504,
  0.1356330377287298,
  0.11338946682402255,
  0.09062909046974954,
  0.06889142309483069,
  0.04966002237738238,
  0.037137266755018904,
  0.02896035922383695,
  0.0232658870041302,
  0.018287977538143062,
  0.013859072575884434,
  0.010321521667062199,
  0.0076590765898809365,
  0.005625394407619123,
  0.004088254267464393,
  0.0029424590358542815,
  0.0020766353056869942,
  0.0014595324809934254
 ],
 "sigmas": [
  0.25,
  0.33472602530611806,
  0.4481660480689279,
  0.6000513597890514,
  0.8034112265668824,
  1.0756905862201824,
  1.440246537538759,
  1.92835199588499,
  2.5818783958948095,
  3.456887573126422,
  4.628440949130878,
  6.197038569066624,
  8.297240355569535,
  11.109209140917244,
  14.874165680134498,
  19.915081431424376,
  26.664384204753418,
  35.70105336836938,
  47.80028677294353,
  64.0
 ],
 "log_min": -2,
 "log_max": 6,
 "n_scales": 20,
 "border_radii": [
  10,
  10,
  10,
  10,
  10,
  10,
  10,
  10,
  10,
  13,
  18,
  24,
  33,
  44,
  59,
  79,
  106,
  142,
  191,
  256
 ]
}