{
 "time": "181008_1523",
 "filename": "T-BN6238549.png",
 "DARK_BG": false,
 "fixed_alpha": 0.1,
 "VT_alphas": [
  0.08,
  0.08,
  0.08,
  0.08,
  0.08,
  0.08,
  0.08,
  0.08,
  0.08,
  0.08,
  0.08,
  0.08,
  0.08,
  0.08,
  0.08,
  0.08,
  0.08,
  0.08,
  0.08,
  0.08
 ],
 "betas": [
  0.5,
  0.5,
  0.5,
  0.5,
  0.5,
  0.5,
  0.5,
  0.5,
  0.5,
  0.5,
  0.5,
  0.5,
  0.5,
  0.5,
  0.5,
  0.5,
  0.5,
  0.5,
  0.5,
  0.5
 ],
 "gammas": [
  0.18569716058578842,
  0.17128730907407655,
  0.15413303561687222,
  0.13452084094913858,
  0.11322828560163248,
  0.0917511545803196,
  0.07197501496274954,
  0.05434608628036457,
  0.04221948453008202,
  0.033464041559732934,
  0.02597789709081601,
  0.01931671894169547,
  0.01415890315439304,
  0.010310336765704255,
  0.007798837931772618,
  0.005871820252304756,
  0.00434673813022661,
  0.0031867449104503675,
  0.0023188782917354777,
  0.001681481840643581
 ],
 "sigmas": [
  0.25,
  0.33472602530611806,
  0.4481660480689279,
  0.6000513597890514,
  0.8034112265668824,
  1.0756905862201824,
  1.440246537538759,
  1.92835199588499,
  2.5818783958948095,
  3.456887573126422,
  4.628440949130878,
  6.197038569066624,
  8.297240355569535,
  11.109209140917244,
  14.874165680134498,
  19.915081431424376,
  26.664384204753418,
  35.70105336836938,
  47.80028677294353,
  64.0
 ],
 "log_min": -2,
 "log_max": 6,
 "n_scales": 20,
 "border_radii": [
  10,
  10,
  10,
  10,
  10,
  10,
  10,
  10,
  10,
  13,
  18,
  24,
  33,
  44,
  59,
  79,
  106,
  142,
  191,
  256
 ]
}