{
 "time": "181008_1509",
 "filename": "T-BN2050224.png",
 "DARK_BG": false,
 "fixed_alpha": 0.1,
 "VT_alphas": [
  0.1,
  0.1,
  0.1,
  0.1,
  0.1,
  0.1,
  0.1,
  0.1,
  0.1,
  0.1,
  0.1,
  0.1,
  0.1,
  0.1,
  0.1,
  0.1,
  0.1,
  0.1,
  0.1,
  0.1
 ],
 "betas": [
  0.5,
  0.5,
  0.5,
  0.5,
  0.5,
  0.5,
  0.5,
  0.5,
  0.5,
  0.5,
  0.5,
  0.5,
  0.5,
  0.5,
  0.5,
  0.5,
  0.5,
  0.5,
  0.5,
  0.5
 ],
 "gammas": [
  0.1811610838417806,
  0.16252958360054126,
  0.14434490887127693,
  0.12631451607168745,
  0.10672853927147147,
  0.08681304986612211,
  0.06866036150290745,
  0.05326907837465382,
  0.04175037640271899,
  0.032451422353601656,
  0.024904934987870674,
  0.018859581502804253,
  0.013994718357459916,
  0.010627097930477713,
  0.008168169997458384,
  0.006174607448523909,
  0.004622377964915429,
  0.0034768319176249696,
  0.002710646102652921,
  0.002081965024907227
 ],
 "sigmas": [
  0.25,
  0.33472602530611806,
  0.4481660480689279,
  0.6000513597890514,
  0.8034112265668824,
  1.0756905862201824,
  1.440246537538759,
  1.92835199588499,
  2.5818783958948095,
  3.456887573126422,
  4.628440949130878,
  6.197038569066624,
  8.297240355569535,
  11.109209140917244,
  14.874165680134498,
  19.915081431424376,
  26.664384204753418,
  35.70105336836938,
  47.80028677294353,
  64.0
 ],
 "log_min": -2,
 "log_max": 6,
 "n_scales": 20,
 "border_radii": [
  10,
  10,
  10,
  10,
  10,
  10,
  10,
  10,
  10,
  13,
  18,
  24,
  33,
  44,
  59,
  79,
  106,
  142,
  191,
  256
 ]
}