{
 "T-BN0124393": 0.450246137814,
 "T-BN0501518": 0.460091920093,
 "T-BN0651415": 0.496620238987,
 "T-BN0687730": 0.470519431018,
 "T-BN1051747": 0.444641721216,
 "T-BN1105196": 0.464448688572,
 "T-BN1145709": 0.457693380379,
 "T-BN1233668": 0.480633938932,
 "T-BN1328016": 0.465384686659,
 "T-BN1479814": 0.450482292162,
 "T-BN1587209": 0.404925386681,
 "T-BN1602443": 0.474048429001,
 "T-BN1788623": 0.432543548867,
 "T-BN2315363": 0.471818870413,
 "T-BN2432252": 0.466915656843,
 "T-BN2481864": 0.476229974627,
 "T-BN2583658": 0.408394961549,
 "T-BN2713393": 0.403704833549,
 "T-BN2844756": 0.465587553414,
 "T-BN2899857": 0.431279075166,
 "T-BN2958557": 0.413877435983,
 "T-BN3236159": 0.424881595298,
 "T-BN3601547": 0.425583315495,
 "T-BN3731521": 0.403954232696,
 "T-BN3751005": 0.480366091897,
 "T-BN4384182": 0.450888797569,
 "T-BN4920563": 0.403067815345,
 "T-BN5602970": 0.403876768812,
 "T-BN5701077": 0.481850339193,
 "T-BN5932011": 0.419576052614,
 "T-BN5961598": 0.419769403126,
 "T-BN6483346": 0.412364602168,
 "T-BN6557410": 0.425168454133,
 "T-BN7080847": 0.403891848386,
 "T-BN7302686": 0.46760939049,
 "T-BN7531176": 0.483930612087,
 "T-BN7547732": 0.414204102745,
 "T-BN7644170": 0.413118939579,
 "T-BN7687331": 0.456899544368,
 "T-BN7725413": 0.418129562273,
 "T-BN7726580": 0.43402706711,
 "T-BN7736166": 0.40885943689,
 "T-BN7914277": 0.432169971188,
 "T-BN7957558": 0.499181040172,
 "T-BN8048789": 0.400112261952,
 "T-BN8159259": 0.424474894542,
 "T-BN8177602": 0.43480786665,
 "T-BN8183465": 0.482757160696,
 "T-BN8321696": 0.461669069011,
 "T-BN8778711": 0.415459133518,
 "T-BN8914395": 0.48789793728,
 "T-BN8949552": 0.401795464761,
 "T-BN9118174": 0.464254718055,
 "T-BN9238868": 0.411050885818,
 "T-BN9937513": 0.429069656612
}