{
 "time": "181112_1543",
 "DARK_BG": false,
 "dilate_per_scale": true,
 "log_range": [
  -4,
  5.5
 ],
 "n_scales": 40,
 "scales": [
  0.0625,
  0.07399593066842687,
  0.08760636408778617,
  0.1037202310904446,
  0.12279800045890803,
  0.14538483725086093,
  0.17212618139928368,
  0.20378619176067939,
  0.24126958266729562,
  0.28564747698319176,
  0.3381880144393491,
  0.40039258990955234,
  0.47403875716958566,
  0.5612310241546864,
  0.6644609912371261,
  0.7866785510313052,
  0.9313761843272156,
  1.1026887609872094,
  1.3055116977098091,
  1.5456408491288847,
  1.8299381297668702,
  2.1665275996438407,
  2.565027616871663,
  3.0368256912101725,
  3.5954038927821665,
  4.25672411480482,
  5.039684199579492,
  5.966657961965606,
  7.064134542013187,
  8.363475356851955,
  9.901810282443423,
  11.723098674425596,
  13.879385547710774,
  16.432288811340356,
  19.45476005772011,
  23.033169222431017,
  27.26977268571437,
  32.28563534393412,
  38.22409015193375,
  45.254833995939045
 ],
 "alphas": [
  0.015202334315368559,
  0.015386722200606722,
  0.015589558235505658,
  0.015845916073688373,
  0.016130998243519365,
  0.016507448055482866,
  0.01694080501025123,
  0.017509373517860922,
  0.01816075562629754,
  0.018968174515844448,
  0.01997811105483242,
  0.02117136102302698,
  0.022572333551940795,
  0.024464176135929556,
  0.026760371793870936,
  0.029582245489787398,
  0.03314249584617535,
  0.03524065673873619,
  0.037232545486143916,
  0.03970855013662492,
  0.04277391957362093,
  0.04675364800693631,
  0.05158485700839211,
  0.05701330279920694,
  0.06367434325194518,
  0.07025814814305692,
  0.07375188071073434,
  0.07915164336725232,
  0.08664629412190256,
  0.09626826401748911,
  0.10307497532607746,
  0.11197300173672037,
  0.12183518751163155,
  0.1319789008617125,
  0.1364565021533841,
  0.1435695955264997,
  0.13388583999370265,
  0.12641686742917593,
  0.12540915415962764,
  0.12678659567857087
 ],
 "betas": null,
 "files": [
  "T-BN1662406.png"
 ],
 "MCCS": {
  "T-BN1662406.png": 0.2812686143092036
 }
}