{
 "time": "181121_2056",
 "filename": "T-BN0204423.png",
 "betas": [
  0.5,
  0.5,
  0.5,
  0.5,
  0.5,
  0.5,
  0.5,
  0.5,
  0.5,
  0.5,
  0.5,
  0.5,
  0.5,
  0.5,
  0.5,
  0.5,
  0.5,
  0.5,
  0.5,
  0.5,
  0.5,
  0.5,
  0.5,
  0.5,
  0.5,
  0.5,
  0.5,
  0.5,
  0.5,
  0.5,
  0.5,
  0.5,
  0.5,
  0.5,
  0.5,
  0.5,
  0.5,
  0.5,
  0.5,
  0.5
 ],
 "gammas": [
  0.16850010529267292,
  0.16638832083336144,
  0.16386559739875362,
  0.16086324970787455,
  0.15730622752973158,
  0.15311497837815863,
  0.14820870346116938,
  0.14251043201682148,
  0.1359543047534014,
  0.12849529057034506,
  0.12012118663610817,
  0.11086610050673519,
  0.10082366669880376,
  0.09015712047906767,
  0.07910236929531113,
  0.06795995943654104,
  0.058592941345788234,
  0.05137192526873412,
  0.04456291597211477,
  0.03774418350464033,
  0.031972118070730464,
  0.026753939259591988,
  0.022383758490638853,
  0.01848944798401608,
  0.01509913634764767,
  0.012243824133757882,
  0.009834042846572336,
  0.00782094105316412,
  0.006165137482197358,
  0.004820059064850121,
  0.004224393969017984,
  0.003656591587366952,
  0.003099014872655313,
  0.0025720924623919765,
  0.002096022482649897,
  0.0017330094230143325,
  0.0015144040777137708,
  0.0012991234370322176,
  0.0010915818127730575,
  0.0008966145721257099
 ],
 "sigmas": [
  0.25,
  0.2756721902468024,
  0.3039806259018769,
  0.3351960197398572,
  0.3696168836947874,
  0.4075723835213587,
  0.449425486597771,
  0.49557643297256987,
  0.5464665628489841,
  0.6025825371088854,
  0.6644609912371261,
  0.7326936671515999,
  0.8079330720145728,
  0.8908987181403393,
  0.9823840036712642,
  1.0832637998219208,
  1.1945028172479306,
  1.3171648315468518,
  1.4524228561143249,
  1.6015703596382094,
  1.7660336355032968,
  1.9473854413948684,
  2.1473600395362378,
  2.36786978138966,
  2.611023395419619,
  2.879146152803877,
  3.1748021039363987,
  3.500818598369214,
  3.86031332267673,
  4.25672411480482,
  4.693841840018505,
  5.175846642839929,
  5.707347921652972,
  6.293428408250444,
  6.939692773855387,
  7.652321226434491,
  8.438128611853172,
  9.3046295840551,
  10.260110467486651,
  11.313708498984761
 ],
 "border_radii": [
  1,
  1,
  1,
  1,
  1,
  1,
  1,
  1,
  2,
  2,
  2,
  2,
  3,
  3,
  3,
  4,
  4,
  5,
  5,
  6,
  7,
  7,
  8,
  9,
  10,
  11,
  12,
  14,
  15,
  17,
  18,
  20,
  22,
  25,
  27,
  30,
  33,
  37,
  41,
  45
 ]
}