{
 "time": "181121_2053",
 "filename": "T-BN0651415.png",
 "betas": [
  0.5,
  0.5,
  0.5,
  0.5,
  0.5,
  0.5,
  0.5,
  0.5,
  0.5,
  0.5,
  0.5,
  0.5,
  0.5,
  0.5,
  0.5,
  0.5,
  0.5,
  0.5,
  0.5,
  0.5,
  0.5,
  0.5,
  0.5,
  0.5,
  0.5,
  0.5,
  0.5,
  0.5,
  0.5,
  0.5,
  0.5,
  0.5,
  0.5,
  0.5,
  0.5,
  0.5,
  0.5,
  0.5,
  0.5,
  0.5
 ],
 "gammas": [
  0.09069329466707607,
  0.08949990106273256,
  0.08807843799198255,
  0.08639260321245194,
  0.08440355044654613,
  0.08207124238049306,
  0.07935659302239961,
  0.07622456859616643,
  0.07264834464472035,
  0.06861446017190313,
  0.06412864331290367,
  0.05922160825172086,
  0.053953695922726155,
  0.04841689113198815,
  0.0427327192939637,
  0.03782149172585655,
  0.03448374275810945,
  0.03119091065413571,
  0.027858959827592657,
  0.024785500137599264,
  0.021740161504021156,
  0.018786144576736,
  0.016293355977425223,
  0.01414818263097026,
  0.011983964597671716,
  0.00990392943176223,
  0.007984499086668253,
  0.006274778782021004,
  0.004811067662907854,
  0.0038341129718502892,
  0.003332402619508272,
  0.003069375957549598,
  0.0027393910335208748,
  0.002387171392179413,
  0.002041781306168789,
  0.0017244078507520774,
  0.0014383333966140838,
  0.0011903468902961876,
  0.0009765363843156295,
  0.0007929885194725665
 ],
 "sigmas": [
  0.25,
  0.2756721902468024,
  0.3039806259018769,
  0.3351960197398572,
  0.3696168836947874,
  0.4075723835213587,
  0.449425486597771,
  0.49557643297256987,
  0.5464665628489841,
  0.6025825371088854,
  0.6644609912371261,
  0.7326936671515999,
  0.8079330720145728,
  0.8908987181403393,
  0.9823840036712642,
  1.0832637998219208,
  1.1945028172479306,
  1.3171648315468518,
  1.4524228561143249,
  1.6015703596382094,
  1.7660336355032968,
  1.9473854413948684,
  2.1473600395362378,
  2.36786978138966,
  2.611023395419619,
  2.879146152803877,
  3.1748021039363987,
  3.500818598369214,
  3.86031332267673,
  4.25672411480482,
  4.693841840018505,
  5.175846642839929,
  5.707347921652972,
  6.293428408250444,
  6.939692773855387,
  7.652321226434491,
  8.438128611853172,
  9.3046295840551,
  10.260110467486651,
  11.313708498984761
 ],
 "border_radii": [
  1,
  1,
  1,
  1,
  1,
  1,
  1,
  1,
  2,
  2,
  2,
  2,
  3,
  3,
  3,
  4,
  4,
  5,
  5,
  6,
  7,
  7,
  8,
  9,
  10,
  11,
  12,
  14,
  15,
  17,
  18,
  20,
  22,
  25,
  27,
  30,
  33,
  37,
  41,
  45
 ]
}