{
 "time": "181126_1826",
 "filename": "barium1.png",
 "betas": [
  0.5,
  0.5,
  0.5
 ],
 "gammas": [
  0.19087356656938542,
  0.023983976481546685,
  0.0009611001116488271
 ],
 "sigmas": [
  0.5,
  2.378414230005442,
  11.313708498984761
 ],
 "border_radii": [
  2,
  9,
  45
 ]
}