{"time": "181126_1833", "filename": "barium1.png", "betas": [0.5, 0.5, 0.5], "gammas": [0.19087356656938542, 0.023983976481546685, 0.0009611001116488271], "sigmas": [0.5, 2.378414230005442, 11.313708498984761], "border_radii": [2, 9, 45], "counts": {"TP": 173279, "TN": 3830551, "FP": 81785, "FN": 292886}, "counts_FA": {"TP": 241333, "TN": 3868174, "FP": 44162, "FN": 224832}, "counts_rw": {"TP": 365359, "TN": 3672166, "FP": 240170, "FN": 100806}, "pnc": [0.6666337489198865, 0.5634366127638563, 0.7992099740772745], "mcc": [0.46195781041923895, 0.6326600417690548, 0.6454110830857661], "scale_maxes": [0.8085240514483352, 0.864662865793305, 0.8190763485083123], "ALPHAS": [0.016612871519430833, 0.08130609969197958, 0.3880076109128492]}