{"time": "181126_1852", "filename": "T-BN1650687.png", "betas": [0.5, 0.5, 0.5, 0.5, 0.5, 0.5, 0.5, 0.5, 0.5, 0.5, 0.5, 0.5, 0.5, 0.5, 0.5, 0.5, 0.5, 0.5, 0.5, 0.5, 0.5, 0.5, 0.5, 0.5, 0.5, 0.5, 0.5, 0.5, 0.5, 0.5], "gammas": [0.1462626285125534, 0.13749236338962445, 0.1275205281647969, 0.11641446479945286, 0.05570961038889213, 0.05220738103469235, 0.048043567590343436, 0.02546878889357651, 0.023165602149609773, 0.01925033929581456, 0.01746398298747736, 0.015517109695248598, 0.013772383328695714, 0.011938025052357751, 0.010418640869925243, 0.00895032495109101, 0.007619132856696332, 0.006421954443885852, 0.005294788916514881, 0.004259694214822844, 0.003492373168989099, 0.002939953182202963, 0.0024329846597892744, 0.002128907512519271, 0.0017803905661095609, 0.0014240095221690224, 0.001093138097641469, 0.000808632552403624, 0.0005926907985484874, 0.00046154081547191523], "sigmas": [0.5, 0.5567773445603249, 0.6200020228312935, 0.6904061597880751, 0.7688050166297915, 0.8561064312875835, 0.953321330946634, 1.0615754383143632, 1.182122307190268, 1.3163578382858443, 1.4658364433839237, 1.632289045014104, 1.8176431200757233, 2.02404501950821, 2.253884822464664, 2.5098240127933895, 2.7948262983136853, 3.1121919297649123, 3.465595916833162, 3.859130583786945, 4.297352957504862, 4.785337536636033, 5.328735052946112, 5.933837905289718, 6.607653023917221, 7.357983008865261, 8.193516481991978, 9.1239286989095, 10.159993585873142, 11.313708498984761], "border_radii": [2, 2, 2, 2, 3, 3, 3, 4, 4, 5, 5, 6, 7, 8, 9, 10, 11, 12, 13, 15, 17, 19, 21, 23, 26, 29, 32, 36, 40, 45], "counts": {"TP": 8579, "TN": 476256, "FP": 55317, "FN": 66276}, "counts_FA": {"TP": 9205, "TN": 474995, "FP": 56578, "FN": 65650}, "counts_rw": {"TP": 21748, "TN": 422591, "FP": 108982, "FN": 53107}, "pnc": [0.05284103471147469, 0.08600486402829981, 0.24298032279460535], "mcc": [0.011298094622158823, 0.017490815439086305, 0.06840557865208202], "scale_maxes": [0.8579095431677861, 0.8548084709439038, 0.8506369984592702, 0.8452325843336402, 0.7045938068033023, 0.7549163107714543, 0.8048924416373496, 0.8003830073601671, 0.8641761513612237, 0.8428477955972228, 0.8520685548831366, 0.8605636064952538, 0.8555926226876978, 0.8535531945961952, 0.8564449730001029, 0.8552960636873407, 0.8468113425654525, 0.8323753245827019, 0.8208100538496277, 0.8111430547364287, 0.8071698882827457, 0.79181544927441, 0.7847959036142975, 0.7409621821887837, 0.7157603801728628, 0.7069703353141439, 0.7373520269306829, 0.7796157911527313, 0.8232720975407749, 0.839557638562325], "ALPHAS": [0.02657892063390578, 0.027867454335698337, 0.028931999103468595, 0.03049092538127721, 0.07777998259392002, 0.0812303639729411, 0.08667004629769472, 0.08954681318480667, 0.09831105654975136, 0.10853974648568882, 0.12289338992303613, 0.14150050046376236, 0.16521620335557965, 0.19492193091097443, 0.23056415586348988, 0.2351507573634619, 0.23668612996020533, 0.24381879577731336, 0.2582534596883438, 0.2825836004255869, 0.31364806326509087, 0.3401793339667658, 0.36184901797344377, 0.3390740410140768, 0.3199653580703358, 0.31037021906795775, 0.31507628458884407, 0.33677971568715637, 0.3716243192589599, 0.4177234420476613]}