{"time": "181126_1853", "filename": "T-BN2050224.png", "betas": [0.5, 0.5, 0.5, 0.5, 0.5, 0.5, 0.5, 0.5, 0.5, 0.5, 0.5, 0.5, 0.5, 0.5, 0.5, 0.5, 0.5, 0.5, 0.5, 0.5, 0.5, 0.5, 0.5, 0.5, 0.5, 0.5, 0.5, 0.5, 0.5, 0.5], "gammas": [0.17330160444696813, 0.1638069488660596, 0.1529255466508051, 0.14069828381545318, 0.0945957834639653, 0.08840200959540373, 0.0810995092262458, 0.04798840907373747, 0.04621292259377168, 0.03245696628047155, 0.02797443261299607, 0.023607128773810167, 0.0208616225238299, 0.018469325651183255, 0.01589923762501834, 0.013304660337917154, 0.010818054454729926, 0.008693902349980489, 0.00693848793109871, 0.005803915496628486, 0.005001106342275168, 0.004194806772768218, 0.0034352680679108996, 0.0027489452206492914, 0.0021441670974623756, 0.0016303673232980595, 0.0012161758089853955, 0.0009022904476073527, 0.0006765746859531613, 0.0005958571694431937], "sigmas": [0.5, 0.5567773445603249, 0.6200020228312935, 0.6904061597880751, 0.7688050166297915, 0.8561064312875835, 0.953321330946634, 1.0615754383143632, 1.182122307190268, 1.3163578382858443, 1.4658364433839237, 1.632289045014104, 1.8176431200757233, 2.02404501950821, 2.253884822464664, 2.5098240127933895, 2.7948262983136853, 3.1121919297649123, 3.465595916833162, 3.859130583786945, 4.297352957504862, 4.785337536636033, 5.328735052946112, 5.933837905289718, 6.607653023917221, 7.357983008865261, 8.193516481991978, 9.1239286989095, 10.159993585873142, 11.313708498984761], "border_radii": [2, 2, 2, 2, 3, 3, 3, 4, 4, 5, 5, 6, 7, 8, 9, 10, 11, 12, 13, 15, 17, 19, 21, 23, 26, 29, 32, 36, 40, 45], "counts": {"TP": 8763, "TN": 576064, "FP": 60929, "FN": 116036}, "counts_FA": {"TP": 12014, "TN": 542920, "FP": 94073, "FN": 112785}, "counts_rw": {"TP": 29683, "TN": 442848, "FP": 194145, "FN": 95116}, "pnc": [0.045508982035928146, 0.08645209580838323, 0.2245508982035928], "mcc": [-0.032652222772988286, -0.054965104597881315, -0.054388369451148], "scale_maxes": [0.8643509749314123, 0.8643747417634349, 0.8644004728113267, 0.8644277592076643, 0.6747617181093318, 0.7255620198269085, 0.7684725789411078, 0.816729491838571, 0.8252787840586419, 0.76092241397263, 0.8546164320665046, 0.7718180721882731, 0.7468942757674499, 0.709384300946792, 0.6776943765229857, 0.7070905990608608, 0.7499067218360437, 0.7767472221242119, 0.7809363819828918, 0.7282038932312773, 0.6533082142275832, 0.6093681897445158, 0.5625893596459047, 0.6269600449033623, 0.68998682747257, 0.7382868426697567, 0.7701125533464303, 0.8072483695402106, 0.831232879792528, 0.7938376034851958], "ALPHAS": [0.02657892063390578, 0.027867454335698337, 0.028931999103468595, 0.03049092538127721, 0.07777998259392002, 0.0812303639729411, 0.08667004629769472, 0.08954681318480667, 0.09831105654975136, 0.10853974648568882, 0.12289338992303613, 0.14150050046376236, 0.16521620335557965, 0.19492193091097443, 0.23056415586348988, 0.2351507573634619, 0.23668612996020533, 0.24381879577731336, 0.2582534596883438, 0.2825836004255869, 0.31364806326509087, 0.3401793339667658, 0.36184901797344377, 0.3390740410140768, 0.3199653580703358, 0.31037021906795775, 0.31507628458884407, 0.33677971568715637, 0.3716243192589599, 0.4177234420476613]}