{"time": "181126_1850", "filename": "T-BN0651415.png", "betas": [0.5, 0.5, 0.5, 0.5, 0.5, 0.5, 0.5, 0.5, 0.5, 0.5, 0.5, 0.5, 0.5, 0.5, 0.5, 0.5, 0.5, 0.5, 0.5, 0.5, 0.5, 0.5, 0.5, 0.5, 0.5, 0.5, 0.5, 0.5, 0.5, 0.5], "gammas": [0.1537508493019832, 0.14522899119526653, 0.13545253549782577, 0.1244547504705194, 0.0737495904136416, 0.06968923373929829, 0.06460461228350181, 0.03848349976545078, 0.03479411987149164, 0.03118467790933375, 0.027570555603433508, 0.024177705450733035, 0.020844585495333898, 0.01763392404431252, 0.015219362686436162, 0.012831043623792875, 0.010497586726641826, 0.008334452940395294, 0.006416501122909045, 0.004797851829606838, 0.003663854272800676, 0.002980454334401121, 0.0024191989962616773, 0.0019599853385950223, 0.0015788604908395106, 0.001266125939400824, 0.0010380436417820847, 0.0008519529098305421, 0.0006802942124008854, 0.0005272470571105837], "sigmas": [0.5, 0.5567773445603249, 0.6200020228312935, 0.6904061597880751, 0.7688050166297915, 0.8561064312875835, 0.953321330946634, 1.0615754383143632, 1.182122307190268, 1.3163578382858443, 1.4658364433839237, 1.632289045014104, 1.8176431200757233, 2.02404501950821, 2.253884822464664, 2.5098240127933895, 2.7948262983136853, 3.1121919297649123, 3.465595916833162, 3.859130583786945, 4.297352957504862, 4.785337536636033, 5.328735052946112, 5.933837905289718, 6.607653023917221, 7.357983008865261, 8.193516481991978, 9.1239286989095, 10.159993585873142, 11.313708498984761], "border_radii": [2, 2, 2, 2, 3, 3, 3, 4, 4, 5, 5, 6, 7, 8, 9, 10, 11, 12, 13, 15, 17, 19, 21, 23, 26, 29, 32, 36, 40, 45], "counts": {"TP": 10423, "TN": 571881, "FP": 47959, "FN": 89767}, "counts_FA": {"TP": 8338, "TN": 556362, "FP": 63478, "FN": 91852}, "counts_rw": {"TP": 26505, "TN": 464937, "FP": 154903, "FN": 73685}, "pnc": [0.033448408131952434, 0.04518603759110088, 0.1940928270042194], "mcc": [0.033802220157354776, -0.02216263616678662, 0.011670853226505608], "scale_maxes": [0.864652512012921, 0.8646420562489273, 0.8646206633133939, 0.8645752507424559, 0.6818394688027124, 0.7115906208595901, 0.7478660903814659, 0.7825763271783578, 0.8252890155442817, 0.6595004249114665, 0.6648603393542837, 0.6912616646677013, 0.7159416697238127, 0.7387091590591793, 0.7323343440494279, 0.7254315177732229, 0.720791835425303, 0.7144682252020916, 0.728013633633505, 0.7706682443900097, 0.8053778794701641, 0.8109210704874333, 0.8022048539372155, 0.7871140718772586, 0.7731908081798293, 0.761527135384777, 0.7399084074845573, 0.7188911546432347, 0.7091618341723999, 0.7061950302433601], "ALPHAS": [0.02657892063390578, 0.027867454335698337, 0.028931999103468595, 0.03049092538127721, 0.07777998259392002, 0.0812303639729411, 0.08667004629769472, 0.08954681318480667, 0.09831105654975136, 0.10853974648568882, 0.12289338992303613, 0.14150050046376236, 0.16521620335557965, 0.19492193091097443, 0.23056415586348988, 0.2351507573634619, 0.23668612996020533, 0.24381879577731336, 0.2582534596883438, 0.2825836004255869, 0.31364806326509087, 0.3401793339667658, 0.36184901797344377, 0.3390740410140768, 0.3199653580703358, 0.31037021906795775, 0.31507628458884407, 0.33677971568715637, 0.3716243192589599, 0.4177234420476613]}