{
 "time": "180924_0207",
 "filename": "barium2.png",
 "DARK_BG": true,
 "alpha": 0.15,
 "betas": [
  0.5,
  0.5,
  0.5,
  0.5,
  0.5,
  0.5,
  0.5,
  0.5,
  0.5,
  0.5,
  0.5,
  0.5,
  0.5,
  0.5,
  0.5,
  0.5,
  0.5,
  0.5,
  0.5,
  0.5
 ],
 "gammas": [
  134.96704709285004,
  148.61115897291515,
  177.0973711399953,
  200.72787388096882,
  216.94376678322627,
  224.17395118049097,
  237.39712727402488,
  253.35657609414244,
  272.08010144758174,
  279.3761926704799,
  271.4355510960335,
  272.25538449190157,
  263.45715191363087,
  243.67300543053346,
  246.345707015279,
  249.5788673830719,
  246.21819180760338,
  241.85719771726147,
  228.4930613429177,
  221.4282302787115
 ],
 "sigmas": [
  1.0,
  1.1784104304590384,
  1.3886511426146562,
  1.6364009907259724,
  1.9283519958849902,
  2.2723901055473767,
  2.6778082024489445,
  3.155557116534604,
  3.718541420033625,
  4.381967995461587,
  5.163756791789619,
  6.085024863798588,
  7.170656769102846,
  8.449976729952503,
  9.957540715712184,
  11.734069841115797,
  13.827550292505688,
  16.29452949238563,
  19.201643513249643,
  22.627416997969522
 ],
 "log_min": 0,
 "log_max": 4.5,
 "n_scales": 20,
 "border_radii": [
  10,
  10,
  10,
  10,
  10,
  10,
  10,
  12,
  14,
  17,
  20,
  24,
  28,
  33,
  39,
  46,
  55,
  65,
  76,
  90
 ]
}