{
 "time": "180920_1322",
 "filename": "BN1105196.png",
 "DARK_BG": false,
 "alpha": 0.15,
 "betas": [
  0.5,
  0.5,
  0.5,
  0.5,
  0.5,
  0.5,
  0.5,
  0.5,
  0.5,
  0.5,
  0.5,
  0.5,
  0.5,
  0.5,
  0.5,
  0.5,
  0.5,
  0.5,
  0.5,
  0.5
 ],
 "gammas": [
  49.74511438925721,
  59.33077069260709,
  70.64394780348728,
  79.91666193249691,
  93.43057184184977,
  110.39473882475532,
  119.77551540316702,
  118.3161129152372,
  110.3761486671385,
  107.85447897416407,
  117.09261359627686,
  119.02378405922589,
  119.5506524982574,
  111.53625165897088,
  104.0953724667522,
  94.34366093326506,
  90.15217800420601,
  90.64129858615932,
  90.18794299562433,
  85.24667333633158
 ],
 "sigmas": [
  0.5,
  0.6110971611893001,
  0.7468794808272429,
  0.9128318609681328,
  1.1156579177615438,
  1.36355077280489,
  1.666524012797089,
  2.036816186548204,
  2.489385178928047,
  3.042512431899295,
  3.7185414200336253,
  4.5447802110947535,
  5.5546045704586255,
  6.788806169072756,
  8.297240355569535,
  10.140840053987684,
  12.394077138133248,
  15.147970709348867,
  18.513763796523527,
  22.627416997969522
 ],
 "log_min": -1,
 "log_max": 4.5,
 "n_scales": 20,
 "border_radii": [
  10,
  10,
  10,
  10,
  10,
  10,
  10,
  10,
  10,
  12,
  14,
  18,
  22,
  27,
  33,
  40,
  49,
  60,
  74,
  90
 ]
}