{
 "time": "180919_0742",
 "filename": "im0059.png",
 "DARK_BG": false,
 "alpha": 0.15,
 "betas": [
  0.5,
  0.5,
  0.5,
  0.5,
  0.5,
  0.5,
  0.5,
  0.5,
  0.5,
  0.5,
  0.5,
  0.5,
  0.5,
  0.5,
  0.5,
  0.5,
  0.5,
  0.5,
  0.5,
  0.5
 ],
 "gammas": [
  21.17698966881839,
  26.78319724107085,
  32.839311938187244,
  38.8462501293543,
  44.1531006673382,
  50.55743292359018,
  57.02173757867755,
  60.33907144521672,
  61.006813343764435,
  57.99128731993974,
  54.88341486353009,
  59.006143051247776,
  64.25655873085559,
  65.85480286713874,
  63.099652798906455,
  62.10816517583461,
  64.91221825815695,
  68.28179192413977,
  70.43471922467972,
  70.04341596374304
 ],
 "sigmas": [
  1.0,
  1.1784104304590384,
  1.3886511426146562,
  1.6364009907259724,
  1.9283519958849902,
  2.2723901055473767,
  2.6778082024489445,
  3.155557116534604,
  3.718541420033625,
  4.381967995461587,
  5.163756791789619,
  6.085024863798588,
  7.170656769102846,
  8.449976729952503,
  9.957540715712184,
  11.734069841115797,
  13.827550292505688,
  16.29452949238563,
  19.201643513249643,
  22.627416997969522
 ],
 "log_min": 0,
 "log_max": 4.5,
 "n_scales": 20,
 "border_radii": [
  10,
  10,
  10,
  10,
  10,
  10,
  10,
  12,
  14,
  17,
  20,
  24,
  28,
  33,
  39,
  46,
  55,
  65,
  76,
  90
 ]
}