{
 "time": "180919_0645",
 "filename": "im0059_clahe.png",
 "DARK_BG": false,
 "alpha": 0.08,
 "betas": [
  0.5,
  0.5,
  0.5,
  0.5,
  0.5,
  0.5,
  0.5,
  0.5,
  0.5,
  0.5,
  0.5,
  0.5,
  0.5,
  0.5,
  0.5,
  0.5,
  0.5,
  0.5,
  0.5,
  0.5,
  0.5,
  0.5,
  0.5,
  0.5,
  0.5,
  0.5,
  0.5,
  0.5,
  0.5,
  0.5
 ],
 "gammas": [
  7.500962712859628,
  8.714707508917215,
  10.058110560686494,
  11.526178584143997,
  13.393192090986927,
  15.556608081266289,
  17.933880801614904,
  20.5013994334483,
  23.546243864318633,
  26.89628224091107,
  30.40003452950631,
  33.965395314350516,
  37.47930275001407,
  40.8120564273126,
  43.824215272374786,
  46.607468731861005,
  51.28977021716287,
  55.249845489070964,
  58.213379554035996,
  60.045297026238785,
  61.01379376423621,
  60.99823975553693,
  61.14479389107751,
  63.85283853709068,
  65.26703383088687,
  60.698304524807625,
  58.64727603913875,
  61.74708883409831,
  64.5744186261722,
  65.79157543760877
 ],
 "sigmas": [
  0.5,
  0.5501630044727042,
  0.6053586629808654,
  0.666091881618264,
  0.7329182216919619,
  0.8064489817576824,
  0.8873567895155191,
  0.9763817547182219,
  1.0743382393762155,
  1.182122307190268,
  1.3007199203560056,
  1.4312159587211128,
  1.5748041437985785,
  1.732797958416581,
  1.9066426618932677,
  2.097928510646069,
  2.3084053051719735,
  2.5399983964682846,
  2.7948262983136853,
  3.075220066519166,
  3.3837446224218675,
  3.723222215679941,
  4.096758240995989,
  4.507769644929328,
  4.960016182650348,
  5.457634810560296,
  6.005177529385341,
  6.607653023917218,
  7.270572480302891,
  8.0
 ],
 "log_min": -1,
 "log_max": 3,
 "n_scales": 30,
 "border_radii": [
  10,
  10,
  10,
  10,
  10,
  10,
  10,
  10,
  10,
  10,
  10,
  10,
  10,
  10,
  10,
  10,
  10,
  10,
  10,
  10,
  10,
  10,
  10,
  10,
  10,
  13,
  15,
  16,
  18,
  20
 ]
}