{
 "time": "180919_0838",
 "filename": "NYMH_ID130016u.png",
 "DARK_BG": false,
 "alpha": 0.15,
 "betas": [
  0.5,
  0.5,
  0.5,
  0.5,
  0.5,
  0.5,
  0.5,
  0.5,
  0.5,
  0.5,
  0.5,
  0.5,
  0.5,
  0.5,
  0.5,
  0.5,
  0.5,
  0.5,
  0.5,
  0.5
 ],
 "gammas": [
  120.12213283516463,
  138.42748592582706,
  155.1092221484542,
  163.1210785320252,
  160.6656827226567,
  149.58838937154422,
  139.61792714080093,
  134.2512738444792,
  126.71252579532471,
  117.58283476612847,
  117.4865756970077,
  116.7815848646766,
  116.17548565356213,
  116.84729191507999,
  119.7941670123219,
  124.44641216241443,
  128.8129730439652,
  130.863055586234,
  130.39084787061546,
  128.13252688453917
 ],
 "sigmas": [
  1.0,
  1.1784104304590384,
  1.3886511426146562,
  1.6364009907259724,
  1.9283519958849902,
  2.2723901055473767,
  2.6778082024489445,
  3.155557116534604,
  3.718541420033625,
  4.381967995461587,
  5.163756791789619,
  6.085024863798588,
  7.170656769102846,
  8.449976729952503,
  9.957540715712184,
  11.734069841115797,
  13.827550292505688,
  16.29452949238563,
  19.201643513249643,
  22.627416997969522
 ],
 "log_min": 0,
 "log_max": 4.5,
 "n_scales": 20,
 "border_radii": [
  10,
  10,
  10,
  10,
  10,
  10,
  10,
  12,
  14,
  17,
  20,
  24,
  28,
  33,
  39,
  46,
  55,
  65,
  76,
  90
 ]
}