{
 "time": "180919_0835",
 "filename": "NYMH_ID130016i.png",
 "DARK_BG": true,
 "alpha": 0.15,
 "betas": [
  0.5,
  0.5,
  0.5,
  0.5,
  0.5,
  0.5,
  0.5,
  0.5,
  0.5,
  0.5,
  0.5,
  0.5,
  0.5,
  0.5,
  0.5,
  0.5,
  0.5,
  0.5,
  0.5,
  0.5
 ],
 "gammas": [
  62.40763191936861,
  72.840337353231,
  83.61703087707409,
  94.49095223816231,
  100.21699404941411,
  99.83649172331194,
  106.79120110222584,
  113.34921300244011,
  115.69383991738621,
  112.1272704491415,
  111.37171814775311,
  115.09565620268648,
  114.17639031908544,
  117.35023192405723,
  120.44199925078468,
  120.60887533821735,
  116.06553882116424,
  112.18126646478275,
  106.81902280881194,
  97.68307312432108
 ],
 "sigmas": [
  1.0,
  1.1784104304590384,
  1.3886511426146562,
  1.6364009907259724,
  1.9283519958849902,
  2.2723901055473767,
  2.6778082024489445,
  3.155557116534604,
  3.718541420033625,
  4.381967995461587,
  5.163756791789619,
  6.085024863798588,
  7.170656769102846,
  8.449976729952503,
  9.957540715712184,
  11.734069841115797,
  13.827550292505688,
  16.29452949238563,
  19.201643513249643,
  22.627416997969522
 ],
 "log_min": 0,
 "log_max": 4.5,
 "n_scales": 20,
 "border_radii": [
  10,
  10,
  10,
  10,
  10,
  10,
  10,
  12,
  14,
  17,
  20,
  24,
  28,
  33,
  39,
  46,
  55,
  65,
  76,
  90
 ]
}