{
 "time": "180920_1930",
 "filename": "T-BN9238868.png",
 "DARK_BG": false,
 "alpha": 0.15,
 "betas": [
  0.9,
  0.9,
  0.9,
  0.9,
  0.9,
  0.9,
  0.9,
  0.9,
  0.9,
  0.9,
  0.9,
  0.9,
  0.9,
  0.9,
  0.9,
  0.9,
  0.9,
  0.9,
  0.9,
  0.9
 ],
 "gammas": [
  84.03884229653272,
  107.22268580402678,
  127.33049848077489,
  142.72265102072922,
  152.20540485947566,
  155.72028033107455,
  154.98780560399163,
  147.50855735886637,
  135.85010679900978,
  123.56240015350633,
  113.10510415976734,
  104.62081767948082,
  110.19125731257078,
  111.19129601498352,
  107.18675110023626,
  104.45869605486413,
  99.1112711452387,
  98.32232860552926,
  92.98396678355219,
  85.10289559695485
 ],
 "sigmas": [
  0.5,
  0.5785551186413599,
  0.6694520506122361,
  0.7746298211333278,
  0.8963320961378558,
  1.0371550444461919,
  1.2001027195781029,
  1.3886511426146562,
  1.6068224531337647,
  1.8592707100168124,
  2.151381172440365,
  2.489385178928047,
  2.880493075077518,
  3.3330480255941772,
  3.85670399176998,
  4.462631671046175,
  5.163756791789619,
  5.975035846617941,
  6.913775146252844,
  8.0
 ],
 "log_min": -1,
 "log_max": 3,
 "n_scales": 20,
 "border_radii": [
  10,
  10,
  10,
  10,
  10,
  10,
  10,
  10,
  10,
  10,
  10,
  10,
  11,
  13,
  15,
  17,
  20,
  23,
  27,
  32
 ]
}