{
 "time": "180926_1001",
 "filename": "T-BN0687730.png",
 "DARK_BG": false,
 "fixed_alpha": 0.08,
 "VT_alphas": [
  0.006999999999999999,
  0.008919924899921933,
  0.01136643717432105,
  0.014483966567803529,
  0.018456556291112508,
  0.023518728003986467,
  0.029969326791035755,
  0.03818916346817964,
  0.048663495732429236,
  0.06201067532870575,
  0.07901865241792821,
  0.1006914921801364,
  0.12830864975827047,
  0.1635005028363085,
  0.2083446009141922,
  0.26548831335125744,
  0.3383051167000226,
  0.4310937477462182,
  0.5493319792460227,
  0.7
 ],
 "betas": [
  0.5,
  0.5,
  0.5,
  0.5,
  0.5,
  0.5,
  0.5,
  0.5,
  0.5,
  0.5,
  0.5,
  0.5,
  0.5,
  0.5,
  0.5,
  0.5,
  0.5,
  0.5,
  0.5,
  0.5
 ],
 "gammas": [
  0.08759210622888608,
  0.14341734179571336,
  0.16158764528841463,
  0.14040729447711017,
  0.10178305288789097,
  0.06500618186426073,
  0.03798592731746099,
  0.020742987265823475,
  0.010902288178340849,
  0.005689862239602057,
  0.0030232276854412193,
  0.0015264515253597126,
  0.000775540865984632,
  0.00037605656947868734,
  0.0001810936329021355,
  8.719766770527346e-05,
  4.265101703460636e-05,
  2.1270962730148e-05,
  1.0958713794799794e-05,
  5.875083903090825e-06
 ],
 "sigmas": [
  0.25,
  0.3000256798945257,
  0.36006163438468974,
  0.4321109466408028,
  0.5185775222230959,
  0.6223462947320116,
  0.7468794808272429,
  0.8963320961378558,
  1.0756905862201824,
  1.2909391979474047,
  1.5492596422666554,
  1.8592707100168122,
  2.2313158355230875,
  2.6778082024489445,
  3.2136449062675294,
  3.85670399176998,
  4.628440949130878,
  5.5546045704586255,
  6.6660960511883545,
  8.0
 ],
 "log_min": -2,
 "log_max": 3,
 "n_scales": 20,
 "border_radii": [
  null,
  null,
  null,
  null,
  null,
  null,
  null,
  null,
  null,
  null,
  null,
  null,
  null,
  null,
  null,
  null,
  null,
  null,
  null,
  null
 ]
}