{
 "time": "180924_1640",
 "filename": "T-BN9730834_fetalsurface_fixed_ruler_lights_filter_12_0416.png",
 "DARK_BG": false,
 "alpha": 0.12,
 "betas": [
  0.5,
  0.5,
  0.5,
  0.5,
  0.5,
  0.5,
  0.5,
  0.5,
  0.5,
  0.5,
  0.5,
  0.5,
  0.5,
  0.5,
  0.5,
  0.5,
  0.5,
  0.5,
  0.5,
  0.5
 ],
 "gammas": [
  28.860793781408884,
  16.04353978328216,
  8.406417025883291,
  4.175582432393071,
  2.179763987310104,
  1.0324722704959324,
  0.4717844250722399,
  0.2036688480477088,
  0.08650849801185423,
  0.0367594354847317,
  0.014434003019299053,
  0.005275247368069008,
  0.0019501752138621703,
  0.0008088944268272778,
  0.00032729730865333325,
  0.00013479235789560595,
  5.588015118470013e-05,
  2.326634074612413e-05,
  9.553638379682432e-06,
  3.835658383587601e-06
 ],
 "sigmas": [
  0.5,
  0.6223462947320116,
  0.7746298211333278,
  0.9641759979424951,
  1.2001027195781029,
  1.4937589616544857,
  1.8592707100168124,
  2.314220474565439,
  2.880493075077518,
  3.585328384551423,
  4.462631671046175,
  5.554604570458624,
  6.913775146252844,
  8.605524689761456,
  10.711232809795774,
  13.332192102376709,
  16.59448071113907,
  20.655027167158476,
  25.709159250140235,
  32.0
 ],
 "log_min": -1,
 "log_max": 5,
 "n_scales": 20,
 "border_radii": [
  10,
  10,
  10,
  10,
  10,
  10,
  10,
  10,
  11,
  14,
  17,
  22,
  27,
  34,
  42,
  53,
  66,
  82,
  102,
  128
 ]
}