{
 "time": "180926_1036",
 "filename": "T-BN0164923.png",
 "DARK_BG": false,
 "fixed_alpha": 0.08,
 "VT_alphas": [
  0.022360679774997897,
  0.0244959457827015,
  0.02683511260959006,
  0.029397651152457835,
  0.032204891622953674,
  0.035280201097273,
  0.03864917802042478,
  0.042339865284099706,
  0.04638298365177002,
  0.05081218747401857,
  0.05566434482263589,
  0.06097984437528211,
  0.06680293160517864,
  0.07318207707422554,
  0.08017037989516489,
  0.08782600972115243,
  0.09621269094179705,
  0.10540023311604796,
  0.11546511205717816,
  0.12649110640673517
 ],
 "betas": [
  0.5,
  0.5,
  0.5,
  0.5,
  0.5,
  0.5,
  0.5,
  0.5,
  0.5,
  0.5,
  0.5,
  0.5,
  0.5,
  0.5,
  0.5,
  0.5,
  0.5,
  0.5,
  0.5,
  0.5
 ],
 "gammas": [
  0.05797486214714993,
  0.09492387593483079,
  0.10694340911710233,
  0.09286644893898333,
  0.06712337446477731,
  0.04253998249850763,
  0.02452675529910974,
  0.013587587704692823,
  0.00721166542898353,
  0.003819391018660727,
  0.0019559739262074625,
  0.0009768520280149689,
  0.000483060092405485,
  0.00023132334639509546,
  0.00011563628760661725,
  5.611786202518119e-05,
  2.8569994409084018e-05,
  1.4899597376665549e-05,
  7.836514208754845e-06,
  3.891336890685282e-06
 ],
 "sigmas": [
  0.25,
  0.3000256798945257,
  0.36006163438468974,
  0.4321109466408028,
  0.5185775222230959,
  0.6223462947320116,
  0.7468794808272429,
  0.8963320961378558,
  1.0756905862201824,
  1.2909391979474047,
  1.5492596422666554,
  1.8592707100168122,
  2.2313158355230875,
  2.6778082024489445,
  3.2136449062675294,
  3.85670399176998,
  4.628440949130878,
  5.5546045704586255,
  6.6660960511883545,
  8.0
 ],
 "log_min": -2,
 "log_max": 3,
 "n_scales": 20,
 "border_radii": [
  null,
  null,
  null,
  null,
  null,
  null,
  null,
  null,
  null,
  null,
  null,
  null,
  null,
  null,
  null,
  null,
  null,
  null,
  null,
  null
 ]
}