{
 "time": "180922_1646",
 "filename": "T-BN0204423_fetalsurface_fixed_ruler_lights_filter_11_1118-ddy.png",
 "DARK_BG": false,
 "alpha": 0.1,
 "betas": [
  0.5,
  0.5,
  0.5,
  0.5,
  0.5,
  0.5,
  0.5,
  0.5,
  0.5,
  0.5,
  0.5,
  0.5,
  0.5,
  0.5,
  0.5,
  0.5,
  0.5,
  0.5,
  0.5,
  0.5
 ],
 "gammas": [
  115.83711125271411,
  144.94216650677487,
  172.16848585222237,
  196.02941061602394,
  216.73744643536492,
  236.34586460771027,
  248.7669239615222,
  252.55433828098353,
  247.2154366244536,
  232.90509873581908,
  231.72108623253564,
  233.54942488303746,
  227.95955447188848,
  215.43230303454123,
  199.79625372441734,
  198.4693432674689,
  199.95169469459245,
  196.7385461404117,
  205.6627821674976,
  218.21797769187503
 ],
 "sigmas": [
  0.5,
  0.5680975263868443,
  0.6454695989737025,
  0.7333793650697374,
  0.8332620063985445,
  0.946748169334304,
  1.0756905862201824,
  1.2221943223786003,
  1.3886511426146562,
  1.577778558267302,
  1.7926641922757116,
  2.036816186548204,
  2.314220474565439,
  2.6294058542288297,
  2.9875179233089715,
  3.394403084536377,
  3.85670399176998,
  4.381967995461587,
  4.978770357856092,
  5.656854249492381
 ],
 "log_min": -1,
 "log_max": 2.5,
 "n_scales": 20,
 "border_radii": [
  10,
  10,
  10,
  10,
  10,
  10,
  10,
  10,
  10,
  10,
  10,
  10,
  10,
  10,
  11,
  13,
  15,
  17,
  19,
  22
 ]
}