{
 "time": "180926_1040",
 "filename": "T-BN0404929.png",
 "DARK_BG": false,
 "fixed_alpha": 0.08,
 "VT_alphas": [
  0.02237933699958293,
  0.024516384622955436,
  0.026857503195554338,
  0.02942217986023161,
  0.03223176262606235,
  0.035309638066180045,
  0.038681425984333294,
  0.042375192670541184,
  0.04642168452095748,
  0.050854583966562575,
  0.055710789840997796,
  0.06103072452128474,
  0.06685867039802562,
  0.07324313847581584,
  0.08023727217204656,
  0.08789928967526218,
  0.09629296854520152,
  0.10548817658826563,
  0.11556145342734507,
  0.12659664760691275
 ],
 "betas": [
  0.5,
  0.5,
  0.5,
  0.5,
  0.5,
  0.5,
  0.5,
  0.5,
  0.5,
  0.5,
  0.5,
  0.5,
  0.5,
  0.5,
  0.5,
  0.5,
  0.5,
  0.5,
  0.5,
  0.5
 ],
 "gammas": [
  1.6505605746723417,
  0.7989416343002972,
  0.3929250502415707,
  0.20040875876460532,
  0.1074321133294811,
  0.0609601963349557,
  0.03591814474970768,
  0.02043843979988042,
  0.011064850827977795,
  0.005731312562518815,
  0.0029071413641247068,
  0.0014365851829086424,
  0.0007016377426088225,
  0.0003463651794208274,
  0.00017136815811079383,
  8.554041704401474e-05,
  4.258483189500229e-05,
  2.1037439220333025e-05,
  1.0337657899029783e-05,
  4.9490860396545604e-06
 ],
 "sigmas": [
  0.25,
  0.3000256798945257,
  0.36006163438468974,
  0.4321109466408028,
  0.5185775222230959,
  0.6223462947320116,
  0.7468794808272429,
  0.8963320961378558,
  1.0756905862201824,
  1.2909391979474047,
  1.5492596422666554,
  1.8592707100168122,
  2.2313158355230875,
  2.6778082024489445,
  3.2136449062675294,
  3.85670399176998,
  4.628440949130878,
  5.5546045704586255,
  6.6660960511883545,
  8.0
 ],
 "log_min": -2,
 "log_max": 3,
 "n_scales": 20,
 "border_radii": [
  null,
  null,
  null,
  null,
  null,
  null,
  null,
  null,
  null,
  null,
  null,
  null,
  null,
  null,
  null,
  null,
  null,
  null,
  null,
  null
 ]
}