{
 "time": "180922_1635",
 "filename": "T-BN0061827_fetalsurface_fixed_ruler_lights_filter_12_0627-AG.png",
 "DARK_BG": false,
 "alpha": 0.15,
 "betas": [
  0.5,
  0.5,
  0.5,
  0.5,
  0.5,
  0.5,
  0.5,
  0.5,
  0.5,
  0.5,
  0.5,
  0.5,
  0.5,
  0.5,
  0.5,
  0.5,
  0.5,
  0.5,
  0.5,
  0.5
 ],
 "gammas": [
  61.270908458303296,
  75.6090975932402,
  87.70242890403651,
  96.54490779244429,
  101.64459489023959,
  102.91720966084668,
  101.45386799742738,
  105.86496157617995,
  108.84888475189616,
  109.51946700224957,
  108.06292419171875,
  106.4804269807205,
  116.23892031958654,
  123.45632111616764,
  128.40368491841605,
  129.46729447310491,
  132.631871244781,
  134.6039534950246,
  138.04345137651035,
  142.71657620850925
 ],
 "sigmas": [
  0.5,
  0.5680975263868443,
  0.6454695989737025,
  0.7333793650697374,
  0.8332620063985445,
  0.946748169334304,
  1.0756905862201824,
  1.2221943223786003,
  1.3886511426146562,
  1.577778558267302,
  1.7926641922757116,
  2.036816186548204,
  2.314220474565439,
  2.6294058542288297,
  2.9875179233089715,
  3.394403084536377,
  3.85670399176998,
  4.381967995461587,
  4.978770357856092,
  5.656854249492381
 ],
 "log_min": -1,
 "log_max": 2.5,
 "n_scales": 20,
 "border_radii": [
  10,
  10,
  10,
  10,
  10,
  10,
  10,
  10,
  10,
  10,
  10,
  10,
  10,
  10,
  11,
  13,
  15,
  17,
  19,
  22
 ]
}