{
 "time": "180922_1648",
 "filename": "T-BN9730834_fetalsurface_fixed_ruler_lights_filter_12_0416.png",
 "DARK_BG": false,
 "alpha": 0.1,
 "betas": [
  0.5,
  0.5,
  0.5,
  0.5,
  0.5,
  0.5,
  0.5,
  0.5,
  0.5,
  0.5,
  0.5,
  0.5,
  0.5,
  0.5,
  0.5,
  0.5,
  0.5,
  0.5,
  0.5,
  0.5
 ],
 "gammas": [
  99.73632806188155,
  117.49401240816059,
  135.71016652035627,
  153.34253000926736,
  168.78134106818322,
  180.2324038941137,
  186.24518742225655,
  186.1364680315396,
  180.12371859248105,
  177.34681594212105,
  186.51563094274843,
  192.37703749996558,
  210.37667378128992,
  220.9889009841458,
  225.624075350139,
  230.02201695957825,
  230.26035584080478,
  226.05407487444182,
  218.13001381326478,
  204.88407842884033
 ],
 "sigmas": [
  0.5,
  0.5680975263868443,
  0.6454695989737025,
  0.7333793650697374,
  0.8332620063985445,
  0.946748169334304,
  1.0756905862201824,
  1.2221943223786003,
  1.3886511426146562,
  1.577778558267302,
  1.7926641922757116,
  2.036816186548204,
  2.314220474565439,
  2.6294058542288297,
  2.9875179233089715,
  3.394403084536377,
  3.85670399176998,
  4.381967995461587,
  4.978770357856092,
  5.656854249492381
 ],
 "log_min": -1,
 "log_max": 2.5,
 "n_scales": 20,
 "border_radii": [
  10,
  10,
  10,
  10,
  10,
  10,
  10,
  10,
  10,
  10,
  10,
  10,
  10,
  10,
  11,
  13,
  15,
  17,
  19,
  22
 ]
}