{
 "time": "180926_1003",
 "filename": "T-BN1051747.png",
 "DARK_BG": false,
 "fixed_alpha": 0.08,
 "VT_alphas": [
  0.006999999999999999,
  0.008919924899921933,
  0.01136643717432105,
  0.014483966567803529,
  0.018456556291112508,
  0.023518728003986467,
  0.029969326791035755,
  0.03818916346817964,
  0.048663495732429236,
  0.06201067532870575,
  0.07901865241792821,
  0.1006914921801364,
  0.12830864975827047,
  0.1635005028363085,
  0.2083446009141922,
  0.26548831335125744,
  0.3383051167000226,
  0.4310937477462182,
  0.5493319792460227,
  0.7
 ],
 "betas": [
  0.5,
  0.5,
  0.5,
  0.5,
  0.5,
  0.5,
  0.5,
  0.5,
  0.5,
  0.5,
  0.5,
  0.5,
  0.5,
  0.5,
  0.5,
  0.5,
  0.5,
  0.5,
  0.5,
  0.5
 ],
 "gammas": [
  0.07334917113043424,
  0.12009701910256781,
  0.13531562805584738,
  0.11760367185839124,
  0.08533397515916102,
  0.05463565190501253,
  0.03206501012956566,
  0.017684286652659614,
  0.009318065358379812,
  0.004866831680163683,
  0.002545798160880902,
  0.0013228679638013375,
  0.0006616487098794593,
  0.00032675162898870743,
  0.00015677689102775287,
  7.450509473659726e-05,
  3.7447776276235854e-05,
  1.8350157945278e-05,
  8.42784513141471e-06,
  3.956410296973931e-06
 ],
 "sigmas": [
  0.25,
  0.3000256798945257,
  0.36006163438468974,
  0.4321109466408028,
  0.5185775222230959,
  0.6223462947320116,
  0.7468794808272429,
  0.8963320961378558,
  1.0756905862201824,
  1.2909391979474047,
  1.5492596422666554,
  1.8592707100168122,
  2.2313158355230875,
  2.6778082024489445,
  3.2136449062675294,
  3.85670399176998,
  4.628440949130878,
  5.5546045704586255,
  6.6660960511883545,
  8.0
 ],
 "log_min": -2,
 "log_max": 3,
 "n_scales": 20,
 "border_radii": [
  null,
  null,
  null,
  null,
  null,
  null,
  null,
  null,
  null,
  null,
  null,
  null,
  null,
  null,
  null,
  null,
  null,
  null,
  null,
  null
 ]
}