{
 "time": "181112_2243",
 "filename": "T-BN8549337.png",
 "alphas": [
  0.08525468367377285,
  0.08679358425186762,
  0.08868070270965146,
  0.09083780542909808,
  0.09330681476702082,
  0.0964704322174314,
  0.1001759200168489,
  0.1046212004249437,
  0.11015272885473862,
  0.11669283779293568,
  0.12487824227521716,
  0.13459969171085714,
  0.14698626863818923,
  0.1624788888943449,
  0.17558075007529086,
  0.17700386659366463,
  0.1790274821711926,
  0.18257482907229367,
  0.1872086886441352,
  0.19318668810177636,
  0.2000876680231158,
  0.20864763283268178,
  0.21774120197682492,
  0.229041346662107,
  0.22048446616877898,
  0.21425634638032573,
  0.20800523518605052,
  0.2041171680555766,
  0.20462785576173595,
  0.20843915787379186,
  0.21745818291458768,
  0.2267042396029026,
  0.24124125480820707,
  0.26198742906149936,
  0.26231669215802855,
  0.28513953270177794,
  0.2888054146704143,
  0.28333992517824186,
  0.2841984470354503,
  0.28392214021198026
 ],
 "betas": [
  0.5,
  0.5,
  0.5,
  0.5,
  0.5,
  0.5,
  0.5,
  0.5,
  0.5,
  0.5,
  0.5,
  0.5,
  0.5,
  0.5,
  0.5,
  0.5,
  0.5,
  0.5,
  0.5,
  0.5,
  0.5,
  0.5,
  0.5,
  0.5,
  0.5,
  0.5,
  0.5,
  0.5,
  0.5,
  0.5,
  0.5,
  0.5,
  0.5,
  0.5,
  0.5,
  0.5,
  0.5,
  0.5,
  0.5,
  0.5
 ],
 "gammas": [
  0.1253955293912685,
  0.12281041358940255,
  0.1198946823447692,
  0.11662164328403063,
  0.11296743784238121,
  0.10891292225967107,
  0.10444590059038934,
  0.09956363899035327,
  0.0942755159544577,
  0.0886055717196823,
  0.08324412154583605,
  0.07808515271186806,
  0.07267298136834206,
  0.06706870446229414,
  0.06134631218818745,
  0.056015737409651184,
  0.05091050756055225,
  0.04614216608243239,
  0.041429542768843516,
  0.036812195800995984,
  0.032372767709910474,
  0.02818132677789911,
  0.024342809859597025,
  0.02089756413091923,
  0.01837705288474533,
  0.015975079163516277,
  0.013736048072574279,
  0.011752202243674242,
  0.009982730826326955,
  0.008394676576906504,
  0.007002106743877862,
  0.00583192863683477,
  0.004937405852299198,
  0.004239937751025656,
  0.0036942462369841133,
  0.003182914710318825,
  0.0027133771459351406,
  0.0022842003985585405,
  0.0019199350828174,
  0.0016506798332661065
 ],
 "sigmas": [
  0.125,
  0.14538483725086093,
  0.1690940072196746,
  0.1966696377578263,
  0.22874226622085883,
  0.26604525717530136,
  0.309431571326357,
  0.35989326910048464,
  0.41858419484683407,
  0.4868463603487171,
  0.5662406309237779,
  0.6585824157734259,
  0.7659831786679869,
  0.8908987181403394,
  1.0361853211506706,
  1.2051650742177709,
  1.4017018254045788,
  1.630289534085435,
  1.8961550286783433,
  2.20537752197442,
  2.5650276168716646,
  2.983328980982803,
  3.4698463869276934,
  4.035704417991765,
  4.693841840018505,
  5.459307455938977,
  6.349604207872799,
  7.38508939495175,
  8.58944015814495,
  9.990194875743303,
  11.619382848914599,
  13.514256675559151,
  15.718144058740227,
  18.28143852692428,
  21.262751719588042,
  24.73025358606217,
  28.76323114225735,
  33.45390142740782,
  38.909520115440266,
  45.254833995939045
 ],
 "border_radii": [
  10,
  10,
  10,
  10,
  10,
  10,
  10,
  10,
  10,
  10,
  10,
  10,
  10,
  10,
  10,
  10,
  10,
  10,
  10,
  10,
  10,
  11,
  13,
  16,
  18,
  21,
  25,
  29,
  34,
  39,
  46,
  54,
  62,
  73,
  42,
  49,
  57,
  66,
  77,
  90
 ]
}