{
 "time": "181112_2258",
 "filename": "T-BN9118174.png",
 "alphas": [
  0.008905825431942172,
  0.008996830253594518,
  0.009127303151773493,
  0.009260596744371793,
  0.009434238590772992,
  0.009583619711186394,
  0.009709373314840812,
  0.00986733125822547,
  0.010052046627062421,
  0.010303556512150619,
  0.010597500499328255,
  0.010989088390304793,
  0.01143922624574929,
  0.012026733284636049,
  0.012730894453453124,
  0.01359354344177268,
  0.01466070000303076,
  0.015774808141204435,
  0.01707070888563366,
  0.01872334066811704,
  0.02078755337315702,
  0.023362782620696854,
  0.025336243242849166,
  0.027781344457417756,
  0.030991813770897644,
  0.03506302253661973,
  0.0401556462531878,
  0.046419897513196,
  0.05297491286210333,
  0.05958961322065209,
  0.06638656609941726,
  0.07339207353634022,
  0.08273135658873716,
  0.0964165008943918,
  0.11395751249382262,
  0.1376438359926311,
  0.16617173814387823,
  0.20017526981636008,
  0.21435090937236734,
  0.23020368732237195
 ],
 "betas": [
  0.5,
  0.5,
  0.5,
  0.5,
  0.5,
  0.5,
  0.5,
  0.5,
  0.5,
  0.5,
  0.5,
  0.5,
  0.5,
  0.5,
  0.5,
  0.5,
  0.5,
  0.5,
  0.5,
  0.5,
  0.5,
  0.5,
  0.5,
  0.5,
  0.5,
  0.5,
  0.5,
  0.5,
  0.5,
  0.5,
  0.5,
  0.5,
  0.5,
  0.5,
  0.5,
  0.5,
  0.5,
  0.5,
  0.5,
  0.5
 ],
 "gammas": [
  0.16434731524794707,
  0.1609608269948344,
  0.15713507872437393,
  0.15283286952325817,
  0.14802031774457755,
  0.1426693938757427,
  0.1367610009282296,
  0.13028853966292472,
  0.12326179404895908,
  0.11571083760759956,
  0.1088155498356453,
  0.10164346592276095,
  0.09410483685938531,
  0.08628703794102881,
  0.07829881777368196,
  0.07026664837308812,
  0.06232846560974078,
  0.05462510188395726,
  0.04729030902371057,
  0.04044080035277457,
  0.03416796591105085,
  0.02853265360519148,
  0.023917328566027442,
  0.020712828483169656,
  0.017719105679479697,
  0.014991257636660016,
  0.012560343957523838,
  0.010582972599416443,
  0.008912599345188206,
  0.0075064685843648496,
  0.006320121368895064,
  0.005439430399277284,
  0.004677519837398006,
  0.003971675722843577,
  0.0033308625094688052,
  0.0027604371849627007,
  0.0023422224244439354,
  0.001981841670022034,
  0.001697597874607241,
  0.0014900545090767697
 ],
 "sigmas": [
  0.125,
  0.14538483725086093,
  0.1690940072196746,
  0.1966696377578263,
  0.22874226622085883,
  0.26604525717530136,
  0.309431571326357,
  0.35989326910048464,
  0.41858419484683407,
  0.4868463603487171,
  0.5662406309237779,
  0.6585824157734259,
  0.7659831786679869,
  0.8908987181403394,
  1.0361853211506706,
  1.2051650742177709,
  1.4017018254045788,
  1.630289534085435,
  1.8961550286783433,
  2.20537752197442,
  2.5650276168716646,
  2.983328980982803,
  3.4698463869276934,
  4.035704417991765,
  4.693841840018505,
  5.459307455938977,
  6.349604207872799,
  7.38508939495175,
  8.58944015814495,
  9.990194875743303,
  11.619382848914599,
  13.514256675559151,
  15.718144058740227,
  18.28143852692428,
  21.262751719588042,
  24.73025358606217,
  28.76323114225735,
  33.45390142740782,
  38.909520115440266,
  45.254833995939045
 ],
 "border_radii": [
  10,
  10,
  10,
  10,
  10,
  10,
  10,
  10,
  10,
  10,
  10,
  10,
  10,
  10,
  10,
  10,
  10,
  10,
  10,
  10,
  10,
  11,
  13,
  16,
  18,
  21,
  25,
  29,
  34,
  39,
  46,
  54,
  62,
  73,
  42,
  49,
  57,
  66,
  77,
  90
 ]
}