{
 "time": "181112_2008",
 "filename": "T-BN2341348.png",
 "alphas": [
  0.05576092842359918,
  0.05636453669336021,
  0.05701582906269228,
  0.05785939926033562,
  0.05887763170074373,
  0.059909395300264595,
  0.06149042300124151,
  0.06321399316426872,
  0.06536244802269395,
  0.06801513288657009,
  0.07109715102386041,
  0.07450572437424072,
  0.07851659154906722,
  0.08343091432720073,
  0.089076637988445,
  0.09593020124513466,
  0.10393415852986367,
  0.11399040729586718,
  0.12556335881542496,
  0.13887158915911096,
  0.15153011581024228,
  0.1599783052645785,
  0.16964249795514258,
  0.18033975678342273,
  0.1923314176195017,
  0.20509719679500665,
  0.21112658226399006,
  0.2208029548147683,
  0.22212265745850696,
  0.22418875246472883,
  0.22918065470526955,
  0.2235134372520788,
  0.21307559392041736,
  0.20581746045648697,
  0.18277074112229047,
  0.17941727866506244,
  0.1778509646839577,
  0.17741817419096118,
  0.18116437862960885,
  0.18947605568308373
 ],
 "betas": [
  0.5,
  0.5,
  0.5,
  0.5,
  0.5,
  0.5,
  0.5,
  0.5,
  0.5,
  0.5,
  0.5,
  0.5,
  0.5,
  0.5,
  0.5,
  0.5,
  0.5,
  0.5,
  0.5,
  0.5,
  0.5,
  0.5,
  0.5,
  0.5,
  0.5,
  0.5,
  0.5,
  0.5,
  0.5,
  0.5,
  0.5,
  0.5,
  0.5,
  0.5,
  0.5,
  0.5,
  0.5,
  0.5,
  0.5,
  0.5
 ],
 "gammas": [
  0.09594594841868623,
  0.09387063499460843,
  0.0915308202368204,
  0.08890549890365639,
  0.08597608296023275,
  0.08272795004738916,
  0.07915228177508463,
  0.07524813491278563,
  0.07102462759964866,
  0.06650304746407279,
  0.06171860723257111,
  0.057300607447925776,
  0.05388417544477745,
  0.05028378324212272,
  0.04654157467397783,
  0.042709713860545694,
  0.03884796950608606,
  0.035020003241830786,
  0.03128874731075764,
  0.027711563512024483,
  0.02433603766383877,
  0.0211971764046996,
  0.018316425760022584,
  0.015720265421499426,
  0.014046098543766039,
  0.012349143704537087,
  0.01068886787218382,
  0.009338138604092256,
  0.008233887939775527,
  0.007351673428806008,
  0.006189626065148372,
  0.005279187613822106,
  0.004452766230324603,
  0.0037137038848621966,
  0.003067942002876991,
  0.002501481236263581,
  0.0020178499501784498,
  0.0017161259597135198,
  0.0014745995180325056,
  0.0012744963026686562
 ],
 "sigmas": [
  0.125,
  0.14538483725086093,
  0.1690940072196746,
  0.1966696377578263,
  0.22874226622085883,
  0.26604525717530136,
  0.309431571326357,
  0.35989326910048464,
  0.41858419484683407,
  0.4868463603487171,
  0.5662406309237779,
  0.6585824157734259,
  0.7659831786679869,
  0.8908987181403394,
  1.0361853211506706,
  1.2051650742177709,
  1.4017018254045788,
  1.630289534085435,
  1.8961550286783433,
  2.20537752197442,
  2.5650276168716646,
  2.983328980982803,
  3.4698463869276934,
  4.035704417991765,
  4.693841840018505,
  5.459307455938977,
  6.349604207872799,
  7.38508939495175,
  8.58944015814495,
  9.990194875743303,
  11.619382848914599,
  13.514256675559151,
  15.718144058740227,
  18.28143852692428,
  21.262751719588042,
  24.73025358606217,
  28.76323114225735,
  33.45390142740782,
  38.909520115440266,
  45.254833995939045
 ],
 "border_radii": [
  10,
  10,
  10,
  10,
  10,
  10,
  10,
  10,
  10,
  10,
  10,
  10,
  10,
  10,
  10,
  10,
  10,
  10,
  10,
  10,
  10,
  11,
  13,
  16,
  18,
  21,
  25,
  29,
  34,
  39,
  46,
  54,
  62,
  73,
  42,
  49,
  57,
  66,
  77,
  90
 ]
}