{
 "time": "181112_2130",
 "filename": "T-BN6028328.png",
 "alphas": [
  0.02049390854455722,
  0.020741169175430417,
  0.020992909167792364,
  0.021315429869560653,
  0.02171478574277602,
  0.022194275058753366,
  0.02278260804298486,
  0.02351009110012558,
  0.024430094980393887,
  0.02545172001044054,
  0.026791913895762753,
  0.028401902952284792,
  0.03040125094537293,
  0.03295926778225857,
  0.0361519355712231,
  0.040049206255914405,
  0.045241201243580484,
  0.05179977567357755,
  0.05989190450233344,
  0.07007062572328783,
  0.08284365851051684,
  0.09222905561767142,
  0.1014209931673499,
  0.11052646291985013,
  0.11745272799459686,
  0.1271686411364138,
  0.14153490931210733,
  0.1607904508573143,
  0.182634932253261,
  0.20476870896288735,
  0.22577863454387662,
  0.23935191509990414,
  0.2584398190798809,
  0.27340959968226963,
  0.2450071658290794,
  0.25042130860673284,
  0.24478537593065788,
  0.23751100481724355,
  0.23317578429348237,
  0.23555863467348914
 ],
 "betas": [
  0.5,
  0.5,
  0.5,
  0.5,
  0.5,
  0.5,
  0.5,
  0.5,
  0.5,
  0.5,
  0.5,
  0.5,
  0.5,
  0.5,
  0.5,
  0.5,
  0.5,
  0.5,
  0.5,
  0.5,
  0.5,
  0.5,
  0.5,
  0.5,
  0.5,
  0.5,
  0.5,
  0.5,
  0.5,
  0.5,
  0.5,
  0.5,
  0.5,
  0.5,
  0.5,
  0.5,
  0.5,
  0.5,
  0.5,
  0.5
 ],
 "gammas": [
  0.1147187020303727,
  0.11227919968709162,
  0.10953640807001383,
  0.1064684074650255,
  0.10305660945334837,
  0.099287493470581,
  0.09515457746315555,
  0.09066051842532834,
  0.08581917187705829,
  0.08065736900358084,
  0.07521611134987662,
  0.0695508574857087,
  0.0640644212297192,
  0.058519282350372175,
  0.05292089780248909,
  0.04735274492291639,
  0.041900533735426744,
  0.03680845217337622,
  0.03316814283130664,
  0.02961338633243091,
  0.026674479352839262,
  0.02406075126611748,
  0.021418461595899108,
  0.01880607303234629,
  0.016275126823634,
  0.013952639015588374,
  0.012597347121480654,
  0.011253021319124307,
  0.009944474517951442,
  0.008691417540299307,
  0.007509377770117407,
  0.006411602345664299,
  0.0054123076308304685,
  0.0046443930955787915,
  0.004048777080639423,
  0.0035825002640608363,
  0.0031462615490131366,
  0.0027324683137641887,
  0.0023362137590041,
  0.0019613701518680915
 ],
 "sigmas": [
  0.125,
  0.14538483725086093,
  0.1690940072196746,
  0.1966696377578263,
  0.22874226622085883,
  0.26604525717530136,
  0.309431571326357,
  0.35989326910048464,
  0.41858419484683407,
  0.4868463603487171,
  0.5662406309237779,
  0.6585824157734259,
  0.7659831786679869,
  0.8908987181403394,
  1.0361853211506706,
  1.2051650742177709,
  1.4017018254045788,
  1.630289534085435,
  1.8961550286783433,
  2.20537752197442,
  2.5650276168716646,
  2.983328980982803,
  3.4698463869276934,
  4.035704417991765,
  4.693841840018505,
  5.459307455938977,
  6.349604207872799,
  7.38508939495175,
  8.58944015814495,
  9.990194875743303,
  11.619382848914599,
  13.514256675559151,
  15.718144058740227,
  18.28143852692428,
  21.262751719588042,
  24.73025358606217,
  28.76323114225735,
  33.45390142740782,
  38.909520115440266,
  45.254833995939045
 ],
 "border_radii": [
  10,
  10,
  10,
  10,
  10,
  10,
  10,
  10,
  10,
  10,
  10,
  10,
  10,
  10,
  10,
  10,
  10,
  10,
  10,
  10,
  10,
  11,
  13,
  16,
  18,
  21,
  25,
  29,
  34,
  39,
  46,
  54,
  62,
  73,
  42,
  49,
  57,
  66,
  77,
  90
 ]
}