{
 "time": "181112_2309",
 "filename": "T-BN9413603.png",
 "alphas": [
  0.04709804933307918,
  0.04763041802505832,
  0.048259401483805,
  0.04898374584817055,
  0.049816569753613135,
  0.05077864923127466,
  0.051971552764390735,
  0.05341258066705104,
  0.055228756680660136,
  0.05722281617386245,
  0.05962131402654504,
  0.06268420135987837,
  0.06616101235396636,
  0.06874427157489704,
  0.07193997240873341,
  0.07581181796152092,
  0.0808271001944004,
  0.08727059073613688,
  0.08950858939027244,
  0.08628144654951325,
  0.0848377142708361,
  0.08448366612589638,
  0.0858517746684529,
  0.08912105333053476,
  0.09413956311145301,
  0.10068804702086996,
  0.11007776520823252,
  0.11930790372958498,
  0.1238722717724554,
  0.1293962235100936,
  0.13675326750919603,
  0.14418448714145968,
  0.15306222824023807,
  0.16207834410898622,
  0.1516010238758981,
  0.14223213381771518,
  0.13971424808449304,
  0.1413253813609395,
  0.14828970117268936,
  0.1831815585031336
 ],
 "betas": [
  0.5,
  0.5,
  0.5,
  0.5,
  0.5,
  0.5,
  0.5,
  0.5,
  0.5,
  0.5,
  0.5,
  0.5,
  0.5,
  0.5,
  0.5,
  0.5,
  0.5,
  0.5,
  0.5,
  0.5,
  0.5,
  0.5,
  0.5,
  0.5,
  0.5,
  0.5,
  0.5,
  0.5,
  0.5,
  0.5,
  0.5,
  0.5,
  0.5,
  0.5,
  0.5,
  0.5,
  0.5,
  0.5,
  0.5,
  0.5
 ],
 "gammas": [
  0.09474886283454094,
  0.09240535588092387,
  0.08977369045060377,
  0.08683457140037236,
  0.08357263155943147,
  0.07997833920099452,
  0.07643763410204593,
  0.07303629042923986,
  0.06934854200232121,
  0.06539010362109925,
  0.061188313866240775,
  0.056783081972334414,
  0.05307435627683457,
  0.05040372557507741,
  0.04750526337858002,
  0.044393438623109516,
  0.04109458076956441,
  0.03764823564093568,
  0.034648443367413656,
  0.03803346474604579,
  0.04979937019478281,
  0.08387029768581375,
  0.1375571980008314,
  0.21165941343723432,
  0.3067361613784171,
  0.4198151188216692,
  0.5441036311320586,
  0.6697989545723284,
  0.7858316884674494,
  0.8819804296924204,
  0.5083598781364751,
  0.29075448668679726,
  0.17189603486486912,
  0.0690462362031905,
  0.02845985914280157,
  0.012366063033081994,
  0.003716792791318635,
  0.0027188786759242286,
  0.002283959469362263,
  0.0019337890272857565
 ],
 "sigmas": [
  0.125,
  0.14538483725086093,
  0.1690940072196746,
  0.1966696377578263,
  0.22874226622085883,
  0.26604525717530136,
  0.309431571326357,
  0.35989326910048464,
  0.41858419484683407,
  0.4868463603487171,
  0.5662406309237779,
  0.6585824157734259,
  0.7659831786679869,
  0.8908987181403394,
  1.0361853211506706,
  1.2051650742177709,
  1.4017018254045788,
  1.630289534085435,
  1.8961550286783433,
  2.20537752197442,
  2.5650276168716646,
  2.983328980982803,
  3.4698463869276934,
  4.035704417991765,
  4.693841840018505,
  5.459307455938977,
  6.349604207872799,
  7.38508939495175,
  8.58944015814495,
  9.990194875743303,
  11.619382848914599,
  13.514256675559151,
  15.718144058740227,
  18.28143852692428,
  21.262751719588042,
  24.73025358606217,
  28.76323114225735,
  33.45390142740782,
  38.909520115440266,
  45.254833995939045
 ],
 "border_radii": [
  10,
  10,
  10,
  10,
  10,
  10,
  10,
  10,
  10,
  10,
  10,
  10,
  10,
  10,
  10,
  10,
  10,
  10,
  10,
  10,
  10,
  11,
  13,
  16,
  18,
  21,
  25,
  29,
  34,
  39,
  46,
  54,
  62,
  73,
  42,
  49,
  57,
  66,
  77,
  90
 ]
}