{
 "time": "181112_2223",
 "filename": "T-BN7871142.png",
 "alphas": [
  0.026275905652554662,
  0.026713860977502148,
  0.027231207922400563,
  0.0278348249383281,
  0.02856704874747867,
  0.029436150685686856,
  0.03049883540568394,
  0.03172044436166144,
  0.03310303790523738,
  0.03456535142704621,
  0.0363710117654943,
  0.03855075003298011,
  0.04121735565046099,
  0.04468664329906103,
  0.04871133536424654,
  0.05345740884352275,
  0.059410548421259965,
  0.06678219809040195,
  0.06900714290910923,
  0.07137129906063858,
  0.07496358539319546,
  0.08014675133704117,
  0.087079385074562,
  0.09286746783824357,
  0.09937134956629494,
  0.10756334226046795,
  0.11494590005212528,
  0.12159691012072751,
  0.12606764375585774,
  0.12910162118083915,
  0.13082025355435062,
  0.13135137085177534,
  0.13118452432656308,
  0.132533512063834,
  0.12564132137422235,
  0.12415530124624218,
  0.1289970950897233,
  0.21423357166340973,
  0.3028634642054035,
  0.3215350003537603
 ],
 "betas": [
  0.5,
  0.5,
  0.5,
  0.5,
  0.5,
  0.5,
  0.5,
  0.5,
  0.5,
  0.5,
  0.5,
  0.5,
  0.5,
  0.5,
  0.5,
  0.5,
  0.5,
  0.5,
  0.5,
  0.5,
  0.5,
  0.5,
  0.5,
  0.5,
  0.5,
  0.5,
  0.5,
  0.5,
  0.5,
  0.5,
  0.5,
  0.5,
  0.5,
  0.5,
  0.5,
  0.5,
  0.5,
  0.5,
  0.5,
  0.5
 ],
 "gammas": [
  0.1340085570808079,
  0.1306101972095659,
  0.12679326341488717,
  0.12252940329230141,
  0.1177958216721037,
  0.11257801203979498,
  0.10687288127998334,
  0.10069211056988216,
  0.09406547989633542,
  0.08704375248859293,
  0.07970059074303225,
  0.0721328943009031,
  0.06445896421688924,
  0.056814057833620396,
  0.04934324202932769,
  0.04219196491768078,
  0.03549535912290099,
  0.029367793468849154,
  0.025409130896773907,
  0.02282287097533394,
  0.020346633696207962,
  0.01800866039484755,
  0.01582907258243431,
  0.013819332100785032,
  0.011982884711915028,
  0.010316641276537754,
  0.008812908145670893,
  0.007461514686430049,
  0.006541029708873599,
  0.00570188432473358,
  0.005004615908832658,
  0.004385678820911727,
  0.0038787990017809634,
  0.0034697720793501704,
  0.003098043389396026,
  0.002735933148007205,
  0.0023905669649520933,
  0.0020701283318562596,
  0.0017810007603532734,
  0.0015185005764098605
 ],
 "sigmas": [
  0.125,
  0.14538483725086093,
  0.1690940072196746,
  0.1966696377578263,
  0.22874226622085883,
  0.26604525717530136,
  0.309431571326357,
  0.35989326910048464,
  0.41858419484683407,
  0.4868463603487171,
  0.5662406309237779,
  0.6585824157734259,
  0.7659831786679869,
  0.8908987181403394,
  1.0361853211506706,
  1.2051650742177709,
  1.4017018254045788,
  1.630289534085435,
  1.8961550286783433,
  2.20537752197442,
  2.5650276168716646,
  2.983328980982803,
  3.4698463869276934,
  4.035704417991765,
  4.693841840018505,
  5.459307455938977,
  6.349604207872799,
  7.38508939495175,
  8.58944015814495,
  9.990194875743303,
  11.619382848914599,
  13.514256675559151,
  15.718144058740227,
  18.28143852692428,
  21.262751719588042,
  24.73025358606217,
  28.76323114225735,
  33.45390142740782,
  38.909520115440266,
  45.254833995939045
 ],
 "border_radii": [
  10,
  10,
  10,
  10,
  10,
  10,
  10,
  10,
  10,
  10,
  10,
  10,
  10,
  10,
  10,
  10,
  10,
  10,
  10,
  10,
  10,
  11,
  13,
  16,
  18,
  21,
  25,
  29,
  34,
  39,
  46,
  54,
  62,
  73,
  42,
  49,
  57,
  66,
  77,
  90
 ]
}