{
 "time": "181112_2121",
 "filename": "T-BN5602970.png",
 "alphas": [
  0.028122372235927992,
  0.028284407208065694,
  0.028487278556443157,
  0.028764866301068122,
  0.029109508661360736,
  0.029484306324069884,
  0.02994664757352984,
  0.030542388493465838,
  0.031308681379504044,
  0.03227620900528054,
  0.03345197024464811,
  0.03496854762972031,
  0.03682521642716423,
  0.039147746362144346,
  0.0419943108604075,
  0.04565011532646783,
  0.050408131794422474,
  0.05633163861538654,
  0.06405444030147597,
  0.07329677686356736,
  0.08481020301805098,
  0.09834440280980614,
  0.11399381626507248,
  0.13223040131895714,
  0.13942328701129397,
  0.14780714592082217,
  0.15967236764457995,
  0.1751275148452586,
  0.1939071078802826,
  0.21520394883279936,
  0.23980223010960858,
  0.26828289645691866,
  0.3056635333871453,
  0.3557307210475746,
  0.36295931267232673,
  0.33065724355632437,
  0.30509581130542685,
  0.2945886451236835,
  0.29007173468527675,
  0.296251327369156
 ],
 "betas": [
  0.5,
  0.5,
  0.5,
  0.5,
  0.5,
  0.5,
  0.5,
  0.5,
  0.5,
  0.5,
  0.5,
  0.5,
  0.5,
  0.5,
  0.5,
  0.5,
  0.5,
  0.5,
  0.5,
  0.5,
  0.5,
  0.5,
  0.5,
  0.5,
  0.5,
  0.5,
  0.5,
  0.5,
  0.5,
  0.5,
  0.5,
  0.5,
  0.5,
  0.5,
  0.5,
  0.5,
  0.5,
  0.5,
  0.5,
  0.5
 ],
 "gammas": [
  0.11816071009322782,
  0.1146756817578147,
  0.11079082991325093,
  0.10648825268939717,
  0.10175807964155643,
  0.09660120689371202,
  0.09133916719485928,
  0.0873254518975162,
  0.08296344224133245,
  0.07827086525713858,
  0.0732802565810567,
  0.0680404763558707,
  0.0626170410811226,
  0.05709077296040735,
  0.051554398044608846,
  0.04610702824408168,
  0.04104675107572191,
  0.03732999274052822,
  0.03360868072611676,
  0.029959546307439116,
  0.0264512652209162,
  0.023140178128753703,
  0.02006835697342568,
  0.017263651363673808,
  0.01474091074805088,
  0.01250363173453117,
  0.010568515963413896,
  0.008968784681317664,
  0.007608973046183833,
  0.006481922104996915,
  0.005783566601404177,
  0.005076530504993494,
  0.00438526988047044,
  0.00372959245597394,
  0.00312401276443936,
  0.0025779348657937427,
  0.0020962726015284175,
  0.0017975049562210248,
  0.00154206428890887,
  0.001303199496233319
 ],
 "sigmas": [
  0.125,
  0.14538483725086093,
  0.1690940072196746,
  0.1966696377578263,
  0.22874226622085883,
  0.26604525717530136,
  0.309431571326357,
  0.35989326910048464,
  0.41858419484683407,
  0.4868463603487171,
  0.5662406309237779,
  0.6585824157734259,
  0.7659831786679869,
  0.8908987181403394,
  1.0361853211506706,
  1.2051650742177709,
  1.4017018254045788,
  1.630289534085435,
  1.8961550286783433,
  2.20537752197442,
  2.5650276168716646,
  2.983328980982803,
  3.4698463869276934,
  4.035704417991765,
  4.693841840018505,
  5.459307455938977,
  6.349604207872799,
  7.38508939495175,
  8.58944015814495,
  9.990194875743303,
  11.619382848914599,
  13.514256675559151,
  15.718144058740227,
  18.28143852692428,
  21.262751719588042,
  24.73025358606217,
  28.76323114225735,
  33.45390142740782,
  38.909520115440266,
  45.254833995939045
 ],
 "border_radii": [
  10,
  10,
  10,
  10,
  10,
  10,
  10,
  10,
  10,
  10,
  10,
  10,
  10,
  10,
  10,
  10,
  10,
  10,
  10,
  10,
  10,
  11,
  13,
  16,
  18,
  21,
  25,
  29,
  34,
  39,
  46,
  54,
  62,
  73,
  42,
  49,
  57,
  66,
  77,
  90
 ]
}