{
 "time": "181112_2156",
 "filename": "T-BN7408610.png",
 "alphas": [
  0.06895330673498119,
  0.07024255341895753,
  0.07187918684291054,
  0.07379850684204838,
  0.07602186277650143,
  0.07849710635333941,
  0.08171164699428396,
  0.0848529503803771,
  0.0870719822750311,
  0.08980947218607745,
  0.09306022651734755,
  0.096796215991464,
  0.10148819913237989,
  0.10488106331090834,
  0.10598680882140103,
  0.10767291759601386,
  0.11022301153957315,
  0.11375159378371758,
  0.11876267263666984,
  0.12536148965978805,
  0.13358837826287742,
  0.14396174189933483,
  0.15786616684105456,
  0.17456099005826098,
  0.19403697714841858,
  0.2177717413132979,
  0.24613387488761934,
  0.2773804395475597,
  0.31080082868776604,
  0.32329838628861474,
  0.3237880973250256,
  0.33204665130689265,
  0.3475330241390424,
  0.3662970913705768,
  0.33511596900862617,
  0.33084678676430473,
  0.28925495839984255,
  0.2459901636154287,
  0.2135002894275287,
  0.18618573432762958
 ],
 "betas": [
  0.5,
  0.5,
  0.5,
  0.5,
  0.5,
  0.5,
  0.5,
  0.5,
  0.5,
  0.5,
  0.5,
  0.5,
  0.5,
  0.5,
  0.5,
  0.5,
  0.5,
  0.5,
  0.5,
  0.5,
  0.5,
  0.5,
  0.5,
  0.5,
  0.5,
  0.5,
  0.5,
  0.5,
  0.5,
  0.5,
  0.5,
  0.5,
  0.5,
  0.5,
  0.5,
  0.5,
  0.5,
  0.5,
  0.5,
  0.5
 ],
 "gammas": [
  0.1680004052035943,
  0.1642178450631517,
  0.15997305354402855,
  0.1552355227470315,
  0.14998090649063225,
  0.14419386982577442,
  0.13787126331256497,
  0.1310254166821015,
  0.12368722692468381,
  0.11590859324383694,
  0.107763656544978,
  0.09934827904488669,
  0.0907773016592468,
  0.08217938292007576,
  0.07368965287104177,
  0.06544093799074396,
  0.05755477749827022,
  0.0501336615707746,
  0.043255729175360254,
  0.03697257631806738,
  0.03131005625873012,
  0.027892196354355057,
  0.02472684671763403,
  0.02161685934700436,
  0.018645289160223878,
  0.015945679340885154,
  0.013444031926722657,
  0.011186640244327481,
  0.009198669445796313,
  0.007554209650738607,
  0.006219186520176665,
  0.005087501298446183,
  0.00466893705344952,
  0.004365164307968044,
  0.004015263014387458,
  0.0036211083387391375,
  0.0032219623509408294,
  0.0028341380323181962,
  0.002467321936973908,
  0.0021511156765645434
 ],
 "sigmas": [
  0.125,
  0.14538483725086093,
  0.1690940072196746,
  0.1966696377578263,
  0.22874226622085883,
  0.26604525717530136,
  0.309431571326357,
  0.35989326910048464,
  0.41858419484683407,
  0.4868463603487171,
  0.5662406309237779,
  0.6585824157734259,
  0.7659831786679869,
  0.8908987181403394,
  1.0361853211506706,
  1.2051650742177709,
  1.4017018254045788,
  1.630289534085435,
  1.8961550286783433,
  2.20537752197442,
  2.5650276168716646,
  2.983328980982803,
  3.4698463869276934,
  4.035704417991765,
  4.693841840018505,
  5.459307455938977,
  6.349604207872799,
  7.38508939495175,
  8.58944015814495,
  9.990194875743303,
  11.619382848914599,
  13.514256675559151,
  15.718144058740227,
  18.28143852692428,
  21.262751719588042,
  24.73025358606217,
  28.76323114225735,
  33.45390142740782,
  38.909520115440266,
  45.254833995939045
 ],
 "border_radii": [
  10,
  10,
  10,
  10,
  10,
  10,
  10,
  10,
  10,
  10,
  10,
  10,
  10,
  10,
  10,
  10,
  10,
  10,
  10,
  10,
  10,
  11,
  13,
  16,
  18,
  21,
  25,
  29,
  34,
  39,
  46,
  54,
  62,
  73,
  42,
  49,
  57,
  66,
  77,
  90
 ]
}