{
 "time": "181112_2035",
 "filename": "T-BN3182394.png",
 "alphas": [
  0.03999525513718181,
  0.040988936328520964,
  0.04223968193309978,
  0.043688399221899044,
  0.045327357792028136,
  0.047440072687917646,
  0.04982641180720592,
  0.05288392588968299,
  0.05656247890517039,
  0.06129656878582457,
  0.0668127156264655,
  0.07347754866829333,
  0.0818114150656381,
  0.09192856471019895,
  0.10444238182808004,
  0.11938177066200603,
  0.1329839654454329,
  0.14015387999117365,
  0.1492701446762552,
  0.16161726592740863,
  0.1673298122451893,
  0.17399740766547023,
  0.18322380489051338,
  0.19096172331194033,
  0.19109999841306136,
  0.19461267806885138,
  0.20253893934610334,
  0.21693802556611755,
  0.23096170553585244,
  0.22301947256359472,
  0.22348796746601124,
  0.2307363243906581,
  0.2441203239066292,
  0.2629817285704942,
  0.249506482713867,
  0.24987954344018293,
  0.25051162284033274,
  0.25153883136392563,
  0.24408956924197087,
  0.23078799763952365
 ],
 "betas": [
  0.5,
  0.5,
  0.5,
  0.5,
  0.5,
  0.5,
  0.5,
  0.5,
  0.5,
  0.5,
  0.5,
  0.5,
  0.5,
  0.5,
  0.5,
  0.5,
  0.5,
  0.5,
  0.5,
  0.5,
  0.5,
  0.5,
  0.5,
  0.5,
  0.5,
  0.5,
  0.5,
  0.5,
  0.5,
  0.5,
  0.5,
  0.5,
  0.5,
  0.5,
  0.5,
  0.5,
  0.5,
  0.5,
  0.5,
  0.5
 ],
 "gammas": [
  0.11912442756704605,
  0.11618162439779597,
  0.11288035097756054,
  0.10919747113892546,
  0.10511488591728725,
  0.10062183796590032,
  0.09571749516835132,
  0.09041365825804118,
  0.08473734226302908,
  0.07939639495553075,
  0.07377959942106678,
  0.06809474733414024,
  0.06233969453216549,
  0.05674270653194449,
  0.05107418539988725,
  0.04543605407838866,
  0.03993595014881943,
  0.035006285336487204,
  0.03073411878001802,
  0.026548139383267066,
  0.022546998349228475,
  0.018843162362537382,
  0.017287268630742696,
  0.015630687186116606,
  0.013926682640427486,
  0.012228760766767257,
  0.010584990254303159,
  0.009139056559198501,
  0.007774104790951402,
  0.006512858260432443,
  0.005773380527380692,
  0.005068039654300152,
  0.00437777564923166,
  0.003720960446705629,
  0.003112464952393985,
  0.002563266780658278,
  0.002080089557973977,
  0.00166549797653817,
  0.0014069406388360487,
  0.001178987881141913
 ],
 "sigmas": [
  0.125,
  0.14538483725086093,
  0.1690940072196746,
  0.1966696377578263,
  0.22874226622085883,
  0.26604525717530136,
  0.309431571326357,
  0.35989326910048464,
  0.41858419484683407,
  0.4868463603487171,
  0.5662406309237779,
  0.6585824157734259,
  0.7659831786679869,
  0.8908987181403394,
  1.0361853211506706,
  1.2051650742177709,
  1.4017018254045788,
  1.630289534085435,
  1.8961550286783433,
  2.20537752197442,
  2.5650276168716646,
  2.983328980982803,
  3.4698463869276934,
  4.035704417991765,
  4.693841840018505,
  5.459307455938977,
  6.349604207872799,
  7.38508939495175,
  8.58944015814495,
  9.990194875743303,
  11.619382848914599,
  13.514256675559151,
  15.718144058740227,
  18.28143852692428,
  21.262751719588042,
  24.73025358606217,
  28.76323114225735,
  33.45390142740782,
  38.909520115440266,
  45.254833995939045
 ],
 "border_radii": [
  10,
  10,
  10,
  10,
  10,
  10,
  10,
  10,
  10,
  10,
  10,
  10,
  10,
  10,
  10,
  10,
  10,
  10,
  10,
  10,
  10,
  11,
  13,
  16,
  18,
  21,
  25,
  29,
  34,
  39,
  46,
  54,
  62,
  73,
  42,
  49,
  57,
  66,
  77,
  90
 ]
}