{
 "time": "181112_1907",
 "filename": "T-BN0061827.png",
 "alphas": [
  0.05914979755565722,
  0.059999001083977405,
  0.060952648192933154,
  0.062041506904479495,
  0.06307925145706236,
  0.06410915383914224,
  0.06535653640683192,
  0.06675859030035511,
  0.06820568556677056,
  0.06996168530628576,
  0.07215589402641481,
  0.07476720527724856,
  0.07786764256396675,
  0.08182409349626223,
  0.08629105302351298,
  0.0916387367305596,
  0.09803003357322732,
  0.10534471687679986,
  0.11415619498822194,
  0.1251795332304679,
  0.1330425935167172,
  0.13642873593529356,
  0.14211041748626452,
  0.15019805590529975,
  0.16099413319705577,
  0.17468859402001385,
  0.1908105835137083,
  0.18640365521654667,
  0.1851675347984751,
  0.18120260852522457,
  0.1807197654879715,
  0.18307809407028125,
  0.1838177826497102,
  0.1861270670313272,
  0.16929470314953762,
  0.17281802874604604,
  0.17942705622494662,
  0.18538986703769322,
  0.19461173198687426,
  0.20719111010747088
 ],
 "betas": [
  0.5,
  0.5,
  0.5,
  0.5,
  0.5,
  0.5,
  0.5,
  0.5,
  0.5,
  0.5,
  0.5,
  0.5,
  0.5,
  0.5,
  0.5,
  0.5,
  0.5,
  0.5,
  0.5,
  0.5,
  0.5,
  0.5,
  0.5,
  0.5,
  0.5,
  0.5,
  0.5,
  0.5,
  0.5,
  0.5,
  0.5,
  0.5,
  0.5,
  0.5,
  0.5,
  0.5,
  0.5,
  0.5,
  0.5,
  0.5
 ],
 "gammas": [
  0.16659179103411817,
  0.16168835685248234,
  0.15621947453460924,
  0.1501590899740961,
  0.14349241326977702,
  0.13621986524490964,
  0.1283612132737174,
  0.1199595030680038,
  0.11108422841628564,
  0.10183303907992819,
  0.0923312227225114,
  0.08272827836958825,
  0.07319119035234832,
  0.06389453878109307,
  0.0550082911588849,
  0.046684846227640804,
  0.03904738876353291,
  0.03218160144312015,
  0.026132147798827447,
  0.022418881174310814,
  0.019208054822437235,
  0.01632297144282895,
  0.013768053013650241,
  0.011533577280267732,
  0.010030602069596469,
  0.009096090852014262,
  0.008167771644275776,
  0.007244856890872416,
  0.006350206532477646,
  0.005501938876930438,
  0.004713514538188586,
  0.004072053505463526,
  0.0035693020779152674,
  0.003096659113543394,
  0.0027102980623607007,
  0.002412439936907313,
  0.002114999045518257,
  0.0018248979858736262,
  0.0015557642271965674,
  0.0013173082943551478
 ],
 "sigmas": [
  0.125,
  0.14538483725086093,
  0.1690940072196746,
  0.1966696377578263,
  0.22874226622085883,
  0.26604525717530136,
  0.309431571326357,
  0.35989326910048464,
  0.41858419484683407,
  0.4868463603487171,
  0.5662406309237779,
  0.6585824157734259,
  0.7659831786679869,
  0.8908987181403394,
  1.0361853211506706,
  1.2051650742177709,
  1.4017018254045788,
  1.630289534085435,
  1.8961550286783433,
  2.20537752197442,
  2.5650276168716646,
  2.983328980982803,
  3.4698463869276934,
  4.035704417991765,
  4.693841840018505,
  5.459307455938977,
  6.349604207872799,
  7.38508939495175,
  8.58944015814495,
  9.990194875743303,
  11.619382848914599,
  13.514256675559151,
  15.718144058740227,
  18.28143852692428,
  21.262751719588042,
  24.73025358606217,
  28.76323114225735,
  33.45390142740782,
  38.909520115440266,
  45.254833995939045
 ],
 "border_radii": [
  10,
  10,
  10,
  10,
  10,
  10,
  10,
  10,
  10,
  10,
  10,
  10,
  10,
  10,
  10,
  10,
  10,
  10,
  10,
  10,
  10,
  11,
  13,
  16,
  18,
  21,
  25,
  29,
  34,
  39,
  46,
  54,
  62,
  73,
  42,
  49,
  57,
  66,
  77,
  90
 ]
}