{
 "time": "181112_2102",
 "filename": "T-BN4442496.png",
 "alphas": [
  0.07565050790709218,
  0.07708808749577167,
  0.0786741500736741,
  0.08049663173130388,
  0.08264573107366141,
  0.08532058772071896,
  0.08838889493214386,
  0.09206348593114572,
  0.09646173363041502,
  0.10064109200097673,
  0.1036844200877156,
  0.10741644435769153,
  0.11205091172292952,
  0.11751001939754585,
  0.12315251890118463,
  0.12846592669774753,
  0.13495627874422633,
  0.1438695581330302,
  0.15070432714715995,
  0.15993304056287488,
  0.172635672911567,
  0.18349853906992356,
  0.19800389993611228,
  0.21592527531352154,
  0.2309987401754636,
  0.2519065620147061,
  0.28101910493250687,
  0.2978858412089439,
  0.30886760359505955,
  0.3126079992428463,
  0.3205636821870793,
  0.32969852257694454,
  0.3372437978634156,
  0.3425740802696468,
  0.3201735131267326,
  0.30622387814102714,
  0.29753731632050284,
  0.2916661670427133,
  0.28796143845432975,
  0.27776125261086676
 ],
 "betas": [
  0.5,
  0.5,
  0.5,
  0.5,
  0.5,
  0.5,
  0.5,
  0.5,
  0.5,
  0.5,
  0.5,
  0.5,
  0.5,
  0.5,
  0.5,
  0.5,
  0.5,
  0.5,
  0.5,
  0.5,
  0.5,
  0.5,
  0.5,
  0.5,
  0.5,
  0.5,
  0.5,
  0.5,
  0.5,
  0.5,
  0.5,
  0.5,
  0.5,
  0.5,
  0.5,
  0.5,
  0.5,
  0.5,
  0.5,
  0.5
 ],
 "gammas": [
  0.24348172082846767,
  0.236337500105349,
  0.2283580433901499,
  0.21950149682432926,
  0.20974188276177896,
  0.19907506045296341,
  0.1875251344238215,
  0.17515077825571262,
  0.16205067949726085,
  0.14836705828909874,
  0.13428604251308596,
  0.1200336994592521,
  0.1058668415675657,
  0.09205842247803966,
  0.0801419306870976,
  0.0706119539541174,
  0.06140753120045992,
  0.05269402954698877,
  0.04461375993655816,
  0.03727508896882231,
  0.030745556954808618,
  0.025050250783256282,
  0.02105422116336659,
  0.019035271835720464,
  0.017165008354408755,
  0.01543622084542365,
  0.013859422424304955,
  0.012268247712101657,
  0.010794372515082123,
  0.00939219088309569,
  0.00811458445673138,
  0.006972500758602826,
  0.005972144302798375,
  0.005093529974246213,
  0.004375080848298015,
  0.00374958022230654,
  0.0028006283507060366,
  0.002137860427385205,
  0.0018794660036841441,
  0.0016313849184093666
 ],
 "sigmas": [
  0.125,
  0.14538483725086093,
  0.1690940072196746,
  0.1966696377578263,
  0.22874226622085883,
  0.26604525717530136,
  0.309431571326357,
  0.35989326910048464,
  0.41858419484683407,
  0.4868463603487171,
  0.5662406309237779,
  0.6585824157734259,
  0.7659831786679869,
  0.8908987181403394,
  1.0361853211506706,
  1.2051650742177709,
  1.4017018254045788,
  1.630289534085435,
  1.8961550286783433,
  2.20537752197442,
  2.5650276168716646,
  2.983328980982803,
  3.4698463869276934,
  4.035704417991765,
  4.693841840018505,
  5.459307455938977,
  6.349604207872799,
  7.38508939495175,
  8.58944015814495,
  9.990194875743303,
  11.619382848914599,
  13.514256675559151,
  15.718144058740227,
  18.28143852692428,
  21.262751719588042,
  24.73025358606217,
  28.76323114225735,
  33.45390142740782,
  38.909520115440266,
  45.254833995939045
 ],
 "border_radii": [
  10,
  10,
  10,
  10,
  10,
  10,
  10,
  10,
  10,
  10,
  10,
  10,
  10,
  10,
  10,
  10,
  10,
  10,
  10,
  10,
  10,
  11,
  13,
  16,
  18,
  21,
  25,
  29,
  34,
  39,
  46,
  54,
  62,
  73,
  42,
  49,
  57,
  66,
  77,
  90
 ]
}