{
 "time": "181112_2218",
 "filename": "T-BN7767693.png",
 "alphas": [
  0.06732152680534684,
  0.06840264121260099,
  0.06973809580166902,
  0.07133656540151684,
  0.07302477427180963,
  0.07473884905421027,
  0.0766563851236097,
  0.07885252330978201,
  0.08144470529157231,
  0.08491048331997413,
  0.08899025766102496,
  0.0938814808906848,
  0.0996069738481768,
  0.10644626919257802,
  0.11481165399156534,
  0.12456793954670849,
  0.13634059974344265,
  0.14949385842014076,
  0.1629658016820325,
  0.17959423315625372,
  0.20081572896636984,
  0.2109842335440744,
  0.21800047890344593,
  0.22806682134296413,
  0.23944331467863522,
  0.2508627062236114,
  0.26230937807841537,
  0.2738092232317866,
  0.28192010402503137,
  0.2875560450479807,
  0.3003379964182798,
  0.3026115593196851,
  0.3038553965337592,
  0.30868501172763585,
  0.2734273351890614,
  0.27779013075716896,
  0.2854170044929852,
  0.29206639484943675,
  0.28366979504510254,
  0.2715787419540092
 ],
 "betas": [
  0.5,
  0.5,
  0.5,
  0.5,
  0.5,
  0.5,
  0.5,
  0.5,
  0.5,
  0.5,
  0.5,
  0.5,
  0.5,
  0.5,
  0.5,
  0.5,
  0.5,
  0.5,
  0.5,
  0.5,
  0.5,
  0.5,
  0.5,
  0.5,
  0.5,
  0.5,
  0.5,
  0.5,
  0.5,
  0.5,
  0.5,
  0.5,
  0.5,
  0.5,
  0.5,
  0.5,
  0.5,
  0.5,
  0.5,
  0.5
 ],
 "gammas": [
  0.07321746711516824,
  0.07170408823531933,
  0.06999816477247776,
  0.06808448693163589,
  0.06599693215330026,
  0.06368848755779351,
  0.06114242492138832,
  0.058356407588005116,
  0.05533495733839535,
  0.052090963963803485,
  0.04864696405469803,
  0.045035943350194355,
  0.04130138900193527,
  0.037696994137414196,
  0.03437842455540669,
  0.031050200632454443,
  0.02776357368863305,
  0.02468758561225199,
  0.02240628618409382,
  0.02023482444855743,
  0.018135928590909418,
  0.016306302689301118,
  0.014711178600707647,
  0.013309146144226812,
  0.011916380888204547,
  0.010569753959967735,
  0.009298256887051102,
  0.008122003687477286,
  0.0070525462720930875,
  0.006094037232671094,
  0.005244788396183341,
  0.004712712460974717,
  0.004242381985647949,
  0.003806496151514678,
  0.0033734037344070734,
  0.0029745399926737826,
  0.0026025360394394824,
  0.00227311058843587,
  0.0019716024724503295,
  0.0016968780142585344
 ],
 "sigmas": [
  0.125,
  0.14538483725086093,
  0.1690940072196746,
  0.1966696377578263,
  0.22874226622085883,
  0.26604525717530136,
  0.309431571326357,
  0.35989326910048464,
  0.41858419484683407,
  0.4868463603487171,
  0.5662406309237779,
  0.6585824157734259,
  0.7659831786679869,
  0.8908987181403394,
  1.0361853211506706,
  1.2051650742177709,
  1.4017018254045788,
  1.630289534085435,
  1.8961550286783433,
  2.20537752197442,
  2.5650276168716646,
  2.983328980982803,
  3.4698463869276934,
  4.035704417991765,
  4.693841840018505,
  5.459307455938977,
  6.349604207872799,
  7.38508939495175,
  8.58944015814495,
  9.990194875743303,
  11.619382848914599,
  13.514256675559151,
  15.718144058740227,
  18.28143852692428,
  21.262751719588042,
  24.73025358606217,
  28.76323114225735,
  33.45390142740782,
  38.909520115440266,
  45.254833995939045
 ],
 "border_radii": [
  10,
  10,
  10,
  10,
  10,
  10,
  10,
  10,
  10,
  10,
  10,
  10,
  10,
  10,
  10,
  10,
  10,
  10,
  10,
  10,
  10,
  11,
  13,
  16,
  18,
  21,
  25,
  29,
  34,
  39,
  46,
  54,
  62,
  73,
  42,
  49,
  57,
  66,
  77,
  90
 ]
}