{
 "time": "181112_2201",
 "filename": "T-BN7515948.png",
 "alphas": [
  0.0422741571481047,
  0.043060012468527295,
  0.04400135779751001,
  0.04514864950539935,
  0.04639965139828746,
  0.04793973652237055,
  0.049959355980080666,
  0.05116077616588294,
  0.052672153089146835,
  0.05404347833051551,
  0.055488726831393956,
  0.057432645105413696,
  0.05962832414762557,
  0.0625154648956059,
  0.06614185600900568,
  0.07080380127752106,
  0.07655956845041514,
  0.08344843196266234,
  0.09169418277113228,
  0.10207157984664322,
  0.1141989729164186,
  0.1296738702521053,
  0.14434296597340998,
  0.15703974115011943,
  0.17241546407594038,
  0.19380502663165267,
  0.22021047405132368,
  0.24743703029583702,
  0.24851557828355003,
  0.2438472754672965,
  0.24316226096013754,
  0.24894610083474128,
  0.25660650657816303,
  0.2659458413069493,
  0.25694159976298697,
  0.26116211636800923,
  0.2687019565086531,
  0.2756674658768213,
  0.28532557139426296,
  0.29795243269577776
 ],
 "betas": [
  0.5,
  0.5,
  0.5,
  0.5,
  0.5,
  0.5,
  0.5,
  0.5,
  0.5,
  0.5,
  0.5,
  0.5,
  0.5,
  0.5,
  0.5,
  0.5,
  0.5,
  0.5,
  0.5,
  0.5,
  0.5,
  0.5,
  0.5,
  0.5,
  0.5,
  0.5,
  0.5,
  0.5,
  0.5,
  0.5,
  0.5,
  0.5,
  0.5,
  0.5,
  0.5,
  0.5,
  0.5,
  0.5,
  0.5,
  0.5
 ],
 "gammas": [
  0.1314759115260024,
  0.12850358004504,
  0.1251684231654228,
  0.12144660384711059,
  0.11731914756552372,
  0.11277417671498256,
  0.10780939657989848,
  0.10243467173069973,
  0.09667443936447948,
  0.09056961244511225,
  0.08417855470500628,
  0.07757669623155343,
  0.07085444117498321,
  0.06411322627653557,
  0.05745991588400411,
  0.051000106723322544,
  0.04483124561579575,
  0.03903659094165793,
  0.03485250756751393,
  0.03103178826803173,
  0.027347599548947592,
  0.023872821207857112,
  0.02099043060906125,
  0.018843409573967837,
  0.016700495116558106,
  0.014780427301878351,
  0.013453316697678958,
  0.012080217257292821,
  0.010712350267539895,
  0.009393933634480706,
  0.007198109494336846,
  0.0061886011715744866,
  0.005241103382815217,
  0.004369440293345027,
  0.003585823761326221,
  0.003063379860566925,
  0.0026016272072912064,
  0.0023119122968752568,
  0.0020343617313856666,
  0.0017650999250869584
 ],
 "sigmas": [
  0.125,
  0.14538483725086093,
  0.1690940072196746,
  0.1966696377578263,
  0.22874226622085883,
  0.26604525717530136,
  0.309431571326357,
  0.35989326910048464,
  0.41858419484683407,
  0.4868463603487171,
  0.5662406309237779,
  0.6585824157734259,
  0.7659831786679869,
  0.8908987181403394,
  1.0361853211506706,
  1.2051650742177709,
  1.4017018254045788,
  1.630289534085435,
  1.8961550286783433,
  2.20537752197442,
  2.5650276168716646,
  2.983328980982803,
  3.4698463869276934,
  4.035704417991765,
  4.693841840018505,
  5.459307455938977,
  6.349604207872799,
  7.38508939495175,
  8.58944015814495,
  9.990194875743303,
  11.619382848914599,
  13.514256675559151,
  15.718144058740227,
  18.28143852692428,
  21.262751719588042,
  24.73025358606217,
  28.76323114225735,
  33.45390142740782,
  38.909520115440266,
  45.254833995939045
 ],
 "border_radii": [
  10,
  10,
  10,
  10,
  10,
  10,
  10,
  10,
  10,
  10,
  10,
  10,
  10,
  10,
  10,
  10,
  10,
  10,
  10,
  10,
  10,
  11,
  13,
  16,
  18,
  21,
  25,
  29,
  34,
  39,
  46,
  54,
  62,
  73,
  42,
  49,
  57,
  66,
  77,
  90
 ]
}