{
 "time": "181112_1906",
 "filename": "T-BN0033885.png",
 "alphas": [
  0.01666064261824682,
  0.01688997594149385,
  0.01713963485208283,
  0.017449181058003794,
  0.017838344059607207,
  0.018298958354092894,
  0.018865774304778968,
  0.019512871669435335,
  0.02029894394314271,
  0.021299923721335462,
  0.02248590551542462,
  0.024008778705793283,
  0.02598501503120704,
  0.028386435708960787,
  0.03148732009502303,
  0.03457087433816899,
  0.03824348050183153,
  0.04284984561695509,
  0.04692501617040922,
  0.05190564989681906,
  0.05607371655742645,
  0.05764529009737976,
  0.059006584785035926,
  0.0618470677249251,
  0.06666170512381384,
  0.0740673189227599,
  0.07989018220516386,
  0.08546237096572641,
  0.08800553819105289,
  0.09051094616752947,
  0.0928169556914466,
  0.09578628659758409,
  0.09889734308573267,
  0.10463042895647294,
  0.10396686228151039,
  0.11444308410754027,
  0.1476950557680689,
  0.23489938947104647,
  0.26989199697138283,
  0.28133839074285316
 ],
 "betas": [
  0.5,
  0.5,
  0.5,
  0.5,
  0.5,
  0.5,
  0.5,
  0.5,
  0.5,
  0.5,
  0.5,
  0.5,
  0.5,
  0.5,
  0.5,
  0.5,
  0.5,
  0.5,
  0.5,
  0.5,
  0.5,
  0.5,
  0.5,
  0.5,
  0.5,
  0.5,
  0.5,
  0.5,
  0.5,
  0.5,
  0.5,
  0.5,
  0.5,
  0.5,
  0.5,
  0.5,
  0.5,
  0.5,
  0.5,
  0.5
 ],
 "gammas": [
  0.09951103148546621,
  0.09755186423087252,
  0.09534003406274741,
  0.09285442959688614,
  0.09034757542481829,
  0.08761502006756197,
  0.08458850595173922,
  0.08128631290367141,
  0.07782930003922303,
  0.07407352228801968,
  0.07003245914563556,
  0.06573106850259693,
  0.061206829410445425,
  0.056509933083322486,
  0.05170232860881403,
  0.046855433164158494,
  0.042142745739005234,
  0.03758215805651248,
  0.033163647919029024,
  0.02895689215408957,
  0.025559728237273534,
  0.022923784028281206,
  0.02032248980826068,
  0.017807257084214094,
  0.015422084311459378,
  0.013201472815333544,
  0.011198958642844625,
  0.010100107970604604,
  0.009017002737531825,
  0.008094870412697436,
  0.007195512788313288,
  0.006332945944856481,
  0.005578719639226719,
  0.00487735335618293,
  0.0042441971516602155,
  0.003656190191035294,
  0.0031214367401685168,
  0.002653914478636692,
  0.002237596012711557,
  0.0018712082796862118
 ],
 "sigmas": [
  0.125,
  0.14538483725086093,
  0.1690940072196746,
  0.1966696377578263,
  0.22874226622085883,
  0.26604525717530136,
  0.309431571326357,
  0.35989326910048464,
  0.41858419484683407,
  0.4868463603487171,
  0.5662406309237779,
  0.6585824157734259,
  0.7659831786679869,
  0.8908987181403394,
  1.0361853211506706,
  1.2051650742177709,
  1.4017018254045788,
  1.630289534085435,
  1.8961550286783433,
  2.20537752197442,
  2.5650276168716646,
  2.983328980982803,
  3.4698463869276934,
  4.035704417991765,
  4.693841840018505,
  5.459307455938977,
  6.349604207872799,
  7.38508939495175,
  8.58944015814495,
  9.990194875743303,
  11.619382848914599,
  13.514256675559151,
  15.718144058740227,
  18.28143852692428,
  21.262751719588042,
  24.73025358606217,
  28.76323114225735,
  33.45390142740782,
  38.909520115440266,
  45.254833995939045
 ],
 "border_radii": [
  10,
  10,
  10,
  10,
  10,
  10,
  10,
  10,
  10,
  10,
  10,
  10,
  10,
  10,
  10,
  10,
  10,
  10,
  10,
  10,
  10,
  11,
  13,
  16,
  18,
  21,
  25,
  29,
  34,
  39,
  46,
  54,
  62,
  73,
  42,
  49,
  57,
  66,
  77,
  90
 ]
}