{
 "time": "181112_1917",
 "filename": "T-BN0339328.png",
 "alphas": [
  0.015518268530308386,
  0.015827043077559194,
  0.016198784853480086,
  0.01660909328648847,
  0.017109551737910206,
  0.017726822782669745,
  0.01848336261660319,
  0.019352604286434497,
  0.020396900867717054,
  0.021755261297780566,
  0.02343631752691672,
  0.025418298205719864,
  0.028009293007598357,
  0.03111754469691991,
  0.03503860517176277,
  0.039836040711614285,
  0.044765564472426606,
  0.05050812227384986,
  0.05779941020851161,
  0.06704596654002791,
  0.07912658872057421,
  0.09504211303292501,
  0.11601292740806476,
  0.14406323045304853,
  0.18010666368110873,
  0.20651080205446326,
  0.21442620655843414,
  0.22214104467417123,
  0.23126420357187946,
  0.23793200690049382,
  0.2483811450219433,
  0.2584893088322766,
  0.26314180044107655,
  0.2683851734466541,
  0.24957311852148317,
  0.23752269218288447,
  0.2230259616344869,
  0.21053799513291105,
  0.2043540727941847,
  0.2847279337470994
 ],
 "betas": [
  0.5,
  0.5,
  0.5,
  0.5,
  0.5,
  0.5,
  0.5,
  0.5,
  0.5,
  0.5,
  0.5,
  0.5,
  0.5,
  0.5,
  0.5,
  0.5,
  0.5,
  0.5,
  0.5,
  0.5,
  0.5,
  0.5,
  0.5,
  0.5,
  0.5,
  0.5,
  0.5,
  0.5,
  0.5,
  0.5,
  0.5,
  0.5,
  0.5,
  0.5,
  0.5,
  0.5,
  0.5,
  0.5,
  0.5,
  0.5
 ],
 "gammas": [
  0.1494922040034761,
  0.1461186462981644,
  0.14232270623649165,
  0.13807313815715302,
  0.1333432463437306,
  0.1281133974581092,
  0.122373931615762,
  0.11612835088131565,
  0.10939656814334146,
  0.10221788999709176,
  0.09465330129007794,
  0.08678654335365131,
  0.07872346717285204,
  0.07058923092811062,
  0.06252311886102313,
  0.0546710772851609,
  0.04717644980645866,
  0.04016977625764077,
  0.033758826143239405,
  0.02886839550738281,
  0.02533931064345627,
  0.022044256758157157,
  0.01902484579212111,
  0.016305354980976558,
  0.014520402522046965,
  0.01281805145286255,
  0.011464039147686216,
  0.010687855246047219,
  0.00979850136333006,
  0.008985722493842581,
  0.008122560074640992,
  0.007214814293263078,
  0.006302691118237647,
  0.005419956267570046,
  0.004592193572883061,
  0.0038366456317464603,
  0.003163050352981623,
  0.0026633758735786304,
  0.0024031607956039366,
  0.0021068347628818234
 ],
 "sigmas": [
  0.125,
  0.14538483725086093,
  0.1690940072196746,
  0.1966696377578263,
  0.22874226622085883,
  0.26604525717530136,
  0.309431571326357,
  0.35989326910048464,
  0.41858419484683407,
  0.4868463603487171,
  0.5662406309237779,
  0.6585824157734259,
  0.7659831786679869,
  0.8908987181403394,
  1.0361853211506706,
  1.2051650742177709,
  1.4017018254045788,
  1.630289534085435,
  1.8961550286783433,
  2.20537752197442,
  2.5650276168716646,
  2.983328980982803,
  3.4698463869276934,
  4.035704417991765,
  4.693841840018505,
  5.459307455938977,
  6.349604207872799,
  7.38508939495175,
  8.58944015814495,
  9.990194875743303,
  11.619382848914599,
  13.514256675559151,
  15.718144058740227,
  18.28143852692428,
  21.262751719588042,
  24.73025358606217,
  28.76323114225735,
  33.45390142740782,
  38.909520115440266,
  45.254833995939045
 ],
 "border_radii": [
  10,
  10,
  10,
  10,
  10,
  10,
  10,
  10,
  10,
  10,
  10,
  10,
  10,
  10,
  10,
  10,
  10,
  10,
  10,
  10,
  10,
  11,
  13,
  16,
  18,
  21,
  25,
  29,
  34,
  39,
  46,
  54,
  62,
  73,
  42,
  49,
  57,
  66,
  77,
  90
 ]
}