{
 "time": "181112_2010",
 "filename": "T-BN2421294.png",
 "alphas": [
  0.08438892295456461,
  0.0847202059719982,
  0.08528763282776093,
  0.08579851531024785,
  0.08641594885586834,
  0.08706712713769701,
  0.08782078208477599,
  0.08895821564107878,
  0.09028643406425546,
  0.09174702753065508,
  0.0934860824382352,
  0.09543898628862237,
  0.09772436476085233,
  0.10023856268492895,
  0.10323843613396183,
  0.10661998950275536,
  0.11045225217837226,
  0.11501659096222117,
  0.12019472885415874,
  0.12626749298946105,
  0.13222899555003345,
  0.13969626844747696,
  0.14812335789261025,
  0.1578149542974828,
  0.1685939042697738,
  0.17953247910908265,
  0.17935057349777134,
  0.17999299259805132,
  0.18351711490122147,
  0.18938982183797975,
  0.19839854532077705,
  0.20970489683485116,
  0.22289330926718726,
  0.21545624323286489,
  0.19206003787809783,
  0.18761795176793747,
  0.18825298253738476,
  0.1925315987604344,
  0.19980452686103067,
  0.21322290585832057
 ],
 "betas": [
  0.5,
  0.5,
  0.5,
  0.5,
  0.5,
  0.5,
  0.5,
  0.5,
  0.5,
  0.5,
  0.5,
  0.5,
  0.5,
  0.5,
  0.5,
  0.5,
  0.5,
  0.5,
  0.5,
  0.5,
  0.5,
  0.5,
  0.5,
  0.5,
  0.5,
  0.5,
  0.5,
  0.5,
  0.5,
  0.5,
  0.5,
  0.5,
  0.5,
  0.5,
  0.5,
  0.5,
  0.5,
  0.5,
  0.5,
  0.5
 ],
 "gammas": [
  0.17290377649965089,
  0.16756441808137548,
  0.16160876127517804,
  0.15500850502496472,
  0.14774783179623335,
  0.13982785667584327,
  0.13127134790877976,
  0.12212730276040201,
  0.11247477493723762,
  0.10242517743080759,
  0.09212218340301032,
  0.08173839051038426,
  0.0714681741754317,
  0.06151667470082725,
  0.05208561052813181,
  0.046279320804369854,
  0.041356029486184054,
  0.03653652256645482,
  0.03191722861633163,
  0.02758326881250264,
  0.023601419853606583,
  0.020684081726484834,
  0.0182654307539319,
  0.015946025779042933,
  0.01387721225719615,
  0.011997163023320531,
  0.010420410611813008,
  0.00908311238673433,
  0.008249714544508636,
  0.0073849675423752655,
  0.0065862339247469625,
  0.005802842497793837,
  0.005079531767317839,
  0.004399253706847889,
  0.003792403392588954,
  0.003290007384222374,
  0.002855546003500187,
  0.0025046889565680064,
  0.0021891132177675734,
  0.0015299216193389886
 ],
 "sigmas": [
  0.125,
  0.14538483725086093,
  0.1690940072196746,
  0.1966696377578263,
  0.22874226622085883,
  0.26604525717530136,
  0.309431571326357,
  0.35989326910048464,
  0.41858419484683407,
  0.4868463603487171,
  0.5662406309237779,
  0.6585824157734259,
  0.7659831786679869,
  0.8908987181403394,
  1.0361853211506706,
  1.2051650742177709,
  1.4017018254045788,
  1.630289534085435,
  1.8961550286783433,
  2.20537752197442,
  2.5650276168716646,
  2.983328980982803,
  3.4698463869276934,
  4.035704417991765,
  4.693841840018505,
  5.459307455938977,
  6.349604207872799,
  7.38508939495175,
  8.58944015814495,
  9.990194875743303,
  11.619382848914599,
  13.514256675559151,
  15.718144058740227,
  18.28143852692428,
  21.262751719588042,
  24.73025358606217,
  28.76323114225735,
  33.45390142740782,
  38.909520115440266,
  45.254833995939045
 ],
 "border_radii": [
  10,
  10,
  10,
  10,
  10,
  10,
  10,
  10,
  10,
  10,
  10,
  10,
  10,
  10,
  10,
  10,
  10,
  10,
  10,
  10,
  10,
  11,
  13,
  16,
  18,
  21,
  25,
  29,
  34,
  39,
  46,
  54,
  62,
  73,
  42,
  49,
  57,
  66,
  77,
  90
 ]
}