{
 "time": "181112_2131",
 "filename": "T-BN6132495.png",
 "alphas": [
  0.05082027347932108,
  0.051788453954081985,
  0.052926092507233,
  0.05428285763980681,
  0.05587470921534355,
  0.05775265464971493,
  0.06009230957191291,
  0.0627184973264525,
  0.06596627341846083,
  0.06987381905467736,
  0.07472353194319442,
  0.08047667765538424,
  0.08672480922510907,
  0.09426900950564132,
  0.1034467351886405,
  0.11501791163051753,
  0.1295065303065288,
  0.14614837908112968,
  0.15553622350479596,
  0.16715097152337066,
  0.1757535550813395,
  0.18317399144223664,
  0.1946522090475702,
  0.2104109547063887,
  0.23156086375927382,
  0.2578733403551791,
  0.2619160665732124,
  0.2671296505450589,
  0.273859062761892,
  0.28212132621457126,
  0.2943731145746332,
  0.3124171372987338,
  0.33605933781219915,
  0.35223079544701064,
  0.32363839807905126,
  0.31357687113534305,
  0.30556772272827043,
  0.30214910089967856,
  0.2992081149000482,
  0.3035359854837745
 ],
 "betas": [
  0.5,
  0.5,
  0.5,
  0.5,
  0.5,
  0.5,
  0.5,
  0.5,
  0.5,
  0.5,
  0.5,
  0.5,
  0.5,
  0.5,
  0.5,
  0.5,
  0.5,
  0.5,
  0.5,
  0.5,
  0.5,
  0.5,
  0.5,
  0.5,
  0.5,
  0.5,
  0.5,
  0.5,
  0.5,
  0.5,
  0.5,
  0.5,
  0.5,
  0.5,
  0.5,
  0.5,
  0.5,
  0.5,
  0.5,
  0.5
 ],
 "gammas": [
  0.09814538782996199,
  0.09681331196793583,
  0.09528239994791554,
  0.09352720587628731,
  0.09152074119381805,
  0.08923513434294215,
  0.08664266012350255,
  0.08371723175994192,
  0.08043643596094593,
  0.07678415066075006,
  0.07275370426979566,
  0.06835140490012548,
  0.06360008995583032,
  0.058542144059655556,
  0.05324126080128808,
  0.04778216624223719,
  0.042267674771029176,
  0.0368128697047404,
  0.03153685282603923,
  0.027036618061050947,
  0.023504984839176738,
  0.02034973777254213,
  0.017938849834814075,
  0.015661667297418604,
  0.013552933891540275,
  0.011730695554338767,
  0.010393922354122733,
  0.009113389893923305,
  0.00791238634528717,
  0.006806653895817662,
  0.005940448013660874,
  0.005216270494102772,
  0.004525103344017819,
  0.0038904584849773303,
  0.0034826384638144262,
  0.0030939003699638613,
  0.002716347499384436,
  0.0023658902693477293,
  0.002045409170734868,
  0.0017602644649053452
 ],
 "sigmas": [
  0.125,
  0.14538483725086093,
  0.1690940072196746,
  0.1966696377578263,
  0.22874226622085883,
  0.26604525717530136,
  0.309431571326357,
  0.35989326910048464,
  0.41858419484683407,
  0.4868463603487171,
  0.5662406309237779,
  0.6585824157734259,
  0.7659831786679869,
  0.8908987181403394,
  1.0361853211506706,
  1.2051650742177709,
  1.4017018254045788,
  1.630289534085435,
  1.8961550286783433,
  2.20537752197442,
  2.5650276168716646,
  2.983328980982803,
  3.4698463869276934,
  4.035704417991765,
  4.693841840018505,
  5.459307455938977,
  6.349604207872799,
  7.38508939495175,
  8.58944015814495,
  9.990194875743303,
  11.619382848914599,
  13.514256675559151,
  15.718144058740227,
  18.28143852692428,
  21.262751719588042,
  24.73025358606217,
  28.76323114225735,
  33.45390142740782,
  38.909520115440266,
  45.254833995939045
 ],
 "border_radii": [
  10,
  10,
  10,
  10,
  10,
  10,
  10,
  10,
  10,
  10,
  10,
  10,
  10,
  10,
  10,
  10,
  10,
  10,
  10,
  10,
  10,
  11,
  13,
  16,
  18,
  21,
  25,
  29,
  34,
  39,
  46,
  54,
  62,
  73,
  42,
  49,
  57,
  66,
  77,
  90
 ]
}