{
 "time": "181112_1955",
 "filename": "T-BN1587209.png",
 "alphas": [
  0.04110266553540545,
  0.04125693359768774,
  0.04138347519595116,
  0.04151372860309381,
  0.04167317799515037,
  0.04192367677720721,
  0.042255285392337305,
  0.0426928087521314,
  0.04329298585112762,
  0.04403550601931839,
  0.04499034238800892,
  0.04624802147592234,
  0.047783531558404584,
  0.050013950324725345,
  0.05299825941674614,
  0.05639120250301603,
  0.060970199080002986,
  0.06672963020742269,
  0.07404938268894085,
  0.08335207944971387,
  0.09508715352288552,
  0.10999525171793573,
  0.12906501482400393,
  0.15315357185072417,
  0.18345268104122459,
  0.22047041286656138,
  0.23557468868480927,
  0.24338741460253965,
  0.25381433300683925,
  0.2668706452501025,
  0.2850639321513539,
  0.2944774843374363,
  0.29176810860524605,
  0.2673460190869319,
  0.22719789456107875,
  0.20111898704898135,
  0.18006036500954836,
  0.16517809067283035,
  0.15598753791654807,
  0.15156971922162826
 ],
 "betas": [
  0.5,
  0.5,
  0.5,
  0.5,
  0.5,
  0.5,
  0.5,
  0.5,
  0.5,
  0.5,
  0.5,
  0.5,
  0.5,
  0.5,
  0.5,
  0.5,
  0.5,
  0.5,
  0.5,
  0.5,
  0.5,
  0.5,
  0.5,
  0.5,
  0.5,
  0.5,
  0.5,
  0.5,
  0.5,
  0.5,
  0.5,
  0.5,
  0.5,
  0.5,
  0.5,
  0.5,
  0.5,
  0.5,
  0.5,
  0.5
 ],
 "gammas": [
  0.11382790517383551,
  0.11179693041984029,
  0.109507591224737,
  0.10693910592611217,
  0.10407273453061562,
  0.10089309682780212,
  0.09738970003318392,
  0.09365790198880306,
  0.09048736961509457,
  0.08697627011961674,
  0.08311836782241853,
  0.0789172936641215,
  0.07438905958865497,
  0.06956427730334587,
  0.06448965697066243,
  0.059228309182599526,
  0.05385841901271794,
  0.048470035380923336,
  0.043160012934233195,
  0.038025495345529375,
  0.03320992869233106,
  0.03098735754723442,
  0.02848877696187868,
  0.025626032804639997,
  0.022548184636330827,
  0.019403934907568254,
  0.016452676024925967,
  0.013696434162237606,
  0.011676495398641943,
  0.010402650616973068,
  0.009147611833130755,
  0.007923369000599501,
  0.006778844429674897,
  0.005747397115303753,
  0.004842261568548145,
  0.00407115800106175,
  0.0034189165726470115,
  0.002919304720258872,
  0.00245479889643985,
  0.0020337709711267774
 ],
 "sigmas": [
  0.125,
  0.14538483725086093,
  0.1690940072196746,
  0.1966696377578263,
  0.22874226622085883,
  0.26604525717530136,
  0.309431571326357,
  0.35989326910048464,
  0.41858419484683407,
  0.4868463603487171,
  0.5662406309237779,
  0.6585824157734259,
  0.7659831786679869,
  0.8908987181403394,
  1.0361853211506706,
  1.2051650742177709,
  1.4017018254045788,
  1.630289534085435,
  1.8961550286783433,
  2.20537752197442,
  2.5650276168716646,
  2.983328980982803,
  3.4698463869276934,
  4.035704417991765,
  4.693841840018505,
  5.459307455938977,
  6.349604207872799,
  7.38508939495175,
  8.58944015814495,
  9.990194875743303,
  11.619382848914599,
  13.514256675559151,
  15.718144058740227,
  18.28143852692428,
  21.262751719588042,
  24.73025358606217,
  28.76323114225735,
  33.45390142740782,
  38.909520115440266,
  45.254833995939045
 ],
 "border_radii": [
  10,
  10,
  10,
  10,
  10,
  10,
  10,
  10,
  10,
  10,
  10,
  10,
  10,
  10,
  10,
  10,
  10,
  10,
  10,
  10,
  10,
  11,
  13,
  16,
  18,
  21,
  25,
  29,
  34,
  39,
  46,
  54,
  62,
  73,
  42,
  49,
  57,
  66,
  77,
  90
 ]
}