{
 "time": "181112_2251",
 "filename": "T-BN8801263.png",
 "alphas": [
  0.06920330076412491,
  0.07068249009708914,
  0.07233076260276977,
  0.07435909199170512,
  0.07670914585888783,
  0.07945000365838019,
  0.08282807624951274,
  0.08682538981112675,
  0.09173182849217436,
  0.09756624708930073,
  0.10452089859108739,
  0.11302230192213997,
  0.12301825676824145,
  0.13270027952381663,
  0.14199810148910225,
  0.1538409390901374,
  0.16635128504580213,
  0.1708532226602566,
  0.1773073482043514,
  0.186185007063918,
  0.19897807778837626,
  0.21094738221839443,
  0.2195066984690365,
  0.2255566827720794,
  0.22952477380920455,
  0.2368382031992326,
  0.24803664039302303,
  0.25996288671531886,
  0.24656777562362242,
  0.20615055314668507,
  0.30040366257114076,
  0.31036512373453295,
  0.3157840005673936,
  0.32444341883731914,
  0.30748918566526984,
  0.3171632691861014,
  0.3306032727559802,
  0.3516130905539385,
  0.3418952824217921,
  0.33306361048496397
 ],
 "betas": [
  0.5,
  0.5,
  0.5,
  0.5,
  0.5,
  0.5,
  0.5,
  0.5,
  0.5,
  0.5,
  0.5,
  0.5,
  0.5,
  0.5,
  0.5,
  0.5,
  0.5,
  0.5,
  0.5,
  0.5,
  0.5,
  0.5,
  0.5,
  0.5,
  0.5,
  0.5,
  0.5,
  0.5,
  0.5,
  0.5,
  0.5,
  0.5,
  0.5,
  0.5,
  0.5,
  0.5,
  0.5,
  0.5,
  0.5,
  0.5
 ],
 "gammas": [
  0.11274690255161138,
  0.11075246376785337,
  0.10849452147874623,
  0.10594897336100266,
  0.10309296802216766,
  0.09990623496321654,
  0.09637272754455996,
  0.09248255806515335,
  0.08823415417466068,
  0.08363649867502693,
  0.07871123426784377,
  0.07349433208104579,
  0.06803695827680724,
  0.062405156198869854,
  0.05667802590996537,
  0.05118036761601108,
  0.04695459766590532,
  0.042605739971220406,
  0.03837152824233249,
  0.03415249986890549,
  0.030030559100076827,
  0.026084741292158573,
  0.022982968531453336,
  0.02094364944891279,
  0.018772142213480822,
  0.01648670746368473,
  0.014192198106190004,
  0.011980078879660891,
  0.009950006132747184,
  0.008111667768160498,
  0.006939794612694531,
  0.006239309050428644,
  0.005506807775516174,
  0.004774473409607994,
  0.004070651451720994,
  0.003417372101781479,
  0.0028465986834637085,
  0.002486690316991035,
  0.002156941074990108,
  0.0018588663275013431
 ],
 "sigmas": [
  0.125,
  0.14538483725086093,
  0.1690940072196746,
  0.1966696377578263,
  0.22874226622085883,
  0.26604525717530136,
  0.309431571326357,
  0.35989326910048464,
  0.41858419484683407,
  0.4868463603487171,
  0.5662406309237779,
  0.6585824157734259,
  0.7659831786679869,
  0.8908987181403394,
  1.0361853211506706,
  1.2051650742177709,
  1.4017018254045788,
  1.630289534085435,
  1.8961550286783433,
  2.20537752197442,
  2.5650276168716646,
  2.983328980982803,
  3.4698463869276934,
  4.035704417991765,
  4.693841840018505,
  5.459307455938977,
  6.349604207872799,
  7.38508939495175,
  8.58944015814495,
  9.990194875743303,
  11.619382848914599,
  13.514256675559151,
  15.718144058740227,
  18.28143852692428,
  21.262751719588042,
  24.73025358606217,
  28.76323114225735,
  33.45390142740782,
  38.909520115440266,
  45.254833995939045
 ],
 "border_radii": [
  10,
  10,
  10,
  10,
  10,
  10,
  10,
  10,
  10,
  10,
  10,
  10,
  10,
  10,
  10,
  10,
  10,
  10,
  10,
  10,
  10,
  11,
  13,
  16,
  18,
  21,
  25,
  29,
  34,
  39,
  46,
  54,
  62,
  73,
  42,
  49,
  57,
  66,
  77,
  90
 ]
}