{
 "time": "181112_1934",
 "filename": "T-BN0657337.png",
 "alphas": [
  0.08600434461067134,
  0.08728711190649216,
  0.08877129092256733,
  0.0905640558126794,
  0.09246410523331858,
  0.09495022711861975,
  0.09781452340329234,
  0.10149058768826988,
  0.1057911889230384,
  0.11100429362243011,
  0.117490183175213,
  0.1252959937462036,
  0.13480705197788165,
  0.14639618538026586,
  0.16069473050268684,
  0.1687912732565785,
  0.1720043156695483,
  0.17504391539871245,
  0.17938462717111256,
  0.18263529579147764,
  0.1857827239125734,
  0.19224413227774187,
  0.19867500711760755,
  0.2075433948892086,
  0.20875245167567633,
  0.21077305787350353,
  0.21797777615699981,
  0.22883620046025926,
  0.2438878684802146,
  0.26415190224958157,
  0.29076205700426844,
  0.32324739108897865,
  0.3639267176049612,
  0.3740413525944354,
  0.35742474073842656,
  0.34866917393781516,
  0.3382502505813823,
  0.33006069673092203,
  0.3239914410987535,
  0.31953747008641026
 ],
 "betas": [
  0.5,
  0.5,
  0.5,
  0.5,
  0.5,
  0.5,
  0.5,
  0.5,
  0.5,
  0.5,
  0.5,
  0.5,
  0.5,
  0.5,
  0.5,
  0.5,
  0.5,
  0.5,
  0.5,
  0.5,
  0.5,
  0.5,
  0.5,
  0.5,
  0.5,
  0.5,
  0.5,
  0.5,
  0.5,
  0.5,
  0.5,
  0.5,
  0.5,
  0.5,
  0.5,
  0.5,
  0.5,
  0.5,
  0.5,
  0.5
 ],
 "gammas": [
  0.1354253003558199,
  0.13287514344289594,
  0.1299882458186517,
  0.12673398648402054,
  0.12308347338183655,
  0.11901130839859105,
  0.11449777618719077,
  0.11012716874098412,
  0.10554324181291133,
  0.10055344121962319,
  0.09517228302158556,
  0.08942907477582784,
  0.08336951273128385,
  0.07705629426195536,
  0.07056836271676292,
  0.06399849847292338,
  0.05744917127183708,
  0.051026863586572546,
  0.044835410961100226,
  0.03896919159784561,
  0.03350712710675105,
  0.02850835368605327,
  0.024010093970899277,
  0.020027809010700216,
  0.016861787730040108,
  0.01445183583194396,
  0.01227840211813659,
  0.010385796089040823,
  0.008931339324503278,
  0.007834132888253666,
  0.0068010375128887525,
  0.005819188654751198,
  0.004914554696470629,
  0.004105250164759781,
  0.0035475576232355034,
  0.0030897712119773717,
  0.002680421367776116,
  0.002315669301697271,
  0.001979044522266617,
  0.0016701670445928105
 ],
 "sigmas": [
  0.125,
  0.14538483725086093,
  0.1690940072196746,
  0.1966696377578263,
  0.22874226622085883,
  0.26604525717530136,
  0.309431571326357,
  0.35989326910048464,
  0.41858419484683407,
  0.4868463603487171,
  0.5662406309237779,
  0.6585824157734259,
  0.7659831786679869,
  0.8908987181403394,
  1.0361853211506706,
  1.2051650742177709,
  1.4017018254045788,
  1.630289534085435,
  1.8961550286783433,
  2.20537752197442,
  2.5650276168716646,
  2.983328980982803,
  3.4698463869276934,
  4.035704417991765,
  4.693841840018505,
  5.459307455938977,
  6.349604207872799,
  7.38508939495175,
  8.58944015814495,
  9.990194875743303,
  11.619382848914599,
  13.514256675559151,
  15.718144058740227,
  18.28143852692428,
  21.262751719588042,
  24.73025358606217,
  28.76323114225735,
  33.45390142740782,
  38.909520115440266,
  45.254833995939045
 ],
 "border_radii": [
  10,
  10,
  10,
  10,
  10,
  10,
  10,
  10,
  10,
  10,
  10,
  10,
  10,
  10,
  10,
  10,
  10,
  10,
  10,
  10,
  10,
  11,
  13,
  16,
  18,
  21,
  25,
  29,
  34,
  39,
  46,
  54,
  62,
  73,
  42,
  49,
  57,
  66,
  77,
  90
 ]
}