{
 "time": "181112_1957",
 "filename": "T-BN1629357.png",
 "alphas": [
  0.06584343419527391,
  0.06703667822860312,
  0.06846243539546734,
  0.07017830403353385,
  0.07229307535525514,
  0.07474745087450797,
  0.07760769675014462,
  0.08113192428167532,
  0.08548062328446793,
  0.09046676117631221,
  0.0964695564696328,
  0.10370628382952035,
  0.11300298844571202,
  0.1188871698540292,
  0.12128203208881405,
  0.12283174443889841,
  0.12570401391982106,
  0.13023620660256682,
  0.1369356907428809,
  0.14658438981462715,
  0.15952920474537813,
  0.17703988398413584,
  0.19968205556489088,
  0.2261124515489954,
  0.24400720229206158,
  0.2653859624995003,
  0.2894842050229375,
  0.29344187416072853,
  0.290154901111206,
  0.29150670274484314,
  0.29623098047679064,
  0.30346648943416177,
  0.3111699787713683,
  0.32162451761365973,
  0.30741901640355673,
  0.3099142444632532,
  0.31423583403671335,
  0.321105058709948,
  0.33201045579002125,
  0.32962828734878813
 ],
 "betas": [
  0.5,
  0.5,
  0.5,
  0.5,
  0.5,
  0.5,
  0.5,
  0.5,
  0.5,
  0.5,
  0.5,
  0.5,
  0.5,
  0.5,
  0.5,
  0.5,
  0.5,
  0.5,
  0.5,
  0.5,
  0.5,
  0.5,
  0.5,
  0.5,
  0.5,
  0.5,
  0.5,
  0.5,
  0.5,
  0.5,
  0.5,
  0.5,
  0.5,
  0.5,
  0.5,
  0.5,
  0.5,
  0.5,
  0.5,
  0.5
 ],
 "gammas": [
  0.2493242271130717,
  0.24167043425411525,
  0.2331427980433418,
  0.2237043352629014,
  0.2133366289020243,
  0.20204609928352818,
  0.18987050362108207,
  0.17688499612606215,
  0.16320680770964094,
  0.1489973728181855,
  0.1344606364537744,
  0.12094753138388412,
  0.11126074972990993,
  0.10156377271214825,
  0.0923073503660254,
  0.08299301506960509,
  0.07377015872309935,
  0.06479174161999741,
  0.05620460186624535,
  0.04813941826024728,
  0.040701695049522334,
  0.034425021993937446,
  0.029340274255068324,
  0.02718952703142051,
  0.02490406545757848,
  0.0228058832305843,
  0.02058772431658371,
  0.018333654026386894,
  0.016115993756161545,
  0.013993183303034017,
  0.012008996507906548,
  0.010192877094698648,
  0.00856114217286958,
  0.00711875226689898,
  0.005861381661583777,
  0.004777650589563582,
  0.0038515048542673088,
  0.003064711733778732,
  0.002399246069804888,
  0.0019397581748675802
 ],
 "sigmas": [
  0.125,
  0.14538483725086093,
  0.1690940072196746,
  0.1966696377578263,
  0.22874226622085883,
  0.26604525717530136,
  0.309431571326357,
  0.35989326910048464,
  0.41858419484683407,
  0.4868463603487171,
  0.5662406309237779,
  0.6585824157734259,
  0.7659831786679869,
  0.8908987181403394,
  1.0361853211506706,
  1.2051650742177709,
  1.4017018254045788,
  1.630289534085435,
  1.8961550286783433,
  2.20537752197442,
  2.5650276168716646,
  2.983328980982803,
  3.4698463869276934,
  4.035704417991765,
  4.693841840018505,
  5.459307455938977,
  6.349604207872799,
  7.38508939495175,
  8.58944015814495,
  9.990194875743303,
  11.619382848914599,
  13.514256675559151,
  15.718144058740227,
  18.28143852692428,
  21.262751719588042,
  24.73025358606217,
  28.76323114225735,
  33.45390142740782,
  38.909520115440266,
  45.254833995939045
 ],
 "border_radii": [
  10,
  10,
  10,
  10,
  10,
  10,
  10,
  10,
  10,
  10,
  10,
  10,
  10,
  10,
  10,
  10,
  10,
  10,
  10,
  10,
  10,
  11,
  13,
  16,
  18,
  21,
  25,
  29,
  34,
  39,
  46,
  54,
  62,
  73,
  42,
  49,
  57,
  66,
  77,
  90
 ]
}