{
 "time": "181112_2005",
 "filename": "T-BN2315363.png",
 "alphas": [
  0.022241498127486662,
  0.022679450693642224,
  0.023229198950960282,
  0.023870085397980415,
  0.02465739244333755,
  0.025581433569321948,
  0.026692894885866996,
  0.028018696329074968,
  0.029667920421593334,
  0.031724112083000876,
  0.03421847494597713,
  0.03741608007716745,
  0.04129511025784058,
  0.046088561676356665,
  0.05207470342446244,
  0.05979903762844158,
  0.0671540252737949,
  0.0758940934791717,
  0.08675956907346569,
  0.10012564812338685,
  0.11618106922844794,
  0.13528932163107635,
  0.1566472867146951,
  0.1736848626979376,
  0.17878996077737008,
  0.18783448495681576,
  0.20130118089549492,
  0.21882634016080982,
  0.24057768716906885,
  0.26683620752994514,
  0.30120502050297393,
  0.3422599465767087,
  0.37133785528882074,
  0.41123821994014753,
  0.4195311317480392,
  0.4124324477118706,
  0.4094551639074293,
  0.411657740949104,
  0.41625797428010053,
  0.4246044695347929
 ],
 "betas": [
  0.5,
  0.5,
  0.5,
  0.5,
  0.5,
  0.5,
  0.5,
  0.5,
  0.5,
  0.5,
  0.5,
  0.5,
  0.5,
  0.5,
  0.5,
  0.5,
  0.5,
  0.5,
  0.5,
  0.5,
  0.5,
  0.5,
  0.5,
  0.5,
  0.5,
  0.5,
  0.5,
  0.5,
  0.5,
  0.5,
  0.5,
  0.5,
  0.5,
  0.5,
  0.5,
  0.5,
  0.5,
  0.5,
  0.5,
  0.5
 ],
 "gammas": [
  0.19311542900316883,
  0.18943839490360248,
  0.18527889566328876,
  0.18059441301775392,
  0.17534555633914609,
  0.16949879064955642,
  0.163029791425247,
  0.15592736625519626,
  0.14819776523283823,
  0.13986904155162502,
  0.13099493220276423,
  0.12165753824395277,
  0.1119679554715512,
  0.10206402718532245,
  0.09210465574110654,
  0.08226067270143989,
  0.0727030725302568,
  0.06359024245856991,
  0.055056321582211964,
  0.047202688193980144,
  0.040093789032559064,
  0.03375745843540972,
  0.028189032319612638,
  0.023358129745341936,
  0.0192167126033881,
  0.01570673892539287,
  0.012765719095466779,
  0.010727438059681156,
  0.008967158993686044,
  0.007396420660587347,
  0.0063817392779285075,
  0.005671361305176321,
  0.004958798082182302,
  0.004267102980816987,
  0.0036516812261882963,
  0.0030901070362136292,
  0.0025866166433783444,
  0.0021424609746333464,
  0.001769849239208836,
  0.0015585395216579717
 ],
 "sigmas": [
  0.125,
  0.14538483725086093,
  0.1690940072196746,
  0.1966696377578263,
  0.22874226622085883,
  0.26604525717530136,
  0.309431571326357,
  0.35989326910048464,
  0.41858419484683407,
  0.4868463603487171,
  0.5662406309237779,
  0.6585824157734259,
  0.7659831786679869,
  0.8908987181403394,
  1.0361853211506706,
  1.2051650742177709,
  1.4017018254045788,
  1.630289534085435,
  1.8961550286783433,
  2.20537752197442,
  2.5650276168716646,
  2.983328980982803,
  3.4698463869276934,
  4.035704417991765,
  4.693841840018505,
  5.459307455938977,
  6.349604207872799,
  7.38508939495175,
  8.58944015814495,
  9.990194875743303,
  11.619382848914599,
  13.514256675559151,
  15.718144058740227,
  18.28143852692428,
  21.262751719588042,
  24.73025358606217,
  28.76323114225735,
  33.45390142740782,
  38.909520115440266,
  45.254833995939045
 ],
 "border_radii": [
  10,
  10,
  10,
  10,
  10,
  10,
  10,
  10,
  10,
  10,
  10,
  10,
  10,
  10,
  10,
  10,
  10,
  10,
  10,
  10,
  10,
  11,
  13,
  16,
  18,
  21,
  25,
  29,
  34,
  39,
  46,
  54,
  62,
  73,
  42,
  49,
  57,
  66,
  77,
  90
 ]
}