{
 "time": "181112_2206",
 "filename": "T-BN7644170.png",
 "alphas": [
  0.09109940373648055,
  0.0930691427871167,
  0.09521628959254846,
  0.09805109389703484,
  0.10129491979986555,
  0.10519100874410436,
  0.10972782875556839,
  0.1148704944090912,
  0.11707075359207077,
  0.12021409190174953,
  0.12374155013282559,
  0.1283007475822917,
  0.1337861448471998,
  0.14068681918096315,
  0.1487336666393898,
  0.15169617107554761,
  0.15419189789160656,
  0.157220874005687,
  0.16155720830773693,
  0.1673050901374702,
  0.17392867576587256,
  0.18312477618437015,
  0.1867560931134941,
  0.18447345439698748,
  0.18352876247688832,
  0.1851644175431008,
  0.19107622081251585,
  0.19982873933130024,
  0.21252246448289272,
  0.22974349251195417,
  0.24422269704714525,
  0.21567704189822673,
  0.18414255128933282,
  0.1542952839600799,
  0.12050027428284904,
  0.10632578474841985,
  0.09903636067987606,
  0.09783102881813686,
  0.10042784016266035,
  0.1076543526282406
 ],
 "betas": [
  0.5,
  0.5,
  0.5,
  0.5,
  0.5,
  0.5,
  0.5,
  0.5,
  0.5,
  0.5,
  0.5,
  0.5,
  0.5,
  0.5,
  0.5,
  0.5,
  0.5,
  0.5,
  0.5,
  0.5,
  0.5,
  0.5,
  0.5,
  0.5,
  0.5,
  0.5,
  0.5,
  0.5,
  0.5,
  0.5,
  0.5,
  0.5,
  0.5,
  0.5,
  0.5,
  0.5,
  0.5,
  0.5,
  0.5,
  0.5
 ],
 "gammas": [
  0.0729609868113457,
  0.07179101682111064,
  0.07046189493147173,
  0.06895750064710335,
  0.06726187887137752,
  0.06535992879506514,
  0.0632382962251194,
  0.06088648086222491,
  0.0582981497991505,
  0.05547261727892857,
  0.05241832880542832,
  0.04963148244061804,
  0.04669089544593245,
  0.04362049773473262,
  0.040449536230166346,
  0.03721165367321763,
  0.033943638353708484,
  0.030683970848802113,
  0.027471316193762967,
  0.024343095382271637,
  0.021334223860608265,
  0.018511634185112258,
  0.0164757658117949,
  0.014498859073136448,
  0.012621355903661566,
  0.011242886761302875,
  0.010161909225928297,
  0.009223375267938046,
  0.008323580575476972,
  0.007490635781042115,
  0.006685782055987788,
  0.005925113478879809,
  0.005262753295970636,
  0.0046284353937529965,
  0.004010399037885726,
  0.0034284055993642126,
  0.002896689233638236,
  0.0024307469125999883,
  0.0020160442392251894,
  0.0017469061043025825
 ],
 "sigmas": [
  0.125,
  0.14538483725086093,
  0.1690940072196746,
  0.1966696377578263,
  0.22874226622085883,
  0.26604525717530136,
  0.309431571326357,
  0.35989326910048464,
  0.41858419484683407,
  0.4868463603487171,
  0.5662406309237779,
  0.6585824157734259,
  0.7659831786679869,
  0.8908987181403394,
  1.0361853211506706,
  1.2051650742177709,
  1.4017018254045788,
  1.630289534085435,
  1.8961550286783433,
  2.20537752197442,
  2.5650276168716646,
  2.983328980982803,
  3.4698463869276934,
  4.035704417991765,
  4.693841840018505,
  5.459307455938977,
  6.349604207872799,
  7.38508939495175,
  8.58944015814495,
  9.990194875743303,
  11.619382848914599,
  13.514256675559151,
  15.718144058740227,
  18.28143852692428,
  21.262751719588042,
  24.73025358606217,
  28.76323114225735,
  33.45390142740782,
  38.909520115440266,
  45.254833995939045
 ],
 "border_radii": [
  10,
  10,
  10,
  10,
  10,
  10,
  10,
  10,
  10,
  10,
  10,
  10,
  10,
  10,
  10,
  10,
  10,
  10,
  10,
  10,
  10,
  11,
  13,
  16,
  18,
  21,
  25,
  29,
  34,
  39,
  46,
  54,
  62,
  73,
  42,
  49,
  57,
  66,
  77,
  90
 ]
}