{
 "time": "181112_2221",
 "filename": "T-BN7832092.png",
 "alphas": [
  0.010885949248363036,
  0.011181929181878329,
  0.011516932636261756,
  0.011945475060266613,
  0.01245007295120634,
  0.013077737746416405,
  0.013829591636947004,
  0.014791931975197247,
  0.015969447379778796,
  0.017497049950007747,
  0.019405033572430338,
  0.021824830470227298,
  0.02496484516824029,
  0.029111919716820096,
  0.034580031082566985,
  0.04183248198172505,
  0.047701583858459476,
  0.05088128051016869,
  0.05514283065830358,
  0.060419796836448755,
  0.06708743981386162,
  0.07498616599279095,
  0.0849280513822298,
  0.09698370176508436,
  0.11121268909186474,
  0.12639853364572545,
  0.14447687010802895,
  0.1637304752046984,
  0.16809431887707632,
  0.1691488814887283,
  0.23028820999650107,
  0.2552966268556006,
  0.26604697986627757,
  0.27267456312175964,
  0.258072680287451,
  0.26537984657088537,
  0.2765252268285329,
  0.2912863147457723,
  0.31057157456715867,
  0.33303452570527947
 ],
 "betas": [
  0.5,
  0.5,
  0.5,
  0.5,
  0.5,
  0.5,
  0.5,
  0.5,
  0.5,
  0.5,
  0.5,
  0.5,
  0.5,
  0.5,
  0.5,
  0.5,
  0.5,
  0.5,
  0.5,
  0.5,
  0.5,
  0.5,
  0.5,
  0.5,
  0.5,
  0.5,
  0.5,
  0.5,
  0.5,
  0.5,
  0.5,
  0.5,
  0.5,
  0.5,
  0.5,
  0.5,
  0.5,
  0.5,
  0.5,
  0.5
 ],
 "gammas": [
  0.14975770888472176,
  0.14551270448869222,
  0.1407737543524785,
  0.1355167366965427,
  0.1297270298452984,
  0.12340299059427075,
  0.11655965894260158,
  0.10923236640241149,
  0.10147977612593297,
  0.09338574473674553,
  0.08505931226937692,
  0.07663215664636207,
  0.0682530527020722,
  0.060741096447507886,
  0.05462345623464111,
  0.048572077087518414,
  0.042690233962949145,
  0.03707614943406217,
  0.03181616184338016,
  0.027451201581160035,
  0.024099437103233368,
  0.020876880571343685,
  0.017853874551202655,
  0.015272778354901295,
  0.013118194310842086,
  0.011143610271734645,
  0.009413531412287351,
  0.007909181296385934,
  0.006632341679376295,
  0.005806105498618366,
  0.005143646873668354,
  0.004588097309133249,
  0.004061995405701716,
  0.003559201130641171,
  0.0030620630055185815,
  0.002593366190376054,
  0.002160150577753969,
  0.0017710567246950729,
  0.001487843476831716,
  0.0012736376996719167
 ],
 "sigmas": [
  0.125,
  0.14538483725086093,
  0.1690940072196746,
  0.1966696377578263,
  0.22874226622085883,
  0.26604525717530136,
  0.309431571326357,
  0.35989326910048464,
  0.41858419484683407,
  0.4868463603487171,
  0.5662406309237779,
  0.6585824157734259,
  0.7659831786679869,
  0.8908987181403394,
  1.0361853211506706,
  1.2051650742177709,
  1.4017018254045788,
  1.630289534085435,
  1.8961550286783433,
  2.20537752197442,
  2.5650276168716646,
  2.983328980982803,
  3.4698463869276934,
  4.035704417991765,
  4.693841840018505,
  5.459307455938977,
  6.349604207872799,
  7.38508939495175,
  8.58944015814495,
  9.990194875743303,
  11.619382848914599,
  13.514256675559151,
  15.718144058740227,
  18.28143852692428,
  21.262751719588042,
  24.73025358606217,
  28.76323114225735,
  33.45390142740782,
  38.909520115440266,
  45.254833995939045
 ],
 "border_radii": [
  10,
  10,
  10,
  10,
  10,
  10,
  10,
  10,
  10,
  10,
  10,
  10,
  10,
  10,
  10,
  10,
  10,
  10,
  10,
  10,
  10,
  11,
  13,
  16,
  18,
  21,
  25,
  29,
  34,
  39,
  46,
  54,
  62,
  73,
  42,
  49,
  57,
  66,
  77,
  90
 ]
}