{
 "time": "181112_2017",
 "filename": "T-BN2623827.png",
 "alphas": [
  0.011182553758682184,
  0.011567603233343389,
  0.012035484808691876,
  0.012594352058016099,
  0.013218548124089367,
  0.014028237598474755,
  0.014990041243478466,
  0.016198540178655806,
  0.017479921645824667,
  0.018997719452253783,
  0.020964884306935112,
  0.023402520723388498,
  0.02641213498857027,
  0.030288799699519132,
  0.03505219724804071,
  0.041225362688990214,
  0.04919896577217456,
  0.0596108914740213,
  0.07327964675133344,
  0.09145010936560115,
  0.1156168692998176,
  0.14863066794301238,
  0.1924556800608414,
  0.22572586394445657,
  0.2360813945137055,
  0.23273976974465338,
  0.2340332674676905,
  0.23990353236318848,
  0.24934180657427055,
  0.2649551834012342,
  0.28785259951916675,
  0.30970591756373306,
  0.30986929694407583,
  0.31236077816137275,
  0.2879650150498555,
  0.2874400639122212,
  0.27254912982630053,
  0.2613892286541546,
  0.25656415334647825,
  0.25787759877892275
 ],
 "betas": [
  0.5,
  0.5,
  0.5,
  0.5,
  0.5,
  0.5,
  0.5,
  0.5,
  0.5,
  0.5,
  0.5,
  0.5,
  0.5,
  0.5,
  0.5,
  0.5,
  0.5,
  0.5,
  0.5,
  0.5,
  0.5,
  0.5,
  0.5,
  0.5,
  0.5,
  0.5,
  0.5,
  0.5,
  0.5,
  0.5,
  0.5,
  0.5,
  0.5,
  0.5,
  0.5,
  0.5,
  0.5,
  0.5,
  0.5,
  0.5
 ],
 "gammas": [
  0.0833083403512588,
  0.08125540168512296,
  0.07894689493374443,
  0.07636438993875627,
  0.07349236367986622,
  0.07031973649154347,
  0.06684163872301636,
  0.06306132831003403,
  0.061156629009603274,
  0.05956974421612224,
  0.05778286864339691,
  0.05578307075967686,
  0.05356113127173532,
  0.05111332817420213,
  0.048443416078992683,
  0.045564605221751216,
  0.04260109131145488,
  0.04007032484352351,
  0.03730036173861537,
  0.03434490828594905,
  0.03127345749862232,
  0.028165150948352865,
  0.02510072736360114,
  0.022154151934055195,
  0.019404249366412843,
  0.017142894901940393,
  0.0152288013369791,
  0.013427391648342911,
  0.01172459849937794,
  0.010184891419989982,
  0.008854240912049238,
  0.007620602372565604,
  0.0065500751962215675,
  0.005619349522801317,
  0.004815193032145547,
  0.004103951291472831,
  0.0034970914471236683,
  0.002947592409608338,
  0.0020895853918314455,
  0.001713779713037784
 ],
 "sigmas": [
  0.125,
  0.14538483725086093,
  0.1690940072196746,
  0.1966696377578263,
  0.22874226622085883,
  0.26604525717530136,
  0.309431571326357,
  0.35989326910048464,
  0.41858419484683407,
  0.4868463603487171,
  0.5662406309237779,
  0.6585824157734259,
  0.7659831786679869,
  0.8908987181403394,
  1.0361853211506706,
  1.2051650742177709,
  1.4017018254045788,
  1.630289534085435,
  1.8961550286783433,
  2.20537752197442,
  2.5650276168716646,
  2.983328980982803,
  3.4698463869276934,
  4.035704417991765,
  4.693841840018505,
  5.459307455938977,
  6.349604207872799,
  7.38508939495175,
  8.58944015814495,
  9.990194875743303,
  11.619382848914599,
  13.514256675559151,
  15.718144058740227,
  18.28143852692428,
  21.262751719588042,
  24.73025358606217,
  28.76323114225735,
  33.45390142740782,
  38.909520115440266,
  45.254833995939045
 ],
 "border_radii": [
  10,
  10,
  10,
  10,
  10,
  10,
  10,
  10,
  10,
  10,
  10,
  10,
  10,
  10,
  10,
  10,
  10,
  10,
  10,
  10,
  10,
  11,
  13,
  16,
  18,
  21,
  25,
  29,
  34,
  39,
  46,
  54,
  62,
  73,
  42,
  49,
  57,
  66,
  77,
  90
 ]
}