{
 "time": "181112_2208",
 "filename": "T-BN7646343.png",
 "alphas": [
  0.055088433739646975,
  0.055950746080483574,
  0.05692455816115785,
  0.05813602903772323,
  0.05948059236320934,
  0.06109945555925845,
  0.0630062534654009,
  0.06542593524479827,
  0.06835322302927545,
  0.07191909101156782,
  0.07600975958426773,
  0.07949096111520783,
  0.08350909865762143,
  0.08828889727629301,
  0.09376213741717618,
  0.10012659713953272,
  0.10796267772848342,
  0.11692327244381501,
  0.12778376334488065,
  0.14107730904893484,
  0.15689260101177,
  0.17601335607080287,
  0.18644511918089673,
  0.1997261754170379,
  0.21566242626468166,
  0.22093494806114328,
  0.21815382249575,
  0.2130052096352708,
  0.20909091834529436,
  0.20517600615355996,
  0.20388741314188888,
  0.20531852939402961,
  0.20356333343676694,
  0.2059477296378744,
  0.18840927136571226,
  0.19518248031339006,
  0.20612229927427694,
  0.21974865750112255,
  0.23819916218601866,
  0.24095836992923053
 ],
 "betas": [
  0.5,
  0.5,
  0.5,
  0.5,
  0.5,
  0.5,
  0.5,
  0.5,
  0.5,
  0.5,
  0.5,
  0.5,
  0.5,
  0.5,
  0.5,
  0.5,
  0.5,
  0.5,
  0.5,
  0.5,
  0.5,
  0.5,
  0.5,
  0.5,
  0.5,
  0.5,
  0.5,
  0.5,
  0.5,
  0.5,
  0.5,
  0.5,
  0.5,
  0.5,
  0.5,
  0.5,
  0.5,
  0.5,
  0.5,
  0.5
 ],
 "gammas": [
  0.15934337972115076,
  0.1556048899814044,
  0.1514115376602066,
  0.14673397373435026,
  0.14154915142212043,
  0.13584317846681,
  0.12961449295354782,
  0.122877160852106,
  0.11566397651364346,
  0.1080289266273268,
  0.10004848194581704,
  0.09182115019762077,
  0.08346480501584452,
  0.07511153794908802,
  0.06690017132562162,
  0.05896707207083725,
  0.051436407357949215,
  0.04441131795893577,
  0.037967489761543835,
  0.0321501907031109,
  0.02697507287302145,
  0.02322352228818826,
  0.020526301676160943,
  0.01802861484504421,
  0.015894202243112374,
  0.013929702739398623,
  0.012117698997312557,
  0.010463986077413825,
  0.008979394508932448,
  0.007659355194762929,
  0.006812384577197751,
  0.005997312193912889,
  0.005210170863825973,
  0.004548057726552367,
  0.003973650774048803,
  0.003430661724764543,
  0.002932660661036566,
  0.0024767053446523185,
  0.002115780964052714,
  0.0018752023809263608
 ],
 "sigmas": [
  0.125,
  0.14538483725086093,
  0.1690940072196746,
  0.1966696377578263,
  0.22874226622085883,
  0.26604525717530136,
  0.309431571326357,
  0.35989326910048464,
  0.41858419484683407,
  0.4868463603487171,
  0.5662406309237779,
  0.6585824157734259,
  0.7659831786679869,
  0.8908987181403394,
  1.0361853211506706,
  1.2051650742177709,
  1.4017018254045788,
  1.630289534085435,
  1.8961550286783433,
  2.20537752197442,
  2.5650276168716646,
  2.983328980982803,
  3.4698463869276934,
  4.035704417991765,
  4.693841840018505,
  5.459307455938977,
  6.349604207872799,
  7.38508939495175,
  8.58944015814495,
  9.990194875743303,
  11.619382848914599,
  13.514256675559151,
  15.718144058740227,
  18.28143852692428,
  21.262751719588042,
  24.73025358606217,
  28.76323114225735,
  33.45390142740782,
  38.909520115440266,
  45.254833995939045
 ],
 "border_radii": [
  10,
  10,
  10,
  10,
  10,
  10,
  10,
  10,
  10,
  10,
  10,
  10,
  10,
  10,
  10,
  10,
  10,
  10,
  10,
  10,
  10,
  11,
  13,
  16,
  18,
  21,
  25,
  29,
  34,
  39,
  46,
  54,
  62,
  73,
  42,
  49,
  57,
  66,
  77,
  90
 ]
}