{
 "time": "181112_2122",
 "filename": "T-BN5701077.png",
 "alphas": [
  0.08168017020903598,
  0.08358616769171588,
  0.08576696415863092,
  0.08855980535472735,
  0.09163037756149778,
  0.09557040347589997,
  0.09929730574764412,
  0.09999326687685238,
  0.10114659249306368,
  0.10294169807118508,
  0.1053204322818819,
  0.10850192306907556,
  0.11255319091976959,
  0.11731297606617712,
  0.12293682506094782,
  0.13020509568180716,
  0.13858114540467295,
  0.13937442559480634,
  0.1418128848621373,
  0.1463012253400875,
  0.15299664073121672,
  0.16288162918819737,
  0.1750259100983665,
  0.18984686668361667,
  0.20452472122451995,
  0.21956418374858205,
  0.23688070054603205,
  0.25404662159649904,
  0.2715018136400159,
  0.28449194931642197,
  0.2744254279627896,
  0.2719009467017435,
  0.2727943996090345,
  0.28368965181507866,
  0.2622740924126536,
  0.2796414325026594,
  0.3048572018246549,
  0.3089111810065298,
  0.31511497174033015,
  0.32660942659991316
 ],
 "betas": [
  0.5,
  0.5,
  0.5,
  0.5,
  0.5,
  0.5,
  0.5,
  0.5,
  0.5,
  0.5,
  0.5,
  0.5,
  0.5,
  0.5,
  0.5,
  0.5,
  0.5,
  0.5,
  0.5,
  0.5,
  0.5,
  0.5,
  0.5,
  0.5,
  0.5,
  0.5,
  0.5,
  0.5,
  0.5,
  0.5,
  0.5,
  0.5,
  0.5,
  0.5,
  0.5,
  0.5,
  0.5,
  0.5,
  0.5,
  0.5
 ],
 "gammas": [
  0.15589504360055065,
  0.151256293692855,
  0.14607468172917293,
  0.1403227600941024,
  0.13398329801579034,
  0.1270531365805574,
  0.11954734285794923,
  0.11150332781721406,
  0.10298442792266968,
  0.09408229148905478,
  0.08491730427496105,
  0.07563629763154936,
  0.06800613591464065,
  0.062004814411367126,
  0.05596726272363873,
  0.04999292213408025,
  0.044183024431508004,
  0.03916714771133399,
  0.03517885920136763,
  0.03129480643761812,
  0.02787686159711349,
  0.024695197298951036,
  0.021835494628913196,
  0.01906352188838073,
  0.016432155743845572,
  0.014034063371208102,
  0.01202438501999227,
  0.010467048320328165,
  0.00927540385097793,
  0.008131988182145798,
  0.007073792038321413,
  0.006099950919361725,
  0.005199111262181794,
  0.004376006461942934,
  0.0036336133377762223,
  0.0030044274731012553,
  0.002575625747993671,
  0.002196209738093678,
  0.0019649910016826884,
  0.0017495977621728395
 ],
 "sigmas": [
  0.125,
  0.14538483725086093,
  0.1690940072196746,
  0.1966696377578263,
  0.22874226622085883,
  0.26604525717530136,
  0.309431571326357,
  0.35989326910048464,
  0.41858419484683407,
  0.4868463603487171,
  0.5662406309237779,
  0.6585824157734259,
  0.7659831786679869,
  0.8908987181403394,
  1.0361853211506706,
  1.2051650742177709,
  1.4017018254045788,
  1.630289534085435,
  1.8961550286783433,
  2.20537752197442,
  2.5650276168716646,
  2.983328980982803,
  3.4698463869276934,
  4.035704417991765,
  4.693841840018505,
  5.459307455938977,
  6.349604207872799,
  7.38508939495175,
  8.58944015814495,
  9.990194875743303,
  11.619382848914599,
  13.514256675559151,
  15.718144058740227,
  18.28143852692428,
  21.262751719588042,
  24.73025358606217,
  28.76323114225735,
  33.45390142740782,
  38.909520115440266,
  45.254833995939045
 ],
 "border_radii": [
  10,
  10,
  10,
  10,
  10,
  10,
  10,
  10,
  10,
  10,
  10,
  10,
  10,
  10,
  10,
  10,
  10,
  10,
  10,
  10,
  10,
  11,
  13,
  16,
  18,
  21,
  25,
  29,
  34,
  39,
  46,
  54,
  62,
  73,
  42,
  49,
  57,
  66,
  77,
  90
 ]
}