{
 "time": "181112_2133",
 "filename": "T-BN6238549.png",
 "alphas": [
  0.08096889975062255,
  0.08200402799223666,
  0.08333209081770958,
  0.0850356179112569,
  0.08700452665381367,
  0.08911309477964854,
  0.0918312614911254,
  0.09500197316219644,
  0.09913346759879253,
  0.1036308411020109,
  0.10886007270338517,
  0.10822381972299194,
  0.10532994648326857,
  0.10296634323601009,
  0.10135556974521315,
  0.10055514317874725,
  0.10104189834549897,
  0.10263840850215322,
  0.10678407083022703,
  0.11287878997244205,
  0.12126864036095955,
  0.13063447975479606,
  0.14161924206838117,
  0.1575864509053238,
  0.1774514109463314,
  0.19794899993571438,
  0.20458502147527763,
  0.20717297368212514,
  0.2028501708524106,
  0.20037295509645073,
  0.20352717437200551,
  0.20885980080483058,
  0.21400924985948888,
  0.22526242456997286,
  0.21179048570526476,
  0.22556140709466782,
  0.2184160373826786,
  0.21272802401499658,
  0.2129753215016439,
  0.21277504475562925
 ],
 "betas": [
  0.5,
  0.5,
  0.5,
  0.5,
  0.5,
  0.5,
  0.5,
  0.5,
  0.5,
  0.5,
  0.5,
  0.5,
  0.5,
  0.5,
  0.5,
  0.5,
  0.5,
  0.5,
  0.5,
  0.5,
  0.5,
  0.5,
  0.5,
  0.5,
  0.5,
  0.5,
  0.5,
  0.5,
  0.5,
  0.5,
  0.5,
  0.5,
  0.5,
  0.5,
  0.5,
  0.5,
  0.5,
  0.5,
  0.5,
  0.5
 ],
 "gammas": [
  0.13674857574128468,
  0.13370316063423576,
  0.1302844788240403,
  0.12646734582846406,
  0.1222312840306137,
  0.11756273933134088,
  0.11245755052147863,
  0.10692351569059141,
  0.10098281192585024,
  0.09467393617347818,
  0.08805276941977921,
  0.08119235552448607,
  0.07418106564227453,
  0.06711901487375421,
  0.060112905745820684,
  0.05336807122723848,
  0.04686613974546657,
  0.0406900733467403,
  0.03491681444871367,
  0.029607860807428596,
  0.025190842502138645,
  0.022144117129580188,
  0.019270218150094852,
  0.016607098168414068,
  0.014178643884495933,
  0.011995374224262756,
  0.010655565863836678,
  0.009656248888671577,
  0.00864891756371594,
  0.007659453290865496,
  0.006708279621540916,
  0.0058339763028271725,
  0.005027607951618846,
  0.004280874774426018,
  0.0036017512292010052,
  0.003101490196845779,
  0.002662334550177453,
  0.0022588543397870473,
  0.0018898759486640528,
  0.0015917789392022328
 ],
 "sigmas": [
  0.125,
  0.14538483725086093,
  0.1690940072196746,
  0.1966696377578263,
  0.22874226622085883,
  0.26604525717530136,
  0.309431571326357,
  0.35989326910048464,
  0.41858419484683407,
  0.4868463603487171,
  0.5662406309237779,
  0.6585824157734259,
  0.7659831786679869,
  0.8908987181403394,
  1.0361853211506706,
  1.2051650742177709,
  1.4017018254045788,
  1.630289534085435,
  1.8961550286783433,
  2.20537752197442,
  2.5650276168716646,
  2.983328980982803,
  3.4698463869276934,
  4.035704417991765,
  4.693841840018505,
  5.459307455938977,
  6.349604207872799,
  7.38508939495175,
  8.58944015814495,
  9.990194875743303,
  11.619382848914599,
  13.514256675559151,
  15.718144058740227,
  18.28143852692428,
  21.262751719588042,
  24.73025358606217,
  28.76323114225735,
  33.45390142740782,
  38.909520115440266,
  45.254833995939045
 ],
 "border_radii": [
  10,
  10,
  10,
  10,
  10,
  10,
  10,
  10,
  10,
  10,
  10,
  10,
  10,
  10,
  10,
  10,
  10,
  10,
  10,
  10,
  10,
  11,
  13,
  16,
  18,
  21,
  25,
  29,
  34,
  39,
  46,
  54,
  62,
  73,
  42,
  49,
  57,
  66,
  77,
  90
 ]
}