{
 "time": "181112_1944",
 "filename": "T-BN1273150.png",
 "alphas": [
  0.07658362929799123,
  0.07839845658942415,
  0.08053253505783921,
  0.08312599365610157,
  0.08613415754360071,
  0.08934408132856421,
  0.09221944588487474,
  0.09560405218038036,
  0.09908994307621785,
  0.10326806075644201,
  0.10805066437671303,
  0.1140936824192901,
  0.1211296139074013,
  0.1298182698014214,
  0.13960880614097662,
  0.147968429485711,
  0.15689852347421412,
  0.16752020105694457,
  0.17735683568451496,
  0.18242339988831438,
  0.1747688556645943,
  0.16906886747292857,
  0.16736140015994339,
  0.16876871336556962,
  0.17227433520507243,
  0.17846738891684655,
  0.18849100101856706,
  0.2004000655731183,
  0.21650820873644439,
  0.23690839613606757,
  0.26322660418852595,
  0.2872118555394889,
  0.27728583662155976,
  0.26473615858922683,
  0.23560827707702298,
  0.23349061027206647,
  0.23773915190847789,
  0.24984777813290196,
  0.27233315294672955,
  0.31021135665236943
 ],
 "betas": [
  0.5,
  0.5,
  0.5,
  0.5,
  0.5,
  0.5,
  0.5,
  0.5,
  0.5,
  0.5,
  0.5,
  0.5,
  0.5,
  0.5,
  0.5,
  0.5,
  0.5,
  0.5,
  0.5,
  0.5,
  0.5,
  0.5,
  0.5,
  0.5,
  0.5,
  0.5,
  0.5,
  0.5,
  0.5,
  0.5,
  0.5,
  0.5,
  0.5,
  0.5,
  0.5,
  0.5,
  0.5,
  0.5,
  0.5,
  0.5
 ],
 "gammas": [
  0.09892225625677588,
  0.09618972509738809,
  0.09314162818930288,
  0.08976325926847004,
  0.08604613786639567,
  0.08301272553573723,
  0.08038007798364312,
  0.0774631278251761,
  0.0742554216885254,
  0.07075814270426724,
  0.06698211503083411,
  0.06294962102881288,
  0.05869569917726905,
  0.05426851778940179,
  0.04972841111285193,
  0.0451452729864675,
  0.040594271850106806,
  0.03615027640774829,
  0.03263912179836393,
  0.02948237453533317,
  0.026362002715615937,
  0.023353246932477516,
  0.020794387746733374,
  0.0183837002322849,
  0.01612386604160185,
  0.014037041400166803,
  0.012135854866042677,
  0.010424335518844292,
  0.008899361024115988,
  0.0075523334585427026,
  0.006370869960624159,
  0.005340382617530768,
  0.0044454729725360975,
  0.0036710665174911504,
  0.0030031939558805075,
  0.002429349002585295,
  0.0019384526270965297,
  0.00170645751269006,
  0.0015006108939062861,
  0.0012947259031827335
 ],
 "sigmas": [
  0.125,
  0.14538483725086093,
  0.1690940072196746,
  0.1966696377578263,
  0.22874226622085883,
  0.26604525717530136,
  0.309431571326357,
  0.35989326910048464,
  0.41858419484683407,
  0.4868463603487171,
  0.5662406309237779,
  0.6585824157734259,
  0.7659831786679869,
  0.8908987181403394,
  1.0361853211506706,
  1.2051650742177709,
  1.4017018254045788,
  1.630289534085435,
  1.8961550286783433,
  2.20537752197442,
  2.5650276168716646,
  2.983328980982803,
  3.4698463869276934,
  4.035704417991765,
  4.693841840018505,
  5.459307455938977,
  6.349604207872799,
  7.38508939495175,
  8.58944015814495,
  9.990194875743303,
  11.619382848914599,
  13.514256675559151,
  15.718144058740227,
  18.28143852692428,
  21.262751719588042,
  24.73025358606217,
  28.76323114225735,
  33.45390142740782,
  38.909520115440266,
  45.254833995939045
 ],
 "border_radii": [
  10,
  10,
  10,
  10,
  10,
  10,
  10,
  10,
  10,
  10,
  10,
  10,
  10,
  10,
  10,
  10,
  10,
  10,
  10,
  10,
  10,
  11,
  13,
  16,
  18,
  21,
  25,
  29,
  34,
  39,
  46,
  54,
  62,
  73,
  42,
  49,
  57,
  66,
  77,
  90
 ]
}