{
 "time": "181112_2114",
 "filename": "T-BN5179290.png",
 "alphas": [
  0.03208731692035593,
  0.032880245187576894,
  0.033783320598554385,
  0.03489639693375606,
  0.03618937852086451,
  0.03773196558899311,
  0.039577157809355674,
  0.041872631947730325,
  0.044671564808013896,
  0.04803874456095674,
  0.05212383996389569,
  0.05732842951665598,
  0.06387359774086862,
  0.07217564443315017,
  0.08269278351663853,
  0.09628629407884454,
  0.11407339492810803,
  0.13720039121789623,
  0.15994140875836593,
  0.1786722031635185,
  0.19862536374959874,
  0.21291297241670482,
  0.2234099308930073,
  0.219358793042036,
  0.21902691181885275,
  0.2221666115173089,
  0.2290213130628283,
  0.2402799804482031,
  0.2534458994389362,
  0.26852959571271473,
  0.28659127799851736,
  0.30885620774578554,
  0.3319909704458976,
  0.33855969882549564,
  0.31103134039011293,
  0.311766183366882,
  0.3149612943722301,
  0.3184472468061563,
  0.3225807705909488,
  0.33292956952905456
 ],
 "betas": [
  0.5,
  0.5,
  0.5,
  0.5,
  0.5,
  0.5,
  0.5,
  0.5,
  0.5,
  0.5,
  0.5,
  0.5,
  0.5,
  0.5,
  0.5,
  0.5,
  0.5,
  0.5,
  0.5,
  0.5,
  0.5,
  0.5,
  0.5,
  0.5,
  0.5,
  0.5,
  0.5,
  0.5,
  0.5,
  0.5,
  0.5,
  0.5,
  0.5,
  0.5,
  0.5,
  0.5,
  0.5,
  0.5,
  0.5,
  0.5
 ],
 "gammas": [
  0.1356654980933505,
  0.1320694547546791,
  0.12804320753718,
  0.12356164117377606,
  0.11860657677150929,
  0.11316965688484687,
  0.10725552083063736,
  0.10088504995517483,
  0.09409834187158578,
  0.08695695015213621,
  0.07954483179647566,
  0.07196742196842673,
  0.06434835262476202,
  0.0568235869446988,
  0.049533158710588714,
  0.042611230432951105,
  0.03851067425373513,
  0.0352175454400199,
  0.03199571394618834,
  0.02906213949127827,
  0.027021694714278958,
  0.02480152146424301,
  0.0226184372201284,
  0.02060440262731869,
  0.018470540591524278,
  0.016376732130021974,
  0.014521358121156687,
  0.012717014373708091,
  0.01108946667154327,
  0.009561915168795555,
  0.008179600335020985,
  0.006932986254048706,
  0.005527455543371998,
  0.0035565167738828723,
  0.003112429886317673,
  0.002710485924705127,
  0.0023183925131163787,
  0.0019747559473522005,
  0.0016704526531287648,
  0.0014092876417520672
 ],
 "sigmas": [
  0.125,
  0.14538483725086093,
  0.1690940072196746,
  0.1966696377578263,
  0.22874226622085883,
  0.26604525717530136,
  0.309431571326357,
  0.35989326910048464,
  0.41858419484683407,
  0.4868463603487171,
  0.5662406309237779,
  0.6585824157734259,
  0.7659831786679869,
  0.8908987181403394,
  1.0361853211506706,
  1.2051650742177709,
  1.4017018254045788,
  1.630289534085435,
  1.8961550286783433,
  2.20537752197442,
  2.5650276168716646,
  2.983328980982803,
  3.4698463869276934,
  4.035704417991765,
  4.693841840018505,
  5.459307455938977,
  6.349604207872799,
  7.38508939495175,
  8.58944015814495,
  9.990194875743303,
  11.619382848914599,
  13.514256675559151,
  15.718144058740227,
  18.28143852692428,
  21.262751719588042,
  24.73025358606217,
  28.76323114225735,
  33.45390142740782,
  38.909520115440266,
  45.254833995939045
 ],
 "border_radii": [
  10,
  10,
  10,
  10,
  10,
  10,
  10,
  10,
  10,
  10,
  10,
  10,
  10,
  10,
  10,
  10,
  10,
  10,
  10,
  10,
  10,
  11,
  13,
  16,
  18,
  21,
  25,
  29,
  34,
  39,
  46,
  54,
  62,
  73,
  42,
  49,
  57,
  66,
  77,
  90
 ]
}