{
 "time": "181112_2219",
 "filename": "T-BN7804374.png",
 "alphas": [
  0.07070209859764287,
  0.07210174415991072,
  0.07379584419722739,
  0.0758240019499739,
  0.07826662527501574,
  0.08101348983825218,
  0.08421708127655003,
  0.08830187349185212,
  0.09316431333072689,
  0.09888731106758863,
  0.10572651883959391,
  0.11424111307813826,
  0.12452926947043372,
  0.13622999436327593,
  0.14735030839551277,
  0.1609870559693074,
  0.1776367002059739,
  0.19572518452643534,
  0.20634384080190482,
  0.2174018999040045,
  0.2294268212976054,
  0.24029786192554475,
  0.2484701203018486,
  0.2544836522234789,
  0.2627683309558828,
  0.2743226994725721,
  0.2885714974383013,
  0.3048495809796197,
  0.32389798442333745,
  0.342124204239604,
  0.36074487960633106,
  0.3514757776402798,
  0.3336632594686093,
  0.3162097633199611,
  0.2846836382170269,
  0.27282934634826084,
  0.2619309932011401,
  0.24712073055182787,
  0.23605124575494557,
  0.22784436109110504
 ],
 "betas": [
  0.5,
  0.5,
  0.5,
  0.5,
  0.5,
  0.5,
  0.5,
  0.5,
  0.5,
  0.5,
  0.5,
  0.5,
  0.5,
  0.5,
  0.5,
  0.5,
  0.5,
  0.5,
  0.5,
  0.5,
  0.5,
  0.5,
  0.5,
  0.5,
  0.5,
  0.5,
  0.5,
  0.5,
  0.5,
  0.5,
  0.5,
  0.5,
  0.5,
  0.5,
  0.5,
  0.5,
  0.5,
  0.5,
  0.5,
  0.5
 ],
 "gammas": [
  0.20414874332286412,
  0.19835800538983112,
  0.19187896145384722,
  0.18467339991560086,
  0.17671508747461295,
  0.1679946297042104,
  0.15852481364867044,
  0.14834604820670372,
  0.13753130201183786,
  0.12618971482776156,
  0.11446788144677116,
  0.1025477577261664,
  0.0906403137111091,
  0.07897454238775753,
  0.06778224531418602,
  0.05728005857631487,
  0.049601421861409305,
  0.044277526147393345,
  0.03904113949924349,
  0.034049271173563676,
  0.029408930063536926,
  0.02515184496642785,
  0.02131979834327908,
  0.0179314185926045,
  0.015012683326934504,
  0.01262297033871609,
  0.010573337439355127,
  0.008848463006348522,
  0.007792550603501143,
  0.0069146537484396295,
  0.005179090713850568,
  0.004355078267270566,
  0.0037810937781151063,
  0.003320412159044945,
  0.002897937672870066,
  0.0025061381973732946,
  0.002153420025694551,
  0.0018413510961935377,
  0.001564764752319314,
  0.0013257011929876134
 ],
 "sigmas": [
  0.125,
  0.14538483725086093,
  0.1690940072196746,
  0.1966696377578263,
  0.22874226622085883,
  0.26604525717530136,
  0.309431571326357,
  0.35989326910048464,
  0.41858419484683407,
  0.4868463603487171,
  0.5662406309237779,
  0.6585824157734259,
  0.7659831786679869,
  0.8908987181403394,
  1.0361853211506706,
  1.2051650742177709,
  1.4017018254045788,
  1.630289534085435,
  1.8961550286783433,
  2.20537752197442,
  2.5650276168716646,
  2.983328980982803,
  3.4698463869276934,
  4.035704417991765,
  4.693841840018505,
  5.459307455938977,
  6.349604207872799,
  7.38508939495175,
  8.58944015814495,
  9.990194875743303,
  11.619382848914599,
  13.514256675559151,
  15.718144058740227,
  18.28143852692428,
  21.262751719588042,
  24.73025358606217,
  28.76323114225735,
  33.45390142740782,
  38.909520115440266,
  45.254833995939045
 ],
 "border_radii": [
  10,
  10,
  10,
  10,
  10,
  10,
  10,
  10,
  10,
  10,
  10,
  10,
  10,
  10,
  10,
  10,
  10,
  10,
  10,
  10,
  10,
  11,
  13,
  16,
  18,
  21,
  25,
  29,
  34,
  39,
  46,
  54,
  62,
  73,
  42,
  49,
  57,
  66,
  77,
  90
 ]
}