{
 "time": "181112_1959",
 "filename": "T-BN1650687.png",
 "alphas": [
  0.01753041291334393,
  0.01809800885924427,
  0.01875360095901852,
  0.01960625460892126,
  0.020570823224095595,
  0.0217379063656045,
  0.023155720701859846,
  0.024950795267666404,
  0.027146271532850718,
  0.02991052545914469,
  0.033378799075427845,
  0.03716728492576694,
  0.03928000629309701,
  0.04170779967538977,
  0.04420343853190192,
  0.04747369020952415,
  0.05142179709593007,
  0.05676506960688486,
  0.06354083473294078,
  0.07228438738028645,
  0.08391121415847994,
  0.09712290528759901,
  0.10991872112195608,
  0.1048277316834229,
  0.10165300519212814,
  0.09808763021321716,
  0.0965258203299134,
  0.09722870292799789,
  0.09909166864276829,
  0.10248116945782629,
  0.10788317190708419,
  0.11521120940757465,
  0.12467651698149039,
  0.13661406315817917,
  0.14327611906830862,
  0.16128161430981847,
  0.18388915660304206,
  0.21365741591799867,
  0.253705515886999,
  0.2838597294716855
 ],
 "betas": [
  0.5,
  0.5,
  0.5,
  0.5,
  0.5,
  0.5,
  0.5,
  0.5,
  0.5,
  0.5,
  0.5,
  0.5,
  0.5,
  0.5,
  0.5,
  0.5,
  0.5,
  0.5,
  0.5,
  0.5,
  0.5,
  0.5,
  0.5,
  0.5,
  0.5,
  0.5,
  0.5,
  0.5,
  0.5,
  0.5,
  0.5,
  0.5,
  0.5,
  0.5,
  0.5,
  0.5,
  0.5,
  0.5,
  0.5,
  0.5
 ],
 "gammas": [
  0.07940332426273698,
  0.07696029332553524,
  0.0742390143583842,
  0.07122793388921138,
  0.06792148228281866,
  0.06432208487314613,
  0.06044225016319335,
  0.0563065261895657,
  0.051953031207542605,
  0.04743419247458477,
  0.04281629535332448,
  0.03817748948474244,
  0.033604052292569575,
  0.03024150474375325,
  0.0281208968908899,
  0.025980319651956622,
  0.023845757656043826,
  0.02174234442594076,
  0.01969296732174185,
  0.017717221911947797,
  0.015830884935437058,
  0.014647146847766303,
  0.013408550805265441,
  0.012136950839009364,
  0.010982416908242242,
  0.00995677676461009,
  0.008924987974626958,
  0.007941001236935322,
  0.007094814221743936,
  0.006257220769881553,
  0.005467725168392667,
  0.00472346333734237,
  0.004054469537631914,
  0.0035420804568283043,
  0.0031664298818278916,
  0.0027867912534030957,
  0.002416048882676977,
  0.0022064094690824776,
  0.001970573291313933,
  0.001720580692720598
 ],
 "sigmas": [
  0.125,
  0.14538483725086093,
  0.1690940072196746,
  0.1966696377578263,
  0.22874226622085883,
  0.26604525717530136,
  0.309431571326357,
  0.35989326910048464,
  0.41858419484683407,
  0.4868463603487171,
  0.5662406309237779,
  0.6585824157734259,
  0.7659831786679869,
  0.8908987181403394,
  1.0361853211506706,
  1.2051650742177709,
  1.4017018254045788,
  1.630289534085435,
  1.8961550286783433,
  2.20537752197442,
  2.5650276168716646,
  2.983328980982803,
  3.4698463869276934,
  4.035704417991765,
  4.693841840018505,
  5.459307455938977,
  6.349604207872799,
  7.38508939495175,
  8.58944015814495,
  9.990194875743303,
  11.619382848914599,
  13.514256675559151,
  15.718144058740227,
  18.28143852692428,
  21.262751719588042,
  24.73025358606217,
  28.76323114225735,
  33.45390142740782,
  38.909520115440266,
  45.254833995939045
 ],
 "border_radii": [
  10,
  10,
  10,
  10,
  10,
  10,
  10,
  10,
  10,
  10,
  10,
  10,
  10,
  10,
  10,
  10,
  10,
  10,
  10,
  10,
  10,
  11,
  13,
  16,
  18,
  21,
  25,
  29,
  34,
  39,
  46,
  54,
  62,
  73,
  42,
  49,
  57,
  66,
  77,
  90
 ]
}