{
 "time": "181112_2100",
 "filename": "T-BN4384182.png",
 "alphas": [
  0.04155401529952926,
  0.042376449170671786,
  0.04339082151201249,
  0.044510863671412444,
  0.045881842421924446,
  0.04743951539033132,
  0.049211394857658,
  0.051258183113805714,
  0.05380542679733806,
  0.056814155548659935,
  0.06040819909925964,
  0.0646641308231412,
  0.06996780018945827,
  0.07634247950364526,
  0.08406899827203108,
  0.09376395321386424,
  0.10567433883704869,
  0.12031097930681842,
  0.13728555457254907,
  0.158797226056562,
  0.1713894210635658,
  0.17841439489220318,
  0.18825329221523598,
  0.20071527565379596,
  0.21260546009337689,
  0.20779503640265723,
  0.19897644388026683,
  0.19537138074305238,
  0.1957342475205076,
  0.20115427664369492,
  0.21213929454091096,
  0.22410059976551336,
  0.23365281726898202,
  0.24844082743331433,
  0.24776169118815358,
  0.2646326494608516,
  0.28448200999779105,
  0.30345424224281853,
  0.3170702981121893,
  0.3124927427374359
 ],
 "betas": [
  0.5,
  0.5,
  0.5,
  0.5,
  0.5,
  0.5,
  0.5,
  0.5,
  0.5,
  0.5,
  0.5,
  0.5,
  0.5,
  0.5,
  0.5,
  0.5,
  0.5,
  0.5,
  0.5,
  0.5,
  0.5,
  0.5,
  0.5,
  0.5,
  0.5,
  0.5,
  0.5,
  0.5,
  0.5,
  0.5,
  0.5,
  0.5,
  0.5,
  0.5,
  0.5,
  0.5,
  0.5,
  0.5,
  0.5,
  0.5
 ],
 "gammas": [
  0.09957523519114526,
  0.09740768399941699,
  0.09497018975581392,
  0.09224333418693265,
  0.08921082198603603,
  0.08586112595130332,
  0.08218937467656454,
  0.07819938927372574,
  0.07390570664294888,
  0.06975046755987872,
  0.06596252970369858,
  0.061914519713093634,
  0.057635888072367795,
  0.05316768686033418,
  0.048905994984481775,
  0.04484453169992786,
  0.04070824866323874,
  0.036563493251963015,
  0.03296322876528177,
  0.029387531804515803,
  0.025888032674621576,
  0.022937749965529206,
  0.02008073634854575,
  0.017337574977019144,
  0.015036086113175156,
  0.012841012324086385,
  0.01079844043822089,
  0.0093105118959179,
  0.00806356052197719,
  0.007065465421267766,
  0.006142914378293216,
  0.005302896107562757,
  0.004577578769610702,
  0.003974879682338717,
  0.0033883250656144893,
  0.0030153983956895144,
  0.002651636452877003,
  0.002305802971532799,
  0.0019943781925823925,
  0.00174487362522221
 ],
 "sigmas": [
  0.125,
  0.14538483725086093,
  0.1690940072196746,
  0.1966696377578263,
  0.22874226622085883,
  0.26604525717530136,
  0.309431571326357,
  0.35989326910048464,
  0.41858419484683407,
  0.4868463603487171,
  0.5662406309237779,
  0.6585824157734259,
  0.7659831786679869,
  0.8908987181403394,
  1.0361853211506706,
  1.2051650742177709,
  1.4017018254045788,
  1.630289534085435,
  1.8961550286783433,
  2.20537752197442,
  2.5650276168716646,
  2.983328980982803,
  3.4698463869276934,
  4.035704417991765,
  4.693841840018505,
  5.459307455938977,
  6.349604207872799,
  7.38508939495175,
  8.58944015814495,
  9.990194875743303,
  11.619382848914599,
  13.514256675559151,
  15.718144058740227,
  18.28143852692428,
  21.262751719588042,
  24.73025358606217,
  28.76323114225735,
  33.45390142740782,
  38.909520115440266,
  45.254833995939045
 ],
 "border_radii": [
  10,
  10,
  10,
  10,
  10,
  10,
  10,
  10,
  10,
  10,
  10,
  10,
  10,
  10,
  10,
  10,
  10,
  10,
  10,
  10,
  10,
  11,
  13,
  16,
  18,
  21,
  25,
  29,
  34,
  39,
  46,
  54,
  62,
  73,
  42,
  49,
  57,
  66,
  77,
  90
 ]
}