{
 "time": "181112_2033",
 "filename": "T-BN3109757.png",
 "alphas": [
  0.017380943243076465,
  0.017645443262509837,
  0.017955813978944083,
  0.018352828480827626,
  0.018826684484264004,
  0.0194034883057674,
  0.02006907582869824,
  0.02087995742362426,
  0.021818836144995205,
  0.023000717751931264,
  0.024458415919935944,
  0.026129671026890653,
  0.02818813335677222,
  0.03055561663757852,
  0.033364320363863144,
  0.03694564294131377,
  0.040528303685939376,
  0.0437898353874062,
  0.047794551142578856,
  0.05274785781326454,
  0.05857812954258819,
  0.06555157365924916,
  0.07410356562041694,
  0.08404968886134323,
  0.09524876176368421,
  0.10897141242866236,
  0.12552795869869432,
  0.1401901565031294,
  0.15651709720547927,
  0.1778704730319982,
  0.20444145798707242,
  0.23761856832102607,
  0.2778055391875657,
  0.31403975330584205,
  0.28951099593606044,
  0.2912295635514836,
  0.2657566793053483,
  0.24836152097392106,
  0.23858551355152946,
  0.2337798638125632
 ],
 "betas": [
  0.5,
  0.5,
  0.5,
  0.5,
  0.5,
  0.5,
  0.5,
  0.5,
  0.5,
  0.5,
  0.5,
  0.5,
  0.5,
  0.5,
  0.5,
  0.5,
  0.5,
  0.5,
  0.5,
  0.5,
  0.5,
  0.5,
  0.5,
  0.5,
  0.5,
  0.5,
  0.5,
  0.5,
  0.5,
  0.5,
  0.5,
  0.5,
  0.5,
  0.5,
  0.5,
  0.5,
  0.5,
  0.5,
  0.5,
  0.5
 ],
 "gammas": [
  0.17726639262051666,
  0.1720441328375613,
  0.16622842730239726,
  0.15979492766098483,
  0.15273203596479504,
  0.1450451161240624,
  0.13676082202477027,
  0.1279310836317601,
  0.11863611496305425,
  0.1089856634565942,
  0.09911767186049114,
  0.08919364811389517,
  0.0793904042352456,
  0.06988845381159564,
  0.060858178007177785,
  0.0524456869447204,
  0.04558583728887568,
  0.040522048096565885,
  0.03556467289625234,
  0.030837888397674647,
  0.0273099246140317,
  0.023920502204974804,
  0.020727088981450825,
  0.017958759318536594,
  0.01587487539512309,
  0.01383123947655309,
  0.011846064716327709,
  0.009934232878829915,
  0.00831456140555966,
  0.007360267583659844,
  0.006421363617862456,
  0.0055244402052406945,
  0.004689501996408531,
  0.003929957054676285,
  0.003314646102312382,
  0.0028629152226045764,
  0.002475716725704105,
  0.0021388004805212232,
  0.001873875903559095,
  0.0016431882569561981
 ],
 "sigmas": [
  0.125,
  0.14538483725086093,
  0.1690940072196746,
  0.1966696377578263,
  0.22874226622085883,
  0.26604525717530136,
  0.309431571326357,
  0.35989326910048464,
  0.41858419484683407,
  0.4868463603487171,
  0.5662406309237779,
  0.6585824157734259,
  0.7659831786679869,
  0.8908987181403394,
  1.0361853211506706,
  1.2051650742177709,
  1.4017018254045788,
  1.630289534085435,
  1.8961550286783433,
  2.20537752197442,
  2.5650276168716646,
  2.983328980982803,
  3.4698463869276934,
  4.035704417991765,
  4.693841840018505,
  5.459307455938977,
  6.349604207872799,
  7.38508939495175,
  8.58944015814495,
  9.990194875743303,
  11.619382848914599,
  13.514256675559151,
  15.718144058740227,
  18.28143852692428,
  21.262751719588042,
  24.73025358606217,
  28.76323114225735,
  33.45390142740782,
  38.909520115440266,
  45.254833995939045
 ],
 "border_radii": [
  10,
  10,
  10,
  10,
  10,
  10,
  10,
  10,
  10,
  10,
  10,
  10,
  10,
  10,
  10,
  10,
  10,
  10,
  10,
  10,
  10,
  11,
  13,
  16,
  18,
  21,
  25,
  29,
  34,
  39,
  46,
  54,
  62,
  73,
  42,
  49,
  57,
  66,
  77,
  90
 ]
}