{
 "time": "181112_2239",
 "filename": "T-BN8358802.png",
 "alphas": [
  0.01710260911466881,
  0.017440048276537033,
  0.017834233915096146,
  0.01830555347331403,
  0.018829133818923136,
  0.019523600334915903,
  0.02033960455791619,
  0.021303474798172548,
  0.022561629397060343,
  0.024084980453542185,
  0.026007983137302647,
  0.028361646652002866,
  0.031287912339173156,
  0.03511346900749454,
  0.04008940935375946,
  0.046537106001133255,
  0.05501110691096653,
  0.0661821560810929,
  0.08095104853862296,
  0.10058329996364086,
  0.1273384441541452,
  0.16338744172593117,
  0.21239875029875044,
  0.2531893351901247,
  0.2575666604689798,
  0.2653541068108828,
  0.27416612730993006,
  0.2836009393673064,
  0.2970361964406425,
  0.31274431881100007,
  0.33148433064408916,
  0.35022465642236156,
  0.3717399939108796,
  0.3991886558248598,
  0.3811525236629268,
  0.3993571509716229,
  0.4063594144310424,
  0.40323921986746214,
  0.3856761229727514,
  0.37090630901973065
 ],
 "betas": [
  0.5,
  0.5,
  0.5,
  0.5,
  0.5,
  0.5,
  0.5,
  0.5,
  0.5,
  0.5,
  0.5,
  0.5,
  0.5,
  0.5,
  0.5,
  0.5,
  0.5,
  0.5,
  0.5,
  0.5,
  0.5,
  0.5,
  0.5,
  0.5,
  0.5,
  0.5,
  0.5,
  0.5,
  0.5,
  0.5,
  0.5,
  0.5,
  0.5,
  0.5,
  0.5,
  0.5,
  0.5,
  0.5,
  0.5,
  0.5
 ],
 "gammas": [
  0.19701930462051281,
  0.1915200803101346,
  0.18537387662639615,
  0.1785465715040448,
  0.17101563613523563,
  0.1627745825561626,
  0.15383775848872988,
  0.1442451050772884,
  0.13406630644496373,
  0.12340358209811421,
  0.11239225708266502,
  0.10119826163020236,
  0.09001193624332134,
  0.07903799714507634,
  0.06848222953235732,
  0.058961960028780826,
  0.05148828208155896,
  0.04432259771214971,
  0.03762532038840434,
  0.031524896711933044,
  0.02610656221218267,
  0.022002050903062897,
  0.019839733383065532,
  0.017667728531713636,
  0.015664404021409797,
  0.013746334741909217,
  0.011888441299306496,
  0.010132489364185432,
  0.00851706031575325,
  0.007681387869593496,
  0.006914987121711862,
  0.006136752832548232,
  0.005371382709409806,
  0.004642867355263015,
  0.003967459996875451,
  0.0033545826344123808,
  0.0028081688850654348,
  0.0023281026544889126,
  0.0019115446441532215,
  0.0015540437628670538
 ],
 "sigmas": [
  0.125,
  0.14538483725086093,
  0.1690940072196746,
  0.1966696377578263,
  0.22874226622085883,
  0.26604525717530136,
  0.309431571326357,
  0.35989326910048464,
  0.41858419484683407,
  0.4868463603487171,
  0.5662406309237779,
  0.6585824157734259,
  0.7659831786679869,
  0.8908987181403394,
  1.0361853211506706,
  1.2051650742177709,
  1.4017018254045788,
  1.630289534085435,
  1.8961550286783433,
  2.20537752197442,
  2.5650276168716646,
  2.983328980982803,
  3.4698463869276934,
  4.035704417991765,
  4.693841840018505,
  5.459307455938977,
  6.349604207872799,
  7.38508939495175,
  8.58944015814495,
  9.990194875743303,
  11.619382848914599,
  13.514256675559151,
  15.718144058740227,
  18.28143852692428,
  21.262751719588042,
  24.73025358606217,
  28.76323114225735,
  33.45390142740782,
  38.909520115440266,
  45.254833995939045
 ],
 "border_radii": [
  10,
  10,
  10,
  10,
  10,
  10,
  10,
  10,
  10,
  10,
  10,
  10,
  10,
  10,
  10,
  10,
  10,
  10,
  10,
  10,
  10,
  11,
  13,
  16,
  18,
  21,
  25,
  29,
  34,
  39,
  46,
  54,
  62,
  73,
  42,
  49,
  57,
  66,
  77,
  90
 ]
}