{
 "time": "181112_2210",
 "filename": "T-BN7686730.png",
 "alphas": [
  0.03094245936352291,
  0.03139976869356029,
  0.03191057004209446,
  0.03255816583903789,
  0.0332565783285727,
  0.034099419220823365,
  0.035078886066191965,
  0.03631230516422379,
  0.03770401336439833,
  0.03959423148954992,
  0.04179755100987401,
  0.04443511439358017,
  0.04757150385582302,
  0.05135132885529483,
  0.05605950543654928,
  0.06160399723614849,
  0.06784354098380291,
  0.07533377280358233,
  0.07691195071811013,
  0.07579358416377946,
  0.07346803589334895,
  0.07041832244905741,
  0.06888844907153223,
  0.06871106078605818,
  0.06905247805712877,
  0.07033389600633802,
  0.07243307301835958,
  0.07313762474401965,
  0.07464133946724669,
  0.07688350581457401,
  0.079306712416479,
  0.0834738914700783,
  0.08791059091374717,
  0.10000425054247364,
  0.1271531761380348,
  0.15469694540920623,
  0.17893774978921773,
  0.20927809153012267,
  0.248749251912109,
  0.27387190788101773
 ],
 "betas": [
  0.5,
  0.5,
  0.5,
  0.5,
  0.5,
  0.5,
  0.5,
  0.5,
  0.5,
  0.5,
  0.5,
  0.5,
  0.5,
  0.5,
  0.5,
  0.5,
  0.5,
  0.5,
  0.5,
  0.5,
  0.5,
  0.5,
  0.5,
  0.5,
  0.5,
  0.5,
  0.5,
  0.5,
  0.5,
  0.5,
  0.5,
  0.5,
  0.5,
  0.5,
  0.5,
  0.5,
  0.5,
  0.5,
  0.5,
  0.5
 ],
 "gammas": [
  0.16333718223373042,
  0.15947085911130643,
  0.1551259440621773,
  0.15026916452268047,
  0.1448732850379854,
  0.13892017021673508,
  0.13240430404731335,
  0.12533659652125015,
  0.11774817996498736,
  0.10969374954972201,
  0.10125385861252718,
  0.09253547963572509,
  0.08367014077300867,
  0.0748091050991575,
  0.066115417838842,
  0.0577532002582079,
  0.04987523377129769,
  0.04261048178222513,
  0.03671902131408439,
  0.0330496182919079,
  0.029517201211049258,
  0.02616757407122832,
  0.023037456270351593,
  0.02041386957406214,
  0.017957679256163345,
  0.01563902489737893,
  0.013485661288508225,
  0.011513002801959424,
  0.00993607446409451,
  0.008864200501002941,
  0.00780611147405323,
  0.006813155348620084,
  0.005875256493510105,
  0.005007965360936439,
  0.004223290845831953,
  0.0035261993060243507,
  0.0029339745855425843,
  0.002444589303749643,
  0.0021193819037884126,
  0.0018750984707871761
 ],
 "sigmas": [
  0.125,
  0.14538483725086093,
  0.1690940072196746,
  0.1966696377578263,
  0.22874226622085883,
  0.26604525717530136,
  0.309431571326357,
  0.35989326910048464,
  0.41858419484683407,
  0.4868463603487171,
  0.5662406309237779,
  0.6585824157734259,
  0.7659831786679869,
  0.8908987181403394,
  1.0361853211506706,
  1.2051650742177709,
  1.4017018254045788,
  1.630289534085435,
  1.8961550286783433,
  2.20537752197442,
  2.5650276168716646,
  2.983328980982803,
  3.4698463869276934,
  4.035704417991765,
  4.693841840018505,
  5.459307455938977,
  6.349604207872799,
  7.38508939495175,
  8.58944015814495,
  9.990194875743303,
  11.619382848914599,
  13.514256675559151,
  15.718144058740227,
  18.28143852692428,
  21.262751719588042,
  24.73025358606217,
  28.76323114225735,
  33.45390142740782,
  38.909520115440266,
  45.254833995939045
 ],
 "border_radii": [
  10,
  10,
  10,
  10,
  10,
  10,
  10,
  10,
  10,
  10,
  10,
  10,
  10,
  10,
  10,
  10,
  10,
  10,
  10,
  10,
  10,
  11,
  13,
  16,
  18,
  21,
  25,
  29,
  34,
  39,
  46,
  54,
  62,
  73,
  42,
  49,
  57,
  66,
  77,
  90
 ]
}