{
 "time": "181112_2138",
 "filename": "T-BN6469047.png",
 "alphas": [
  0.04274506665065469,
  0.04321964261561909,
  0.04382357629466933,
  0.044424468337424014,
  0.045204383305236365,
  0.04617782469967442,
  0.04726548546943978,
  0.04840114869056593,
  0.050013267287158714,
  0.051866479266500495,
  0.05411625903205383,
  0.056690460476121994,
  0.06019927882038062,
  0.06452320442829021,
  0.06960583996634617,
  0.07572185617463716,
  0.08368997071453928,
  0.09275688176911369,
  0.101704599261889,
  0.11003000727586906,
  0.11867099821467016,
  0.129541763531461,
  0.14328240649873553,
  0.15957915871329828,
  0.17850424247044672,
  0.2020608582004575,
  0.2252643104224431,
  0.2473006870602577,
  0.25023790198702395,
  0.25613331163595215,
  0.25954460421522396,
  0.2680694833573198,
  0.2832480605827987,
  0.25327188216278745,
  0.24857442631870047,
  0.28447586664643193,
  0.33542744929453533,
  0.34036289575688605,
  0.35231446907781266,
  0.3957618688142452
 ],
 "betas": [
  0.5,
  0.5,
  0.5,
  0.5,
  0.5,
  0.5,
  0.5,
  0.5,
  0.5,
  0.5,
  0.5,
  0.5,
  0.5,
  0.5,
  0.5,
  0.5,
  0.5,
  0.5,
  0.5,
  0.5,
  0.5,
  0.5,
  0.5,
  0.5,
  0.5,
  0.5,
  0.5,
  0.5,
  0.5,
  0.5,
  0.5,
  0.5,
  0.5,
  0.5,
  0.5,
  0.5,
  0.5,
  0.5,
  0.5,
  0.5
 ],
 "gammas": [
  0.11659681631173159,
  0.11397850415403234,
  0.11102980065833405,
  0.10772547789788385,
  0.10404363237491598,
  0.09996763703294409,
  0.09548842597679785,
  0.09060702594670411,
  0.08533717204155333,
  0.07970775457515537,
  0.07376475152097062,
  0.0675722283176582,
  0.06121196419132733,
  0.05478132572574341,
  0.048389181347962856,
  0.04214993923763298,
  0.03617616218276018,
  0.03067248039025339,
  0.027159298799914373,
  0.02405085456632538,
  0.02145156658698783,
  0.018929711181481308,
  0.016514171572324574,
  0.014871296571135152,
  0.013579932217672376,
  0.012232232074631236,
  0.010881411454754077,
  0.009804134176805288,
  0.008743571408245467,
  0.00767081345911324,
  0.006623299667285703,
  0.005640903027917008,
  0.004846722668686973,
  0.004396688925467931,
  0.003933101405202205,
  0.003458159869695123,
  0.002988259831697692,
  0.0025361432125457477,
  0.0021126510354875,
  0.001746621907191754
 ],
 "sigmas": [
  0.125,
  0.14538483725086093,
  0.1690940072196746,
  0.1966696377578263,
  0.22874226622085883,
  0.26604525717530136,
  0.309431571326357,
  0.35989326910048464,
  0.41858419484683407,
  0.4868463603487171,
  0.5662406309237779,
  0.6585824157734259,
  0.7659831786679869,
  0.8908987181403394,
  1.0361853211506706,
  1.2051650742177709,
  1.4017018254045788,
  1.630289534085435,
  1.8961550286783433,
  2.20537752197442,
  2.5650276168716646,
  2.983328980982803,
  3.4698463869276934,
  4.035704417991765,
  4.693841840018505,
  5.459307455938977,
  6.349604207872799,
  7.38508939495175,
  8.58944015814495,
  9.990194875743303,
  11.619382848914599,
  13.514256675559151,
  15.718144058740227,
  18.28143852692428,
  21.262751719588042,
  24.73025358606217,
  28.76323114225735,
  33.45390142740782,
  38.909520115440266,
  45.254833995939045
 ],
 "border_radii": [
  10,
  10,
  10,
  10,
  10,
  10,
  10,
  10,
  10,
  10,
  10,
  10,
  10,
  10,
  10,
  10,
  10,
  10,
  10,
  10,
  10,
  11,
  13,
  16,
  18,
  21,
  25,
  29,
  34,
  39,
  46,
  54,
  62,
  73,
  42,
  49,
  57,
  66,
  77,
  90
 ]
}