{
 "time": "181112_2308",
 "filename": "T-BN9365078.png",
 "alphas": [
  0.0329805059728946,
  0.033287850718295875,
  0.03359375363250977,
  0.03399327671033122,
  0.034465515670956556,
  0.034962293952358135,
  0.03563340825073531,
  0.03637304910141916,
  0.03730192103509805,
  0.03850418063437814,
  0.0391762417425887,
  0.03989007065434775,
  0.040807549090803016,
  0.04195443007978962,
  0.043331873381365536,
  0.04432169404457436,
  0.04494848352710727,
  0.04585081798875596,
  0.04722720059804265,
  0.049106952464807924,
  0.05181374394962916,
  0.052594081602211795,
  0.054376142055393165,
  0.05737560983774642,
  0.06139585739183918,
  0.06689934469044279,
  0.07381710542850932,
  0.0819594008988024,
  0.09098377989258893,
  0.10118924109428808,
  0.19388884012414778,
  0.1833027541099569,
  0.17987016559104485,
  0.18424711679607605,
  0.17731860386417483,
  0.18761763099546258,
  0.20168266309711277,
  0.2190933939687438,
  0.23534734727756967,
  0.2623469859427172
 ],
 "betas": [
  0.5,
  0.5,
  0.5,
  0.5,
  0.5,
  0.5,
  0.5,
  0.5,
  0.5,
  0.5,
  0.5,
  0.5,
  0.5,
  0.5,
  0.5,
  0.5,
  0.5,
  0.5,
  0.5,
  0.5,
  0.5,
  0.5,
  0.5,
  0.5,
  0.5,
  0.5,
  0.5,
  0.5,
  0.5,
  0.5,
  0.5,
  0.5,
  0.5,
  0.5,
  0.5,
  0.5,
  0.5,
  0.5,
  0.5,
  0.5
 ],
 "gammas": [
  0.10580707728535188,
  0.10381047509552786,
  0.10155646909939868,
  0.09902352713637855,
  0.09619202240727559,
  0.09304562570190349,
  0.08957296791843201,
  0.08576952502403636,
  0.08163962390709938,
  0.07719840168012179,
  0.07247348061443203,
  0.06750606072460157,
  0.06235110388614316,
  0.0578432856990058,
  0.05326575011848231,
  0.04852267894512626,
  0.043693212581732366,
  0.0388676403373409,
  0.03528786502203032,
  0.03294374534838524,
  0.030375386361581817,
  0.02764354688564007,
  0.02482175121176976,
  0.021988893399377468,
  0.01922124278054111,
  0.016585472129670143,
  0.014133881542774427,
  0.01206021572302171,
  0.010526162422403371,
  0.00915653964814833,
  0.007883397692445558,
  0.006793202710808309,
  0.0058292241846475855,
  0.00501899035502469,
  0.00441087054115806,
  0.004009331478033507,
  0.003580324458155315,
  0.003135273587035954,
  0.0026959182620919847,
  0.0021222489536897016
 ],
 "sigmas": [
  0.125,
  0.14538483725086093,
  0.1690940072196746,
  0.1966696377578263,
  0.22874226622085883,
  0.26604525717530136,
  0.309431571326357,
  0.35989326910048464,
  0.41858419484683407,
  0.4868463603487171,
  0.5662406309237779,
  0.6585824157734259,
  0.7659831786679869,
  0.8908987181403394,
  1.0361853211506706,
  1.2051650742177709,
  1.4017018254045788,
  1.630289534085435,
  1.8961550286783433,
  2.20537752197442,
  2.5650276168716646,
  2.983328980982803,
  3.4698463869276934,
  4.035704417991765,
  4.693841840018505,
  5.459307455938977,
  6.349604207872799,
  7.38508939495175,
  8.58944015814495,
  9.990194875743303,
  11.619382848914599,
  13.514256675559151,
  15.718144058740227,
  18.28143852692428,
  21.262751719588042,
  24.73025358606217,
  28.76323114225735,
  33.45390142740782,
  38.909520115440266,
  45.254833995939045
 ],
 "border_radii": [
  10,
  10,
  10,
  10,
  10,
  10,
  10,
  10,
  10,
  10,
  10,
  10,
  10,
  10,
  10,
  10,
  10,
  10,
  10,
  10,
  10,
  11,
  13,
  16,
  18,
  21,
  25,
  29,
  34,
  39,
  46,
  54,
  62,
  73,
  42,
  49,
  57,
  66,
  77,
  90
 ]
}