{
 "time": "181112_1952",
 "filename": "T-BN1510602.png",
 "alphas": [
  0.019773597371276434,
  0.02003252977072525,
  0.020310797208048424,
  0.02066273646431641,
  0.021093873229177912,
  0.0216210464835125,
  0.022228210873292048,
  0.023046404935721063,
  0.023921867270027077,
  0.025048260871145943,
  0.026381589942854323,
  0.027789933161946882,
  0.029444763306076278,
  0.03150798517316111,
  0.03403706390076694,
  0.03734493056904707,
  0.04144777125548429,
  0.04673282177870346,
  0.05348862174135249,
  0.06212891556478827,
  0.07247563948481602,
  0.08222929552391625,
  0.09445431080191188,
  0.10986178233342965,
  0.12840236044755365,
  0.13851758153002336,
  0.1513964368738794,
  0.16629744823738377,
  0.18370587952648929,
  0.1924526196499967,
  0.2047037880091897,
  0.2198778080800583,
  0.22097237925285576,
  0.22566177741013932,
  0.20093482010143218,
  0.19891564346699298,
  0.19181382268226976,
  0.1893851157592481,
  0.19340095847634642,
  0.20180915054493828
 ],
 "betas": [
  0.5,
  0.5,
  0.5,
  0.5,
  0.5,
  0.5,
  0.5,
  0.5,
  0.5,
  0.5,
  0.5,
  0.5,
  0.5,
  0.5,
  0.5,
  0.5,
  0.5,
  0.5,
  0.5,
  0.5,
  0.5,
  0.5,
  0.5,
  0.5,
  0.5,
  0.5,
  0.5,
  0.5,
  0.5,
  0.5,
  0.5,
  0.5,
  0.5,
  0.5,
  0.5,
  0.5,
  0.5,
  0.5,
  0.5,
  0.5
 ],
 "gammas": [
  0.16520336300311247,
  0.16240616047887052,
  0.15922735039250432,
  0.15562836374497585,
  0.1515712732742814,
  0.14702061218405976,
  0.1419457412766454,
  0.13632379299109582,
  0.1301431570906282,
  0.12340737312163948,
  0.11613915664504773,
  0.10838411721292539,
  0.10021355086521401,
  0.09172555604292862,
  0.08304369872505021,
  0.07431261784192436,
  0.06569036953911392,
  0.05733794388814405,
  0.049407128067902574,
  0.04202850788856534,
  0.03532430839956447,
  0.029469885030359116,
  0.024267573498852984,
  0.019722416007234955,
  0.015816654594192688,
  0.012514654762427094,
  0.01014793426186868,
  0.008467038368779645,
  0.0075339017457773825,
  0.006840239963181503,
  0.0061526509403055955,
  0.0054941622206123916,
  0.00484263219550306,
  0.004212350433954539,
  0.0036188054917948797,
  0.0030723533126437597,
  0.002685638242434166,
  0.002328159247116933,
  0.0019985761881711056,
  0.001755368888995524
 ],
 "sigmas": [
  0.125,
  0.14538483725086093,
  0.1690940072196746,
  0.1966696377578263,
  0.22874226622085883,
  0.26604525717530136,
  0.309431571326357,
  0.35989326910048464,
  0.41858419484683407,
  0.4868463603487171,
  0.5662406309237779,
  0.6585824157734259,
  0.7659831786679869,
  0.8908987181403394,
  1.0361853211506706,
  1.2051650742177709,
  1.4017018254045788,
  1.630289534085435,
  1.8961550286783433,
  2.20537752197442,
  2.5650276168716646,
  2.983328980982803,
  3.4698463869276934,
  4.035704417991765,
  4.693841840018505,
  5.459307455938977,
  6.349604207872799,
  7.38508939495175,
  8.58944015814495,
  9.990194875743303,
  11.619382848914599,
  13.514256675559151,
  15.718144058740227,
  18.28143852692428,
  21.262751719588042,
  24.73025358606217,
  28.76323114225735,
  33.45390142740782,
  38.909520115440266,
  45.254833995939045
 ],
 "border_radii": [
  10,
  10,
  10,
  10,
  10,
  10,
  10,
  10,
  10,
  10,
  10,
  10,
  10,
  10,
  10,
  10,
  10,
  10,
  10,
  10,
  10,
  11,
  13,
  16,
  18,
  21,
  25,
  29,
  34,
  39,
  46,
  54,
  62,
  73,
  42,
  49,
  57,
  66,
  77,
  90
 ]
}