{
 "time": "181112_1921",
 "filename": "T-BN0392644.png",
 "alphas": [
  0.036493255869741684,
  0.03742594823220989,
  0.03849889625510036,
  0.03975812495595061,
  0.04135122064700563,
  0.0431717703431438,
  0.04490221043805085,
  0.0469244431900621,
  0.04947766468704672,
  0.05266410398699092,
  0.0565197685764845,
  0.06130033193227388,
  0.06726889922821186,
  0.07459838055102064,
  0.08415021823020648,
  0.09219982535714576,
  0.0952798170198124,
  0.09723990231910311,
  0.09927358452229415,
  0.10305968865116079,
  0.10816042488766825,
  0.1144053579997154,
  0.11333001172939013,
  0.11089625888034081,
  0.10980665303309306,
  0.11097396844080556,
  0.11362639770284982,
  0.11664638680005833,
  0.122638500810069,
  0.13180507487252138,
  0.14369290170184887,
  0.1596630378774661,
  0.16940753365757572,
  0.1713354339196685,
  0.15902690424710966,
  0.16427618725166032,
  0.1695170071631039,
  0.17764588880536272,
  0.1857740562548723,
  0.19632834194524518
 ],
 "betas": [
  0.5,
  0.5,
  0.5,
  0.5,
  0.5,
  0.5,
  0.5,
  0.5,
  0.5,
  0.5,
  0.5,
  0.5,
  0.5,
  0.5,
  0.5,
  0.5,
  0.5,
  0.5,
  0.5,
  0.5,
  0.5,
  0.5,
  0.5,
  0.5,
  0.5,
  0.5,
  0.5,
  0.5,
  0.5,
  0.5,
  0.5,
  0.5,
  0.5,
  0.5,
  0.5,
  0.5,
  0.5,
  0.5,
  0.5,
  0.5
 ],
 "gammas": [
  0.10728883292160632,
  0.10464463035511384,
  0.10167743509892355,
  0.09836611800331084,
  0.09469400448906104,
  0.09065094652662503,
  0.08623565398389027,
  0.08145814866170918,
  0.07634211777170657,
  0.07183861748408078,
  0.06764658287314095,
  0.0631618955760588,
  0.05843005512158686,
  0.05351425382036601,
  0.04849396257719531,
  0.04346112017107095,
  0.038513955940115384,
  0.033801274923438734,
  0.029821936281494956,
  0.02606232455911075,
  0.022576832202418733,
  0.019401531291098333,
  0.016698193139382478,
  0.014437544523462815,
  0.012432570336441129,
  0.010801442917450376,
  0.00939598631019329,
  0.008171593517310338,
  0.007019205169496757,
  0.006261244379205819,
  0.005783921970902852,
  0.00531367904190742,
  0.004817773447253197,
  0.004342907622663821,
  0.003901315913684718,
  0.00347727760146217,
  0.002934374382939416,
  0.002039446561168048,
  0.0016816517157875275,
  0.0014328259736203998
 ],
 "sigmas": [
  0.125,
  0.14538483725086093,
  0.1690940072196746,
  0.1966696377578263,
  0.22874226622085883,
  0.26604525717530136,
  0.309431571326357,
  0.35989326910048464,
  0.41858419484683407,
  0.4868463603487171,
  0.5662406309237779,
  0.6585824157734259,
  0.7659831786679869,
  0.8908987181403394,
  1.0361853211506706,
  1.2051650742177709,
  1.4017018254045788,
  1.630289534085435,
  1.8961550286783433,
  2.20537752197442,
  2.5650276168716646,
  2.983328980982803,
  3.4698463869276934,
  4.035704417991765,
  4.693841840018505,
  5.459307455938977,
  6.349604207872799,
  7.38508939495175,
  8.58944015814495,
  9.990194875743303,
  11.619382848914599,
  13.514256675559151,
  15.718144058740227,
  18.28143852692428,
  21.262751719588042,
  24.73025358606217,
  28.76323114225735,
  33.45390142740782,
  38.909520115440266,
  45.254833995939045
 ],
 "border_radii": [
  10,
  10,
  10,
  10,
  10,
  10,
  10,
  10,
  10,
  10,
  10,
  10,
  10,
  10,
  10,
  10,
  10,
  10,
  10,
  10,
  10,
  11,
  13,
  16,
  18,
  21,
  25,
  29,
  34,
  39,
  46,
  54,
  62,
  73,
  42,
  49,
  57,
  66,
  77,
  90
 ]
}