{
 "time": "181112_2129",
 "filename": "T-BN5961598.png",
 "alphas": [
  0.01817543292956597,
  0.01843984087841211,
  0.018774242396891242,
  0.01916724144462432,
  0.019606541916304905,
  0.020145315536239935,
  0.02078892016632447,
  0.021584087342033362,
  0.022544853327631512,
  0.023632133458815013,
  0.02504569932033698,
  0.026758072858257938,
  0.028875102614489587,
  0.03143392870121116,
  0.03459968500720949,
  0.03846960887000664,
  0.043444857734129455,
  0.049442170726028654,
  0.055572950740913715,
  0.06123484414640999,
  0.06853273639038852,
  0.07789665674845045,
  0.09045359953991898,
  0.10706116445585113,
  0.1282454033300748,
  0.15591263980524173,
  0.1749357441565091,
  0.18400928133146294,
  0.19618751316842398,
  0.19993350366550622,
  0.20537136581314538,
  0.2141095769819758,
  0.2270155770148187,
  0.24477503826704283,
  0.23879353724415103,
  0.24209020048810462,
  0.24160792857401225,
  0.24573005331135334,
  0.24251182653613523,
  0.2516157323148467
 ],
 "betas": [
  0.5,
  0.5,
  0.5,
  0.5,
  0.5,
  0.5,
  0.5,
  0.5,
  0.5,
  0.5,
  0.5,
  0.5,
  0.5,
  0.5,
  0.5,
  0.5,
  0.5,
  0.5,
  0.5,
  0.5,
  0.5,
  0.5,
  0.5,
  0.5,
  0.5,
  0.5,
  0.5,
  0.5,
  0.5,
  0.5,
  0.5,
  0.5,
  0.5,
  0.5,
  0.5,
  0.5,
  0.5,
  0.5,
  0.5,
  0.5
 ],
 "gammas": [
  0.11394581571990896,
  0.11173626082061051,
  0.10924082180443431,
  0.10643521120776726,
  0.10329711752630656,
  0.099807730493626,
  0.09595357869473299,
  0.09172863906247959,
  0.08713662373009985,
  0.08219328177981604,
  0.07692847753285655,
  0.07138773492933176,
  0.0656328872016552,
  0.05974146493553826,
  0.05380451647285751,
  0.04792269878881658,
  0.04220070672986287,
  0.03674040507582751,
  0.03163334703184185,
  0.026953634501139606,
  0.022752212294752185,
  0.01970619012512614,
  0.01713986357702386,
  0.014956462835490037,
  0.01318495093336873,
  0.011454141562038287,
  0.009786341950439047,
  0.008229837969097042,
  0.00687802957698857,
  0.005753823613403367,
  0.0048440020917368,
  0.004151734693265536,
  0.0035078447340552606,
  0.003000783723399222,
  0.002593755740281752,
  0.0022261315425656926,
  0.001937346021925917,
  0.0016918022309591937,
  0.0014782580868312953,
  0.001279662538971412
 ],
 "sigmas": [
  0.125,
  0.14538483725086093,
  0.1690940072196746,
  0.1966696377578263,
  0.22874226622085883,
  0.26604525717530136,
  0.309431571326357,
  0.35989326910048464,
  0.41858419484683407,
  0.4868463603487171,
  0.5662406309237779,
  0.6585824157734259,
  0.7659831786679869,
  0.8908987181403394,
  1.0361853211506706,
  1.2051650742177709,
  1.4017018254045788,
  1.630289534085435,
  1.8961550286783433,
  2.20537752197442,
  2.5650276168716646,
  2.983328980982803,
  3.4698463869276934,
  4.035704417991765,
  4.693841840018505,
  5.459307455938977,
  6.349604207872799,
  7.38508939495175,
  8.58944015814495,
  9.990194875743303,
  11.619382848914599,
  13.514256675559151,
  15.718144058740227,
  18.28143852692428,
  21.262751719588042,
  24.73025358606217,
  28.76323114225735,
  33.45390142740782,
  38.909520115440266,
  45.254833995939045
 ],
 "border_radii": [
  10,
  10,
  10,
  10,
  10,
  10,
  10,
  10,
  10,
  10,
  10,
  10,
  10,
  10,
  10,
  10,
  10,
  10,
  10,
  10,
  10,
  11,
  13,
  16,
  18,
  21,
  25,
  29,
  34,
  39,
  46,
  54,
  62,
  73,
  42,
  49,
  57,
  66,
  77,
  90
 ]
}