{
 "time": "181112_1923",
 "filename": "T-BN0421379.png",
 "alphas": [
  0.04542132589790376,
  0.04648784074146364,
  0.047814933942971455,
  0.04932790030324142,
  0.05123886162283433,
  0.05342416854918536,
  0.05597852552367286,
  0.05909390845468442,
  0.06293435947976549,
  0.06776375487826372,
  0.07349601680971826,
  0.08058124471499122,
  0.08588317451523661,
  0.09136302590040853,
  0.09799332425357087,
  0.10660190673716949,
  0.1171952859865165,
  0.1302303760603412,
  0.13963408746758893,
  0.14752787660525507,
  0.15799641337843712,
  0.17249581697571154,
  0.175661798355306,
  0.18255854914905922,
  0.19167535638300293,
  0.2013068669426623,
  0.2162023079660023,
  0.23484343981747424,
  0.25668465693763887,
  0.26393977229910054,
  0.2770535623772415,
  0.2964132197527042,
  0.32208138384092755,
  0.3195433560723805,
  0.2654660503313273,
  0.2459022379832257,
  0.23131438725085668,
  0.2221787644208551,
  0.216838069420814,
  0.21482290344149202
 ],
 "betas": [
  0.5,
  0.5,
  0.5,
  0.5,
  0.5,
  0.5,
  0.5,
  0.5,
  0.5,
  0.5,
  0.5,
  0.5,
  0.5,
  0.5,
  0.5,
  0.5,
  0.5,
  0.5,
  0.5,
  0.5,
  0.5,
  0.5,
  0.5,
  0.5,
  0.5,
  0.5,
  0.5,
  0.5,
  0.5,
  0.5,
  0.5,
  0.5,
  0.5,
  0.5,
  0.5,
  0.5,
  0.5,
  0.5,
  0.5,
  0.5
 ],
 "gammas": [
  0.09201807558854924,
  0.08989042079334061,
  0.08750238332966677,
  0.08483669728691469,
  0.08187956981350271,
  0.07862230777939637,
  0.07534156418296688,
  0.0729014065742832,
  0.07019285522503523,
  0.06720715714187729,
  0.0639416768677879,
  0.061774083841503374,
  0.06033174875664285,
  0.058580209526164384,
  0.056492978834304285,
  0.05405407539939975,
  0.05126195523376683,
  0.04813288535275065,
  0.0452756326826241,
  0.042705034469008134,
  0.039587817832552885,
  0.036036497380858984,
  0.032198561564717794,
  0.028239920023179453,
  0.02432515983976195,
  0.020598986906395136,
  0.017172736011986593,
  0.014118019508868356,
  0.01146738195754239,
  0.009220203412287088,
  0.007351459672761887,
  0.0058211139171008095,
  0.004847488128015136,
  0.004020642132292578,
  0.0034097334191663174,
  0.0030562346061710722,
  0.0026898843621971855,
  0.0023187899192442948,
  0.001956471777604227,
  0.001619851485442461
 ],
 "sigmas": [
  0.125,
  0.14538483725086093,
  0.1690940072196746,
  0.1966696377578263,
  0.22874226622085883,
  0.26604525717530136,
  0.309431571326357,
  0.35989326910048464,
  0.41858419484683407,
  0.4868463603487171,
  0.5662406309237779,
  0.6585824157734259,
  0.7659831786679869,
  0.8908987181403394,
  1.0361853211506706,
  1.2051650742177709,
  1.4017018254045788,
  1.630289534085435,
  1.8961550286783433,
  2.20537752197442,
  2.5650276168716646,
  2.983328980982803,
  3.4698463869276934,
  4.035704417991765,
  4.693841840018505,
  5.459307455938977,
  6.349604207872799,
  7.38508939495175,
  8.58944015814495,
  9.990194875743303,
  11.619382848914599,
  13.514256675559151,
  15.718144058740227,
  18.28143852692428,
  21.262751719588042,
  24.73025358606217,
  28.76323114225735,
  33.45390142740782,
  38.909520115440266,
  45.254833995939045
 ],
 "border_radii": [
  10,
  10,
  10,
  10,
  10,
  10,
  10,
  10,
  10,
  10,
  10,
  10,
  10,
  10,
  10,
  10,
  10,
  10,
  10,
  10,
  10,
  11,
  13,
  16,
  18,
  21,
  25,
  29,
  34,
  39,
  46,
  54,
  62,
  73,
  42,
  49,
  57,
  66,
  77,
  90
 ]
}