{
 "time": "181112_2026",
 "filename": "T-BN2810683.png",
 "alphas": [
  0.030353957852419164,
  0.03104350156789179,
  0.03179547146357906,
  0.032774603456154384,
  0.03388946620477018,
  0.03520472207512872,
  0.03677084341800301,
  0.03867824868492301,
  0.04107227209946463,
  0.04391644146824382,
  0.047465599668714005,
  0.051653566294752665,
  0.05687028586200836,
  0.06231299999209526,
  0.06362538903640186,
  0.06522768076951904,
  0.06744976500747624,
  0.07037560986096564,
  0.07436569429006452,
  0.07968213447026264,
  0.08668731275109193,
  0.09543553660955728,
  0.10220788168061044,
  0.10485053217584843,
  0.10707990243306499,
  0.10879040126241434,
  0.1117457478012097,
  0.1144925022072741,
  0.11201055927801389,
  0.10488743142146431,
  0.0996768571336071,
  0.09650042625245667,
  0.09431693196287486,
  0.09487543384807678,
  0.0954380118598636,
  0.09767529075254841,
  0.10022417255621532,
  0.10561528286733309,
  0.11224934250255117,
  0.12656115200404436
 ],
 "betas": [
  0.5,
  0.5,
  0.5,
  0.5,
  0.5,
  0.5,
  0.5,
  0.5,
  0.5,
  0.5,
  0.5,
  0.5,
  0.5,
  0.5,
  0.5,
  0.5,
  0.5,
  0.5,
  0.5,
  0.5,
  0.5,
  0.5,
  0.5,
  0.5,
  0.5,
  0.5,
  0.5,
  0.5,
  0.5,
  0.5,
  0.5,
  0.5,
  0.5,
  0.5,
  0.5,
  0.5,
  0.5,
  0.5,
  0.5,
  0.5
 ],
 "gammas": [
  0.1140309637037918,
  0.11203594515423485,
  0.10977548402682318,
  0.10722474379207239,
  0.10435997523309258,
  0.10115984341262306,
  0.09775509947226028,
  0.09421623151278857,
  0.09031803568315186,
  0.08605968090585786,
  0.08145169630118693,
  0.07651828550325461,
  0.07129912359372396,
  0.06585019351158788,
  0.06024320621050282,
  0.05456324933282901,
  0.04890455163673714,
  0.04336461871013814,
  0.03803740802279715,
  0.03325242775108892,
  0.02930296793112903,
  0.02550013395299836,
  0.021903464489245336,
  0.0185646869272017,
  0.016398329869372025,
  0.014489230353557207,
  0.012753272735885429,
  0.01129670714056001,
  0.009876660626688571,
  0.008565475667611016,
  0.007355009120273792,
  0.006244791681189579,
  0.005248964013899251,
  0.004564878738964004,
  0.003977869086393744,
  0.0034372153167473067,
  0.002945126096547859,
  0.002503767903039938,
  0.0021420881364455106,
  0.0018911331874019424
 ],
 "sigmas": [
  0.125,
  0.14538483725086093,
  0.1690940072196746,
  0.1966696377578263,
  0.22874226622085883,
  0.26604525717530136,
  0.309431571326357,
  0.35989326910048464,
  0.41858419484683407,
  0.4868463603487171,
  0.5662406309237779,
  0.6585824157734259,
  0.7659831786679869,
  0.8908987181403394,
  1.0361853211506706,
  1.2051650742177709,
  1.4017018254045788,
  1.630289534085435,
  1.8961550286783433,
  2.20537752197442,
  2.5650276168716646,
  2.983328980982803,
  3.4698463869276934,
  4.035704417991765,
  4.693841840018505,
  5.459307455938977,
  6.349604207872799,
  7.38508939495175,
  8.58944015814495,
  9.990194875743303,
  11.619382848914599,
  13.514256675559151,
  15.718144058740227,
  18.28143852692428,
  21.262751719588042,
  24.73025358606217,
  28.76323114225735,
  33.45390142740782,
  38.909520115440266,
  45.254833995939045
 ],
 "border_radii": [
  10,
  10,
  10,
  10,
  10,
  10,
  10,
  10,
  10,
  10,
  10,
  10,
  10,
  10,
  10,
  10,
  10,
  10,
  10,
  10,
  10,
  11,
  13,
  16,
  18,
  21,
  25,
  29,
  34,
  39,
  46,
  54,
  62,
  73,
  42,
  49,
  57,
  66,
  77,
  90
 ]
}