{
 "time": "181112_2057",
 "filename": "T-BN4130351.png",
 "alphas": [
  0.0462191957032349,
  0.047138092048158844,
  0.04823625506355331,
  0.04954848312083518,
  0.05114235681687325,
  0.052925971172625624,
  0.05524217034436597,
  0.05809933427973457,
  0.06179533252924397,
  0.06623317037609784,
  0.07182755426471166,
  0.0790793644909531,
  0.08815062836759491,
  0.10019268442698762,
  0.11591812955346174,
  0.13029653079508166,
  0.1355661866021381,
  0.14307074194105107,
  0.15230065591946046,
  0.16349776117647313,
  0.17781220409117005,
  0.19595753143968153,
  0.2109354002342297,
  0.2282064252427939,
  0.2486032169664969,
  0.26294871041121687,
  0.27258432999667187,
  0.2784691881782356,
  0.29220844990447326,
  0.30951690548214766,
  0.31659995564124604,
  0.3264397636426619,
  0.34000681416903583,
  0.3551019358851675,
  0.340680476189977,
  0.35113897553708956,
  0.36032860061265853,
  0.40113294514087067,
  0.4073522258556346,
  0.4131311477368389
 ],
 "betas": [
  0.5,
  0.5,
  0.5,
  0.5,
  0.5,
  0.5,
  0.5,
  0.5,
  0.5,
  0.5,
  0.5,
  0.5,
  0.5,
  0.5,
  0.5,
  0.5,
  0.5,
  0.5,
  0.5,
  0.5,
  0.5,
  0.5,
  0.5,
  0.5,
  0.5,
  0.5,
  0.5,
  0.5,
  0.5,
  0.5,
  0.5,
  0.5,
  0.5,
  0.5,
  0.5,
  0.5,
  0.5,
  0.5,
  0.5,
  0.5
 ],
 "gammas": [
  0.07706512515934846,
  0.07582094676513908,
  0.0744092897481953,
  0.0728138714955224,
  0.07101888085091261,
  0.06900977925493684,
  0.06677431560643825,
  0.06430375229706106,
  0.061594269292917496,
  0.058648469330212616,
  0.055476851457733796,
  0.05209905843681412,
  0.048544649155854866,
  0.04485312144435169,
  0.041072940025288544,
  0.03725943246725104,
  0.03347160951654921,
  0.030005372786993268,
  0.026915373248342134,
  0.023928836983626946,
  0.021090730022158322,
  0.018436801399564558,
  0.015991756070751376,
  0.013768679038002045,
  0.011769485681038293,
  0.010433531955588892,
  0.009244685307891482,
  0.00808751319696827,
  0.006974222886655744,
  0.006106121442769213,
  0.005401561081099619,
  0.004778541450185298,
  0.004269243704600622,
  0.0037734179050352428,
  0.0033046426977262375,
  0.0028542793267933167,
  0.0024353396198873284,
  0.0021090609045002957,
  0.001854893086017776,
  0.001602602019516691
 ],
 "sigmas": [
  0.125,
  0.14538483725086093,
  0.1690940072196746,
  0.1966696377578263,
  0.22874226622085883,
  0.26604525717530136,
  0.309431571326357,
  0.35989326910048464,
  0.41858419484683407,
  0.4868463603487171,
  0.5662406309237779,
  0.6585824157734259,
  0.7659831786679869,
  0.8908987181403394,
  1.0361853211506706,
  1.2051650742177709,
  1.4017018254045788,
  1.630289534085435,
  1.8961550286783433,
  2.20537752197442,
  2.5650276168716646,
  2.983328980982803,
  3.4698463869276934,
  4.035704417991765,
  4.693841840018505,
  5.459307455938977,
  6.349604207872799,
  7.38508939495175,
  8.58944015814495,
  9.990194875743303,
  11.619382848914599,
  13.514256675559151,
  15.718144058740227,
  18.28143852692428,
  21.262751719588042,
  24.73025358606217,
  28.76323114225735,
  33.45390142740782,
  38.909520115440266,
  45.254833995939045
 ],
 "border_radii": [
  10,
  10,
  10,
  10,
  10,
  10,
  10,
  10,
  10,
  10,
  10,
  10,
  10,
  10,
  10,
  10,
  10,
  10,
  10,
  10,
  10,
  11,
  13,
  16,
  18,
  21,
  25,
  29,
  34,
  39,
  46,
  54,
  62,
  73,
  42,
  49,
  57,
  66,
  77,
  90
 ]
}