{
 "time": "181112_1930",
 "filename": "T-BN0516545.png",
 "alphas": [
  0.010084912896160526,
  0.010150076539489572,
  0.010246332072381216,
  0.010320937339319526,
  0.010435046587753159,
  0.010614513317342382,
  0.01080191346812867,
  0.011074296366745034,
  0.011404764222519657,
  0.011836679231454383,
  0.012334361780183562,
  0.013034047233393086,
  0.013924166008386012,
  0.015114859678635446,
  0.016678219689095893,
  0.0186876045702445,
  0.021423846006576697,
  0.025012416671070164,
  0.029858635162676905,
  0.036462558369670106,
  0.04545471329352401,
  0.05765736787617764,
  0.07373695143446639,
  0.09491943185564122,
  0.12095712310253831,
  0.15310551884691537,
  0.19017263430244452,
  0.22538531622996055,
  0.25681271166941616,
  0.28950066789388745,
  0.3097094889442698,
  0.3197250984658847,
  0.3337649844020445,
  0.35519273859935774,
  0.3426527384843519,
  0.33330699070756814,
  0.32434214204801115,
  0.32247519613429604,
  0.3126264270651823,
  0.3075506114437858
 ],
 "betas": [
  0.5,
  0.5,
  0.5,
  0.5,
  0.5,
  0.5,
  0.5,
  0.5,
  0.5,
  0.5,
  0.5,
  0.5,
  0.5,
  0.5,
  0.5,
  0.5,
  0.5,
  0.5,
  0.5,
  0.5,
  0.5,
  0.5,
  0.5,
  0.5,
  0.5,
  0.5,
  0.5,
  0.5,
  0.5,
  0.5,
  0.5,
  0.5,
  0.5,
  0.5,
  0.5,
  0.5,
  0.5,
  0.5,
  0.5,
  0.5
 ],
 "gammas": [
  0.12342318625255665,
  0.12009623028555742,
  0.11637649298529731,
  0.11301062113711868,
  0.10974501578005118,
  0.1060996950305261,
  0.10205684166409124,
  0.09760643869811819,
  0.09274911447163094,
  0.08749915545385345,
  0.08188738988353207,
  0.07596350447636897,
  0.06979722786129401,
  0.06347774732119221,
  0.05711078642977146,
  0.05081302766849322,
  0.04470404954895292,
  0.03889661376310711,
  0.03348681505954005,
  0.02906425070448673,
  0.02553392080153508,
  0.022390927942138674,
  0.02030746520204226,
  0.018276303114538477,
  0.016181788665567565,
  0.014093663573854082,
  0.012725243151686653,
  0.01135780084969714,
  0.010230709006311168,
  0.009100550158582842,
  0.007959108242568368,
  0.006899318032025556,
  0.006021987479880758,
  0.00519513920867811,
  0.004349825276564223,
  0.0032625426814010526,
  0.0027757092125633128,
  0.0024821647711370715,
  0.0018428327996338916,
  0.0013358100161044736
 ],
 "sigmas": [
  0.125,
  0.14538483725086093,
  0.1690940072196746,
  0.1966696377578263,
  0.22874226622085883,
  0.26604525717530136,
  0.309431571326357,
  0.35989326910048464,
  0.41858419484683407,
  0.4868463603487171,
  0.5662406309237779,
  0.6585824157734259,
  0.7659831786679869,
  0.8908987181403394,
  1.0361853211506706,
  1.2051650742177709,
  1.4017018254045788,
  1.630289534085435,
  1.8961550286783433,
  2.20537752197442,
  2.5650276168716646,
  2.983328980982803,
  3.4698463869276934,
  4.035704417991765,
  4.693841840018505,
  5.459307455938977,
  6.349604207872799,
  7.38508939495175,
  8.58944015814495,
  9.990194875743303,
  11.619382848914599,
  13.514256675559151,
  15.718144058740227,
  18.28143852692428,
  21.262751719588042,
  24.73025358606217,
  28.76323114225735,
  33.45390142740782,
  38.909520115440266,
  45.254833995939045
 ],
 "border_radii": [
  10,
  10,
  10,
  10,
  10,
  10,
  10,
  10,
  10,
  10,
  10,
  10,
  10,
  10,
  10,
  10,
  10,
  10,
  10,
  10,
  10,
  11,
  13,
  16,
  18,
  21,
  25,
  29,
  34,
  39,
  46,
  54,
  62,
  73,
  42,
  49,
  57,
  66,
  77,
  90
 ]
}