{
 "time": "181112_2107",
 "filename": "T-BN4773682.png",
 "alphas": [
  0.021266217809723233,
  0.021600427686300407,
  0.021968023168196037,
  0.022438268706882432,
  0.022997741644201323,
  0.02366650096675863,
  0.024444567123807763,
  0.025445543000052626,
  0.026660157449422402,
  0.028076723431295338,
  0.029851988836601177,
  0.03200725241046786,
  0.03470543544637679,
  0.038068095752261,
  0.04210677904484619,
  0.046976130292972845,
  0.053052150161893526,
  0.06042744404289311,
  0.06980080158466598,
  0.08088281049117096,
  0.09434030163926796,
  0.11098958960246329,
  0.13047423898626498,
  0.15427769970124144,
  0.18330059899351814,
  0.21307523967157282,
  0.23402634706601153,
  0.2429761650607509,
  0.17946884777849137,
  0.0848697474718307,
  0.27871778685,
  0.29986927714889633,
  0.3099176675466033,
  0.31826030158793994,
  0.29958032004519686,
  0.3012561595566472,
  0.30403908902613164,
  0.3096926966946552,
  0.3189025133972498,
  0.3358518896810455
 ],
 "betas": [
  0.5,
  0.5,
  0.5,
  0.5,
  0.5,
  0.5,
  0.5,
  0.5,
  0.5,
  0.5,
  0.5,
  0.5,
  0.5,
  0.5,
  0.5,
  0.5,
  0.5,
  0.5,
  0.5,
  0.5,
  0.5,
  0.5,
  0.5,
  0.5,
  0.5,
  0.5,
  0.5,
  0.5,
  0.5,
  0.5,
  0.5,
  0.5,
  0.5,
  0.5,
  0.5,
  0.5,
  0.5,
  0.5,
  0.5,
  0.5
 ],
 "gammas": [
  0.19727142558594077,
  0.19109130137643288,
  0.1842126986999589,
  0.1766084793437083,
  0.1682670987886999,
  0.15919769333000786,
  0.14943530802124075,
  0.13904571376934555,
  0.12812904840179992,
  0.11743497109878687,
  0.10745069979374587,
  0.0973426631120614,
  0.08728530768046738,
  0.07746041874586465,
  0.06804326831917484,
  0.05918802719511321,
  0.05286509324294473,
  0.04717877772412735,
  0.04170635569215064,
  0.03687188904245899,
  0.032515757292442264,
  0.028398946054891787,
  0.024574446158082373,
  0.021076010916148587,
  0.018026317909077823,
  0.015549269985760575,
  0.013275611462090562,
  0.011230577456332297,
  0.00946230924683839,
  0.007924092651466307,
  0.006600531936646145,
  0.005472917181564561,
  0.004744625406820951,
  0.004338400873295891,
  0.003947463950273446,
  0.0035787997642484806,
  0.0032077558808769587,
  0.002847443132539133,
  0.002489005408278216,
  0.002144493511487116
 ],
 "sigmas": [
  0.125,
  0.14538483725086093,
  0.1690940072196746,
  0.1966696377578263,
  0.22874226622085883,
  0.26604525717530136,
  0.309431571326357,
  0.35989326910048464,
  0.41858419484683407,
  0.4868463603487171,
  0.5662406309237779,
  0.6585824157734259,
  0.7659831786679869,
  0.8908987181403394,
  1.0361853211506706,
  1.2051650742177709,
  1.4017018254045788,
  1.630289534085435,
  1.8961550286783433,
  2.20537752197442,
  2.5650276168716646,
  2.983328980982803,
  3.4698463869276934,
  4.035704417991765,
  4.693841840018505,
  5.459307455938977,
  6.349604207872799,
  7.38508939495175,
  8.58944015814495,
  9.990194875743303,
  11.619382848914599,
  13.514256675559151,
  15.718144058740227,
  18.28143852692428,
  21.262751719588042,
  24.73025358606217,
  28.76323114225735,
  33.45390142740782,
  38.909520115440266,
  45.254833995939045
 ],
 "border_radii": [
  10,
  10,
  10,
  10,
  10,
  10,
  10,
  10,
  10,
  10,
  10,
  10,
  10,
  10,
  10,
  10,
  10,
  10,
  10,
  10,
  10,
  11,
  13,
  16,
  18,
  21,
  25,
  29,
  34,
  39,
  46,
  54,
  62,
  73,
  42,
  49,
  57,
  66,
  77,
  90
 ]
}