{
 "time": "181112_2042",
 "filename": "T-BN3601547.png",
 "alphas": [
  0.038207585632949036,
  0.038632628857050225,
  0.03911487126531797,
  0.039729288560551045,
  0.040455685963059373,
  0.0413275774248396,
  0.042435286581869194,
  0.04378080327425895,
  0.04536885578314691,
  0.04725004781701481,
  0.04937643947750713,
  0.05102246184735478,
  0.05044721192532603,
  0.050086265046266724,
  0.050156166090515694,
  0.05074597578468332,
  0.05186671170012361,
  0.05362725999129346,
  0.05651914786699028,
  0.06028472227080573,
  0.06520049091977069,
  0.07178197484661727,
  0.08052565023201738,
  0.09246865659096946,
  0.10849497187910831,
  0.12797200211912735,
  0.12508506070596417,
  0.1219759248853209,
  0.11973840658941769,
  0.1181881311868142,
  0.11888418920202538,
  0.1217024324451934,
  0.1271451409953319,
  0.13200945845027373,
  0.1357354787325621,
  0.1490685870309244,
  0.16767976898181564,
  0.1914740626444293,
  0.22129740086336494,
  0.2242818209503234
 ],
 "betas": [
  0.5,
  0.5,
  0.5,
  0.5,
  0.5,
  0.5,
  0.5,
  0.5,
  0.5,
  0.5,
  0.5,
  0.5,
  0.5,
  0.5,
  0.5,
  0.5,
  0.5,
  0.5,
  0.5,
  0.5,
  0.5,
  0.5,
  0.5,
  0.5,
  0.5,
  0.5,
  0.5,
  0.5,
  0.5,
  0.5,
  0.5,
  0.5,
  0.5,
  0.5,
  0.5,
  0.5,
  0.5,
  0.5,
  0.5,
  0.5
 ],
 "gammas": [
  0.21156518147927406,
  0.2060907755462557,
  0.19994530853638554,
  0.19308443429434718,
  0.18547312926500206,
  0.1770901702239113,
  0.1679332606312971,
  0.15802455826177578,
  0.14741617252304637,
  0.136194986733537,
  0.12448594897146674,
  0.11245281660780193,
  0.10029530612154418,
  0.08824177354250277,
  0.07653700380923423,
  0.06542544963356271,
  0.05513128266464854,
  0.0458377363555398,
  0.03766912869091983,
  0.030679240488495366,
  0.025774077192957632,
  0.023208119511869685,
  0.020634789688129502,
  0.018114480172564083,
  0.015871194682866168,
  0.013842140538825846,
  0.01187986550381358,
  0.010021188174890122,
  0.008507396588899782,
  0.007244825284492119,
  0.00619710078094177,
  0.005263103513996534,
  0.00443326387736378,
  0.0037071471323778657,
  0.0030903443001013835,
  0.002566770788082446,
  0.00211525691716763,
  0.00181408100161375,
  0.0015918705946223882,
  0.001395081464784566
 ],
 "sigmas": [
  0.125,
  0.14538483725086093,
  0.1690940072196746,
  0.1966696377578263,
  0.22874226622085883,
  0.26604525717530136,
  0.309431571326357,
  0.35989326910048464,
  0.41858419484683407,
  0.4868463603487171,
  0.5662406309237779,
  0.6585824157734259,
  0.7659831786679869,
  0.8908987181403394,
  1.0361853211506706,
  1.2051650742177709,
  1.4017018254045788,
  1.630289534085435,
  1.8961550286783433,
  2.20537752197442,
  2.5650276168716646,
  2.983328980982803,
  3.4698463869276934,
  4.035704417991765,
  4.693841840018505,
  5.459307455938977,
  6.349604207872799,
  7.38508939495175,
  8.58944015814495,
  9.990194875743303,
  11.619382848914599,
  13.514256675559151,
  15.718144058740227,
  18.28143852692428,
  21.262751719588042,
  24.73025358606217,
  28.76323114225735,
  33.45390142740782,
  38.909520115440266,
  45.254833995939045
 ],
 "border_radii": [
  10,
  10,
  10,
  10,
  10,
  10,
  10,
  10,
  10,
  10,
  10,
  10,
  10,
  10,
  10,
  10,
  10,
  10,
  10,
  10,
  10,
  11,
  13,
  16,
  18,
  21,
  25,
  29,
  34,
  39,
  46,
  54,
  62,
  73,
  42,
  49,
  57,
  66,
  77,
  90
 ]
}