{
 "time": "181112_1942",
 "filename": "T-BN1145709.png",
 "alphas": [
  0.036273907056772386,
  0.03704139646712864,
  0.03788363485387717,
  0.03890186384996505,
  0.040205177709819455,
  0.04164905972161976,
  0.04337217367099174,
  0.04546284709229377,
  0.04804334692604161,
  0.05121594375075172,
  0.055079002663988214,
  0.060093576925713196,
  0.06617759128711453,
  0.07377740322934569,
  0.0832516192711243,
  0.09041203284296488,
  0.09002489005075191,
  0.0908489818346141,
  0.09295316323714105,
  0.09709606801245646,
  0.1032365371592664,
  0.11120586978644209,
  0.12240461495787093,
  0.13696094737471046,
  0.1558737728604135,
  0.1805032808422663,
  0.2132639048496784,
  0.2535766199426404,
  0.25267828827295535,
  0.2474254062458992,
  0.24056242808592299,
  0.23023349436160656,
  0.2203158584556217,
  0.21684444228871508,
  0.19582187974216378,
  0.19517375316923852,
  0.1941825609723542,
  0.1942826848016671,
  0.1961177712416791,
  0.19723432597999252
 ],
 "betas": [
  0.5,
  0.5,
  0.5,
  0.5,
  0.5,
  0.5,
  0.5,
  0.5,
  0.5,
  0.5,
  0.5,
  0.5,
  0.5,
  0.5,
  0.5,
  0.5,
  0.5,
  0.5,
  0.5,
  0.5,
  0.5,
  0.5,
  0.5,
  0.5,
  0.5,
  0.5,
  0.5,
  0.5,
  0.5,
  0.5,
  0.5,
  0.5,
  0.5,
  0.5,
  0.5,
  0.5,
  0.5,
  0.5,
  0.5,
  0.5
 ],
 "gammas": [
  0.09901736214207722,
  0.09697149671250703,
  0.09466495487112385,
  0.09207697431193294,
  0.08918910285304324,
  0.08598667658513282,
  0.08246056106185586,
  0.0786090929923309,
  0.07444010081988618,
  0.06997281216663463,
  0.06523938420774535,
  0.060285737275374694,
  0.055171357481274476,
  0.04996778896526342,
  0.045369821604168595,
  0.04082997472230018,
  0.036254975283502196,
  0.03174472222219241,
  0.028065173231850992,
  0.025394664042106625,
  0.022747389814194188,
  0.02017096871982551,
  0.017706466006769932,
  0.015385069997745844,
  0.013226335327455388,
  0.011306867164118098,
  0.010059337468118549,
  0.0089176067556969,
  0.007820304487140335,
  0.006780530014012268,
  0.0058881639600600905,
  0.005104656550412483,
  0.004357127532318399,
  0.003685687370259742,
  0.0032487644355984843,
  0.002880034639914078,
  0.002517870458611249,
  0.002170910449838593,
  0.0018487065728607598,
  0.0015564825691880668
 ],
 "sigmas": [
  0.125,
  0.14538483725086093,
  0.1690940072196746,
  0.1966696377578263,
  0.22874226622085883,
  0.26604525717530136,
  0.309431571326357,
  0.35989326910048464,
  0.41858419484683407,
  0.4868463603487171,
  0.5662406309237779,
  0.6585824157734259,
  0.7659831786679869,
  0.8908987181403394,
  1.0361853211506706,
  1.2051650742177709,
  1.4017018254045788,
  1.630289534085435,
  1.8961550286783433,
  2.20537752197442,
  2.5650276168716646,
  2.983328980982803,
  3.4698463869276934,
  4.035704417991765,
  4.693841840018505,
  5.459307455938977,
  6.349604207872799,
  7.38508939495175,
  8.58944015814495,
  9.990194875743303,
  11.619382848914599,
  13.514256675559151,
  15.718144058740227,
  18.28143852692428,
  21.262751719588042,
  24.73025358606217,
  28.76323114225735,
  33.45390142740782,
  38.909520115440266,
  45.254833995939045
 ],
 "border_radii": [
  10,
  10,
  10,
  10,
  10,
  10,
  10,
  10,
  10,
  10,
  10,
  10,
  10,
  10,
  10,
  10,
  10,
  10,
  10,
  10,
  10,
  11,
  13,
  16,
  18,
  21,
  25,
  29,
  34,
  39,
  46,
  54,
  62,
  73,
  42,
  49,
  57,
  66,
  77,
  90
 ]
}