{
 "time": "181112_2014",
 "filename": "T-BN2481864.png",
 "alphas": [
  0.07051730032394947,
  0.0719239276790191,
  0.07340140123444938,
  0.07518075367914147,
  0.07728010913450413,
  0.07985209041764446,
  0.08294481482895279,
  0.08670633435390242,
  0.09137834047963944,
  0.09673859738757536,
  0.10302968400750984,
  0.11087074295820923,
  0.12034396365851066,
  0.13183519380967196,
  0.14586920770810013,
  0.16302594668394146,
  0.18356215645671475,
  0.20778917716587586,
  0.23085218037337585,
  0.25140564249198116,
  0.2644647717039948,
  0.27901498928262464,
  0.29544067503993776,
  0.3122441514714699,
  0.32272720289173046,
  0.3315960416756587,
  0.3412083132440244,
  0.3512963576251207,
  0.3663895532499041,
  0.38713821366926926,
  0.37870715884786454,
  0.36954091582221604,
  0.3614423459621903,
  0.3572757011297196,
  0.3346848942560391,
  0.3436765106487736,
  0.39953040000888396,
  0.38506193937530203,
  0.37056303918946915,
  0.3661612033033278
 ],
 "betas": [
  0.5,
  0.5,
  0.5,
  0.5,
  0.5,
  0.5,
  0.5,
  0.5,
  0.5,
  0.5,
  0.5,
  0.5,
  0.5,
  0.5,
  0.5,
  0.5,
  0.5,
  0.5,
  0.5,
  0.5,
  0.5,
  0.5,
  0.5,
  0.5,
  0.5,
  0.5,
  0.5,
  0.5,
  0.5,
  0.5,
  0.5,
  0.5,
  0.5,
  0.5,
  0.5,
  0.5,
  0.5,
  0.5,
  0.5,
  0.5
 ],
 "gammas": [
  0.17173934734370006,
  0.16740119570125686,
  0.16253589288482567,
  0.15710994767715156,
  0.15109750988614362,
  0.14448382750674216,
  0.13726912491150617,
  0.12947266927631518,
  0.12113664686361215,
  0.11232931427982264,
  0.10314675485914855,
  0.09371250672473803,
  0.08417439858725087,
  0.07505191123749734,
  0.0661803485101443,
  0.05761902834819868,
  0.04951995044391174,
  0.04201468438071306,
  0.03712255736452082,
  0.032919509027566005,
  0.029625758364792597,
  0.026885899183496483,
  0.024091624519425883,
  0.02132921865271335,
  0.0186698638823416,
  0.01616672275098949,
  0.013855093618096809,
  0.011754610520632251,
  0.009939276982914006,
  0.009549818011479517,
  0.006910468689731819,
  0.00604680854071623,
  0.0053914091006314205,
  0.004765334527244192,
  0.004176272490082699,
  0.003628476070494805,
  0.003127507788543616,
  0.0026704916849471278,
  0.0022607556189108745,
  0.0018925351659920557
 ],
 "sigmas": [
  0.125,
  0.14538483725086093,
  0.1690940072196746,
  0.1966696377578263,
  0.22874226622085883,
  0.26604525717530136,
  0.309431571326357,
  0.35989326910048464,
  0.41858419484683407,
  0.4868463603487171,
  0.5662406309237779,
  0.6585824157734259,
  0.7659831786679869,
  0.8908987181403394,
  1.0361853211506706,
  1.2051650742177709,
  1.4017018254045788,
  1.630289534085435,
  1.8961550286783433,
  2.20537752197442,
  2.5650276168716646,
  2.983328980982803,
  3.4698463869276934,
  4.035704417991765,
  4.693841840018505,
  5.459307455938977,
  6.349604207872799,
  7.38508939495175,
  8.58944015814495,
  9.990194875743303,
  11.619382848914599,
  13.514256675559151,
  15.718144058740227,
  18.28143852692428,
  21.262751719588042,
  24.73025358606217,
  28.76323114225735,
  33.45390142740782,
  38.909520115440266,
  45.254833995939045
 ],
 "border_radii": [
  10,
  10,
  10,
  10,
  10,
  10,
  10,
  10,
  10,
  10,
  10,
  10,
  10,
  10,
  10,
  10,
  10,
  10,
  10,
  10,
  10,
  11,
  13,
  16,
  18,
  21,
  25,
  29,
  34,
  39,
  46,
  54,
  62,
  73,
  42,
  49,
  57,
  66,
  77,
  90
 ]
}