{
 "time": "181112_2055",
 "filename": "T-BN4038502.png",
 "alphas": [
  0.031990290709372905,
  0.03271488870846683,
  0.03357198317882111,
  0.0345767298391475,
  0.03577415067413466,
  0.03724504187073406,
  0.038975245389540496,
  0.04123991917812261,
  0.04391483586796173,
  0.0470404374616188,
  0.051146020509801715,
  0.05629312601807105,
  0.06249040203594308,
  0.0660944830295617,
  0.07035026167502732,
  0.07539026370153104,
  0.0816809093498729,
  0.08712925457201472,
  0.0894474467043155,
  0.0938997650731003,
  0.10000645704005141,
  0.10466440061322714,
  0.10361496013531246,
  0.10355622184550611,
  0.10446389753655588,
  0.10552680727823982,
  0.10706535405734907,
  0.10917554512405003,
  0.11412460725598977,
  0.1218143767199992,
  0.13372376668279434,
  0.15266432693899123,
  0.17263934878893186,
  0.16668233435020474,
  0.14807496286452157,
  0.14281418958387432,
  0.13959479343040246,
  0.13625190301957069,
  0.1376987601352011,
  0.14150929138883125
 ],
 "betas": [
  0.5,
  0.5,
  0.5,
  0.5,
  0.5,
  0.5,
  0.5,
  0.5,
  0.5,
  0.5,
  0.5,
  0.5,
  0.5,
  0.5,
  0.5,
  0.5,
  0.5,
  0.5,
  0.5,
  0.5,
  0.5,
  0.5,
  0.5,
  0.5,
  0.5,
  0.5,
  0.5,
  0.5,
  0.5,
  0.5,
  0.5,
  0.5,
  0.5,
  0.5,
  0.5,
  0.5,
  0.5,
  0.5,
  0.5,
  0.5
 ],
 "gammas": [
  0.17558099608350933,
  0.1711347766624572,
  0.16613701447357734,
  0.16054909465733525,
  0.15433934500632032,
  0.14748662253901657,
  0.1399844684133456,
  0.13184565251838487,
  0.12310678092245067,
  0.11383246371048879,
  0.10411836100863976,
  0.09409228333790474,
  0.08391247989554652,
  0.07376237673602966,
  0.06384138875055402,
  0.05580187496734488,
  0.05057232444612884,
  0.04540564385155612,
  0.04038373739344061,
  0.03558221682892016,
  0.031066258272985835,
  0.026887531248031102,
  0.0235130914732186,
  0.02045951586899277,
  0.01764442919880993,
  0.01542485857424597,
  0.013637576055204154,
  0.012067178254554068,
  0.010524347149067186,
  0.009077093233774824,
  0.007963560318804307,
  0.006923185331752574,
  0.005942006497817066,
  0.0050819037370072985,
  0.004372578658229323,
  0.0037431755000591027,
  0.003189904665993196,
  0.0025574754938923047,
  0.0022041126170445017,
  0.0018968947481018612
 ],
 "sigmas": [
  0.125,
  0.14538483725086093,
  0.1690940072196746,
  0.1966696377578263,
  0.22874226622085883,
  0.26604525717530136,
  0.309431571326357,
  0.35989326910048464,
  0.41858419484683407,
  0.4868463603487171,
  0.5662406309237779,
  0.6585824157734259,
  0.7659831786679869,
  0.8908987181403394,
  1.0361853211506706,
  1.2051650742177709,
  1.4017018254045788,
  1.630289534085435,
  1.8961550286783433,
  2.20537752197442,
  2.5650276168716646,
  2.983328980982803,
  3.4698463869276934,
  4.035704417991765,
  4.693841840018505,
  5.459307455938977,
  6.349604207872799,
  7.38508939495175,
  8.58944015814495,
  9.990194875743303,
  11.619382848914599,
  13.514256675559151,
  15.718144058740227,
  18.28143852692428,
  21.262751719588042,
  24.73025358606217,
  28.76323114225735,
  33.45390142740782,
  38.909520115440266,
  45.254833995939045
 ],
 "border_radii": [
  10,
  10,
  10,
  10,
  10,
  10,
  10,
  10,
  10,
  10,
  10,
  10,
  10,
  10,
  10,
  10,
  10,
  10,
  10,
  10,
  10,
  11,
  13,
  16,
  18,
  21,
  25,
  29,
  34,
  39,
  46,
  54,
  62,
  73,
  42,
  49,
  57,
  66,
  77,
  90
 ]
}