{
 "time": "181112_2158",
 "filename": "T-BN7467857.png",
 "alphas": [
  0.06314046310369618,
  0.06428323947513197,
  0.06572983244825746,
  0.06751429995893035,
  0.06933191460090406,
  0.07148398155953295,
  0.07420105830672112,
  0.07744241181866719,
  0.08045678242683746,
  0.08366745752633205,
  0.08755935732096798,
  0.09213429219544073,
  0.09792364995694464,
  0.10482467238631415,
  0.11319001149453402,
  0.12304570938860498,
  0.13164719073999245,
  0.142019733327287,
  0.15398753887973543,
  0.1681708876139174,
  0.18216586908620921,
  0.19307972940218043,
  0.20495005184089096,
  0.22071885580104156,
  0.2405506753430699,
  0.2643872995804959,
  0.2926006353032706,
  0.32226490295820676,
  0.3303528134627335,
  0.3416617745006012,
  0.35609830306195817,
  0.3745603585557734,
  0.38274984107293897,
  0.39139099304344444,
  0.3924375960605971,
  0.41650815360167204,
  0.4362521346445345,
  0.4524823528551956,
  0.4538405972925271,
  0.4638730394052433
 ],
 "betas": [
  0.5,
  0.5,
  0.5,
  0.5,
  0.5,
  0.5,
  0.5,
  0.5,
  0.5,
  0.5,
  0.5,
  0.5,
  0.5,
  0.5,
  0.5,
  0.5,
  0.5,
  0.5,
  0.5,
  0.5,
  0.5,
  0.5,
  0.5,
  0.5,
  0.5,
  0.5,
  0.5,
  0.5,
  0.5,
  0.5,
  0.5,
  0.5,
  0.5,
  0.5,
  0.5,
  0.5,
  0.5,
  0.5,
  0.5,
  0.5
 ],
 "gammas": [
  0.10053846727070635,
  0.09890323690285692,
  0.09704959188886804,
  0.09495670031648683,
  0.09260441839823129,
  0.08997430658894298,
  0.08705090011546575,
  0.08382322564052606,
  0.08030524543018921,
  0.07650236106811575,
  0.072409200107989,
  0.06804966771628247,
  0.06345979765255466,
  0.058687902002975585,
  0.05379363539742375,
  0.048845805619799176,
  0.043918937541017083,
  0.039329283504852916,
  0.03574130942003157,
  0.03215030878259728,
  0.02860999721226379,
  0.025167601959348505,
  0.021883388615707145,
  0.019013356082380483,
  0.01629712805635658,
  0.013744844092722737,
  0.011363879906577964,
  0.009163883861083386,
  0.00803372476460488,
  0.007165603798927059,
  0.006284790380452711,
  0.005425436793773898,
  0.004717341521015879,
  0.0037489056234786032,
  0.003192968559145264,
  0.0027620702633117783,
  0.002390912401467612,
  0.002109755804331757,
  0.0018854732967781816,
  0.0016604752450494532
 ],
 "sigmas": [
  0.125,
  0.14538483725086093,
  0.1690940072196746,
  0.1966696377578263,
  0.22874226622085883,
  0.26604525717530136,
  0.309431571326357,
  0.35989326910048464,
  0.41858419484683407,
  0.4868463603487171,
  0.5662406309237779,
  0.6585824157734259,
  0.7659831786679869,
  0.8908987181403394,
  1.0361853211506706,
  1.2051650742177709,
  1.4017018254045788,
  1.630289534085435,
  1.8961550286783433,
  2.20537752197442,
  2.5650276168716646,
  2.983328980982803,
  3.4698463869276934,
  4.035704417991765,
  4.693841840018505,
  5.459307455938977,
  6.349604207872799,
  7.38508939495175,
  8.58944015814495,
  9.990194875743303,
  11.619382848914599,
  13.514256675559151,
  15.718144058740227,
  18.28143852692428,
  21.262751719588042,
  24.73025358606217,
  28.76323114225735,
  33.45390142740782,
  38.909520115440266,
  45.254833995939045
 ],
 "border_radii": [
  10,
  10,
  10,
  10,
  10,
  10,
  10,
  10,
  10,
  10,
  10,
  10,
  10,
  10,
  10,
  10,
  10,
  10,
  10,
  10,
  10,
  11,
  13,
  16,
  18,
  21,
  25,
  29,
  34,
  39,
  46,
  54,
  62,
  73,
  42,
  49,
  57,
  66,
  77,
  90
 ]
}