{
 "time": "181112_2227",
 "filename": "T-BN7965300.png",
 "alphas": [
  0.022157331859523895,
  0.022822659031992973,
  0.023608709078771845,
  0.024539133283264042,
  0.02565450995122001,
  0.027056608705346423,
  0.02874052909802966,
  0.03079347924961918,
  0.033319674034864064,
  0.03640836400545254,
  0.039988487891278235,
  0.04433306383156944,
  0.049866691821166535,
  0.05673808176095592,
  0.06530733016451025,
  0.07653209953059914,
  0.09064596590962931,
  0.10855666933384062,
  0.12448923280753851,
  0.1346073168965766,
  0.14815945961861665,
  0.16557099866388442,
  0.18764599540820884,
  0.21427520674476996,
  0.24712264885804028,
  0.267556589611599,
  0.2642922989292055,
  0.2642015720943202,
  0.2742220881049483,
  0.295790444742297,
  0.3115076486414651,
  0.3352396047163749,
  0.3558721404174273,
  0.3844170668295086,
  0.3762731186211904,
  0.3925500689018382,
  0.4095400759404704,
  0.43046582565596214,
  0.41301786897237774,
  0.40115948122079803
 ],
 "betas": [
  0.5,
  0.5,
  0.5,
  0.5,
  0.5,
  0.5,
  0.5,
  0.5,
  0.5,
  0.5,
  0.5,
  0.5,
  0.5,
  0.5,
  0.5,
  0.5,
  0.5,
  0.5,
  0.5,
  0.5,
  0.5,
  0.5,
  0.5,
  0.5,
  0.5,
  0.5,
  0.5,
  0.5,
  0.5,
  0.5,
  0.5,
  0.5,
  0.5,
  0.5,
  0.5,
  0.5,
  0.5,
  0.5,
  0.5,
  0.5
 ],
 "gammas": [
  0.08270043108542371,
  0.08085470677909849,
  0.07877764319612106,
  0.07645214171432857,
  0.07386364639234806,
  0.07100155150938825,
  0.06786083493149224,
  0.06444384664750238,
  0.060762123864476346,
  0.056838036623361905,
  0.05270600139775224,
  0.04841295253841716,
  0.04422562643904333,
  0.04077896559611522,
  0.03731076434229009,
  0.03386740611845767,
  0.03049462610229665,
  0.027235398803719096,
  0.024782265988596893,
  0.022445006342443403,
  0.020086011660412524,
  0.01776664862475726,
  0.015541149639824031,
  0.013453019217621402,
  0.01153343263560088,
  0.009801344263132434,
  0.008329774172797087,
  0.0074458339077060065,
  0.006574113300211104,
  0.005729111609897021,
  0.005104123902634869,
  0.004476193489114897,
  0.0038697856502566855,
  0.003302625741879358,
  0.002894409224330266,
  0.00249564031942045,
  0.0021140562957009117,
  0.0017628187015030956,
  0.0015104844034791313,
  0.0013560183752847584
 ],
 "sigmas": [
  0.125,
  0.14538483725086093,
  0.1690940072196746,
  0.1966696377578263,
  0.22874226622085883,
  0.26604525717530136,
  0.309431571326357,
  0.35989326910048464,
  0.41858419484683407,
  0.4868463603487171,
  0.5662406309237779,
  0.6585824157734259,
  0.7659831786679869,
  0.8908987181403394,
  1.0361853211506706,
  1.2051650742177709,
  1.4017018254045788,
  1.630289534085435,
  1.8961550286783433,
  2.20537752197442,
  2.5650276168716646,
  2.983328980982803,
  3.4698463869276934,
  4.035704417991765,
  4.693841840018505,
  5.459307455938977,
  6.349604207872799,
  7.38508939495175,
  8.58944015814495,
  9.990194875743303,
  11.619382848914599,
  13.514256675559151,
  15.718144058740227,
  18.28143852692428,
  21.262751719588042,
  24.73025358606217,
  28.76323114225735,
  33.45390142740782,
  38.909520115440266,
  45.254833995939045
 ],
 "border_radii": [
  10,
  10,
  10,
  10,
  10,
  10,
  10,
  10,
  10,
  10,
  10,
  10,
  10,
  10,
  10,
  10,
  10,
  10,
  10,
  10,
  10,
  11,
  13,
  16,
  18,
  21,
  25,
  29,
  34,
  39,
  46,
  54,
  62,
  73,
  42,
  49,
  57,
  66,
  77,
  90
 ]
}