{
 "time": "181112_2106",
 "filename": "T-BN4569506.png",
 "alphas": [
  0.039996970669844,
  0.04082835988674988,
  0.041787494049367276,
  0.04291339175830429,
  0.044274052023431196,
  0.04587191002389499,
  0.047920926208711044,
  0.050386367789966885,
  0.05332012533476397,
  0.056957761288181384,
  0.061315218976799424,
  0.06640831973801481,
  0.07265301632457966,
  0.08017426271341847,
  0.08965970741110757,
  0.09552934023744608,
  0.09904403704961647,
  0.10365648206642182,
  0.10902212853841517,
  0.11500866301239554,
  0.12246557730968377,
  0.13054885339304423,
  0.13938169067366152,
  0.13474051923708813,
  0.12614243362740593,
  0.12090003727924097,
  0.1193476807491711,
  0.11844722617160733,
  0.11856511876557357,
  0.12029424667379732,
  0.12440915571281069,
  0.1279270744200973,
  0.13387066502022044,
  0.14155760639256842,
  0.12732937739655886,
  0.1202568286196861,
  0.11836008322534297,
  0.12139045186793691,
  0.12756118282487716,
  0.13955495586111366
 ],
 "betas": [
  0.5,
  0.5,
  0.5,
  0.5,
  0.5,
  0.5,
  0.5,
  0.5,
  0.5,
  0.5,
  0.5,
  0.5,
  0.5,
  0.5,
  0.5,
  0.5,
  0.5,
  0.5,
  0.5,
  0.5,
  0.5,
  0.5,
  0.5,
  0.5,
  0.5,
  0.5,
  0.5,
  0.5,
  0.5,
  0.5,
  0.5,
  0.5,
  0.5,
  0.5,
  0.5,
  0.5,
  0.5,
  0.5,
  0.5,
  0.5
 ],
 "gammas": [
  0.2394063149642061,
  0.23415606004421732,
  0.22823978161424385,
  0.22160605872022565,
  0.2142102904064823,
  0.2060188388299369,
  0.19701394114502416,
  0.1871992245419284,
  0.17660548057431794,
  0.16529613052584607,
  0.1533715661572304,
  0.1409713291285212,
  0.1282729775402002,
  0.11548658338056568,
  0.10284421457566495,
  0.09058454074949746,
  0.0789338242168557,
  0.06808582965440461,
  0.05818424865081158,
  0.04931158474168983,
  0.04148755441777012,
  0.034677700237404886,
  0.02880963957353185,
  0.02379171750692727,
  0.019528497499988737,
  0.016136162577671562,
  0.013726639431882952,
  0.012065097927387457,
  0.012840155717987987,
  0.017117913008467572,
  0.007880923000536093,
  0.0066698586553835945,
  0.005796837328902037,
  0.005065438654433995,
  0.004376934948145432,
  0.0038120635783936607,
  0.0033178297214600115,
  0.0028682882049456135,
  0.00245974083617151,
  0.0020909247042323205
 ],
 "sigmas": [
  0.125,
  0.14538483725086093,
  0.1690940072196746,
  0.1966696377578263,
  0.22874226622085883,
  0.26604525717530136,
  0.309431571326357,
  0.35989326910048464,
  0.41858419484683407,
  0.4868463603487171,
  0.5662406309237779,
  0.6585824157734259,
  0.7659831786679869,
  0.8908987181403394,
  1.0361853211506706,
  1.2051650742177709,
  1.4017018254045788,
  1.630289534085435,
  1.8961550286783433,
  2.20537752197442,
  2.5650276168716646,
  2.983328980982803,
  3.4698463869276934,
  4.035704417991765,
  4.693841840018505,
  5.459307455938977,
  6.349604207872799,
  7.38508939495175,
  8.58944015814495,
  9.990194875743303,
  11.619382848914599,
  13.514256675559151,
  15.718144058740227,
  18.28143852692428,
  21.262751719588042,
  24.73025358606217,
  28.76323114225735,
  33.45390142740782,
  38.909520115440266,
  45.254833995939045
 ],
 "border_radii": [
  10,
  10,
  10,
  10,
  10,
  10,
  10,
  10,
  10,
  10,
  10,
  10,
  10,
  10,
  10,
  10,
  10,
  10,
  10,
  10,
  10,
  11,
  13,
  16,
  18,
  21,
  25,
  29,
  34,
  39,
  46,
  54,
  62,
  73,
  42,
  49,
  57,
  66,
  77,
  90
 ]
}