{
 "time": "181112_2204",
 "filename": "T-BN7547732.png",
 "alphas": [
  0.02733733010349531,
  0.02774688930723023,
  0.028197406296771133,
  0.028395927277374555,
  0.028309538375322955,
  0.02817875659060861,
  0.02811030365359885,
  0.028110371746172612,
  0.02822747399610396,
  0.028409245771735037,
  0.02871398746995606,
  0.029199014304618482,
  0.02996925896991647,
  0.030144957841501688,
  0.02983724986961575,
  0.029960152182903446,
  0.030423262774735706,
  0.0314413179118328,
  0.033174047417971954,
  0.03577365652823574,
  0.03955295202394709,
  0.04487601630341522,
  0.05267797687153118,
  0.06257356887352729,
  0.07619571808829864,
  0.09402887791448386,
  0.11772890909421124,
  0.14713624413452214,
  0.17934428325569785,
  0.1893350434779508,
  0.19927873930948184,
  0.20912754015463966,
  0.21675973547569555,
  0.22515077593015578,
  0.20321434070058936,
  0.24457335346076942,
  0.259942107462939,
  0.25500206651104396,
  0.2567483947828944,
  0.2648847116272959
 ],
 "betas": [
  0.5,
  0.5,
  0.5,
  0.5,
  0.5,
  0.5,
  0.5,
  0.5,
  0.5,
  0.5,
  0.5,
  0.5,
  0.5,
  0.5,
  0.5,
  0.5,
  0.5,
  0.5,
  0.5,
  0.5,
  0.5,
  0.5,
  0.5,
  0.5,
  0.5,
  0.5,
  0.5,
  0.5,
  0.5,
  0.5,
  0.5,
  0.5,
  0.5,
  0.5,
  0.5,
  0.5,
  0.5,
  0.5,
  0.5,
  0.5
 ],
 "gammas": [
  0.07245622740769787,
  0.07084055314611679,
  0.06906978157548757,
  0.06708913535627378,
  0.06488670750206832,
  0.06255260138710807,
  0.060150120291365225,
  0.057512739710153915,
  0.05465430521934446,
  0.05162019137291404,
  0.04837033644460944,
  0.04492915946908917,
  0.04133158254927187,
  0.0386080883266351,
  0.036387060910367634,
  0.03399087570616047,
  0.03144967110297919,
  0.02880343154111647,
  0.0260995290918751,
  0.023389063494884257,
  0.020732565947241852,
  0.018347797602503085,
  0.01605837989472125,
  0.013895490735914385,
  0.011882206726472729,
  0.010069335392560495,
  0.008877114380729955,
  0.0077458630463802785,
  0.006750513142466782,
  0.005947286488337127,
  0.005315971221131538,
  0.004742405038899548,
  0.004196233157158735,
  0.003686176256116966,
  0.003186594896945354,
  0.002713449649542299,
  0.0022911693498513,
  0.001938617401297234,
  0.001675573203685605,
  0.0014302432008047252
 ],
 "sigmas": [
  0.125,
  0.14538483725086093,
  0.1690940072196746,
  0.1966696377578263,
  0.22874226622085883,
  0.26604525717530136,
  0.309431571326357,
  0.35989326910048464,
  0.41858419484683407,
  0.4868463603487171,
  0.5662406309237779,
  0.6585824157734259,
  0.7659831786679869,
  0.8908987181403394,
  1.0361853211506706,
  1.2051650742177709,
  1.4017018254045788,
  1.630289534085435,
  1.8961550286783433,
  2.20537752197442,
  2.5650276168716646,
  2.983328980982803,
  3.4698463869276934,
  4.035704417991765,
  4.693841840018505,
  5.459307455938977,
  6.349604207872799,
  7.38508939495175,
  8.58944015814495,
  9.990194875743303,
  11.619382848914599,
  13.514256675559151,
  15.718144058740227,
  18.28143852692428,
  21.262751719588042,
  24.73025358606217,
  28.76323114225735,
  33.45390142740782,
  38.909520115440266,
  45.254833995939045
 ],
 "border_radii": [
  10,
  10,
  10,
  10,
  10,
  10,
  10,
  10,
  10,
  10,
  10,
  10,
  10,
  10,
  10,
  10,
  10,
  10,
  10,
  10,
  10,
  11,
  13,
  16,
  18,
  21,
  25,
  29,
  34,
  39,
  46,
  54,
  62,
  73,
  42,
  49,
  57,
  66,
  77,
  90
 ]
}