{
 "time": "181112_2159",
 "filename": "T-BN7476220.png",
 "alphas": [
  0.04105199966465869,
  0.04161382939517357,
  0.04216848702228533,
  0.04281420866515621,
  0.043708939642116584,
  0.044718798982076216,
  0.045853414016036646,
  0.047296355080067534,
  0.0489639961253132,
  0.05089328927883387,
  0.05318444473012328,
  0.055945085474522954,
  0.05926175800290645,
  0.06313335045230782,
  0.06798700277652248,
  0.07383127866329935,
  0.08074059776162514,
  0.08781837744203749,
  0.09245095242593455,
  0.09832533010636081,
  0.10564808417074,
  0.11474727176407085,
  0.12620004266833434,
  0.13769476868290748,
  0.15300296534529184,
  0.174077692709677,
  0.20226427597535115,
  0.24067678255864916,
  0.24688925572813825,
  0.24374965568005658,
  0.24523213696051332,
  0.2517168021044044,
  0.2513748802308989,
  0.2890522182505715,
  0.3092786600649861,
  0.3114659103503824,
  0.30933549651689723,
  0.29500810110308,
  0.2706638005581524,
  0.25984414427692976
 ],
 "betas": [
  0.5,
  0.5,
  0.5,
  0.5,
  0.5,
  0.5,
  0.5,
  0.5,
  0.5,
  0.5,
  0.5,
  0.5,
  0.5,
  0.5,
  0.5,
  0.5,
  0.5,
  0.5,
  0.5,
  0.5,
  0.5,
  0.5,
  0.5,
  0.5,
  0.5,
  0.5,
  0.5,
  0.5,
  0.5,
  0.5,
  0.5,
  0.5,
  0.5,
  0.5,
  0.5,
  0.5,
  0.5,
  0.5,
  0.5,
  0.5
 ],
 "gammas": [
  0.11921592752176802,
  0.11652480145363102,
  0.1134942203810912,
  0.11009846790662633,
  0.10631539547781495,
  0.10212849919435954,
  0.09752935741450362,
  0.09346636926021068,
  0.08905912891919521,
  0.08454083842589113,
  0.07997454404036704,
  0.0750702752005833,
  0.06986546570432002,
  0.06441536569912558,
  0.058793325442165166,
  0.053089194038988194,
  0.04740541083286294,
  0.0418506996143859,
  0.036531798257912286,
  0.031544271240851504,
  0.02696395712334496,
  0.022840744318367478,
  0.019527141664104897,
  0.016775836446456548,
  0.014238275426739378,
  0.011944551409533898,
  0.009910253513500947,
  0.00822795655175908,
  0.007301639011354385,
  0.006526119601325801,
  0.005755177867332822,
  0.005015625462269925,
  0.004318545846298824,
  0.0036779245997382716,
  0.0031622802803914223,
  0.0027329292394086785,
  0.0023473431093413576,
  0.002006529854600101,
  0.0017046374057257355,
  0.0014396441687811715
 ],
 "sigmas": [
  0.125,
  0.14538483725086093,
  0.1690940072196746,
  0.1966696377578263,
  0.22874226622085883,
  0.26604525717530136,
  0.309431571326357,
  0.35989326910048464,
  0.41858419484683407,
  0.4868463603487171,
  0.5662406309237779,
  0.6585824157734259,
  0.7659831786679869,
  0.8908987181403394,
  1.0361853211506706,
  1.2051650742177709,
  1.4017018254045788,
  1.630289534085435,
  1.8961550286783433,
  2.20537752197442,
  2.5650276168716646,
  2.983328980982803,
  3.4698463869276934,
  4.035704417991765,
  4.693841840018505,
  5.459307455938977,
  6.349604207872799,
  7.38508939495175,
  8.58944015814495,
  9.990194875743303,
  11.619382848914599,
  13.514256675559151,
  15.718144058740227,
  18.28143852692428,
  21.262751719588042,
  24.73025358606217,
  28.76323114225735,
  33.45390142740782,
  38.909520115440266,
  45.254833995939045
 ],
 "border_radii": [
  10,
  10,
  10,
  10,
  10,
  10,
  10,
  10,
  10,
  10,
  10,
  10,
  10,
  10,
  10,
  10,
  10,
  10,
  10,
  10,
  10,
  11,
  13,
  16,
  18,
  21,
  25,
  29,
  34,
  39,
  46,
  54,
  62,
  73,
  42,
  49,
  57,
  66,
  77,
  90
 ]
}