{
 "time": "181112_2142",
 "filename": "T-BN6498420.png",
 "alphas": [
  0.01669788626866162,
  0.0172142260998876,
  0.01784090109311593,
  0.018617897950930495,
  0.019508687052633006,
  0.020642647503652366,
  0.02196520992488723,
  0.023654965921595075,
  0.025034196605491964,
  0.02628323570112031,
  0.027755759730654892,
  0.0296357278434082,
  0.03184521970963221,
  0.0346564681504736,
  0.038064652036072094,
  0.042247924525694466,
  0.04732982853750837,
  0.052936540501998995,
  0.05977188099980981,
  0.06817894115704286,
  0.07880065916870371,
  0.0923252401243075,
  0.1089912151715323,
  0.12929084299403493,
  0.1464135337385,
  0.16066881686166323,
  0.1784198593219209,
  0.1998714396382874,
  0.22756804268127434,
  0.26096607384848525,
  0.29731883732920283,
  0.3320119486877105,
  0.3425981800677936,
  0.3501271498690002,
  0.33083093715299494,
  0.34383968247028285,
  0.35063224034347806,
  0.33337843316196875,
  0.32261621712692223,
  0.32091289006648555
 ],
 "betas": [
  0.5,
  0.5,
  0.5,
  0.5,
  0.5,
  0.5,
  0.5,
  0.5,
  0.5,
  0.5,
  0.5,
  0.5,
  0.5,
  0.5,
  0.5,
  0.5,
  0.5,
  0.5,
  0.5,
  0.5,
  0.5,
  0.5,
  0.5,
  0.5,
  0.5,
  0.5,
  0.5,
  0.5,
  0.5,
  0.5,
  0.5,
  0.5,
  0.5,
  0.5,
  0.5,
  0.5,
  0.5,
  0.5,
  0.5,
  0.5
 ],
 "gammas": [
  0.15717694665914198,
  0.15341489480236167,
  0.14919119956506155,
  0.14447491149538508,
  0.13924117182594187,
  0.1334741201938428,
  0.1271701764211414,
  0.1203415087143978,
  0.11301937994869067,
  0.10525693409979714,
  0.09713087382876932,
  0.08874142946581023,
  0.08021007988479809,
  0.07167470171903798,
  0.0632822089058311,
  0.05517925460922352,
  0.04750208328289459,
  0.04328987660707592,
  0.03949869237663419,
  0.03561128096860749,
  0.03172071234471676,
  0.02792101161728736,
  0.02449497342414215,
  0.02178164441858083,
  0.019135227901185048,
  0.01676836142105355,
  0.014723284723769483,
  0.012952240437001153,
  0.011271342216160583,
  0.009704121770481933,
  0.008267916298220612,
  0.006973438033816977,
  0.005825207974817826,
  0.004822381117086754,
  0.003967200158175288,
  0.003254881780068014,
  0.002723565002737126,
  0.0024098491161494285,
  0.0021288390748954713,
  0.0018679896528065012
 ],
 "sigmas": [
  0.125,
  0.14538483725086093,
  0.1690940072196746,
  0.1966696377578263,
  0.22874226622085883,
  0.26604525717530136,
  0.309431571326357,
  0.35989326910048464,
  0.41858419484683407,
  0.4868463603487171,
  0.5662406309237779,
  0.6585824157734259,
  0.7659831786679869,
  0.8908987181403394,
  1.0361853211506706,
  1.2051650742177709,
  1.4017018254045788,
  1.630289534085435,
  1.8961550286783433,
  2.20537752197442,
  2.5650276168716646,
  2.983328980982803,
  3.4698463869276934,
  4.035704417991765,
  4.693841840018505,
  5.459307455938977,
  6.349604207872799,
  7.38508939495175,
  8.58944015814495,
  9.990194875743303,
  11.619382848914599,
  13.514256675559151,
  15.718144058740227,
  18.28143852692428,
  21.262751719588042,
  24.73025358606217,
  28.76323114225735,
  33.45390142740782,
  38.909520115440266,
  45.254833995939045
 ],
 "border_radii": [
  10,
  10,
  10,
  10,
  10,
  10,
  10,
  10,
  10,
  10,
  10,
  10,
  10,
  10,
  10,
  10,
  10,
  10,
  10,
  10,
  10,
  11,
  13,
  16,
  18,
  21,
  25,
  29,
  34,
  39,
  46,
  54,
  62,
  73,
  42,
  49,
  57,
  66,
  77,
  90
 ]
}