{
 "time": "181112_1925",
 "filename": "T-BN0426372.png",
 "alphas": [
  0.06891735494045627,
  0.07017037358403382,
  0.07161762714239535,
  0.0732928920574133,
  0.07514873639873551,
  0.07751334322740878,
  0.07962350527811975,
  0.07986141234804547,
  0.07993645809349306,
  0.08032054451372661,
  0.0812889661956074,
  0.07890980691138143,
  0.07450578512461072,
  0.07047170591584842,
  0.06667701622227834,
  0.0635061715630231,
  0.060660521719206044,
  0.05887923622061007,
  0.05630882675477287,
  0.05298886065400971,
  0.05129688328544351,
  0.05103167245285767,
  0.05292742279024258,
  0.05674590782181092,
  0.06228339565218775,
  0.07027873764422726,
  0.08121731319912764,
  0.09536487038670144,
  0.11367584687067595,
  0.13736227756523947,
  0.16667413199415068,
  0.20334978006481852,
  0.22324448436700892,
  0.24894457589892796,
  0.2363345686918526,
  0.2213312459514875,
  0.2150514516743896,
  0.21869133150270187,
  0.2286313893824076,
  0.24253741541118284
 ],
 "betas": [
  0.5,
  0.5,
  0.5,
  0.5,
  0.5,
  0.5,
  0.5,
  0.5,
  0.5,
  0.5,
  0.5,
  0.5,
  0.5,
  0.5,
  0.5,
  0.5,
  0.5,
  0.5,
  0.5,
  0.5,
  0.5,
  0.5,
  0.5,
  0.5,
  0.5,
  0.5,
  0.5,
  0.5,
  0.5,
  0.5,
  0.5,
  0.5,
  0.5,
  0.5,
  0.5,
  0.5,
  0.5,
  0.5,
  0.5,
  0.5
 ],
 "gammas": [
  0.14858366963301073,
  0.14414599115896526,
  0.13919117738723533,
  0.13369377109606562,
  0.12763823152642967,
  0.12102259771144423,
  0.11386240567276852,
  0.1061945262586794,
  0.09808043300096893,
  0.08960826110886286,
  0.08089292566317698,
  0.07340776554960514,
  0.06669638988521594,
  0.06001830103514851,
  0.05364197334908892,
  0.04736969552684088,
  0.041352525376893164,
  0.03696037094886391,
  0.03264613700863834,
  0.029025540461739625,
  0.02554809276775106,
  0.022400796617960433,
  0.019662447248237486,
  0.016944579529059593,
  0.014415194235381656,
  0.01260178979995004,
  0.011203172050369225,
  0.009821491844134493,
  0.008508394905675124,
  0.007373046090142787,
  0.006419064925393565,
  0.005514239708003674,
  0.004659589722802912,
  0.003866580398048084,
  0.0034994722527679975,
  0.0031222155838838126,
  0.00274501444904986,
  0.0023839858056067505,
  0.0020444077603741506,
  0.0017762369810914833
 ],
 "sigmas": [
  0.125,
  0.14538483725086093,
  0.1690940072196746,
  0.1966696377578263,
  0.22874226622085883,
  0.26604525717530136,
  0.309431571326357,
  0.35989326910048464,
  0.41858419484683407,
  0.4868463603487171,
  0.5662406309237779,
  0.6585824157734259,
  0.7659831786679869,
  0.8908987181403394,
  1.0361853211506706,
  1.2051650742177709,
  1.4017018254045788,
  1.630289534085435,
  1.8961550286783433,
  2.20537752197442,
  2.5650276168716646,
  2.983328980982803,
  3.4698463869276934,
  4.035704417991765,
  4.693841840018505,
  5.459307455938977,
  6.349604207872799,
  7.38508939495175,
  8.58944015814495,
  9.990194875743303,
  11.619382848914599,
  13.514256675559151,
  15.718144058740227,
  18.28143852692428,
  21.262751719588042,
  24.73025358606217,
  28.76323114225735,
  33.45390142740782,
  38.909520115440266,
  45.254833995939045
 ],
 "border_radii": [
  10,
  10,
  10,
  10,
  10,
  10,
  10,
  10,
  10,
  10,
  10,
  10,
  10,
  10,
  10,
  10,
  10,
  10,
  10,
  10,
  10,
  11,
  13,
  16,
  18,
  21,
  25,
  29,
  34,
  39,
  46,
  54,
  62,
  73,
  42,
  49,
  57,
  66,
  77,
  90
 ]
}