{
 "time": "181112_2113",
 "filename": "T-BN5072928.png",
 "alphas": [
  0.040932791953862034,
  0.04165470476121172,
  0.042513260978706335,
  0.04348006991776948,
  0.04462795240163129,
  0.04592578640996503,
  0.047596544393719846,
  0.04962696412575869,
  0.0520731380812395,
  0.055154098602309035,
  0.05913657716126089,
  0.06401952812884029,
  0.06688775853384302,
  0.06584213496603757,
  0.06542612467979594,
  0.06543122967259488,
  0.06630904057448742,
  0.06790070697547332,
  0.0686137969860969,
  0.06822042625165056,
  0.06864250579641407,
  0.06917228125831047,
  0.07158735508548772,
  0.07657899041342253,
  0.08464950585150109,
  0.09385195187600447,
  0.10755275100633271,
  0.12879790830291937,
  0.1612960831912798,
  0.19078295432087253,
  0.207707049103303,
  0.22515402601143314,
  0.24226047430591677,
  0.22692505537100222,
  0.21834113447886522,
  0.21034399350471994,
  0.2079705110789496,
  0.22686925833386762,
  0.19933814982155085,
  0.17341045718146836
 ],
 "betas": [
  0.5,
  0.5,
  0.5,
  0.5,
  0.5,
  0.5,
  0.5,
  0.5,
  0.5,
  0.5,
  0.5,
  0.5,
  0.5,
  0.5,
  0.5,
  0.5,
  0.5,
  0.5,
  0.5,
  0.5,
  0.5,
  0.5,
  0.5,
  0.5,
  0.5,
  0.5,
  0.5,
  0.5,
  0.5,
  0.5,
  0.5,
  0.5,
  0.5,
  0.5,
  0.5,
  0.5,
  0.5,
  0.5,
  0.5,
  0.5
 ],
 "gammas": [
  0.1903855113080824,
  0.18533138005865601,
  0.17967051103078396,
  0.1733668260679526,
  0.16639383696134574,
  0.15873870077402855,
  0.15040669613282737,
  0.141425812353385,
  0.13185096985282352,
  0.12176721218980815,
  0.11129107088077421,
  0.10056926773405794,
  0.08977406067714636,
  0.07909492034654325,
  0.06872685810765833,
  0.05885653058439132,
  0.04964802272831547,
  0.04123067133051841,
  0.034569273783678314,
  0.02954719690773958,
  0.025186162604695687,
  0.021888538959023967,
  0.019192756309783468,
  0.017448060964091218,
  0.01566327323341352,
  0.013901561608498515,
  0.012213207016798167,
  0.010634342620851672,
  0.009229228698449773,
  0.007959281478276644,
  0.006822102622746341,
  0.0058135352121220845,
  0.00492596809199124,
  0.004301247035112926,
  0.0037850185610318744,
  0.003301037047173502,
  0.002856220487700847,
  0.00245725051063386,
  0.0021055811468912214,
  0.001794329422691321
 ],
 "sigmas": [
  0.125,
  0.14538483725086093,
  0.1690940072196746,
  0.1966696377578263,
  0.22874226622085883,
  0.26604525717530136,
  0.309431571326357,
  0.35989326910048464,
  0.41858419484683407,
  0.4868463603487171,
  0.5662406309237779,
  0.6585824157734259,
  0.7659831786679869,
  0.8908987181403394,
  1.0361853211506706,
  1.2051650742177709,
  1.4017018254045788,
  1.630289534085435,
  1.8961550286783433,
  2.20537752197442,
  2.5650276168716646,
  2.983328980982803,
  3.4698463869276934,
  4.035704417991765,
  4.693841840018505,
  5.459307455938977,
  6.349604207872799,
  7.38508939495175,
  8.58944015814495,
  9.990194875743303,
  11.619382848914599,
  13.514256675559151,
  15.718144058740227,
  18.28143852692428,
  21.262751719588042,
  24.73025358606217,
  28.76323114225735,
  33.45390142740782,
  38.909520115440266,
  45.254833995939045
 ],
 "border_radii": [
  10,
  10,
  10,
  10,
  10,
  10,
  10,
  10,
  10,
  10,
  10,
  10,
  10,
  10,
  10,
  10,
  10,
  10,
  10,
  10,
  10,
  11,
  13,
  16,
  18,
  21,
  25,
  29,
  34,
  39,
  46,
  54,
  62,
  73,
  42,
  49,
  57,
  66,
  77,
  90
 ]
}