{
 "time": "181112_2238",
 "filename": "T-BN8333878.png",
 "alphas": [
  0.0808149728434416,
  0.08247954208221064,
  0.0844221469907756,
  0.08594379847757538,
  0.08763878182229624,
  0.08991116189448439,
  0.09234487169938749,
  0.09541409235459197,
  0.09904039808817307,
  0.10358820320043109,
  0.1087781358165893,
  0.11536011193851452,
  0.12358226164610185,
  0.13395226879775163,
  0.14697862726213579,
  0.16318643716238057,
  0.17295487513082172,
  0.17640523982069706,
  0.1815346927004873,
  0.1899289487390973,
  0.20188554037145512,
  0.21832779930697366,
  0.23992952298713635,
  0.26924128108755957,
  0.306807919753844,
  0.31272629974461374,
  0.3160948715417381,
  0.31436698358730114,
  0.3093983130050699,
  0.3047733234204393,
  0.29756134972924825,
  0.2841376339995534,
  0.2772625673072475,
  0.2801620391147829,
  0.24700420944592388,
  0.2321246721140719,
  0.20709412536864813,
  0.19344881100389283,
  0.21537609978810077,
  0.2128596091414538
 ],
 "betas": [
  0.5,
  0.5,
  0.5,
  0.5,
  0.5,
  0.5,
  0.5,
  0.5,
  0.5,
  0.5,
  0.5,
  0.5,
  0.5,
  0.5,
  0.5,
  0.5,
  0.5,
  0.5,
  0.5,
  0.5,
  0.5,
  0.5,
  0.5,
  0.5,
  0.5,
  0.5,
  0.5,
  0.5,
  0.5,
  0.5,
  0.5,
  0.5,
  0.5,
  0.5,
  0.5,
  0.5,
  0.5,
  0.5,
  0.5,
  0.5
 ],
 "gammas": [
  0.21504177211295702,
  0.21056478856378832,
  0.20550438726931963,
  0.19981039877945186,
  0.1934368630774758,
  0.1863454043708518,
  0.17850936511362667,
  0.16991862777489825,
  0.1605849150540924,
  0.15054717265226975,
  0.13987641410831586,
  0.1286791768813256,
  0.11709856404465441,
  0.10531181756455624,
  0.09352359332072772,
  0.08195466862889288,
  0.07082671106777487,
  0.0603448266908948,
  0.050680568019719305,
  0.04195849614022632,
  0.03424891585575999,
  0.027568013138968995,
  0.02188474331312971,
  0.01812238089336313,
  0.016347897101734114,
  0.014587936317970254,
  0.012941226059504903,
  0.011441819570331465,
  0.009994231888686459,
  0.008657434214085742,
  0.007444032385071939,
  0.006384584789326934,
  0.005424967514654945,
  0.0045613986741317196,
  0.003805142962702056,
  0.003190225170437375,
  0.002714613779249626,
  0.0023348507155491033,
  0.002056449812133925,
  0.001803848756323051
 ],
 "sigmas": [
  0.125,
  0.14538483725086093,
  0.1690940072196746,
  0.1966696377578263,
  0.22874226622085883,
  0.26604525717530136,
  0.309431571326357,
  0.35989326910048464,
  0.41858419484683407,
  0.4868463603487171,
  0.5662406309237779,
  0.6585824157734259,
  0.7659831786679869,
  0.8908987181403394,
  1.0361853211506706,
  1.2051650742177709,
  1.4017018254045788,
  1.630289534085435,
  1.8961550286783433,
  2.20537752197442,
  2.5650276168716646,
  2.983328980982803,
  3.4698463869276934,
  4.035704417991765,
  4.693841840018505,
  5.459307455938977,
  6.349604207872799,
  7.38508939495175,
  8.58944015814495,
  9.990194875743303,
  11.619382848914599,
  13.514256675559151,
  15.718144058740227,
  18.28143852692428,
  21.262751719588042,
  24.73025358606217,
  28.76323114225735,
  33.45390142740782,
  38.909520115440266,
  45.254833995939045
 ],
 "border_radii": [
  10,
  10,
  10,
  10,
  10,
  10,
  10,
  10,
  10,
  10,
  10,
  10,
  10,
  10,
  10,
  10,
  10,
  10,
  10,
  10,
  10,
  11,
  13,
  16,
  18,
  21,
  25,
  29,
  34,
  39,
  46,
  54,
  62,
  73,
  42,
  49,
  57,
  66,
  77,
  90
 ]
}