{
 "time": "181112_2036",
 "filename": "T-BN3221123.png",
 "alphas": [
  0.05344402161062185,
  0.054345527364609465,
  0.055522329284539644,
  0.05690746026327123,
  0.05850381989597253,
  0.06049699383900972,
  0.0629858158855634,
  0.06599265972362808,
  0.06959483730127485,
  0.07255323050213053,
  0.07632701677765705,
  0.08045350573990115,
  0.08537278894678717,
  0.09053813583897781,
  0.09706215302780186,
  0.10533158451907122,
  0.11582733064129673,
  0.1270752022820521,
  0.137786388953522,
  0.1521610918002369,
  0.17232249624612636,
  0.19865773634111292,
  0.1925666624874921,
  0.19035830945199655,
  0.19040433773871596,
  0.19380373370712728,
  0.20111602914131482,
  0.20806607739328503,
  0.21977949265600552,
  0.23581887477462213,
  0.2290889887126699,
  0.22774036186789884,
  0.2307864582988148,
  0.23939615978593637,
  0.24167557930723116,
  0.2611368859449513,
  0.28798565955968825,
  0.32100040857124124,
  0.32808194656594497,
  0.3350779167576217
 ],
 "betas": [
  0.5,
  0.5,
  0.5,
  0.5,
  0.5,
  0.5,
  0.5,
  0.5,
  0.5,
  0.5,
  0.5,
  0.5,
  0.5,
  0.5,
  0.5,
  0.5,
  0.5,
  0.5,
  0.5,
  0.5,
  0.5,
  0.5,
  0.5,
  0.5,
  0.5,
  0.5,
  0.5,
  0.5,
  0.5,
  0.5,
  0.5,
  0.5,
  0.5,
  0.5,
  0.5,
  0.5,
  0.5,
  0.5,
  0.5,
  0.5
 ],
 "gammas": [
  0.07569296112635901,
  0.07402268848833332,
  0.07214124860425285,
  0.07003240950558644,
  0.06768203949045727,
  0.06507935802281992,
  0.062218403549923,
  0.059099664148507994,
  0.05573176723902841,
  0.0521330653899311,
  0.048332894387915874,
  0.044372231490010766,
  0.04145079201577677,
  0.03857368727178546,
  0.03557859888345665,
  0.03250869063723945,
  0.02941402783961211,
  0.026348501385309867,
  0.023365896251249338,
  0.020515691484542815,
  0.017839333115289978,
  0.015558546017481871,
  0.013450289694072809,
  0.011508835644276178,
  0.009900172304564886,
  0.00861390145607398,
  0.007395201011441111,
  0.006645566663310969,
  0.005910545558483464,
  0.0051741385137052676,
  0.00445916795951755,
  0.0037837972541881247,
  0.0031610054309073325,
  0.002714943955124381,
  0.002381974948723829,
  0.0020547214164027957,
  0.001739750947444864,
  0.00146571284169314,
  0.0012939482149593982,
  0.0011369110261814914
 ],
 "sigmas": [
  0.125,
  0.14538483725086093,
  0.1690940072196746,
  0.1966696377578263,
  0.22874226622085883,
  0.26604525717530136,
  0.309431571326357,
  0.35989326910048464,
  0.41858419484683407,
  0.4868463603487171,
  0.5662406309237779,
  0.6585824157734259,
  0.7659831786679869,
  0.8908987181403394,
  1.0361853211506706,
  1.2051650742177709,
  1.4017018254045788,
  1.630289534085435,
  1.8961550286783433,
  2.20537752197442,
  2.5650276168716646,
  2.983328980982803,
  3.4698463869276934,
  4.035704417991765,
  4.693841840018505,
  5.459307455938977,
  6.349604207872799,
  7.38508939495175,
  8.58944015814495,
  9.990194875743303,
  11.619382848914599,
  13.514256675559151,
  15.718144058740227,
  18.28143852692428,
  21.262751719588042,
  24.73025358606217,
  28.76323114225735,
  33.45390142740782,
  38.909520115440266,
  45.254833995939045
 ],
 "border_radii": [
  10,
  10,
  10,
  10,
  10,
  10,
  10,
  10,
  10,
  10,
  10,
  10,
  10,
  10,
  10,
  10,
  10,
  10,
  10,
  10,
  10,
  11,
  13,
  16,
  18,
  21,
  25,
  29,
  34,
  39,
  46,
  54,
  62,
  73,
  42,
  49,
  57,
  66,
  77,
  90
 ]
}