{
 "time": "181112_2225",
 "filename": "T-BN7914277.png",
 "alphas": [
  0.02123237550106557,
  0.021654083469428174,
  0.02216697681048741,
  0.02279012378151449,
  0.023528979019558412,
  0.024406192360832208,
  0.025454307225888578,
  0.026717280122837434,
  0.0283660491878327,
  0.03043578391817409,
  0.032999406996641695,
  0.03623114671811951,
  0.040374880928473814,
  0.04599879848341988,
  0.053238911953730025,
  0.06276140033432304,
  0.07531431550936374,
  0.0924752381342413,
  0.10351178278244057,
  0.10682027854904803,
  0.11118606016830812,
  0.11697878648926593,
  0.1244744693896543,
  0.13270214007827227,
  0.1419939878090491,
  0.15309221315974472,
  0.16678041426523715,
  0.18415272522139098,
  0.1899137073386937,
  0.19572049589613588,
  0.19865650071475383,
  0.20089224540618578,
  0.19888468579719074,
  0.19301535718841803,
  0.1680978024399773,
  0.16413875699654162,
  0.162477782570085,
  0.16295935057477384,
  0.16672123508247386,
  0.1721235613498877
 ],
 "betas": [
  0.5,
  0.5,
  0.5,
  0.5,
  0.5,
  0.5,
  0.5,
  0.5,
  0.5,
  0.5,
  0.5,
  0.5,
  0.5,
  0.5,
  0.5,
  0.5,
  0.5,
  0.5,
  0.5,
  0.5,
  0.5,
  0.5,
  0.5,
  0.5,
  0.5,
  0.5,
  0.5,
  0.5,
  0.5,
  0.5,
  0.5,
  0.5,
  0.5,
  0.5,
  0.5,
  0.5,
  0.5,
  0.5,
  0.5,
  0.5
 ],
 "gammas": [
  0.1060778326481978,
  0.1034141022202746,
  0.10042871261580025,
  0.09710179966250354,
  0.09341829108053534,
  0.08936999249424248,
  0.08516861055728234,
  0.08063577038791386,
  0.07614441340647962,
  0.07256098623958701,
  0.06869507150969018,
  0.06456921661965602,
  0.060218632867995954,
  0.05569165349743292,
  0.05104900243407477,
  0.046361597036128105,
  0.04170680491799703,
  0.037163381164847215,
  0.03280567214493785,
  0.028697974276618642,
  0.02489004317192542,
  0.021414563454794255,
  0.018286929456060075,
  0.015507109350102707,
  0.013278070524395915,
  0.011740944589672949,
  0.010368846209874575,
  0.009127771275543355,
  0.007963413484031156,
  0.0069327003785536,
  0.0060748794479664695,
  0.0052445072541529225,
  0.004480256174702502,
  0.003775384087650703,
  0.003139457224637305,
  0.002588731261216779,
  0.002132938072881045,
  0.001849883848530088,
  0.0015871304778508127,
  0.00135151333312947
 ],
 "sigmas": [
  0.125,
  0.14538483725086093,
  0.1690940072196746,
  0.1966696377578263,
  0.22874226622085883,
  0.26604525717530136,
  0.309431571326357,
  0.35989326910048464,
  0.41858419484683407,
  0.4868463603487171,
  0.5662406309237779,
  0.6585824157734259,
  0.7659831786679869,
  0.8908987181403394,
  1.0361853211506706,
  1.2051650742177709,
  1.4017018254045788,
  1.630289534085435,
  1.8961550286783433,
  2.20537752197442,
  2.5650276168716646,
  2.983328980982803,
  3.4698463869276934,
  4.035704417991765,
  4.693841840018505,
  5.459307455938977,
  6.349604207872799,
  7.38508939495175,
  8.58944015814495,
  9.990194875743303,
  11.619382848914599,
  13.514256675559151,
  15.718144058740227,
  18.28143852692428,
  21.262751719588042,
  24.73025358606217,
  28.76323114225735,
  33.45390142740782,
  38.909520115440266,
  45.254833995939045
 ],
 "border_radii": [
  10,
  10,
  10,
  10,
  10,
  10,
  10,
  10,
  10,
  10,
  10,
  10,
  10,
  10,
  10,
  10,
  10,
  10,
  10,
  10,
  10,
  11,
  13,
  16,
  18,
  21,
  25,
  29,
  34,
  39,
  46,
  54,
  62,
  73,
  42,
  49,
  57,
  66,
  77,
  90
 ]
}