{
 "time": "181112_1933",
 "filename": "T-BN0651415.png",
 "alphas": [
  0.0222648027437626,
  0.02271363146755135,
  0.023246989519016124,
  0.023906167009700503,
  0.0247024486318784,
  0.025679211606810297,
  0.026815073374204274,
  0.028193568077952157,
  0.029912556236836044,
  0.032100319131584544,
  0.03474513477084806,
  0.03811075439849163,
  0.04225043933606836,
  0.0474643277967062,
  0.05406981310047203,
  0.06225388571221894,
  0.07247053303846311,
  0.08506839722185867,
  0.10047156914166155,
  0.11231889557135841,
  0.11729814920600344,
  0.12341628082180998,
  0.13180270904389518,
  0.14257506109308163,
  0.15523556626916693,
  0.16988180920567525,
  0.18679528959528743,
  0.2065796376177232,
  0.22898372042427578,
  0.25452724735216076,
  0.271986093319708,
  0.2854280727015132,
  0.3031614090178335,
  0.31401400885510233,
  0.3129471337835135,
  0.3203636176269005,
  0.3212713161825131,
  0.32600000847605537,
  0.3228127016121517,
  0.3193243711931013
 ],
 "betas": [
  0.5,
  0.5,
  0.5,
  0.5,
  0.5,
  0.5,
  0.5,
  0.5,
  0.5,
  0.5,
  0.5,
  0.5,
  0.5,
  0.5,
  0.5,
  0.5,
  0.5,
  0.5,
  0.5,
  0.5,
  0.5,
  0.5,
  0.5,
  0.5,
  0.5,
  0.5,
  0.5,
  0.5,
  0.5,
  0.5,
  0.5,
  0.5,
  0.5,
  0.5,
  0.5,
  0.5,
  0.5,
  0.5,
  0.5,
  0.5
 ],
 "gammas": [
  0.08534780459719053,
  0.083700592200921,
  0.08184082169707353,
  0.07975063248760168,
  0.07741370187632256,
  0.07481638462480822,
  0.07194907461796057,
  0.06880775015001885,
  0.06539562089462553,
  0.06172474143942745,
  0.05781739963901491,
  0.05370703985233157,
  0.04943845885047842,
  0.045067036224172546,
  0.040656848504706425,
  0.0373677908763755,
  0.034774785843317925,
  0.032254398278470944,
  0.02965381099605236,
  0.027167330127283982,
  0.024785500137599285,
  0.02242133509849604,
  0.02011766325396905,
  0.01786917147634899,
  0.01610226127613325,
  0.014444410544756562,
  0.012766108200578241,
  0.011117885984297523,
  0.009541210912982812,
  0.00806747585632091,
  0.006718259961445863,
  0.005513681882604948,
  0.0044526957723561005,
  0.003799083225850549,
  0.0032231776826310305,
  0.0027952616684274656,
  0.002420952248570446,
  0.0020876761593072476,
  0.0017917807457803107,
  0.0015362861791395968
 ],
 "sigmas": [
  0.125,
  0.14538483725086093,
  0.1690940072196746,
  0.1966696377578263,
  0.22874226622085883,
  0.26604525717530136,
  0.309431571326357,
  0.35989326910048464,
  0.41858419484683407,
  0.4868463603487171,
  0.5662406309237779,
  0.6585824157734259,
  0.7659831786679869,
  0.8908987181403394,
  1.0361853211506706,
  1.2051650742177709,
  1.4017018254045788,
  1.630289534085435,
  1.8961550286783433,
  2.20537752197442,
  2.5650276168716646,
  2.983328980982803,
  3.4698463869276934,
  4.035704417991765,
  4.693841840018505,
  5.459307455938977,
  6.349604207872799,
  7.38508939495175,
  8.58944015814495,
  9.990194875743303,
  11.619382848914599,
  13.514256675559151,
  15.718144058740227,
  18.28143852692428,
  21.262751719588042,
  24.73025358606217,
  28.76323114225735,
  33.45390142740782,
  38.909520115440266,
  45.254833995939045
 ],
 "border_radii": [
  10,
  10,
  10,
  10,
  10,
  10,
  10,
  10,
  10,
  10,
  10,
  10,
  10,
  10,
  10,
  10,
  10,
  10,
  10,
  10,
  10,
  11,
  13,
  16,
  18,
  21,
  25,
  29,
  34,
  39,
  46,
  54,
  62,
  73,
  42,
  49,
  57,
  66,
  77,
  90
 ]
}