{
 "time": "181112_2007",
 "filename": "T-BN2330218.png",
 "alphas": [
  0.033347077105391254,
  0.033563206271787646,
  0.033848877368963776,
  0.03419251922801882,
  0.03462006878742962,
  0.035114170784240964,
  0.03575377244597881,
  0.03651711330133215,
  0.03753444427638738,
  0.03867458398253218,
  0.04010645101880924,
  0.04165076237045694,
  0.043811698632019176,
  0.04649984976024409,
  0.04962727817389834,
  0.05358395701144335,
  0.05854714409029903,
  0.06452979611961006,
  0.07208719945110482,
  0.08101168362946012,
  0.09206560001325445,
  0.10533367243075281,
  0.12253290169216322,
  0.14253456397302558,
  0.1668639520763634,
  0.19636185777154316,
  0.23170959949750122,
  0.25535044787808026,
  0.2847025007178811,
  0.32250163109571683,
  0.338253915000568,
  0.335238655186269,
  0.33960443740170054,
  0.35391880185695224,
  0.33252118257099644,
  0.3460731335673914,
  0.3635949353600898,
  0.3870811502060254,
  0.4146674493072191,
  0.4041088431878221
 ],
 "betas": [
  0.5,
  0.5,
  0.5,
  0.5,
  0.5,
  0.5,
  0.5,
  0.5,
  0.5,
  0.5,
  0.5,
  0.5,
  0.5,
  0.5,
  0.5,
  0.5,
  0.5,
  0.5,
  0.5,
  0.5,
  0.5,
  0.5,
  0.5,
  0.5,
  0.5,
  0.5,
  0.5,
  0.5,
  0.5,
  0.5,
  0.5,
  0.5,
  0.5,
  0.5,
  0.5,
  0.5,
  0.5,
  0.5,
  0.5,
  0.5
 ],
 "gammas": [
  0.09630815367115328,
  0.09458549649801433,
  0.09263470993924057,
  0.09043482033504283,
  0.08796593061206934,
  0.0852103882166275,
  0.08215423316565308,
  0.07878890913161404,
  0.07511317557626734,
  0.07113509816741281,
  0.06687392193508639,
  0.062408855152641864,
  0.057823599897388396,
  0.05310537594489813,
  0.04832019735356292,
  0.04354094000768418,
  0.03884335848765403,
  0.03430156813681657,
  0.02998359573689506,
  0.02594757664942868,
  0.022514043964044012,
  0.019772972648075603,
  0.01727853507660748,
  0.014993191266902501,
  0.01292724353266551,
  0.01111945329979991,
  0.009723480810357612,
  0.008393252439321078,
  0.007381123723472495,
  0.006437816204470717,
  0.005577272164171084,
  0.004947909960756989,
  0.004451556906391383,
  0.0039818749229571905,
  0.0035198311553596776,
  0.0030887081258217626,
  0.0026942835492307134,
  0.002340458571603444,
  0.0020122999147383996,
  0.0017109191510752363
 ],
 "sigmas": [
  0.125,
  0.14538483725086093,
  0.1690940072196746,
  0.1966696377578263,
  0.22874226622085883,
  0.26604525717530136,
  0.309431571326357,
  0.35989326910048464,
  0.41858419484683407,
  0.4868463603487171,
  0.5662406309237779,
  0.6585824157734259,
  0.7659831786679869,
  0.8908987181403394,
  1.0361853211506706,
  1.2051650742177709,
  1.4017018254045788,
  1.630289534085435,
  1.8961550286783433,
  2.20537752197442,
  2.5650276168716646,
  2.983328980982803,
  3.4698463869276934,
  4.035704417991765,
  4.693841840018505,
  5.459307455938977,
  6.349604207872799,
  7.38508939495175,
  8.58944015814495,
  9.990194875743303,
  11.619382848914599,
  13.514256675559151,
  15.718144058740227,
  18.28143852692428,
  21.262751719588042,
  24.73025358606217,
  28.76323114225735,
  33.45390142740782,
  38.909520115440266,
  45.254833995939045
 ],
 "border_radii": [
  10,
  10,
  10,
  10,
  10,
  10,
  10,
  10,
  10,
  10,
  10,
  10,
  10,
  10,
  10,
  10,
  10,
  10,
  10,
  10,
  10,
  11,
  13,
  16,
  18,
  21,
  25,
  29,
  34,
  39,
  46,
  54,
  62,
  73,
  42,
  49,
  57,
  66,
  77,
  90
 ]
}