{
 "time": "181112_1918",
 "filename": "T-BN0342010.png",
 "alphas": [
  0.027608177316719017,
  0.028070814412318325,
  0.028573381166218246,
  0.029188668696215055,
  0.029931817676525897,
  0.030844898251723665,
  0.031909381401510895,
  0.033317350216343675,
  0.03491498954188082,
  0.036893882352433544,
  0.03926177362635588,
  0.042091104310012506,
  0.0457413689557295,
  0.050147915244166535,
  0.05582554503772325,
  0.06295445688597373,
  0.0720518420861485,
  0.08363617877850987,
  0.09878330743961361,
  0.11164698133762382,
  0.11978519218900448,
  0.12908886049799465,
  0.1404978305138736,
  0.1535298868310534,
  0.15684101847972617,
  0.16214604746711525,
  0.16372446934114546,
  0.1523122387801647,
  0.14591082327543015,
  0.13921346039929802,
  0.13595670346211725,
  0.13750397613951493,
  0.1416306971435738,
  0.14990413332569033,
  0.14872160201804796,
  0.163337516771764,
  0.18400192548344774,
  0.1992687287872562,
  0.19183877878998487,
  0.19458252187255942
 ],
 "betas": [
  0.5,
  0.5,
  0.5,
  0.5,
  0.5,
  0.5,
  0.5,
  0.5,
  0.5,
  0.5,
  0.5,
  0.5,
  0.5,
  0.5,
  0.5,
  0.5,
  0.5,
  0.5,
  0.5,
  0.5,
  0.5,
  0.5,
  0.5,
  0.5,
  0.5,
  0.5,
  0.5,
  0.5,
  0.5,
  0.5,
  0.5,
  0.5,
  0.5,
  0.5,
  0.5,
  0.5,
  0.5,
  0.5,
  0.5,
  0.5
 ],
 "gammas": [
  0.2357951564464443,
  0.22913896602027298,
  0.2217050837954273,
  0.21345437972463893,
  0.20436227083713523,
  0.1944241210017577,
  0.18366100022079257,
  0.1721253034378159,
  0.15990549766301054,
  0.1471290535508532,
  0.13396249495171825,
  0.12060756247250821,
  0.10729283168581859,
  0.09426080833674721,
  0.08175149368193177,
  0.06998446802599882,
  0.059142317658127413,
  0.04935831511617237,
  0.0407104051164327,
  0.03526873646148936,
  0.031468348413928066,
  0.027918769067597504,
  0.024420523170218707,
  0.02106959463196668,
  0.0179413131155649,
  0.01514388723640981,
  0.012820272579071796,
  0.010712915933451167,
  0.008847310325328903,
  0.007740700991309993,
  0.0062737521603891296,
  0.005425718234464991,
  0.004666036917698057,
  0.004079159120903284,
  0.003594764638895116,
  0.0030980166029276617,
  0.0026033609748972895,
  0.002199927422541508,
  0.0018245757842549318,
  0.001484806212379302
 ],
 "sigmas": [
  0.125,
  0.14538483725086093,
  0.1690940072196746,
  0.1966696377578263,
  0.22874226622085883,
  0.26604525717530136,
  0.309431571326357,
  0.35989326910048464,
  0.41858419484683407,
  0.4868463603487171,
  0.5662406309237779,
  0.6585824157734259,
  0.7659831786679869,
  0.8908987181403394,
  1.0361853211506706,
  1.2051650742177709,
  1.4017018254045788,
  1.630289534085435,
  1.8961550286783433,
  2.20537752197442,
  2.5650276168716646,
  2.983328980982803,
  3.4698463869276934,
  4.035704417991765,
  4.693841840018505,
  5.459307455938977,
  6.349604207872799,
  7.38508939495175,
  8.58944015814495,
  9.990194875743303,
  11.619382848914599,
  13.514256675559151,
  15.718144058740227,
  18.28143852692428,
  21.262751719588042,
  24.73025358606217,
  28.76323114225735,
  33.45390142740782,
  38.909520115440266,
  45.254833995939045
 ],
 "border_radii": [
  10,
  10,
  10,
  10,
  10,
  10,
  10,
  10,
  10,
  10,
  10,
  10,
  10,
  10,
  10,
  10,
  10,
  10,
  10,
  10,
  10,
  11,
  13,
  16,
  18,
  21,
  25,
  29,
  34,
  39,
  46,
  54,
  62,
  73,
  42,
  49,
  57,
  66,
  77,
  90
 ]
}