{
 "time": "181112_2120",
 "filename": "T-BN5280796.png",
 "alphas": [
  0.04593958264650752,
  0.04703462287763348,
  0.04830410042232513,
  0.04989641452069126,
  0.05179761343597648,
  0.05406301847160385,
  0.05697343602222632,
  0.06037376303511762,
  0.06454107022413735,
  0.06967607829810715,
  0.07609935382102799,
  0.08418386446446278,
  0.09427779636346886,
  0.10138292683261792,
  0.11018202299180543,
  0.12048739437120057,
  0.13279798848973806,
  0.14829776581381302,
  0.1678780727019859,
  0.19223984332903338,
  0.2169542385367226,
  0.22809001618732888,
  0.2393465115318027,
  0.2547201044917864,
  0.27251520838928084,
  0.29004455573583626,
  0.2944396511571334,
  0.2956281814034372,
  0.2968074626171204,
  0.28443987263425013,
  0.2714147678430092,
  0.2601224970200929,
  0.24748267332298815,
  0.23286538062562834,
  0.2081586620795159,
  0.19650805582839798,
  0.18813374785374806,
  0.18465307145025617,
  0.18456522105085116,
  0.192097523646315
 ],
 "betas": [
  0.5,
  0.5,
  0.5,
  0.5,
  0.5,
  0.5,
  0.5,
  0.5,
  0.5,
  0.5,
  0.5,
  0.5,
  0.5,
  0.5,
  0.5,
  0.5,
  0.5,
  0.5,
  0.5,
  0.5,
  0.5,
  0.5,
  0.5,
  0.5,
  0.5,
  0.5,
  0.5,
  0.5,
  0.5,
  0.5,
  0.5,
  0.5,
  0.5,
  0.5,
  0.5,
  0.5,
  0.5,
  0.5,
  0.5,
  0.5
 ],
 "gammas": [
  0.09365498164833676,
  0.09164669281939929,
  0.089383515331482,
  0.08684558043848423,
  0.08401548418830859,
  0.0808798004743847,
  0.07743086481866658,
  0.07366876511488311,
  0.06960341313243454,
  0.06525649450302147,
  0.060663014554652485,
  0.05587209076415191,
  0.05226015657719484,
  0.04885580442057015,
  0.045282788405298584,
  0.04159261114834403,
  0.037847106811083,
  0.03411456192857559,
  0.030464453375625974,
  0.027060391160529468,
  0.024549245805066157,
  0.022008916580433555,
  0.019730746315027477,
  0.017777601375630482,
  0.01586342784111071,
  0.014158717872036698,
  0.01244623498043164,
  0.01100848980067888,
  0.009610205209761457,
  0.008263762655492854,
  0.007122994418380629,
  0.006079564875224837,
  0.005121208583757439,
  0.004259831807853969,
  0.003629324848207441,
  0.0030882911857533254,
  0.0026363996699497374,
  0.0023762642572452385,
  0.0021261241219823644,
  0.0018721636450974527
 ],
 "sigmas": [
  0.125,
  0.14538483725086093,
  0.1690940072196746,
  0.1966696377578263,
  0.22874226622085883,
  0.26604525717530136,
  0.309431571326357,
  0.35989326910048464,
  0.41858419484683407,
  0.4868463603487171,
  0.5662406309237779,
  0.6585824157734259,
  0.7659831786679869,
  0.8908987181403394,
  1.0361853211506706,
  1.2051650742177709,
  1.4017018254045788,
  1.630289534085435,
  1.8961550286783433,
  2.20537752197442,
  2.5650276168716646,
  2.983328980982803,
  3.4698463869276934,
  4.035704417991765,
  4.693841840018505,
  5.459307455938977,
  6.349604207872799,
  7.38508939495175,
  8.58944015814495,
  9.990194875743303,
  11.619382848914599,
  13.514256675559151,
  15.718144058740227,
  18.28143852692428,
  21.262751719588042,
  24.73025358606217,
  28.76323114225735,
  33.45390142740782,
  38.909520115440266,
  45.254833995939045
 ],
 "border_radii": [
  10,
  10,
  10,
  10,
  10,
  10,
  10,
  10,
  10,
  10,
  10,
  10,
  10,
  10,
  10,
  10,
  10,
  10,
  10,
  10,
  10,
  11,
  13,
  16,
  18,
  21,
  25,
  29,
  34,
  39,
  46,
  54,
  62,
  73,
  42,
  49,
  57,
  66,
  77,
  90
 ]
}