{
 "time": "181112_2044",
 "filename": "T-BN3633640.png",
 "alphas": [
  0.018474110044061392,
  0.018927039986476733,
  0.01946500280601625,
  0.02007595133631621,
  0.020815890026270743,
  0.02179021932350688,
  0.02294175784575911,
  0.02436384110360171,
  0.026105885805488626,
  0.028300451673076467,
  0.03098443989275195,
  0.03440432542119149,
  0.03881530711054769,
  0.04451192388042064,
  0.0519819693855477,
  0.06197537217025651,
  0.07469229200313601,
  0.09162297129976539,
  0.11344126916838596,
  0.1406548917280747,
  0.16347967688159257,
  0.1671632303465403,
  0.1728619568305864,
  0.18182473070633498,
  0.18879182260727817,
  0.19627739029855534,
  0.20845703621958037,
  0.22583086312574902,
  0.23929182922574443,
  0.24983747935251824,
  0.25839702877626836,
  0.2638437376196303,
  0.2671457434618535,
  0.27592747956972397,
  0.27436008400316453,
  0.28507876095395573,
  0.29547744262565984,
  0.2815716355965948,
  0.2595770951696176,
  0.24090254527187044
 ],
 "betas": [
  0.5,
  0.5,
  0.5,
  0.5,
  0.5,
  0.5,
  0.5,
  0.5,
  0.5,
  0.5,
  0.5,
  0.5,
  0.5,
  0.5,
  0.5,
  0.5,
  0.5,
  0.5,
  0.5,
  0.5,
  0.5,
  0.5,
  0.5,
  0.5,
  0.5,
  0.5,
  0.5,
  0.5,
  0.5,
  0.5,
  0.5,
  0.5,
  0.5,
  0.5,
  0.5,
  0.5,
  0.5,
  0.5,
  0.5,
  0.5
 ],
 "gammas": [
  0.10572533626240498,
  0.10318902752707111,
  0.10033635557150107,
  0.09714448111826054,
  0.09359425071278082,
  0.08967216971262051,
  0.0853726883172463,
  0.08070070213868742,
  0.07567408876859195,
  0.07032600863568303,
  0.06470660608587288,
  0.05888367894307461,
  0.052941874660025506,
  0.046980054208240175,
  0.041281684465242066,
  0.036838851923623885,
  0.032504194358196334,
  0.028351841354151447,
  0.025138276090694994,
  0.022829403436426893,
  0.020659058197020623,
  0.018444688019262512,
  0.016239946926942805,
  0.014096651204297154,
  0.012060351603124122,
  0.010933877564242262,
  0.009860287854198256,
  0.00878374581468789,
  0.007729643914990057,
  0.006711453014824649,
  0.005740315407308472,
  0.004828293633233451,
  0.004003735238925864,
  0.0034914707241273804,
  0.003060183431740906,
  0.0026372585160135253,
  0.0022328381536126365,
  0.0019242181467401677,
  0.0017581522945039727,
  0.0015823181517985077
 ],
 "sigmas": [
  0.125,
  0.14538483725086093,
  0.1690940072196746,
  0.1966696377578263,
  0.22874226622085883,
  0.26604525717530136,
  0.309431571326357,
  0.35989326910048464,
  0.41858419484683407,
  0.4868463603487171,
  0.5662406309237779,
  0.6585824157734259,
  0.7659831786679869,
  0.8908987181403394,
  1.0361853211506706,
  1.2051650742177709,
  1.4017018254045788,
  1.630289534085435,
  1.8961550286783433,
  2.20537752197442,
  2.5650276168716646,
  2.983328980982803,
  3.4698463869276934,
  4.035704417991765,
  4.693841840018505,
  5.459307455938977,
  6.349604207872799,
  7.38508939495175,
  8.58944015814495,
  9.990194875743303,
  11.619382848914599,
  13.514256675559151,
  15.718144058740227,
  18.28143852692428,
  21.262751719588042,
  24.73025358606217,
  28.76323114225735,
  33.45390142740782,
  38.909520115440266,
  45.254833995939045
 ],
 "border_radii": [
  10,
  10,
  10,
  10,
  10,
  10,
  10,
  10,
  10,
  10,
  10,
  10,
  10,
  10,
  10,
  10,
  10,
  10,
  10,
  10,
  10,
  11,
  13,
  16,
  18,
  21,
  25,
  29,
  34,
  39,
  46,
  54,
  62,
  73,
  42,
  49,
  57,
  66,
  77,
  90
 ]
}