{
 "time": "181112_1931",
 "filename": "T-BN0546768.png",
 "alphas": [
  0.03994857191524163,
  0.04087916573280723,
  0.04206521086551327,
  0.04295005377213048,
  0.04350612295664144,
  0.044207686651001325,
  0.04503111118413349,
  0.04607142525509109,
  0.047417175938057804,
  0.04907434232048581,
  0.051034779038861916,
  0.053835925856740366,
  0.0570927682635335,
  0.06138452105823038,
  0.06635036061657568,
  0.07281018226588482,
  0.08033133762228235,
  0.0898351178305232,
  0.10134627522369895,
  0.11185440313620058,
  0.1195054922515744,
  0.12765732447321348,
  0.12709168078110278,
  0.1266396136285068,
  0.12957790203975125,
  0.134915100089877,
  0.13051937900935273,
  0.12874487706859766,
  0.12257911660979331,
  0.11946754876461337,
  0.12077664309457038,
  0.12350737090117667,
  0.12359526793192674,
  0.12567005057817687,
  0.13147383296624246,
  0.17128132265333318,
  0.17638001639230622,
  0.16364034198840377,
  0.2080826692187287,
  0.27231553538502534
 ],
 "betas": [
  0.5,
  0.5,
  0.5,
  0.5,
  0.5,
  0.5,
  0.5,
  0.5,
  0.5,
  0.5,
  0.5,
  0.5,
  0.5,
  0.5,
  0.5,
  0.5,
  0.5,
  0.5,
  0.5,
  0.5,
  0.5,
  0.5,
  0.5,
  0.5,
  0.5,
  0.5,
  0.5,
  0.5,
  0.5,
  0.5,
  0.5,
  0.5,
  0.5,
  0.5,
  0.5,
  0.5,
  0.5,
  0.5,
  0.5,
  0.5
 ],
 "gammas": [
  0.1657156766668683,
  0.1617570356897512,
  0.15730733934791336,
  0.1523322685475681,
  0.146803729483208,
  0.1407030610732743,
  0.1340247447405771,
  0.12678044884975892,
  0.11900310198562698,
  0.11075052487949466,
  0.10210798236586235,
  0.09318888523053771,
  0.08413283777446351,
  0.07510036341039222,
  0.06626401352762396,
  0.05779619929492479,
  0.04985492399961614,
  0.04256945881858499,
  0.03602860246723576,
  0.031238946120439447,
  0.02797806086759952,
  0.024817221251160065,
  0.02181455655272091,
  0.019012857656527462,
  0.01643910807210492,
  0.014106316835193103,
  0.012016555783415428,
  0.010164163025621913,
  0.00853916368375938,
  0.007126178090082305,
  0.0060547118505716825,
  0.005199080915798126,
  0.004402387823254773,
  0.0037745625660430666,
  0.0032073211532114175,
  0.0027567106784084135,
  0.0023859931965425764,
  0.0020295749290186976,
  0.0017433164049386113,
  0.0014861169729769661
 ],
 "sigmas": [
  0.125,
  0.14538483725086093,
  0.1690940072196746,
  0.1966696377578263,
  0.22874226622085883,
  0.26604525717530136,
  0.309431571326357,
  0.35989326910048464,
  0.41858419484683407,
  0.4868463603487171,
  0.5662406309237779,
  0.6585824157734259,
  0.7659831786679869,
  0.8908987181403394,
  1.0361853211506706,
  1.2051650742177709,
  1.4017018254045788,
  1.630289534085435,
  1.8961550286783433,
  2.20537752197442,
  2.5650276168716646,
  2.983328980982803,
  3.4698463869276934,
  4.035704417991765,
  4.693841840018505,
  5.459307455938977,
  6.349604207872799,
  7.38508939495175,
  8.58944015814495,
  9.990194875743303,
  11.619382848914599,
  13.514256675559151,
  15.718144058740227,
  18.28143852692428,
  21.262751719588042,
  24.73025358606217,
  28.76323114225735,
  33.45390142740782,
  38.909520115440266,
  45.254833995939045
 ],
 "border_radii": [
  10,
  10,
  10,
  10,
  10,
  10,
  10,
  10,
  10,
  10,
  10,
  10,
  10,
  10,
  10,
  10,
  10,
  10,
  10,
  10,
  10,
  11,
  13,
  16,
  18,
  21,
  25,
  29,
  34,
  39,
  46,
  54,
  62,
  73,
  42,
  49,
  57,
  66,
  77,
  90
 ]
}