{
 "time": "181112_2121",
 "filename": "T-BN5569860.png",
 "alphas": [
  0.05981688932800231,
  0.06100941568208457,
  0.06249522035224217,
  0.06432292954263154,
  0.06651110301993857,
  0.06920316705827759,
  0.07209779959137722,
  0.07585883539771685,
  0.08041942204837108,
  0.08591577009926538,
  0.09268186591558522,
  0.10098186926854705,
  0.10622038115884684,
  0.11074890062802001,
  0.1163186029936325,
  0.12321577835841376,
  0.13249651142233804,
  0.14320716525203128,
  0.15607386238006607,
  0.1706890276829618,
  0.17782885838013385,
  0.1880594676807611,
  0.19861851603024847,
  0.20684836347768307,
  0.21699777189122751,
  0.22747705843321978,
  0.24362038588959692,
  0.25631893541241113,
  0.27350388150983884,
  0.29674852435823657,
  0.31898285318982067,
  0.34646068948045017,
  0.3805153375788031,
  0.4236655131795018,
  0.41810073678449555,
  0.4392004858611226,
  0.45462369758700727,
  0.42989544087229775,
  0.40832459054936276,
  0.39449179017339026
 ],
 "betas": [
  0.5,
  0.5,
  0.5,
  0.5,
  0.5,
  0.5,
  0.5,
  0.5,
  0.5,
  0.5,
  0.5,
  0.5,
  0.5,
  0.5,
  0.5,
  0.5,
  0.5,
  0.5,
  0.5,
  0.5,
  0.5,
  0.5,
  0.5,
  0.5,
  0.5,
  0.5,
  0.5,
  0.5,
  0.5,
  0.5,
  0.5,
  0.5,
  0.5,
  0.5,
  0.5,
  0.5,
  0.5,
  0.5,
  0.5,
  0.5
 ],
 "gammas": [
  0.1382887622381901,
  0.1357912222887237,
  0.13295662353675686,
  0.1297522647894988,
  0.12614660814040968,
  0.12211105300969431,
  0.11762221451641691,
  0.11266471793608215,
  0.10723445298489101,
  0.10134212805326914,
  0.0950168241596074,
  0.08830908164679953,
  0.08129288854026707,
  0.07406583118795484,
  0.066746690348862,
  0.05946999861665691,
  0.05237756360622273,
  0.045607665494229566,
  0.03928339087954618,
  0.03350208944141538,
  0.02832794891661475,
  0.02378905226737621,
  0.019879178658291204,
  0.016563468787200608,
  0.014487206498757966,
  0.012626669965293269,
  0.010852164631735087,
  0.009209798062446345,
  0.007727682348992249,
  0.006417183484840606,
  0.0053021826876870504,
  0.0043633580099701145,
  0.003545629363822457,
  0.0028430711981136097,
  0.002343922748634702,
  0.0021441607755230347,
  0.0019230511805483008,
  0.00169531037877683,
  0.001470274772525558,
  0.0012537206143053493
 ],
 "sigmas": [
  0.125,
  0.14538483725086093,
  0.1690940072196746,
  0.1966696377578263,
  0.22874226622085883,
  0.26604525717530136,
  0.309431571326357,
  0.35989326910048464,
  0.41858419484683407,
  0.4868463603487171,
  0.5662406309237779,
  0.6585824157734259,
  0.7659831786679869,
  0.8908987181403394,
  1.0361853211506706,
  1.2051650742177709,
  1.4017018254045788,
  1.630289534085435,
  1.8961550286783433,
  2.20537752197442,
  2.5650276168716646,
  2.983328980982803,
  3.4698463869276934,
  4.035704417991765,
  4.693841840018505,
  5.459307455938977,
  6.349604207872799,
  7.38508939495175,
  8.58944015814495,
  9.990194875743303,
  11.619382848914599,
  13.514256675559151,
  15.718144058740227,
  18.28143852692428,
  21.262751719588042,
  24.73025358606217,
  28.76323114225735,
  33.45390142740782,
  38.909520115440266,
  45.254833995939045
 ],
 "border_radii": [
  10,
  10,
  10,
  10,
  10,
  10,
  10,
  10,
  10,
  10,
  10,
  10,
  10,
  10,
  10,
  10,
  10,
  10,
  10,
  10,
  10,
  11,
  13,
  16,
  18,
  21,
  25,
  29,
  34,
  39,
  46,
  54,
  62,
  73,
  42,
  49,
  57,
  66,
  77,
  90
 ]
}