{
 "time": "181112_2132",
 "filename": "T-BN6216577.png",
 "alphas": [
  0.08857720274432629,
  0.08867880238030892,
  0.08867071195110995,
  0.08917805735464075,
  0.08991357827220392,
  0.09056863376858712,
  0.0914163099711878,
  0.09247823506212512,
  0.09432241489246947,
  0.09656445655996032,
  0.09937229825418745,
  0.10294868161117474,
  0.10764127574045103,
  0.1140075659477067,
  0.12222140985551215,
  0.13274151509442778,
  0.14733854307792965,
  0.16588233137931543,
  0.19030522523727084,
  0.21574122083635983,
  0.23617109423223492,
  0.25847092000596505,
  0.2713574692900013,
  0.28793658436223857,
  0.30782966483707586,
  0.3255127933324294,
  0.32947003464454794,
  0.33679863546937905,
  0.34711819494241086,
  0.36106694055769256,
  0.365418155744118,
  0.3657727263579425,
  0.3716238092865054,
  0.3828199019305897,
  0.3311325289841849,
  0.3195068156999667,
  0.31342594011134794,
  0.31253888276211533,
  0.3095064315448696,
  0.31429130219656276
 ],
 "betas": [
  0.5,
  0.5,
  0.5,
  0.5,
  0.5,
  0.5,
  0.5,
  0.5,
  0.5,
  0.5,
  0.5,
  0.5,
  0.5,
  0.5,
  0.5,
  0.5,
  0.5,
  0.5,
  0.5,
  0.5,
  0.5,
  0.5,
  0.5,
  0.5,
  0.5,
  0.5,
  0.5,
  0.5,
  0.5,
  0.5,
  0.5,
  0.5,
  0.5,
  0.5,
  0.5,
  0.5,
  0.5,
  0.5,
  0.5,
  0.5
 ],
 "gammas": [
  0.09902939429336356,
  0.09695681346815473,
  0.09461773365014907,
  0.09199020619883554,
  0.08905443881364755,
  0.08579430752135443,
  0.08219916759435,
  0.07826591419676454,
  0.07400118409048133,
  0.06942351499093298,
  0.06456519671553845,
  0.06157053662473033,
  0.05907648779313034,
  0.05620318747912997,
  0.052944788139135675,
  0.04931563484312088,
  0.04535448869793208,
  0.04112661513575975,
  0.03672263265127363,
  0.032253460127535195,
  0.027841519745380044,
  0.024019934753546746,
  0.020566314559140746,
  0.017292132851508962,
  0.014297415535776879,
  0.011838152965508126,
  0.010197189498788665,
  0.008852259273532568,
  0.007827628351997488,
  0.006827200361679877,
  0.0058803659082685466,
  0.00503028604833973,
  0.004294462992791935,
  0.0036263744575676755,
  0.003032891144013848,
  0.002529718661939867,
  0.002214085778175286,
  0.001932665975624994,
  0.0016611297731541897,
  0.0014353756418042202
 ],
 "sigmas": [
  0.125,
  0.14538483725086093,
  0.1690940072196746,
  0.1966696377578263,
  0.22874226622085883,
  0.26604525717530136,
  0.309431571326357,
  0.35989326910048464,
  0.41858419484683407,
  0.4868463603487171,
  0.5662406309237779,
  0.6585824157734259,
  0.7659831786679869,
  0.8908987181403394,
  1.0361853211506706,
  1.2051650742177709,
  1.4017018254045788,
  1.630289534085435,
  1.8961550286783433,
  2.20537752197442,
  2.5650276168716646,
  2.983328980982803,
  3.4698463869276934,
  4.035704417991765,
  4.693841840018505,
  5.459307455938977,
  6.349604207872799,
  7.38508939495175,
  8.58944015814495,
  9.990194875743303,
  11.619382848914599,
  13.514256675559151,
  15.718144058740227,
  18.28143852692428,
  21.262751719588042,
  24.73025358606217,
  28.76323114225735,
  33.45390142740782,
  38.909520115440266,
  45.254833995939045
 ],
 "border_radii": [
  10,
  10,
  10,
  10,
  10,
  10,
  10,
  10,
  10,
  10,
  10,
  10,
  10,
  10,
  10,
  10,
  10,
  10,
  10,
  10,
  10,
  11,
  13,
  16,
  18,
  21,
  25,
  29,
  34,
  39,
  46,
  54,
  62,
  73,
  42,
  49,
  57,
  66,
  77,
  90
 ]
}