{
 "time": "181112_2252",
 "filename": "T-BN8914395.png",
 "alphas": [
  0.08057753940215327,
  0.08107804688402936,
  0.08172653562691563,
  0.08266801445247378,
  0.08352960181410332,
  0.08465510372367425,
  0.08594185127916225,
  0.0875066196304819,
  0.0893713433933021,
  0.09164474958774904,
  0.09456645109442746,
  0.0979657120652681,
  0.10251042920961265,
  0.10771451123216688,
  0.11421143697797123,
  0.12097225119291186,
  0.1233558190509994,
  0.12732135333268094,
  0.13169467849789274,
  0.1378771785335645,
  0.1463415741826914,
  0.15761292209442584,
  0.16409086924358723,
  0.15882022543443267,
  0.15683037038973371,
  0.15945508464937938,
  0.16689910908773392,
  0.18115169722016614,
  0.20379875444394843,
  0.23553003502071448,
  0.24899418583654925,
  0.2407449809944734,
  0.2383727597265119,
  0.24640722621471622,
  0.24105309830662167,
  0.2607111177389292,
  0.2868527966026305,
  0.2886620416900093,
  0.2921653725366786,
  0.2975211881274432
 ],
 "betas": [
  0.5,
  0.5,
  0.5,
  0.5,
  0.5,
  0.5,
  0.5,
  0.5,
  0.5,
  0.5,
  0.5,
  0.5,
  0.5,
  0.5,
  0.5,
  0.5,
  0.5,
  0.5,
  0.5,
  0.5,
  0.5,
  0.5,
  0.5,
  0.5,
  0.5,
  0.5,
  0.5,
  0.5,
  0.5,
  0.5,
  0.5,
  0.5,
  0.5,
  0.5,
  0.5,
  0.5,
  0.5,
  0.5,
  0.5,
  0.5
 ],
 "gammas": [
  0.2015730983829661,
  0.19600801470794116,
  0.1897821465875142,
  0.18285862879433623,
  0.17521182562724702,
  0.1668318412666007,
  0.1577294497594909,
  0.14794108689972482,
  0.13858579353794312,
  0.13109863744992717,
  0.12305935337192583,
  0.11452422850778117,
  0.10557604386960742,
  0.09632446539638703,
  0.08690393371084423,
  0.07746858543306966,
  0.06818415924047573,
  0.05921743914878637,
  0.05072443212631521,
  0.04283895140950252,
  0.035663369219060576,
  0.029262931089120533,
  0.023664307914394406,
  0.01885825571171983,
  0.014805583339520137,
  0.012920075251934601,
  0.011252957932683466,
  0.009707635876815456,
  0.008272186796342163,
  0.007122653866531804,
  0.006188951153387532,
  0.005471453822188664,
  0.004857144241098613,
  0.004239805259165838,
  0.0036440332106986517,
  0.0030590578267954216,
  0.00247773064137229,
  0.001966464328708364,
  0.0016571535965067459,
  0.0014276049937173875
 ],
 "sigmas": [
  0.125,
  0.14538483725086093,
  0.1690940072196746,
  0.1966696377578263,
  0.22874226622085883,
  0.26604525717530136,
  0.309431571326357,
  0.35989326910048464,
  0.41858419484683407,
  0.4868463603487171,
  0.5662406309237779,
  0.6585824157734259,
  0.7659831786679869,
  0.8908987181403394,
  1.0361853211506706,
  1.2051650742177709,
  1.4017018254045788,
  1.630289534085435,
  1.8961550286783433,
  2.20537752197442,
  2.5650276168716646,
  2.983328980982803,
  3.4698463869276934,
  4.035704417991765,
  4.693841840018505,
  5.459307455938977,
  6.349604207872799,
  7.38508939495175,
  8.58944015814495,
  9.990194875743303,
  11.619382848914599,
  13.514256675559151,
  15.718144058740227,
  18.28143852692428,
  21.262751719588042,
  24.73025358606217,
  28.76323114225735,
  33.45390142740782,
  38.909520115440266,
  45.254833995939045
 ],
 "border_radii": [
  10,
  10,
  10,
  10,
  10,
  10,
  10,
  10,
  10,
  10,
  10,
  10,
  10,
  10,
  10,
  10,
  10,
  10,
  10,
  10,
  10,
  11,
  13,
  16,
  18,
  21,
  25,
  29,
  34,
  39,
  46,
  54,
  62,
  73,
  42,
  49,
  57,
  66,
  77,
  90
 ]
}