{
 "time": "181112_2021",
 "filename": "T-BN2679570.png",
 "alphas": [
  0.015241572313911952,
  0.01569710277557281,
  0.016209139312786766,
  0.016854332639455873,
  0.017581543081156715,
  0.018516089078257244,
  0.019611636070469184,
  0.02099645848649928,
  0.022630801847317916,
  0.024699185276037948,
  0.027317933606539904,
  0.03063089341913621,
  0.034885287831427476,
  0.04040419614707397,
  0.04759157704856361,
  0.05703928519874918,
  0.0692663069018431,
  0.08559381412038998,
  0.1074235508382172,
  0.1361826133423599,
  0.1458984248796829,
  0.15474930849551138,
  0.16707452197767764,
  0.17271908428097757,
  0.15749034195664033,
  0.1363436788863846,
  0.119074985547819,
  0.10665657594795669,
  0.0970228550141031,
  0.09071513069554966,
  0.08674860328291602,
  0.08437929930447238,
  0.08447175949102159,
  0.08554736996924335,
  0.08399049334405144,
  0.08757185167480944,
  0.09353556007733153,
  0.1009361251860764,
  0.10546009981324225,
  0.11201481473807802
 ],
 "betas": [
  0.5,
  0.5,
  0.5,
  0.5,
  0.5,
  0.5,
  0.5,
  0.5,
  0.5,
  0.5,
  0.5,
  0.5,
  0.5,
  0.5,
  0.5,
  0.5,
  0.5,
  0.5,
  0.5,
  0.5,
  0.5,
  0.5,
  0.5,
  0.5,
  0.5,
  0.5,
  0.5,
  0.5,
  0.5,
  0.5,
  0.5,
  0.5,
  0.5,
  0.5,
  0.5,
  0.5,
  0.5,
  0.5,
  0.5,
  0.5
 ],
 "gammas": [
  0.15970310347577585,
  0.15571658090021825,
  0.1512423516237657,
  0.1462482472080889,
  0.1407087391110894,
  0.13460806409251738,
  0.1279437559393817,
  0.12073038762441207,
  0.11300320035976268,
  0.10482115719263592,
  0.09626883575109176,
  0.0874565088170666,
  0.07851780373580397,
  0.06960453021271464,
  0.06253509077861256,
  0.05764944803964777,
  0.05250139789359389,
  0.04720090434575983,
  0.04187622911070113,
  0.03666291133751453,
  0.031690638100520294,
  0.0275293812581325,
  0.02377573028723475,
  0.020907647893447723,
  0.018463576074826578,
  0.016084661861886992,
  0.013851823080321643,
  0.011820063338671657,
  0.010175752470121436,
  0.008912236381054697,
  0.007814630494627075,
  0.006784793100834,
  0.005887645767356124,
  0.005073301218430326,
  0.004397020123349074,
  0.003794666735912271,
  0.002892912324809586,
  0.0022527773214143527,
  0.001922495663595934,
  0.0016218764248037859
 ],
 "sigmas": [
  0.125,
  0.14538483725086093,
  0.1690940072196746,
  0.1966696377578263,
  0.22874226622085883,
  0.26604525717530136,
  0.309431571326357,
  0.35989326910048464,
  0.41858419484683407,
  0.4868463603487171,
  0.5662406309237779,
  0.6585824157734259,
  0.7659831786679869,
  0.8908987181403394,
  1.0361853211506706,
  1.2051650742177709,
  1.4017018254045788,
  1.630289534085435,
  1.8961550286783433,
  2.20537752197442,
  2.5650276168716646,
  2.983328980982803,
  3.4698463869276934,
  4.035704417991765,
  4.693841840018505,
  5.459307455938977,
  6.349604207872799,
  7.38508939495175,
  8.58944015814495,
  9.990194875743303,
  11.619382848914599,
  13.514256675559151,
  15.718144058740227,
  18.28143852692428,
  21.262751719588042,
  24.73025358606217,
  28.76323114225735,
  33.45390142740782,
  38.909520115440266,
  45.254833995939045
 ],
 "border_radii": [
  10,
  10,
  10,
  10,
  10,
  10,
  10,
  10,
  10,
  10,
  10,
  10,
  10,
  10,
  10,
  10,
  10,
  10,
  10,
  10,
  10,
  11,
  13,
  16,
  18,
  21,
  25,
  29,
  34,
  39,
  46,
  54,
  62,
  73,
  42,
  49,
  57,
  66,
  77,
  90
 ]
}