{
 "time": "181112_2241",
 "filename": "T-BN8438124.png",
 "alphas": [
  0.018967751048391244,
  0.019406385877889128,
  0.01995309140669345,
  0.020612226075041554,
  0.021390654166903597,
  0.022314135214734857,
  0.023417927135779597,
  0.02483595598673296,
  0.026601682947005795,
  0.028757934280218812,
  0.0315162273159224,
  0.03493558596314085,
  0.03924179645639509,
  0.04473475822582498,
  0.05173822482450946,
  0.05999816397985901,
  0.06719896916408379,
  0.07653805422332459,
  0.08864268266437025,
  0.10441651853019066,
  0.1246568102186412,
  0.14257278079862598,
  0.14257750050394327,
  0.14540987899876712,
  0.14775948665373778,
  0.15241149179514157,
  0.16008991613257376,
  0.1716654633390629,
  0.1878523884971255,
  0.17914446624134173,
  0.17156293335762024,
  0.16772029238406128,
  0.16649292353750778,
  0.16825844017753944,
  0.15363947942228418,
  0.1569706138735258,
  0.16281432791102457,
  0.17138400757932187,
  0.18572195415406806,
  0.20563288913060818
 ],
 "betas": [
  0.5,
  0.5,
  0.5,
  0.5,
  0.5,
  0.5,
  0.5,
  0.5,
  0.5,
  0.5,
  0.5,
  0.5,
  0.5,
  0.5,
  0.5,
  0.5,
  0.5,
  0.5,
  0.5,
  0.5,
  0.5,
  0.5,
  0.5,
  0.5,
  0.5,
  0.5,
  0.5,
  0.5,
  0.5,
  0.5,
  0.5,
  0.5,
  0.5,
  0.5,
  0.5,
  0.5,
  0.5,
  0.5,
  0.5,
  0.5
 ],
 "gammas": [
  0.08068305876767028,
  0.07943294042551634,
  0.07800928862882107,
  0.07639380701252653,
  0.07456831830690931,
  0.07251562222831552,
  0.07022064178633677,
  0.0676718809556836,
  0.06486318077736686,
  0.06179570075985959,
  0.058479964902952764,
  0.05493770166589307,
  0.0512030941439083,
  0.047322980065005904,
  0.04335555938635914,
  0.03936734180455941,
  0.03542842627686193,
  0.031606697948534844,
  0.02854412678842062,
  0.026199426309388443,
  0.023689569689683335,
  0.021108385752521962,
  0.018718472754220512,
  0.016770869859126413,
  0.014754248536808337,
  0.012765610443838931,
  0.011347930272517737,
  0.010063371850406707,
  0.008765891687352392,
  0.00760432318714599,
  0.006635649248240973,
  0.005767791420621564,
  0.0049558731268631575,
  0.003890262168859829,
  0.002782584680993044,
  0.0023048612816615487,
  0.0018863912530985606,
  0.001558540157120556,
  0.0013181699821215292,
  0.001177130129732939
 ],
 "sigmas": [
  0.125,
  0.14538483725086093,
  0.1690940072196746,
  0.1966696377578263,
  0.22874226622085883,
  0.26604525717530136,
  0.309431571326357,
  0.35989326910048464,
  0.41858419484683407,
  0.4868463603487171,
  0.5662406309237779,
  0.6585824157734259,
  0.7659831786679869,
  0.8908987181403394,
  1.0361853211506706,
  1.2051650742177709,
  1.4017018254045788,
  1.630289534085435,
  1.8961550286783433,
  2.20537752197442,
  2.5650276168716646,
  2.983328980982803,
  3.4698463869276934,
  4.035704417991765,
  4.693841840018505,
  5.459307455938977,
  6.349604207872799,
  7.38508939495175,
  8.58944015814495,
  9.990194875743303,
  11.619382848914599,
  13.514256675559151,
  15.718144058740227,
  18.28143852692428,
  21.262751719588042,
  24.73025358606217,
  28.76323114225735,
  33.45390142740782,
  38.909520115440266,
  45.254833995939045
 ],
 "border_radii": [
  10,
  10,
  10,
  10,
  10,
  10,
  10,
  10,
  10,
  10,
  10,
  10,
  10,
  10,
  10,
  10,
  10,
  10,
  10,
  10,
  10,
  11,
  13,
  16,
  18,
  21,
  25,
  29,
  34,
  39,
  46,
  54,
  62,
  73,
  42,
  49,
  57,
  66,
  77,
  90
 ]
}