{
 "time": "181112_2144",
 "filename": "T-BN6535713.png",
 "alphas": [
  0.025957463618479937,
  0.026435253061115407,
  0.02698540645035193,
  0.02770027353113635,
  0.028443671626791955,
  0.029409255289580216,
  0.030546100056214553,
  0.031897232786441715,
  0.033590967309097435,
  0.03556078539104614,
  0.03806038215700628,
  0.04117768779609563,
  0.04498797251798211,
  0.049748438424169705,
  0.05543950431595978,
  0.06271201547832095,
  0.07181854105330374,
  0.07296303542518007,
  0.07323438907399543,
  0.07420169414060881,
  0.07589858573767244,
  0.07900745483014224,
  0.08149753016847452,
  0.08128406397022073,
  0.08249251439170958,
  0.08401343703945668,
  0.08495392627912497,
  0.08533892254367394,
  0.08725219727731909,
  0.09072399332150007,
  0.09630449899884092,
  0.10335035386112904,
  0.11288398685058983,
  0.12675434803139138,
  0.13237192480625815,
  0.14814406146107767,
  0.1595486682851808,
  0.15530957058788752,
  0.15240338119384583,
  0.1527474420378782
 ],
 "betas": [
  0.5,
  0.5,
  0.5,
  0.5,
  0.5,
  0.5,
  0.5,
  0.5,
  0.5,
  0.5,
  0.5,
  0.5,
  0.5,
  0.5,
  0.5,
  0.5,
  0.5,
  0.5,
  0.5,
  0.5,
  0.5,
  0.5,
  0.5,
  0.5,
  0.5,
  0.5,
  0.5,
  0.5,
  0.5,
  0.5,
  0.5,
  0.5,
  0.5,
  0.5,
  0.5,
  0.5,
  0.5,
  0.5,
  0.5,
  0.5
 ],
 "gammas": [
  0.10152809758223012,
  0.09930584280039505,
  0.09680184284664073,
  0.09399421573571455,
  0.09086382260299036,
  0.08739593809567957,
  0.08358221731019386,
  0.07942288879599836,
  0.07546119065401373,
  0.07141743194051663,
  0.06713045856291777,
  0.06263945341868012,
  0.05799463456081938,
  0.0532556207582252,
  0.049322512572685,
  0.04636062578026561,
  0.04312401953146434,
  0.03966160643958211,
  0.036040253599285,
  0.03234092748600039,
  0.02865242436751159,
  0.025231113517668245,
  0.022588008239103556,
  0.019998293576993467,
  0.017851783656924296,
  0.016022653328472476,
  0.014268242277198041,
  0.012722793030850327,
  0.011251140551488502,
  0.009837366617266767,
  0.00851730679814542,
  0.007396079514565921,
  0.006449036165283801,
  0.005616335302968078,
  0.004850842829588356,
  0.004022442853379064,
  0.0031772215674655394,
  0.0023368615983757916,
  0.002076001303639421,
  0.001819616115448354
 ],
 "sigmas": [
  0.125,
  0.14538483725086093,
  0.1690940072196746,
  0.1966696377578263,
  0.22874226622085883,
  0.26604525717530136,
  0.309431571326357,
  0.35989326910048464,
  0.41858419484683407,
  0.4868463603487171,
  0.5662406309237779,
  0.6585824157734259,
  0.7659831786679869,
  0.8908987181403394,
  1.0361853211506706,
  1.2051650742177709,
  1.4017018254045788,
  1.630289534085435,
  1.8961550286783433,
  2.20537752197442,
  2.5650276168716646,
  2.983328980982803,
  3.4698463869276934,
  4.035704417991765,
  4.693841840018505,
  5.459307455938977,
  6.349604207872799,
  7.38508939495175,
  8.58944015814495,
  9.990194875743303,
  11.619382848914599,
  13.514256675559151,
  15.718144058740227,
  18.28143852692428,
  21.262751719588042,
  24.73025358606217,
  28.76323114225735,
  33.45390142740782,
  38.909520115440266,
  45.254833995939045
 ],
 "border_radii": [
  10,
  10,
  10,
  10,
  10,
  10,
  10,
  10,
  10,
  10,
  10,
  10,
  10,
  10,
  10,
  10,
  10,
  10,
  10,
  10,
  10,
  11,
  13,
  16,
  18,
  21,
  25,
  29,
  34,
  39,
  46,
  54,
  62,
  73,
  42,
  49,
  57,
  66,
  77,
  90
 ]
}