{
 "time": "181112_1927",
 "filename": "T-BN0491127.png",
 "alphas": [
  0.0461394765254203,
  0.047210220513125484,
  0.04856128341362547,
  0.05018201558541624,
  0.05206364839993609,
  0.05439631066867906,
  0.05722745823339585,
  0.06064740642498444,
  0.06487756196814752,
  0.06827730311322708,
  0.07139620651380946,
  0.0749143681914435,
  0.07952438614497181,
  0.08481919027612686,
  0.08706062647961507,
  0.08792325791242936,
  0.08975219459218328,
  0.09196878533136621,
  0.0945910571530409,
  0.09257460701009024,
  0.09224962456676818,
  0.09397165512803929,
  0.09716721951493051,
  0.09996073689063006,
  0.10114443073692607,
  0.1039710487607173,
  0.10880826049253575,
  0.1165916371834302,
  0.12428516875846016,
  0.13199637972446984,
  0.14316640645135773,
  0.15980561494168682,
  0.17734078785393761,
  0.22099543956776235,
  0.1924780028036911,
  0.18729436983189934,
  0.24042983811141935,
  0.2913056840833305,
  0.28092275888572665,
  0.2615398143391315
 ],
 "betas": [
  0.5,
  0.5,
  0.5,
  0.5,
  0.5,
  0.5,
  0.5,
  0.5,
  0.5,
  0.5,
  0.5,
  0.5,
  0.5,
  0.5,
  0.5,
  0.5,
  0.5,
  0.5,
  0.5,
  0.5,
  0.5,
  0.5,
  0.5,
  0.5,
  0.5,
  0.5,
  0.5,
  0.5,
  0.5,
  0.5,
  0.5,
  0.5,
  0.5,
  0.5,
  0.5,
  0.5,
  0.5,
  0.5,
  0.5,
  0.5
 ],
 "gammas": [
  0.16880319701181834,
  0.1652555528841617,
  0.16124954391009105,
  0.1567468777267149,
  0.1517128824117457,
  0.1461191603991673,
  0.13994680237555712,
  0.13319009139629484,
  0.12586052231681424,
  0.11799082384421371,
  0.1096385101214643,
  0.10088833079563918,
  0.09185287694873054,
  0.08267059689811682,
  0.07350064937899614,
  0.06451442248416446,
  0.05588416930869006,
  0.04776995530733703,
  0.04030677048368188,
  0.03359396199810195,
  0.028382259509044893,
  0.024758541485756565,
  0.021262061253378692,
  0.018313918192917725,
  0.015853361418509043,
  0.014390080216614408,
  0.012900651684315001,
  0.011457902370895274,
  0.010403508414685915,
  0.009406817953383467,
  0.008612290881154807,
  0.007951475104664764,
  0.007298014908906021,
  0.006611664036516595,
  0.005880000818592717,
  0.005136034791190014,
  0.004407268534438754,
  0.003715190881755415,
  0.003075378976539016,
  0.002498014112521691
 ],
 "sigmas": [
  0.125,
  0.14538483725086093,
  0.1690940072196746,
  0.1966696377578263,
  0.22874226622085883,
  0.26604525717530136,
  0.309431571326357,
  0.35989326910048464,
  0.41858419484683407,
  0.4868463603487171,
  0.5662406309237779,
  0.6585824157734259,
  0.7659831786679869,
  0.8908987181403394,
  1.0361853211506706,
  1.2051650742177709,
  1.4017018254045788,
  1.630289534085435,
  1.8961550286783433,
  2.20537752197442,
  2.5650276168716646,
  2.983328980982803,
  3.4698463869276934,
  4.035704417991765,
  4.693841840018505,
  5.459307455938977,
  6.349604207872799,
  7.38508939495175,
  8.58944015814495,
  9.990194875743303,
  11.619382848914599,
  13.514256675559151,
  15.718144058740227,
  18.28143852692428,
  21.262751719588042,
  24.73025358606217,
  28.76323114225735,
  33.45390142740782,
  38.909520115440266,
  45.254833995939045
 ],
 "border_radii": [
  10,
  10,
  10,
  10,
  10,
  10,
  10,
  10,
  10,
  10,
  10,
  10,
  10,
  10,
  10,
  10,
  10,
  10,
  10,
  10,
  10,
  11,
  13,
  16,
  18,
  21,
  25,
  29,
  34,
  39,
  46,
  54,
  62,
  73,
  42,
  49,
  57,
  66,
  77,
  90
 ]
}