{
 "time": "181120_2336",
 "dark_bg": false,
 "dilate_per_scale": true,
 "log_range": [
  -2,
  3.5
 ],
 "n_scales": 40,
 "scales": [
  0.25,
  0.2756721902468024,
  0.3039806259018769,
  0.3351960197398572,
  0.3696168836947874,
  0.4075723835213587,
  0.449425486597771,
  0.49557643297256987,
  0.5464665628489841,
  0.6025825371088854,
  0.6644609912371261,
  0.7326936671515999,
  0.8079330720145728,
  0.8908987181403393,
  0.9823840036712642,
  1.0832637998219208,
  1.1945028172479306,
  1.3171648315468518,
  1.4524228561143249,
  1.6015703596382094,
  1.7660336355032968,
  1.9473854413948684,
  2.1473600395362378,
  2.36786978138966,
  2.611023395419619,
  2.879146152803877,
  3.1748021039363987,
  3.500818598369214,
  3.86031332267673,
  4.25672411480482,
  4.693841840018505,
  5.175846642839929,
  5.707347921652972,
  6.293428408250444,
  6.939692773855387,
  7.652321226434491,
  8.438128611853172,
  9.3046295840551,
  10.260110467486651,
  11.313708498984761
 ],
 "alphas": [
  0.04322736488986289,
  0.04388611189331636,
  0.044706088677725866,
  0.04579633752307092,
  0.047199867057978954,
  0.048833460409026135,
  0.0511096511058665,
  0.05392626740651809,
  0.05553343354038432,
  0.056436110911344,
  0.05764239619236625,
  0.059680835210018726,
  0.06262992941653402,
  0.06721858135466276,
  0.0736830553119331,
  0.08304260917741316,
  0.09659463506684653,
  0.11617364953027653,
  0.1174386203922496,
  0.11587994991253651,
  0.11672547653250931,
  0.11863646080537602,
  0.12003352039832124,
  0.12554765868431242,
  0.13511102834396738,
  0.14298120935171355,
  0.15453551881007202,
  0.1704761543778449,
  0.19334834796403266,
  0.22755729866343344,
  0.27431958608316037,
  0.27999982650514144,
  0.277516895353962,
  0.28411643978788914,
  0.3014508393974949,
  0.3084911685531684,
  0.3228729821543993,
  0.3429540904402072,
  0.328577537172761,
  0.3178354766172624
 ],
 "betas": null,
 "use_npz_files": false,
 "remove_glare": true,
 "files": [
  "T-BN0013990.png",
  "T-BN0033885.png",
  "T-BN0061827.png",
  "T-BN0124393.png",
  "T-BN0164923.png",
  "T-BN0204423.png",
  "T-BN0224265.png",
  "T-BN0254914.png",
  "T-BN0264445.png",
  "T-BN0339328.png",
  "T-BN0342010.png",
  "T-BN0392139.png",
  "T-BN0392644.png",
  "T-BN0404929.png",
  "T-BN0421379.png",
  "T-BN0426372.png",
  "T-BN0464750.png",
  "T-BN0491127.png",
  "T-BN0501518.png",
  "T-BN0516545.png",
  "T-BN0546768.png",
  "T-BN0651415.png",
  "T-BN0657337.png",
  "T-BN0687730.png",
  "T-BN0723815.png",
  "T-BN0963435.png",
  "T-BN1051747.png",
  "T-BN1105196.png",
  "T-BN1145709.png",
  "T-BN1233668.png",
  "T-BN1273150.png",
  "T-BN1289932.png",
  "T-BN1328016.png",
  "T-BN1411786.png",
  "T-BN1442472.png",
  "T-BN1479814.png",
  "T-BN1510602.png",
  "T-BN1530431.png",
  "T-BN1587209.png",
  "T-BN1602443.png",
  "T-BN1629357.png",
  "T-BN1650687.png",
  "T-BN1662406.png",
  "T-BN1788623.png",
  "T-BN2050224.png",
  "T-BN2095839.png",
  "T-BN2315363.png",
  "T-BN2330218.png",
  "T-BN2341348.png",
  "T-BN2408482.png",
  "T-BN2421294.png",
  "T-BN2432252.png",
  "T-BN2459820.png",
  "T-BN2481864.png",
  "T-BN2583658.png",
  "T-BN2623827.png",
  "T-BN2641672.png",
  "T-BN2644701.png",
  "T-BN2679570.png",
  "T-BN2713393.png",
  "T-BN2721525.png",
  "T-BN2774548.png",
  "T-BN2810683.png",
  "T-BN2829989.png",
  "T-BN2839794.png",
  "T-BN2844756.png",
  "T-BN2899857.png",
  "T-BN2958557.png",
  "T-BN3109757.png",
  "T-BN3182394.png",
  "T-BN3221123.png",
  "T-BN3227692.png",
  "T-BN3236159.png",
  "T-BN3307587.png",
  "T-BN3436209.png",
  "T-BN3601547.png",
  "T-BN3633640.png",
  "T-BN3698241.png",
  "T-BN3731521.png",
  "T-BN3751005.png",
  "T-BN3800686.png",
  "T-BN3817093.png",
  "T-BN3857011.png",
  "T-BN3859381.png",
  "T-BN4031846.png",
  "T-BN4038502.png",
  "T-BN4130351.png",
  "T-BN4193575.png",
  "T-BN4337090.png",
  "T-BN4384182.png",
  "T-BN4442496.png",
  "T-BN4475126.png",
  "T-BN4537926.png",
  "T-BN4569506.png",
  "T-BN4773682.png",
  "T-BN4920563.png",
  "T-BN4979348.png",
  "T-BN4981652.png",
  "T-BN5065621.png",
  "T-BN5072928.png",
  "T-BN5179290.png",
  "T-BN5197585.png",
  "T-BN5226897.png",
  "T-BN5260182.png",
  "T-BN5280796.png",
  "T-BN5569860.png",
  "T-BN5602970.png",
  "T-BN5701077.png",
  "T-BN5766074.png",
  "T-BN5852719.png",
  "T-BN5932011.png",
  "T-BN5934535.png",
  "T-BN5961598.png",
  "T-BN6028328.png",
  "T-BN6132495.png",
  "T-BN6216577.png",
  "T-BN6238549.png",
  "T-BN6250724.png",
  "T-BN6279307.png",
  "T-BN6381701.png",
  "T-BN6469047.png",
  "T-BN6472004.png",
  "T-BN6483346.png",
  "T-BN6498420.png",
  "T-BN6535713.png",
  "T-BN6557410.png",
  "T-BN6577513.png",
  "T-BN6588820.png",
  "T-BN6616756.png",
  "T-BN6746662.png",
  "T-BN6803276.png",
  "T-BN7042433.png",
  "T-BN7080847.png",
  "T-BN7302686.png",
  "T-BN7408610.png",
  "T-BN7436313.png",
  "T-BN7467857.png",
  "T-BN7476220.png",
  "T-BN7515948.png",
  "T-BN7531176.png",
  "T-BN7547732.png",
  "T-BN7579137.png",
  "T-BN7644170.png",
  "T-BN7646343.png",
  "T-BN7680325.png",
  "T-BN7686730.png",
  "T-BN7687331.png",
  "T-BN7725413.png",
  "T-BN7726580.png",
  "T-BN7736166.png",
  "T-BN7753462.png",
  "T-BN7767693.png",
  "T-BN7804374.png",
  "T-BN7832092.png",
  "T-BN7847884.png",
  "T-BN7871142.png",
  "T-BN7914277.png",
  "T-BN7957558.png",
  "T-BN7965300.png",
  "T-BN7971406.png",
  "T-BN8048789.png",
  "T-BN8159259.png",
  "T-BN8166392.png",
  "T-BN8177602.png",
  "T-BN8183465.png",
  "T-BN8321696.png",
  "T-BN8333878.png",
  "T-BN8358802.png",
  "T-BN8438124.png",
  "T-BN8441842.png",
  "T-BN8549337.png",
  "T-BN8625834.png",
  "T-BN8656271.png",
  "T-BN8731535.png",
  "T-BN8778711.png",
  "T-BN8789191.png",
  "T-BN8801263.png",
  "T-BN8914395.png",
  "T-BN8949552.png",
  "T-BN9029696.png",
  "T-BN9056988.png",
  "T-BN9118174.png",
  "T-BN9165109.png",
  "T-BN9211170.png",
  "T-BN9226926.png",
  "T-BN9230531.png",
  "T-BN9238868.png",
  "T-BN9323718.png",
  "T-BN9324292.png",
  "T-BN9365078.png",
  "T-BN9413603.png",
  "T-BN9430295.png",
  "T-BN9486677.png",
  "T-BN9586508.png",
  "T-BN9597656.png",
  "T-BN9730834.png",
  "T-BN9770333.png",
  "T-BN9801033.png",
  "T-BN9900633.png",
  "T-BN9922415.png",
  "T-BN9937513.png"
 ],
 "MCCS": {
  "T-BN0013990.png": [
   0.32056789526195867,
   0.32209016040737337,
   0.3738264904715764
  ]
 },
 "PNC": {
  "T-BN0013990.png": [
   0.3784071375951543,
   0.374805598755832,
   0.5151019071785218
  ]
 }
}