{
 "time": "181120_2343",
 "filename": "T-BN0013990.png",
 "betas": [
  0.5,
  0.5,
  0.5,
  0.5,
  0.5,
  0.5,
  0.5,
  0.5,
  0.5,
  0.5,
  0.5,
  0.5,
  0.5,
  0.5,
  0.5,
  0.5,
  0.5,
  0.5,
  0.5,
  0.5,
  0.5,
  0.5,
  0.5,
  0.5,
  0.5,
  0.5,
  0.5,
  0.5,
  0.5,
  0.5,
  0.5,
  0.5,
  0.5,
  0.5,
  0.5,
  0.5,
  0.5,
  0.5,
  0.5,
  0.5
 ],
 "gammas": [
  0.11767734326923693,
  0.11665869569407325,
  0.11542150024104095,
  0.11392044393406808,
  0.11210212300429731,
  0.10990456739118105,
  0.10725746942263473,
  0.10408366305097502,
  0.10030260280813198,
  0.0958367455145655,
  0.09062170195350494,
  0.08462057535986976,
  0.07784177425993295,
  0.07035763663683528,
  0.0623187211933956,
  0.05395668022692889,
  0.04556907489863948,
  0.03748403786839138,
  0.030010996866554215,
  0.024932438018923694,
  0.02185323224454625,
  0.01873109553896926,
  0.01614976885470344,
  0.01377019096333481,
  0.011509045468207383,
  0.009725927781206938,
  0.008253189238520583,
  0.00691079138287908,
  0.005702432746111811,
  0.004622839002689924,
  0.0036724198616604853,
  0.0029571141661696517,
  0.002564477629724015,
  0.0021785548741116625,
  0.0018236572852942407,
  0.0015078255119789867,
  0.0012289154894262713,
  0.001003491502851984,
  0.0008194819036518142,
  0.0006663676079958508
 ],
 "sigmas": [
  0.25,
  0.2756721902468024,
  0.3039806259018769,
  0.3351960197398572,
  0.3696168836947874,
  0.4075723835213587,
  0.449425486597771,
  0.49557643297256987,
  0.5464665628489841,
  0.6025825371088854,
  0.6644609912371261,
  0.7326936671515999,
  0.8079330720145728,
  0.8908987181403393,
  0.9823840036712642,
  1.0832637998219208,
  1.1945028172479306,
  1.3171648315468518,
  1.4524228561143249,
  1.6015703596382094,
  1.7660336355032968,
  1.9473854413948684,
  2.1473600395362378,
  2.36786978138966,
  2.611023395419619,
  2.879146152803877,
  3.1748021039363987,
  3.500818598369214,
  3.86031332267673,
  4.25672411480482,
  4.693841840018505,
  5.175846642839929,
  5.707347921652972,
  6.293428408250444,
  6.939692773855387,
  7.652321226434491,
  8.438128611853172,
  9.3046295840551,
  10.260110467486651,
  11.313708498984761
 ],
 "border_radii": [
  10,
  10,
  10,
  10,
  10,
  10,
  10,
  10,
  10,
  10,
  10,
  10,
  10,
  10,
  10,
  10,
  10,
  10,
  10,
  10,
  10,
  10,
  10,
  10,
  10,
  11,
  12,
  14,
  15,
  17,
  18,
  20,
  22,
  25,
  27,
  30,
  33,
  37,
  41,
  45
 ]
}