{
 "time": "181120_2255",
 "filename": "T-BN0013990.png",
 "betas": [
  0.5,
  0.5,
  0.5,
  0.5,
  0.5,
  0.5,
  0.5,
  0.5,
  0.5,
  0.5,
  0.5,
  0.5,
  0.5,
  0.5,
  0.5,
  0.5,
  0.5,
  0.5,
  0.5,
  0.5,
  0.5,
  0.5,
  0.5,
  0.5,
  0.5,
  0.5,
  0.5,
  0.5,
  0.5,
  0.5,
  0.5,
  0.5,
  0.5,
  0.5,
  0.5,
  0.5,
  0.5,
  0.5,
  0.5,
  0.5
 ],
 "gammas": [
  0.4467919635680571,
  0.44199280444584976,
  0.4362607685760945,
  0.42943991239996715,
  0.4213595161303654,
  0.41183796011411866,
  0.4006895538948684,
  0.3877352403897605,
  0.37281808294332636,
  0.3558242025606669,
  0.34200854434850286,
  0.3265829450012026,
  0.30938134467137174,
  0.29054571252144046,
  0.2719117686984497,
  0.2527464577637671,
  0.23260986306052692,
  0.21197615634156472,
  0.19297806186044256,
  0.17829241076634175,
  0.1645819146945482,
  0.15044920348691646,
  0.1363897711638394,
  0.12363015383530929,
  0.11297379973150067,
  0.10241939584438804,
  0.09311336194598847,
  0.0849253490472121,
  0.07692353489417336,
  0.0698108697676535,
  0.06279372943568882,
  0.05641416839469276,
  0.050242838438763635,
  0.04469905754512941,
  0.0399900922353545,
  0.03629525242962166,
  0.032594513079408374,
  0.028935672945862582,
  0.025559560187708382,
  0.02303511152090144
 ],
 "sigmas": [
  0.25,
  0.2756721902468024,
  0.3039806259018769,
  0.3351960197398572,
  0.3696168836947874,
  0.4075723835213587,
  0.449425486597771,
  0.49557643297256987,
  0.5464665628489841,
  0.6025825371088854,
  0.6644609912371261,
  0.7326936671515999,
  0.8079330720145728,
  0.8908987181403393,
  0.9823840036712642,
  1.0832637998219208,
  1.1945028172479306,
  1.3171648315468518,
  1.4524228561143249,
  1.6015703596382094,
  1.7660336355032968,
  1.9473854413948684,
  2.1473600395362378,
  2.36786978138966,
  2.611023395419619,
  2.879146152803877,
  3.1748021039363987,
  3.500818598369214,
  3.86031332267673,
  4.25672411480482,
  4.693841840018505,
  5.175846642839929,
  5.707347921652972,
  6.293428408250444,
  6.939692773855387,
  7.652321226434491,
  8.438128611853172,
  9.3046295840551,
  10.260110467486651,
  11.313708498984761
 ],
 "border_radii": [
  10,
  10,
  10,
  10,
  10,
  10,
  10,
  10,
  10,
  10,
  10,
  10,
  10,
  10,
  10,
  10,
  10,
  10,
  10,
  10,
  10,
  10,
  10,
  10,
  10,
  11,
  12,
  14,
  15,
  17,
  18,
  20,
  22,
  25,
  27,
  30,
  33,
  37,
  41,
  45
 ]
}