{"time": "181126_2219", "filename": "T-BN4130351.png", "betas": [0.5, 0.5, 0.5, 0.5, 0.5, 0.5, 0.5, 0.5, 0.5, 0.5, 0.5, 0.5, 0.5, 0.5, 0.5, 0.5, 0.5, 0.5, 0.5, 0.5, 0.5, 0.5, 0.5, 0.5, 0.5, 0.5, 0.5, 0.5, 0.5, 0.5], "gammas": [0.08106362895972463, 0.07983122981613087, 0.07826711240112733, 0.07629632802753562, 0.07383619711192099, 0.07080169892323852, 0.12055221624139689, 0.11075933324910525, 0.09945423966800629, 0.06443509413895918, 0.05773505249881104, 0.0389019589797506, 0.03231154392368633, 0.0263277121483017, 0.02128040175179107, 0.016773710936671262, 0.012922058417510828, 0.010403142395301573, 0.008373023548827681, 0.0064773577367600674, 0.005249695610047387, 0.004202021337858455, 0.0033918767000633548, 0.002628808615611055, 0.0020620413125977182, 0.0016175972766475873, 0.0012025750370050093, 0.0009541304747650981, 0.0007727832430486649, 0.000596274390197105], "sigmas": [0.25, 0.28512277184092183, 0.3251799800890014, 0.37086486908060734, 0.4229680778027334, 0.48239132297336806, 0.550163004472704, 0.6274560031983474, 0.7156079793605564, 0.816144522507052, 0.9308055539199852, 1.0615754383143632, 1.2107173259617305, 1.3808123195761497, 1.5748041437985782, 1.796050090345681, 2.0483791204979944, 2.336158130469831, 2.664367526473056, 3.0386874174037537, 3.465595916833162, 3.9524812555522058, 4.507769644929328, 5.141071103930471, 5.863345773535692, 6.687093596849004, 7.626570647573068, 8.698035850706592, 9.920032365300692, 11.313708498984761], "border_radii": [1, 1, 1, 1, 1, 1, 2, 2, 2, 3, 3, 4, 4, 5, 6, 7, 8, 9, 10, 12, 13, 15, 18, 20, 23, 26, 30, 34, 39, 45], "counts": {"TP": 30509, "TN": 430352, "FP": 10586, "FN": 50523}, "counts_FA": {"TP": 24731, "TN": 438136, "FP": 2802, "FN": 56301}, "counts_rw": {"TP": 38180, "TN": 431574, "FP": 9364, "FN": 42852}, "pnc": [0.5480870851828367, 0.4227436060029592, 0.5851828366095962], "mcc": [0.4739829271816625, 0.4841522132048281, 0.566284985186309], "scale_maxes": [0.8639625068878237, 0.8638913129953877, 0.8637967541838236, 0.8636711010651171, 0.8635044045969335, 0.8632843308892155, 0.46111110367892294, 0.4723158493256082, 0.48744520415291603, 0.7233559517577791, 0.7087945787240802, 0.8607778337465732, 0.8599796048859154, 0.8528707441512533, 0.8433664181546254, 0.8457435293039849, 0.8454230263915572, 0.8582659338688949, 0.8598383453451361, 0.8646139986441108, 0.8645891014707039, 0.851194271662168, 0.8153199274393705, 0.8320948756456964, 0.8626043621622331, 0.8594348832386686, 0.8547202859037495, 0.8600602404623401, 0.8635535948571036, 0.8643579029013243], "ALPHAS": [0.045011836607685936, 0.04652716130531905, 0.04833763969180373, 0.05042384598796576, 0.053207545673069775, 0.05716647908884239, 0.026951108976486702, 0.028306109339822007, 0.030264814723698148, 0.08314119923256928, 0.08847390755184806, 0.09674456823417665, 0.10999892620335772, 0.12945516152444267, 0.15618089468415808, 0.19272799747119237, 0.23925657887706997, 0.289653723745568, 0.28482990246851103, 0.29084028655903393, 0.30578709530590137, 0.3299223904537594, 0.36577646706045475, 0.379232420511484, 0.35652489668930515, 0.3254295416280919, 0.3199746925813338, 0.3352496829468713, 0.36318333331840214, 0.40385340955542215]}