{"time": "181126_2220", "filename": "T-BN4384182.png", "betas": [0.5, 0.5, 0.5, 0.5, 0.5, 0.5, 0.5, 0.5, 0.5, 0.5, 0.5, 0.5, 0.5, 0.5, 0.5, 0.5, 0.5, 0.5, 0.5, 0.5, 0.5, 0.5, 0.5, 0.5, 0.5, 0.5, 0.5, 0.5, 0.5, 0.5], "gammas": [0.10666333739590135, 0.10445881827299013, 0.10168640462720274, 0.09823374357819369, 0.09398725975620129, 0.08884645446923452, 0.1320589424634221, 0.12124329808797615, 0.10879196675109665, 0.06675605483924207, 0.06066004059888097, 0.044439643442001554, 0.03644530966079075, 0.028956749482005925, 0.02228858040051509, 0.0189204147264304, 0.015683924791774474, 0.012455471905431576, 0.009494364062959504, 0.007526655211341581, 0.005896650795496124, 0.004595644296573538, 0.0035548766536043805, 0.002757315898954763, 0.0022051542196385244, 0.001763157209537638, 0.0013503776410304495, 0.0009818598458439013, 0.0006731928709604062, 0.0004977494564136403], "sigmas": [0.25, 0.28512277184092183, 0.3251799800890014, 0.37086486908060734, 0.4229680778027334, 0.48239132297336806, 0.550163004472704, 0.6274560031983474, 0.7156079793605564, 0.816144522507052, 0.9308055539199852, 1.0615754383143632, 1.2107173259617305, 1.3808123195761497, 1.5748041437985782, 1.796050090345681, 2.0483791204979944, 2.336158130469831, 2.664367526473056, 3.0386874174037537, 3.465595916833162, 3.9524812555522058, 4.507769644929328, 5.141071103930471, 5.863345773535692, 6.687093596849004, 7.626570647573068, 8.698035850706592, 9.920032365300692, 11.313708498984761], "border_radii": [1, 1, 1, 1, 1, 1, 2, 2, 2, 3, 3, 4, 4, 5, 6, 7, 8, 9, 10, 12, 13, 15, 18, 20, 23, 26, 30, 34, 39, 45], "counts": {"TP": 39298, "TN": 496034, "FP": 9106, "FN": 77456}, "counts_FA": {"TP": 29896, "TN": 501733, "FP": 3407, "FN": 86858}, "counts_rw": {"TP": 46560, "TN": 494980, "FP": 10160, "FN": 70194}, "pnc": [0.5562165377751338, 0.3981095908520061, 0.550003304911098], "mcc": [0.4643348733521494, 0.4324559064527744, 0.5136271881483523], "scale_maxes": [0.8640756240085803, 0.8640924227015092, 0.8641146705528151, 0.8641441167697571, 0.8641829366742809, 0.8642336191343756, 0.5437448507274217, 0.5410969229977719, 0.5394725116364917, 0.8049286646614908, 0.7764868206734532, 0.8640042519458508, 0.8642682098928536, 0.8644966026400956, 0.8646477113663149, 0.8638592657551679, 0.8638664720369069, 0.8639420386595171, 0.8641209408029561, 0.8204219678320301, 0.8402758699935076, 0.8619592652444021, 0.8594599530881027, 0.8416562768338266, 0.8642778425053044, 0.8634224617742354, 0.8612176638486698, 0.8592217464031104, 0.8593579869055484, 0.855783208508744], "ALPHAS": [0.045011836607685936, 0.04652716130531905, 0.04833763969180373, 0.05042384598796576, 0.053207545673069775, 0.05716647908884239, 0.026951108976486702, 0.028306109339822007, 0.030264814723698148, 0.08314119923256928, 0.08847390755184806, 0.09674456823417665, 0.10999892620335772, 0.12945516152444267, 0.15618089468415808, 0.19272799747119237, 0.23925657887706997, 0.289653723745568, 0.28482990246851103, 0.29084028655903393, 0.30578709530590137, 0.3299223904537594, 0.36577646706045475, 0.379232420511484, 0.35652489668930515, 0.3254295416280919, 0.3199746925813338, 0.3352496829468713, 0.36318333331840214, 0.40385340955542215]}