{"time": "181126_2233", "filename": "T-BN8789191.png", "betas": [0.5, 0.5, 0.5, 0.5, 0.5, 0.5, 0.5, 0.5, 0.5, 0.5, 0.5, 0.5, 0.5, 0.5, 0.5, 0.5, 0.5, 0.5, 0.5, 0.5, 0.5, 0.5, 0.5, 0.5, 0.5, 0.5, 0.5, 0.5, 0.5, 0.5], "gammas": [0.11251814524431059, 0.10993063516755006, 0.10669084344612469, 0.10267850711268013, 0.09777796559298664, 0.09189636608610806, 0.1268104930420557, 0.11646370471185685, 0.10454846921298333, 0.0574564953846702, 0.04978928639118442, 0.04180713238526871, 0.034272243316812084, 0.02822083232673994, 0.023264922261060025, 0.0191816407844382, 0.015697818469668744, 0.01272152372803504, 0.009934388303598008, 0.0078567575528153, 0.006160315128572206, 0.004823469164995656, 0.003695909679799684, 0.002752538834193772, 0.0019969695456166885, 0.001511943915477672, 0.0011759118256091366, 0.0008827525354633008, 0.0006790705025449975, 0.000540047912454932], "sigmas": [0.25, 0.28512277184092183, 0.3251799800890014, 0.37086486908060734, 0.4229680778027334, 0.48239132297336806, 0.550163004472704, 0.6274560031983474, 0.7156079793605564, 0.816144522507052, 0.9308055539199852, 1.0615754383143632, 1.2107173259617305, 1.3808123195761497, 1.5748041437985782, 1.796050090345681, 2.0483791204979944, 2.336158130469831, 2.664367526473056, 3.0386874174037537, 3.465595916833162, 3.9524812555522058, 4.507769644929328, 5.141071103930471, 5.863345773535692, 6.687093596849004, 7.626570647573068, 8.698035850706592, 9.920032365300692, 11.313708498984761], "border_radii": [1, 1, 1, 1, 1, 1, 2, 2, 2, 3, 3, 4, 4, 5, 6, 7, 8, 9, 10, 12, 13, 15, 18, 20, 23, 26, 30, 34, 39, 45], "counts": {"TP": 37192, "TN": 513420, "FP": 15756, "FN": 51544}, "counts_FA": {"TP": 31097, "TN": 524953, "FP": 4223, "FN": 57639}, "counts_rw": {"TP": 43863, "TN": 515081, "FP": 14095, "FN": 44873}, "pnc": [0.6665690580771108, 0.5494387506100537, 0.6731088335773548], "mcc": [0.48782274507333895, 0.5173350572864376, 0.5625480400954262], "scale_maxes": [0.7424766450447335, 0.747151521972626, 0.753048558240748, 0.7604149599927706, 0.7694979481218368, 0.7805049887810621, 0.5108063157263082, 0.5189174642614807, 0.529559631539399, 0.8570927641093947, 0.8563277615080092, 0.8551803589425739, 0.8627866003620119, 0.8626926323919019, 0.8637444313787831, 0.8644579757237764, 0.8641442427732017, 0.8633760246678891, 0.8635714360027152, 0.8646533641163066, 0.8634723241434791, 0.8565915828026947, 0.846387463563431, 0.8320054005801149, 0.8437799027836311, 0.8644861936713939, 0.8576109470167446, 0.8531097921904033, 0.8638222445626031, 0.8609235951163904], "ALPHAS": [0.045011836607685936, 0.04652716130531905, 0.04833763969180373, 0.05042384598796576, 0.053207545673069775, 0.05716647908884239, 0.026951108976486702, 0.028306109339822007, 0.030264814723698148, 0.08314119923256928, 0.08847390755184806, 0.09674456823417665, 0.10999892620335772, 0.12945516152444267, 0.15618089468415808, 0.19272799747119237, 0.23925657887706997, 0.289653723745568, 0.28482990246851103, 0.29084028655903393, 0.30578709530590137, 0.3299223904537594, 0.36577646706045475, 0.379232420511484, 0.35652489668930515, 0.3254295416280919, 0.3199746925813338, 0.3352496829468713, 0.36318333331840214, 0.40385340955542215]}