{"time": "181126_2222", "filename": "T-BN5280796.png", "betas": [0.5, 0.5, 0.5, 0.5, 0.5, 0.5, 0.5, 0.5, 0.5, 0.5, 0.5, 0.5, 0.5, 0.5, 0.5, 0.5, 0.5, 0.5, 0.5, 0.5, 0.5, 0.5, 0.5, 0.5, 0.5, 0.5, 0.5, 0.5, 0.5, 0.5], "gammas": [0.10019503119658345, 0.0981653697420667, 0.09560723934225004, 0.09241252571684731, 0.08846943073721406, 0.08367488659562364, 0.12584726286472928, 0.11529458746469098, 0.10343557966937086, 0.060236722097426906, 0.05481938692454935, 0.042005280705377165, 0.03580971584396518, 0.02969410267854032, 0.02408323819554882, 0.01987928070457258, 0.01628916775640816, 0.013668039982877737, 0.01112984264253537, 0.008824041604550317, 0.006869903052190351, 0.005146016544117038, 0.0037706866951645506, 0.0028374274503738337, 0.0022904568467814763, 0.0018502845429727252, 0.001418989039898047, 0.001033773681797692, 0.000724577696728059, 0.0005407624822042498], "sigmas": [0.25, 0.28512277184092183, 0.3251799800890014, 0.37086486908060734, 0.4229680778027334, 0.48239132297336806, 0.550163004472704, 0.6274560031983474, 0.7156079793605564, 0.816144522507052, 0.9308055539199852, 1.0615754383143632, 1.2107173259617305, 1.3808123195761497, 1.5748041437985782, 1.796050090345681, 2.0483791204979944, 2.336158130469831, 2.664367526473056, 3.0386874174037537, 3.465595916833162, 3.9524812555522058, 4.507769644929328, 5.141071103930471, 5.863345773535692, 6.687093596849004, 7.626570647573068, 8.698035850706592, 9.920032365300692, 11.313708498984761], "border_radii": [1, 1, 1, 1, 1, 1, 2, 2, 2, 3, 3, 4, 4, 5, 6, 7, 8, 9, 10, 12, 13, 15, 18, 20, 23, 26, 30, 34, 39, 45], "counts": {"TP": 44966, "TN": 585781, "FP": 10070, "FN": 68095}, "counts_FA": {"TP": 43103, "TN": 590799, "FP": 5052, "FN": 69958}, "counts_rw": {"TP": 56335, "TN": 583222, "FP": 12629, "FN": 56726}, "pnc": [0.61864, 0.51896, 0.65728], "mcc": [0.5210355756674022, 0.5423887788866493, 0.5894258868307487], "scale_maxes": [0.8646055415986079, 0.8645976339076102, 0.8645871089338069, 0.8645731683797023, 0.8645549130587494, 0.8645315251258818, 0.5356808186414007, 0.5343690132700889, 0.5319972505966339, 0.8167488511357955, 0.7681834576079228, 0.8111467934763993, 0.7937522425896215, 0.8029053171738619, 0.8192592524580905, 0.8366292800509123, 0.8422623830933171, 0.840332052804583, 0.8491506999405184, 0.8613753395093952, 0.860490523182653, 0.8595642387211638, 0.8523996415190579, 0.8645268102333065, 0.8323728636669246, 0.8024485380934685, 0.7941715950496575, 0.8048991771508502, 0.8424187265500498, 0.8268815731823009], "ALPHAS": [0.045011836607685936, 0.04652716130531905, 0.04833763969180373, 0.05042384598796576, 0.053207545673069775, 0.05716647908884239, 0.026951108976486702, 0.028306109339822007, 0.030264814723698148, 0.08314119923256928, 0.08847390755184806, 0.09674456823417665, 0.10999892620335772, 0.12945516152444267, 0.15618089468415808, 0.19272799747119237, 0.23925657887706997, 0.289653723745568, 0.28482990246851103, 0.29084028655903393, 0.30578709530590137, 0.3299223904537594, 0.36577646706045475, 0.379232420511484, 0.35652489668930515, 0.3254295416280919, 0.3199746925813338, 0.3352496829468713, 0.36318333331840214, 0.40385340955542215]}