{"time": "181126_2212", "filename": "T-BN0164923.png", "betas": [0.5, 0.5, 0.5, 0.5, 0.5, 0.5, 0.5, 0.5, 0.5, 0.5, 0.5, 0.5, 0.5, 0.5, 0.5, 0.5, 0.5, 0.5, 0.5, 0.5, 0.5, 0.5, 0.5, 0.5, 0.5, 0.5, 0.5, 0.5, 0.5, 0.5], "gammas": [0.10559804448476717, 0.10246897085604702, 0.09882117530927935, 0.09458728246696604, 0.08942410786133374, 0.08324131563374844, 0.11706563443620063, 0.10827608271048814, 0.0981266935674718, 0.05406064314770789, 0.047872240045320195, 0.041262184344586554, 0.03454881260564531, 0.028089383790907092, 0.022200187448087334, 0.01709155372273554, 0.01285048602732145, 0.00958516740212854, 0.007937215864279727, 0.0063242127202584215, 0.004874039660074235, 0.0036277937282955686, 0.0026244436677695148, 0.001943238712391827, 0.001533571573665818, 0.0012241247819421391, 0.0009360421783601741, 0.000680079283092083, 0.0004743222898807831, 0.00031954100139738385], "sigmas": [0.25, 0.28512277184092183, 0.3251799800890014, 0.37086486908060734, 0.4229680778027334, 0.48239132297336806, 0.550163004472704, 0.6274560031983474, 0.7156079793605564, 0.816144522507052, 0.9308055539199852, 1.0615754383143632, 1.2107173259617305, 1.3808123195761497, 1.5748041437985782, 1.796050090345681, 2.0483791204979944, 2.336158130469831, 2.664367526473056, 3.0386874174037537, 3.465595916833162, 3.9524812555522058, 4.507769644929328, 5.141071103930471, 5.863345773535692, 6.687093596849004, 7.626570647573068, 8.698035850706592, 9.920032365300692, 11.313708498984761], "border_radii": [1, 1, 1, 1, 1, 1, 2, 2, 2, 3, 3, 4, 4, 5, 6, 7, 8, 9, 10, 12, 13, 15, 18, 20, 23, 26, 30, 34, 39, 45], "counts": {"TP": 37102, "TN": 505124, "FP": 11775, "FN": 68025}, "counts_FA": {"TP": 38325, "TN": 506742, "FP": 10157, "FN": 66802}, "counts_rw": {"TP": 50298, "TN": 499414, "FP": 17485, "FN": 54829}, "pnc": [0.5569659204554196, 0.5106546657435187, 0.6588968382183245], "mcc": [0.45981086755837236, 0.4821599191085283, 0.5347386209919196], "scale_maxes": [0.748937188673642, 0.7578211036645787, 0.7673797396592, 0.7775392416487802, 0.7902054041665793, 0.8057750196055101, 0.5218693330355882, 0.5225036382718423, 0.5231809433897563, 0.8635675268787937, 0.8626205249369935, 0.8619437131079278, 0.8620540812161456, 0.8619568450845679, 0.8615888775138321, 0.8608997021365408, 0.8597268078920388, 0.8625748461670634, 0.8611637903164283, 0.8604746184172123, 0.8582167090321869, 0.8554560506219713, 0.8618119218341332, 0.8637960096914917, 0.8202882221879878, 0.802793265675766, 0.8025711020590527, 0.7928053783228031, 0.7670385209039511, 0.818948631546418], "ALPHAS": [0.045011836607685936, 0.04652716130531905, 0.04833763969180373, 0.05042384598796576, 0.053207545673069775, 0.05716647908884239, 0.026951108976486702, 0.028306109339822007, 0.030264814723698148, 0.08314119923256928, 0.08847390755184806, 0.09674456823417665, 0.10999892620335772, 0.12945516152444267, 0.15618089468415808, 0.19272799747119237, 0.23925657887706997, 0.289653723745568, 0.28482990246851103, 0.29084028655903393, 0.30578709530590137, 0.3299223904537594, 0.36577646706045475, 0.379232420511484, 0.35652489668930515, 0.3254295416280919, 0.3199746925813338, 0.3352496829468713, 0.36318333331840214, 0.40385340955542215]}