{"time": "181126_2214", "filename": "T-BN1328016.png", "betas": [0.5, 0.5, 0.5, 0.5, 0.5, 0.5, 0.5, 0.5, 0.5, 0.5, 0.5, 0.5, 0.5, 0.5, 0.5, 0.5, 0.5, 0.5, 0.5, 0.5, 0.5, 0.5, 0.5, 0.5, 0.5, 0.5, 0.5, 0.5, 0.5, 0.5], "gammas": [0.13311126264852868, 0.13046651668324682, 0.12712996760542253, 0.12295810490081958, 0.11780118768308706, 0.11151900111511938, 0.12749525544439794, 0.11730805105384057, 0.10556205400410193, 0.07410301694207969, 0.06260274077550468, 0.05108097561882234, 0.042199393723908574, 0.03634166127937828, 0.03015339115064626, 0.024306877930415957, 0.019096723036708056, 0.014469279229343272, 0.01081714806354566, 0.008647591281575787, 0.0066848743598223095, 0.005286869664756675, 0.004663819336882802, 0.003911433163757532, 0.0031075300275721024, 0.0023653326439885395, 0.0017430241422822742, 0.0012311648732642672, 0.0007654798932238686, 0.0005014042713122582], "sigmas": [0.25, 0.28512277184092183, 0.3251799800890014, 0.37086486908060734, 0.4229680778027334, 0.48239132297336806, 0.550163004472704, 0.6274560031983474, 0.7156079793605564, 0.816144522507052, 0.9308055539199852, 1.0615754383143632, 1.2107173259617305, 1.3808123195761497, 1.5748041437985782, 1.796050090345681, 2.0483791204979944, 2.336158130469831, 2.664367526473056, 3.0386874174037537, 3.465595916833162, 3.9524812555522058, 4.507769644929328, 5.141071103930471, 5.863345773535692, 6.687093596849004, 7.626570647573068, 8.698035850706592, 9.920032365300692, 11.313708498984761], "border_radii": [1, 1, 1, 1, 1, 1, 2, 2, 2, 3, 3, 4, 4, 5, 6, 7, 8, 9, 10, 12, 13, 15, 18, 20, 23, 26, 30, 34, 39, 45], "counts": {"TP": 36811, "TN": 692265, "FP": 15744, "FN": 74390}, "counts_FA": {"TP": 26520, "TN": 701879, "FP": 6130, "FN": 84681}, "counts_rw": {"TP": 47280, "TN": 685502, "FP": 22507, "FN": 63921}, "pnc": [0.5468025949953661, 0.4053610893277251, 0.581521351678905], "mcc": [0.4316540797680417, 0.4024120784017093, 0.48266170552808263], "scale_maxes": [0.8590842812946246, 0.8589963063738418, 0.8588749081052143, 0.8587050954903828, 0.8584637796136231, 0.8581146043457717, 0.7297603394230201, 0.7256756898532646, 0.7211308252059087, 0.8553899421955822, 0.8527267748968915, 0.8482371823825884, 0.8638063665473268, 0.8638056080125178, 0.8638573633201451, 0.8645874648711775, 0.8646488211255283, 0.8646616613396464, 0.8642958051847437, 0.8645442784525774, 0.8646647010436109, 0.8348814241241247, 0.7632588352399955, 0.7444782146967353, 0.7221009627402085, 0.687930343632392, 0.65363541238462, 0.6331300544205165, 0.6936757194629795, 0.7894340328794588], "ALPHAS": [0.045011836607685936, 0.04652716130531905, 0.04833763969180373, 0.05042384598796576, 0.053207545673069775, 0.05716647908884239, 0.026951108976486702, 0.028306109339822007, 0.030264814723698148, 0.08314119923256928, 0.08847390755184806, 0.09674456823417665, 0.10999892620335772, 0.12945516152444267, 0.15618089468415808, 0.19272799747119237, 0.23925657887706997, 0.289653723745568, 0.28482990246851103, 0.29084028655903393, 0.30578709530590137, 0.3299223904537594, 0.36577646706045475, 0.379232420511484, 0.35652489668930515, 0.3254295416280919, 0.3199746925813338, 0.3352496829468713, 0.36318333331840214, 0.40385340955542215]}