{
 "time": "181204_0625",
 "DARK_BG": false,
 "DILATE_PER_SCALE": true,
 "SCALE_RANGE": [
  -1.5,
  3.5
 ],
 "SCALE_TYPE": "logarithmic",
 "N_SCALES": 20,
 "scales": [
  0.3535533905932738,
  0.42430038556704713,
  0.509204046637051,
  0.6110971611893001,
  0.7333793650697374,
  0.8801305705026543,
  1.056247091244063,
  1.2676050067484605,
  1.521256215949647,
  1.8256637219362655,
  2.1909839977307937,
  2.6294058542288297,
  3.1555571165346046,
  3.786992677337216,
  4.5447802110947535,
  5.454203091219559,
  6.545603962903889,
  7.855397117162168,
  9.427283443672305,
  11.313708498984761
 ],
 "ALPHAS": [
  0.05472220189712007,
  0.05909362194087339,
  0.06545860726941079,
  0.07651431240269112,
  0.08928589250300314,
  0.09626392810243613,
  0.1082051965905512,
  0.1308595005197085,
  0.16699830160609164,
  0.22320279635990853,
  0.2925469502625141,
  0.31964685321501246,
  0.3269202000777299,
  0.35583996350723646,
  0.4058037261278503,
  0.37641165193203596,
  0.3184008890542441,
  0.3047977218968801,
  0.3287890205669771,
  0.35247877197944816
 ],
 "BETAS": null,
 "use_npz_files": false,
 "remove_glare": true,
 "files": [
  "T-BN0164923.png"
 ],
 "MCCS": {
  "T-BN0164923.png": [
   0.47275410145680186,
   0.4247550997834225,
   0.5291143037708579,
   0.4654947728168216
  ]
 },
 "PNC": {
  "T-BN0164923.png": [
   0.5578121393953381,
   0.36825909685360414,
   0.5332717901377029,
   0.5057312100930841
  ]
 },
 "precisions": {
  "T-BN0164923.png": [
   0.7809594408556603,
   0.898939623458126,
   0.8272455325513658,
   0.823330536498692
  ]
 }
}