{"time": "181203_0556", "filename": "T-BN2432252.png", "betas": 0.35, "gammas": 0.5, "c": [null, null, null, null, null, null, null, null, null, null, null, null, null, null, null, null, null, null, null, null], "sigmas": [0.3535533905932738, 0.42430038556704713, 0.509204046637051, 0.6110971611893001, 0.7333793650697374, 0.8801305705026543, 1.056247091244063, 1.2676050067484605, 1.521256215949647, 1.8256637219362655, 2.1909839977307937, 2.6294058542288297, 3.1555571165346046, 3.786992677337216, 4.5447802110947535, 5.454203091219559, 6.545603962903889, 7.855397117162168, 9.427283443672305, 11.313708498984761], "border_radii": [12, 12, 12, 12, 12, 12, 12, 12, 12, 12, 12, 12, 12, 15, 18, 21, 26, 31, 37, 45], "counts": {"TP": 31399, "TN": 512289, "FP": 4948, "FN": 70430}, "counts_FA": {"TP": 18965, "TN": 516067, "FP": 1170, "FN": 82864}, "counts_rw": {"TP": 31698, "TN": 513812, "FP": 3425, "FN": 70131}, "counts_S": {"TP": 32103, "TN": 511580, "FP": 5657, "FN": 69726}, "pnc": [0.5710596169022168, 0.3355333955090035, 0.45620202310065283, 0.5483176698471913], "mcc": [0.47116614765724885, 0.3844949810034871, 0.48822706037638774, 0.471413948532776], "scale_maxes": [0.9884588633018891, 0.987698883182081, 0.9866199752548593, 0.9851029614033504, 0.9830019886649719, 0.9806875579682028, 0.9999899632795523, 0.9999810635700417, 0.9999311368652019, 0.993236531745745, 0.9780051364308892, 0.9967329398654332, 0.9999142279571623, 0.9837383997113005, 0.9198663852407051, 0.8937815629799554, 0.8563552074387654, 0.8831644663358981, 0.9428002799709607, 0.961234758944421], "ALPHAS": [0.05472220189712007, 0.05909362194087339, 0.06545860726941079, 0.07651431240269112, 0.08928589250300314, 0.09626392810243613, 0.1082051965905512, 0.1308595005197085, 0.16699830160609164, 0.22320279635990853, 0.2925469502625141, 0.31964685321501246, 0.3269202000777299, 0.35583996350723646, 0.4058037261278503, 0.37641165193203596, 0.3184008890542441, 0.3047977218968801, 0.3287890205669771, 0.35247877197944816], "precision": [0.8638677194816629, 0.9418922274646139, 0.9024855507786921, 0.8501853813559322]}