{"time": "181203_0612", "filename": "T-BN7531176.png", "betas": 0.35, "gammas": 0.5, "c": [null, null, null, null, null, null, null, null, null, null, null, null, null, null, null, null, null, null, null, null], "sigmas": [0.3535533905932738, 0.42430038556704713, 0.509204046637051, 0.6110971611893001, 0.7333793650697374, 0.8801305705026543, 1.056247091244063, 1.2676050067484605, 1.521256215949647, 1.8256637219362655, 2.1909839977307937, 2.6294058542288297, 3.1555571165346046, 3.786992677337216, 4.5447802110947535, 5.454203091219559, 6.545603962903889, 7.855397117162168, 9.427283443672305, 11.313708498984761], "border_radii": [12, 12, 12, 12, 12, 12, 12, 12, 12, 12, 12, 12, 12, 15, 18, 21, 26, 31, 37, 45], "counts": {"TP": 17824, "TN": 481721, "FP": 8278, "FN": 56684}, "counts_FA": {"TP": 8280, "TN": 487880, "FP": 2119, "FN": 66228}, "counts_rw": {"TP": 15588, "TN": 484336, "FP": 5663, "FN": 58920}, "counts_S": {"TP": 25850, "TN": 475672, "FP": 14327, "FN": 48658}, "pnc": [0.37799959669288163, 0.17795926598104456, 0.2756604154063319, 0.5074611816898569], "mcc": [0.3583465157117842, 0.26884108092104864, 0.35149203674957435, 0.41824457743731697], "scale_maxes": [0.9732328328395394, 0.9714155549312352, 0.9688015809688123, 0.9472323266535259, 0.9109781215692199, 0.8330855455120432, 0.7464464365173075, 0.7054203390880827, 0.6607545954151058, 0.7346845232758538, 0.7965061850043131, 0.7998170816003448, 0.8043447687037033, 0.8024248288205301, 0.8478555321544967, 0.8369233430289748, 0.9273168255052863, 0.8815919571787778, 0.790186927794279, 0.6856480700287468], "ALPHAS": [0.05472220189712007, 0.05909362194087339, 0.06545860726941079, 0.07651431240269112, 0.08928589250300314, 0.09626392810243613, 0.1082051965905512, 0.1308595005197085, 0.16699830160609164, 0.22320279635990853, 0.2925469502625141, 0.31964685321501246, 0.3269202000777299, 0.35583996350723646, 0.4058037261278503, 0.37641165193203596, 0.3184008890542441, 0.3047977218968801, 0.3287890205669771, 0.35247877197944816], "precision": [0.6828595509922611, 0.7962304067698818, 0.7335184226624629, 0.6434029419817309]}