{"time": "181203_0723", "filename": "T-BN4920563.png", "betas": 0.35, "gammas": 0.5, "c": [null, null, null, null, null, null, null, null, null, null, null, null, null, null, null, null, null, null, null, null], "sigmas": [0.3535533905932738, 0.42430038556704713, 0.509204046637051, 0.6110971611893001, 0.7333793650697374, 0.8801305705026543, 1.056247091244063, 1.2676050067484605, 1.521256215949647, 1.8256637219362655, 2.1909839977307937, 2.6294058542288297, 3.1555571165346046, 3.786992677337216, 4.5447802110947535, 5.454203091219559, 6.545603962903889, 7.855397117162168, 9.427283443672305, 11.313708498984761], "border_radii": [12, 12, 12, 12, 12, 12, 12, 12, 12, 12, 12, 12, 12, 15, 18, 21, 26, 31, 37, 45], "counts": {"TP": 26074, "TN": 542693, "FP": 10652, "FN": 63969}, "counts_FA": {"TP": 13093, "TN": 551665, "FP": 1680, "FN": 76950}, "counts_rw": {"TP": 23915, "TN": 548550, "FP": 4795, "FN": 66128}, "counts_S": {"TP": 27858, "TN": 545432, "FP": 7913, "FN": 62185}, "pnc": [0.4609687023455087, 0.22692614915401932, 0.35719991286035874, 0.4451383341805243], "mcc": [0.40424537384369524, 0.32977788206758535, 0.43171496158553013, 0.44677609133362667], "scale_maxes": [0.9846329324052849, 0.9838693523200897, 0.9826996411145447, 0.980865360665449, 0.9779097888223935, 0.9730283244038195, 0.9648922892704913, 0.9789601775846205, 0.9992823224736327, 0.9994258668301887, 0.9903623126749246, 0.8867710071400567, 0.8196790287022782, 0.8108937919158362, 0.9232629357364128, 0.9834978526887237, 0.9362021355136209, 0.9214856127154326, 0.9106546461351733, 0.8718103639406497], "ALPHAS": [0.05472220189712007, 0.05909362194087339, 0.06545860726941079, 0.07651431240269112, 0.08928589250300314, 0.09626392810243613, 0.1082051965905512, 0.1308595005197085, 0.16699830160609164, 0.22320279635990853, 0.2925469502625141, 0.31964685321501246, 0.3269202000777299, 0.35583996350723646, 0.4058037261278503, 0.37641165193203596, 0.3184008890542441, 0.3047977218968801, 0.3287890205669771, 0.35247877197944816], "precision": [0.7099602461471437, 0.8862790225411223, 0.832985022640195, 0.7787872857901652]}