{"time": "181203_0829", "filename": "T-BN9900633.png", "betas": 0.35, "gammas": 0.5, "c": [null, null, null, null, null, null, null, null, null, null, null, null, null, null, null, null, null, null, null, null], "sigmas": [0.3535533905932738, 0.42430038556704713, 0.509204046637051, 0.6110971611893001, 0.7333793650697374, 0.8801305705026543, 1.056247091244063, 1.2676050067484605, 1.521256215949647, 1.8256637219362655, 2.1909839977307937, 2.6294058542288297, 3.1555571165346046, 3.786992677337216, 4.5447802110947535, 5.454203091219559, 6.545603962903889, 7.855397117162168, 9.427283443672305, 11.313708498984761], "border_radii": [12, 12, 12, 12, 12, 12, 12, 12, 12, 12, 12, 12, 12, 15, 18, 21, 26, 31, 37, 45], "counts": {"TP": 17550, "TN": 490892, "FP": 16793, "FN": 48166}, "counts_FA": {"TP": 8117, "TN": 503378, "FP": 4307, "FN": 57599}, "counts_rw": {"TP": 15285, "TN": 497642, "FP": 10043, "FN": 50431}, "counts_S": {"TP": 21680, "TN": 489857, "FP": 17828, "FN": 44036}, "pnc": [0.4043055920189026, 0.19388290889997375, 0.32488842215804675, 0.4852979784720399], "mcc": [0.31410569672950095, 0.2516812875544807, 0.32991701316782795, 0.3707431604847494], "scale_maxes": [0.9975893732184293, 0.997621903412603, 0.9976500846245229, 0.9976579357226759, 0.9976164440789385, 0.997484453983165, 0.9955463833982929, 0.9471214233440418, 0.9127748461460408, 0.9599069192861229, 0.9961808446696586, 0.9902623999294057, 0.9874130995847562, 0.9915956694876934, 0.9986557218135312, 0.9991446092738944, 0.9788385997803107, 0.887917626955848, 0.9121397120288947, 0.9204730095714012], "ALPHAS": [0.05472220189712007, 0.05909362194087339, 0.06545860726941079, 0.07651431240269112, 0.08928589250300314, 0.09626392810243613, 0.1082051965905512, 0.1308595005197085, 0.16699830160609164, 0.22320279635990853, 0.2925469502625141, 0.31964685321501246, 0.3269202000777299, 0.35583996350723646, 0.4058037261278503, 0.37641165193203596, 0.3184008890542441, 0.3047977218968801, 0.3287890205669771, 0.35247877197944816], "precision": [0.5110211687971348, 0.6533322601416613, 0.603482312065698, 0.5487496203300597]}