{"time": "181203_0722", "filename": "T-BN4193575.png", "betas": 0.35, "gammas": 0.5, "c": [null, null, null, null, null, null, null, null, null, null, null, null, null, null, null, null, null, null, null, null], "sigmas": [0.3535533905932738, 0.42430038556704713, 0.509204046637051, 0.6110971611893001, 0.7333793650697374, 0.8801305705026543, 1.056247091244063, 1.2676050067484605, 1.521256215949647, 1.8256637219362655, 2.1909839977307937, 2.6294058542288297, 3.1555571165346046, 3.786992677337216, 4.5447802110947535, 5.454203091219559, 6.545603962903889, 7.855397117162168, 9.427283443672305, 11.313708498984761], "border_radii": [12, 12, 12, 12, 12, 12, 12, 12, 12, 12, 12, 12, 12, 15, 18, 21, 26, 31, 37, 45], "counts": {"TP": 25433, "TN": 485075, "FP": 7993, "FN": 70664}, "counts_FA": {"TP": 11189, "TN": 491838, "FP": 1230, "FN": 84908}, "counts_rw": {"TP": 19203, "TN": 489460, "FP": 3608, "FN": 76894}, "counts_S": {"TP": 27517, "TN": 481713, "FP": 11355, "FN": 68580}, "pnc": [0.44563820018365474, 0.20266299357208448, 0.3101010101010101, 0.46170798898071624], "mcc": [0.3967964671583222, 0.29305447825199626, 0.36868013109999875, 0.3918965782599848], "scale_maxes": [0.5563343924956701, 0.5696067875863229, 0.5895117906182725, 0.6355061282657043, 0.7113097433495632, 0.8176690454308659, 0.9512758326818739, 0.9896036187657166, 0.992447263626113, 0.9872059052343694, 0.9791660758150368, 0.9716089881171965, 0.9960356584540115, 0.991910822438387, 0.9987213323298227, 0.9468992091406336, 0.9326935916062867, 0.9582737029158955, 0.9747916163198506, 0.8655918690897849], "ALPHAS": [0.05472220189712007, 0.05909362194087339, 0.06545860726941079, 0.07651431240269112, 0.08928589250300314, 0.09626392810243613, 0.1082051965905512, 0.1308595005197085, 0.16699830160609164, 0.22320279635990853, 0.2925469502625141, 0.31964685321501246, 0.3269202000777299, 0.35583996350723646, 0.4058037261278503, 0.37641165193203596, 0.3184008890542441, 0.3047977218968801, 0.3287890205669771, 0.35247877197944816], "precision": [0.7608747681445581, 0.9009582091955874, 0.8418306957169787, 0.707887425396172]}