{"time": "181203_0714", "filename": "T-BN3601547.png", "betas": 0.35, "gammas": 0.5, "c": [null, null, null, null, null, null, null, null, null, null, null, null, null, null, null, null, null, null, null, null], "sigmas": [0.3535533905932738, 0.42430038556704713, 0.509204046637051, 0.6110971611893001, 0.7333793650697374, 0.8801305705026543, 1.056247091244063, 1.2676050067484605, 1.521256215949647, 1.8256637219362655, 2.1909839977307937, 2.6294058542288297, 3.1555571165346046, 3.786992677337216, 4.5447802110947535, 5.454203091219559, 6.545603962903889, 7.855397117162168, 9.427283443672305, 11.313708498984761], "border_radii": [12, 12, 12, 12, 12, 12, 12, 12, 12, 12, 12, 12, 12, 15, 18, 21, 26, 31, 37, 45], "counts": {"TP": 20490, "TN": 419874, "FP": 12364, "FN": 49250}, "counts_FA": {"TP": 11243, "TN": 428329, "FP": 3909, "FN": 58497}, "counts_rw": {"TP": 19481, "TN": 422271, "FP": 9967, "FN": 50259}, "counts_S": {"TP": 22201, "TN": 416902, "FP": 15336, "FN": 47539}, "pnc": [0.555316742081448, 0.31323529411764706, 0.4606334841628959, 0.5659502262443439], "mcc": [0.37088525760828944, 0.30761538136691335, 0.37720027005026374, 0.37194398012180274], "scale_maxes": [0.9378577296624994, 0.9534982934986217, 0.9737003526856218, 0.9865585986976462, 0.9845308350693287, 0.9814878927629836, 0.9769181433332165, 0.9914693279257664, 0.9993312524074178, 0.9700984853060974, 0.9681635672548752, 0.9862620397541184, 0.9999594070429827, 0.9836690117402943, 0.9483364966814142, 0.9667679202941873, 0.9463757073813116, 0.9126184197018548, 0.7768399985305722, 0.6281825951302019], "ALPHAS": [0.05472220189712007, 0.05909362194087339, 0.06545860726941079, 0.07651431240269112, 0.08928589250300314, 0.09626392810243613, 0.1082051965905512, 0.1308595005197085, 0.16699830160609164, 0.22320279635990853, 0.2925469502625141, 0.31964685321501246, 0.3269202000777299, 0.35583996350723646, 0.4058037261278503, 0.37641165193203596, 0.3184008890542441, 0.3047977218968801, 0.3287890205669771, 0.35247877197944816], "precision": [0.6236683508857369, 0.7420142555438226, 0.6615389839717468, 0.5914431094653275]}