{"time": "181203_0630", "filename": "T-BN0392644.png", "betas": 0.35, "gammas": 0.5, "c": [null, null, null, null, null, null, null, null, null, null, null, null, null, null, null, null, null, null, null, null], "sigmas": [0.3535533905932738, 0.42430038556704713, 0.509204046637051, 0.6110971611893001, 0.7333793650697374, 0.8801305705026543, 1.056247091244063, 1.2676050067484605, 1.521256215949647, 1.8256637219362655, 2.1909839977307937, 2.6294058542288297, 3.1555571165346046, 3.786992677337216, 4.5447802110947535, 5.454203091219559, 6.545603962903889, 7.855397117162168, 9.427283443672305, 11.313708498984761], "border_radii": [12, 12, 12, 12, 12, 12, 12, 12, 12, 12, 12, 12, 12, 15, 18, 21, 26, 31, 37, 45], "counts": {"TP": 20016, "TN": 517669, "FP": 6627, "FN": 58544}, "counts_FA": {"TP": 9503, "TN": 522484, "FP": 1812, "FN": 69057}, "counts_rw": {"TP": 17187, "TN": 519605, "FP": 4691, "FN": 61373}, "counts_S": {"TP": 25086, "TN": 513796, "FP": 10500, "FN": 53474}, "pnc": [0.4473281143635126, 0.20941116405718177, 0.32666780122532335, 0.47668481960517356], "mcc": [0.39662842715413293, 0.29150077466015833, 0.3777193714202584, 0.4275189425230352], "scale_maxes": [0.8797432121683569, 0.8901636494980362, 0.9042057346583452, 0.9225108368947541, 0.9451242944156583, 0.9705041143700496, 0.973163662866829, 0.9465253904984826, 0.9914222492141306, 0.9925293895664786, 0.9822572078712419, 0.973920541502092, 0.9785109111159719, 0.976147241354314, 0.9466306916562451, 0.9334265600408911, 0.9236218965801352, 0.9237061799886611, 0.9235939408958294, 0.940498867843901], "ALPHAS": [0.05472220189712007, 0.05909362194087339, 0.06545860726941079, 0.07651431240269112, 0.08928589250300314, 0.09626392810243613, 0.1082051965905512, 0.1308595005197085, 0.16699830160609164, 0.22320279635990853, 0.2925469502625141, 0.31964685321501246, 0.3269202000777299, 0.35583996350723646, 0.4058037261278503, 0.37641165193203596, 0.3184008890542441, 0.3047977218968801, 0.3287890205669771, 0.35247877197944816], "precision": [0.7512667492399504, 0.8398585947856827, 0.7855836913794679, 0.704940145000843]}