{"time": "181203_0746", "filename": "T-BN7042433.png", "betas": 0.35, "gammas": 0.5, "c": [null, null, null, null, null, null, null, null, null, null, null, null, null, null, null, null, null, null, null, null], "sigmas": [0.3535533905932738, 0.42430038556704713, 0.509204046637051, 0.6110971611893001, 0.7333793650697374, 0.8801305705026543, 1.056247091244063, 1.2676050067484605, 1.521256215949647, 1.8256637219362655, 2.1909839977307937, 2.6294058542288297, 3.1555571165346046, 3.786992677337216, 4.5447802110947535, 5.454203091219559, 6.545603962903889, 7.855397117162168, 9.427283443672305, 11.313708498984761], "border_radii": [12, 12, 12, 12, 12, 12, 12, 12, 12, 12, 12, 12, 12, 15, 18, 21, 26, 31, 37, 45], "counts": {"TP": 27212, "TN": 409394, "FP": 12202, "FN": 52976}, "counts_FA": {"TP": 17110, "TN": 417834, "FP": 3762, "FN": 63078}, "counts_rw": {"TP": 27069, "TN": 413478, "FP": 8118, "FN": 53119}, "counts_S": {"TP": 24317, "TN": 414055, "FP": 7541, "FN": 55871}, "pnc": [0.5446381956771431, 0.3597159862169782, 0.4829278479690926, 0.506734885663569], "mcc": [0.42278417758257386, 0.37521131236104444, 0.45676868596080894, 0.42882165669178873], "scale_maxes": [0.9939249022570537, 0.9950318753485713, 0.9964263902210247, 0.9988930561619433, 0.9995305474037733, 0.9999756725881844, 0.9996352544372477, 0.9970673983843933, 0.9908006555805635, 0.9939209268831414, 0.9964675946031699, 0.9830683555832378, 0.9809197645543833, 0.9608507171690717, 0.9291092092671718, 0.926777071709747, 0.949058316705002, 0.9061648056391143, 0.8186563027815833, 0.7646688528227501], "ALPHAS": [0.05472220189712007, 0.05909362194087339, 0.06545860726941079, 0.07651431240269112, 0.08928589250300314, 0.09626392810243613, 0.1082051965905512, 0.1308595005197085, 0.16699830160609164, 0.22320279635990853, 0.2925469502625141, 0.31964685321501246, 0.3269202000777299, 0.35583996350723646, 0.4058037261278503, 0.37641165193203596, 0.3184008890542441, 0.3047977218968801, 0.3287890205669771, 0.35247877197944816], "precision": [0.6904145735018014, 0.8197585281717134, 0.7692897945263876, 0.7632933643040994]}