{"time": "181203_0627", "filename": "T-BN0033885.png", "betas": 0.35, "gammas": 0.5, "c": [null, null, null, null, null, null, null, null, null, null, null, null, null, null, null, null, null, null, null, null], "sigmas": [0.3535533905932738, 0.42430038556704713, 0.509204046637051, 0.6110971611893001, 0.7333793650697374, 0.8801305705026543, 1.056247091244063, 1.2676050067484605, 1.521256215949647, 1.8256637219362655, 2.1909839977307937, 2.6294058542288297, 3.1555571165346046, 3.786992677337216, 4.5447802110947535, 5.454203091219559, 6.545603962903889, 7.855397117162168, 9.427283443672305, 11.313708498984761], "border_radii": [12, 12, 12, 12, 12, 12, 12, 12, 12, 12, 12, 12, 12, 15, 18, 21, 26, 31, 37, 45], "counts": {"TP": 22450, "TN": 687890, "FP": 16646, "FN": 60586}, "counts_FA": {"TP": 11058, "TN": 700566, "FP": 3970, "FN": 71978}, "counts_rw": {"TP": 19107, "TN": 693673, "FP": 10863, "FN": 63929}, "counts_S": {"TP": 28561, "TN": 685815, "FP": 18721, "FN": 54475}, "pnc": [0.39101979951950955, 0.181343716344959, 0.27247121199569213, 0.44586198326567805], "mcc": [0.34887136613180536, 0.28629002066599274, 0.344607973542219, 0.41032245166343234], "scale_maxes": [0.9939248948604347, 0.9954063699330721, 0.9979705471505375, 0.9986490835634868, 0.9963503643950931, 0.9935021025855557, 0.9968104970390693, 0.999530934857823, 0.9998478627068537, 0.9583954508854894, 0.9178885061503403, 0.9362297153028176, 0.9466152011209765, 0.9631117624770164, 0.9592809968799055, 0.9427123235280105, 0.9694689053362957, 0.9939297161061453, 0.9914353928869302, 0.983552669224839], "ALPHAS": [0.05472220189712007, 0.05909362194087339, 0.06545860726941079, 0.07651431240269112, 0.08928589250300314, 0.09626392810243613, 0.1082051965905512, 0.1308595005197085, 0.16699830160609164, 0.22320279635990853, 0.2925469502625141, 0.31964685321501246, 0.3269202000777299, 0.35583996350723646, 0.4058037261278503, 0.37641165193203596, 0.3184008890542441, 0.3047977218968801, 0.3287890205669771, 0.35247877197944816], "precision": [0.5742275424595866, 0.7358264572797445, 0.6375375375375375, 0.6040565119918785]}