{"time": "181203_0624", "filename": "T-BN8914395.png", "betas": 0.35, "gammas": 0.5, "c": [null, null, null, null, null, null, null, null, null, null, null, null, null, null, null, null, null, null, null, null], "sigmas": [0.3535533905932738, 0.42430038556704713, 0.509204046637051, 0.6110971611893001, 0.7333793650697374, 0.8801305705026543, 1.056247091244063, 1.2676050067484605, 1.521256215949647, 1.8256637219362655, 2.1909839977307937, 2.6294058542288297, 3.1555571165346046, 3.786992677337216, 4.5447802110947535, 5.454203091219559, 6.545603962903889, 7.855397117162168, 9.427283443672305, 11.313708498984761], "border_radii": [12, 12, 12, 12, 12, 12, 12, 12, 12, 12, 12, 12, 12, 15, 18, 21, 26, 31, 37, 45], "counts": {"TP": 24961, "TN": 502024, "FP": 9366, "FN": 49070}, "counts_FA": {"TP": 15340, "TN": 508806, "FP": 2584, "FN": 58691}, "counts_rw": {"TP": 25484, "TN": 504543, "FP": 6847, "FN": 48547}, "counts_S": {"TP": 27033, "TN": 503176, "FP": 8214, "FN": 46998}, "pnc": [0.5356773526370218, 0.3252326783867632, 0.462047569803516, 0.5498448810754912], "mcc": [0.4510711825554975, 0.3900082009906851, 0.48139353669387275, 0.48777142516495536], "scale_maxes": [0.7240349934168978, 0.7378217584445877, 0.7564906401121556, 0.7810203463227582, 0.8118041010679607, 0.8703365551285001, 0.940421216312119, 0.953902824200321, 0.9569901216469688, 0.9653526184225272, 0.9510611518805155, 0.9046581045735286, 0.8235637112477167, 0.7738478888086747, 0.7654212004551908, 0.9329057292182847, 0.9920936238766486, 0.9780759381229257, 0.931543148266299, 0.9807458972009143], "ALPHAS": [0.05472220189712007, 0.05909362194087339, 0.06545860726941079, 0.07651431240269112, 0.08928589250300314, 0.09626392810243613, 0.1082051965905512, 0.1308595005197085, 0.16699830160609164, 0.22320279635990853, 0.2925469502625141, 0.31964685321501246, 0.3269202000777299, 0.35583996350723646, 0.4058037261278503, 0.37641165193203596, 0.3184008890542441, 0.3047977218968801, 0.3287890205669771, 0.35247877197944816], "precision": [0.727153552597081, 0.855835750948449, 0.7882218304413721, 0.766958890118308]}