{"time": "181203_0657", "filename": "T-BN2315363.png", "betas": 0.35, "gammas": 0.5, "c": [null, null, null, null, null, null, null, null, null, null, null, null, null, null, null, null, null, null, null, null], "sigmas": [0.3535533905932738, 0.42430038556704713, 0.509204046637051, 0.6110971611893001, 0.7333793650697374, 0.8801305705026543, 1.056247091244063, 1.2676050067484605, 1.521256215949647, 1.8256637219362655, 2.1909839977307937, 2.6294058542288297, 3.1555571165346046, 3.786992677337216, 4.5447802110947535, 5.454203091219559, 6.545603962903889, 7.855397117162168, 9.427283443672305, 11.313708498984761], "border_radii": [12, 12, 12, 12, 12, 12, 12, 12, 12, 12, 12, 12, 12, 15, 18, 21, 26, 31, 37, 45], "counts": {"TP": 36279, "TN": 425269, "FP": 9734, "FN": 60968}, "counts_FA": {"TP": 21896, "TN": 433521, "FP": 1482, "FN": 75351}, "counts_rw": {"TP": 35942, "TN": 430737, "FP": 4266, "FN": 61305}, "counts_S": {"TP": 30366, "TN": 430502, "FP": 4501, "FN": 66881}, "pnc": [0.5667262678803641, 0.34533485045513657, 0.4985370611183355, 0.4829323797139142], "mcc": [0.48220896593683643, 0.41816080298568237, 0.5261065735904029, 0.4715286181260428], "scale_maxes": [0.9904110301347007, 0.9913449716764806, 0.9926246009320018, 0.9943168955062414, 0.9964015107172056, 0.9985855869250535, 0.9999621421325913, 0.9881014512849097, 0.9730542943196636, 0.997910443982811, 0.9978010201722721, 0.998150891927662, 0.9980368895567532, 0.998821163792326, 0.9897919533326492, 0.9768584660579992, 0.9927856256482467, 0.996489569596831, 0.9998146947215868, 0.9944113573287022], "ALPHAS": [0.05472220189712007, 0.05909362194087339, 0.06545860726941079, 0.07651431240269112, 0.08928589250300314, 0.09626392810243613, 0.1082051965905512, 0.1308595005197085, 0.16699830160609164, 0.22320279635990853, 0.2925469502625141, 0.31964685321501246, 0.3269202000777299, 0.35583996350723646, 0.4058037261278503, 0.37641165193203596, 0.3184008890542441, 0.3047977218968801, 0.3287890205669771, 0.35247877197944816], "precision": [0.7884510899093734, 0.9366070664727522, 0.8939017111022682, 0.8709094559325437]}