{"time": "181203_0755", "filename": "T-BN7686730.png", "betas": 0.35, "gammas": 0.5, "c": [null, null, null, null, null, null, null, null, null, null, null, null, null, null, null, null, null, null, null, null], "sigmas": [0.3535533905932738, 0.42430038556704713, 0.509204046637051, 0.6110971611893001, 0.7333793650697374, 0.8801305705026543, 1.056247091244063, 1.2676050067484605, 1.521256215949647, 1.8256637219362655, 2.1909839977307937, 2.6294058542288297, 3.1555571165346046, 3.786992677337216, 4.5447802110947535, 5.454203091219559, 6.545603962903889, 7.855397117162168, 9.427283443672305, 11.313708498984761], "border_radii": [12, 12, 12, 12, 12, 12, 12, 12, 12, 12, 12, 12, 12, 15, 18, 21, 26, 31, 37, 45], "counts": {"TP": 15352, "TN": 371185, "FP": 13281, "FN": 30369}, "counts_FA": {"TP": 7462, "TN": 382521, "FP": 1945, "FN": 38259}, "counts_rw": {"TP": 12336, "TN": 379564, "FP": 4902, "FN": 33385}, "counts_S": {"TP": 15206, "TN": 372935, "FP": 11531, "FN": 30515}, "pnc": [0.4752138902868646, 0.2221942627075994, 0.3351786612984399, 0.42211877201811776], "mcc": [0.37246206686031375, 0.3332715794363503, 0.4039522731179666, 0.38626950489531553], "scale_maxes": [0.9929250533095095, 0.9919616356713925, 0.9953894666193269, 0.9922222077296335, 0.9861149338145204, 0.9955740151993853, 0.9905194711386659, 0.9588694464501196, 0.9176563030670521, 0.9121312587715412, 0.8867074739246165, 0.9500916871586939, 0.997423201271492, 0.9902822675120029, 0.9789139241095773, 0.9912811825847433, 0.9766569606877396, 0.9846732521972772, 0.9563965075476717, 0.8779167241950299], "ALPHAS": [0.05472220189712007, 0.05909362194087339, 0.06545860726941079, 0.07651431240269112, 0.08928589250300314, 0.09626392810243613, 0.1082051965905512, 0.1308595005197085, 0.16699830160609164, 0.22320279635990853, 0.2925469502625141, 0.31964685321501246, 0.3269202000777299, 0.35583996350723646, 0.4058037261278503, 0.37641165193203596, 0.3184008890542441, 0.3047977218968801, 0.3287890205669771, 0.35247877197944816], "precision": [0.5361645653616457, 0.7932390772828745, 0.7156282631395754, 0.5687249878445599]}