{"time": "181203_0752", "filename": "T-BN7547732.png", "betas": 0.35, "gammas": 0.5, "c": [null, null, null, null, null, null, null, null, null, null, null, null, null, null, null, null, null, null, null, null], "sigmas": [0.3535533905932738, 0.42430038556704713, 0.509204046637051, 0.6110971611893001, 0.7333793650697374, 0.8801305705026543, 1.056247091244063, 1.2676050067484605, 1.521256215949647, 1.8256637219362655, 2.1909839977307937, 2.6294058542288297, 3.1555571165346046, 3.786992677337216, 4.5447802110947535, 5.454203091219559, 6.545603962903889, 7.855397117162168, 9.427283443672305, 11.313708498984761], "border_radii": [12, 12, 12, 12, 12, 12, 12, 12, 12, 12, 12, 12, 12, 15, 18, 21, 26, 31, 37, 45], "counts": {"TP": 45779, "TN": 529646, "FP": 14627, "FN": 79239}, "counts_FA": {"TP": 26950, "TN": 539681, "FP": 4592, "FN": 98068}, "counts_rw": {"TP": 43340, "TN": 532078, "FP": 12195, "FN": 81678}, "counts_S": {"TP": 37052, "TN": 535887, "FP": 8386, "FN": 87966}, "pnc": [0.5017204950196197, 0.26797464533655296, 0.3943253848475702, 0.41032297011771807], "mcc": [0.4615057427286277, 0.38095387295828814, 0.45815475712802, 0.4353084544928244], "scale_maxes": [0.9985889981225773, 0.9985833992591262, 0.997405167352022, 0.9961312892492308, 0.9956890930578616, 0.994837272396985, 0.9998913818295255, 0.9998930800095747, 0.9997891471880073, 0.9991748886086363, 0.991899990181076, 0.9665529747348048, 0.9975581582305607, 0.989232127545291, 0.9704930609447439, 0.9695069244056216, 0.9961809496096026, 0.9998213087496322, 0.9999376657717933, 0.9438950338050588], "ALPHAS": [0.05472220189712007, 0.05909362194087339, 0.06545860726941079, 0.07651431240269112, 0.08928589250300314, 0.09626392810243613, 0.1082051965905512, 0.1308595005197085, 0.16699830160609164, 0.22320279635990853, 0.2925469502625141, 0.31964685321501246, 0.3269202000777299, 0.35583996350723646, 0.4058037261278503, 0.37641165193203596, 0.3184008890542441, 0.3047977218968801, 0.3287890205669771, 0.35247877197944816], "precision": [0.7578551799490116, 0.854416333777186, 0.780408751237958, 0.815440820458647]}