{"time": "181203_0811", "filename": "T-BN8177602.png", "betas": 0.35, "gammas": 0.5, "c": [null, null, null, null, null, null, null, null, null, null, null, null, null, null, null, null, null, null, null, null], "sigmas": [0.3535533905932738, 0.42430038556704713, 0.509204046637051, 0.6110971611893001, 0.7333793650697374, 0.8801305705026543, 1.056247091244063, 1.2676050067484605, 1.521256215949647, 1.8256637219362655, 2.1909839977307937, 2.6294058542288297, 3.1555571165346046, 3.786992677337216, 4.5447802110947535, 5.454203091219559, 6.545603962903889, 7.855397117162168, 9.427283443672305, 11.313708498984761], "border_radii": [12, 12, 12, 12, 12, 12, 12, 12, 12, 12, 12, 12, 12, 15, 18, 21, 26, 31, 37, 45], "counts": {"TP": 36192, "TN": 408626, "FP": 10586, "FN": 49135}, "counts_FA": {"TP": 24606, "TN": 415963, "FP": 3249, "FN": 60721}, "counts_rw": {"TP": 37780, "TN": 409601, "FP": 9611, "FN": 47547}, "counts_S": {"TP": 26538, "TN": 414671, "FP": 4541, "FN": 58789}, "pnc": [0.5509114797175234, 0.352849400558384, 0.49129577927410084, 0.4350468057152242], "mcc": [0.5155711815178797, 0.4605916247189998, 0.539471462445675, 0.4680271869954502], "scale_maxes": [0.9803071052760219, 0.9775001829810307, 0.9747939209773357, 0.9746462180959321, 0.9711626349243747, 0.9840691087566531, 0.9995149382278159, 0.9997200301778745, 0.9606448083115505, 0.9590531760893478, 0.9392802296654524, 0.91160037859529, 0.9500280798808124, 0.9932879475756516, 0.9969502421137814, 0.995010036999329, 0.9996100019931103, 0.9958336012586891, 0.9818912726890149, 0.9969129677601732], "ALPHAS": [0.05472220189712007, 0.05909362194087339, 0.06545860726941079, 0.07651431240269112, 0.08928589250300314, 0.09626392810243613, 0.1082051965905512, 0.1308595005197085, 0.16699830160609164, 0.22320279635990853, 0.2925469502625141, 0.31964685321501246, 0.3269202000777299, 0.35583996350723646, 0.4058037261278503, 0.37641165193203596, 0.3184008890542441, 0.3047977218968801, 0.3287890205669771, 0.35247877197944816], "precision": [0.7736970370687075, 0.8833602584814216, 0.7971977801692305, 0.8538884777502493]}