{"time": "181203_0751", "filename": "T-BN7436313.png", "betas": 0.35, "gammas": 0.5, "c": [null, null, null, null, null, null, null, null, null, null, null, null, null, null, null, null, null, null, null, null], "sigmas": [0.3535533905932738, 0.42430038556704713, 0.509204046637051, 0.6110971611893001, 0.7333793650697374, 0.8801305705026543, 1.056247091244063, 1.2676050067484605, 1.521256215949647, 1.8256637219362655, 2.1909839977307937, 2.6294058542288297, 3.1555571165346046, 3.786992677337216, 4.5447802110947535, 5.454203091219559, 6.545603962903889, 7.855397117162168, 9.427283443672305, 11.313708498984761], "border_radii": [12, 12, 12, 12, 12, 12, 12, 12, 12, 12, 12, 12, 12, 15, 18, 21, 26, 31, 37, 45], "counts": {"TP": 35256, "TN": 416505, "FP": 15972, "FN": 54463}, "counts_FA": {"TP": 24409, "TN": 426186, "FP": 6291, "FN": 65310}, "counts_rw": {"TP": 37879, "TN": 418294, "FP": 14183, "FN": 51840}, "counts_S": {"TP": 26578, "TN": 425303, "FP": 7174, "FN": 63141}, "pnc": [0.472871256076525, 0.3008467931629293, 0.44636976634781245, 0.3950133291516387], "mcc": [0.45150176112569723, 0.41294818587739324, 0.4902862420349441, 0.4290205301451298], "scale_maxes": [0.9976515497666198, 0.9987203831118932, 0.9992682340336932, 0.9995916761985432, 0.9927012109087172, 0.9923067654769195, 0.9954978846480804, 0.9993120217472745, 0.9996446857686302, 0.9949471830771304, 0.9931041193775539, 0.9915938422417258, 0.969788383656225, 0.9929902328649518, 0.9916928334766683, 0.9761649513962085, 0.9689037674971748, 0.9863583680516984, 0.9650840035130231, 0.9806481103005482], "ALPHAS": [0.05472220189712007, 0.05909362194087339, 0.06545860726941079, 0.07651431240269112, 0.08928589250300314, 0.09626392810243613, 0.1082051965905512, 0.1308595005197085, 0.16699830160609164, 0.22320279635990853, 0.2925469502625141, 0.31964685321501246, 0.3269202000777299, 0.35583996350723646, 0.4058037261278503, 0.37641165193203596, 0.3184008890542441, 0.3047977218968801, 0.3287890205669771, 0.35247877197944816], "precision": [0.6882173811197002, 0.7950814332247557, 0.7275748146440782, 0.7874496326143636]}