{"time": "181203_0758", "filename": "T-BN7725413.png", "betas": 0.35, "gammas": 0.5, "c": [null, null, null, null, null, null, null, null, null, null, null, null, null, null, null, null, null, null, null, null], "sigmas": [0.3535533905932738, 0.42430038556704713, 0.509204046637051, 0.6110971611893001, 0.7333793650697374, 0.8801305705026543, 1.056247091244063, 1.2676050067484605, 1.521256215949647, 1.8256637219362655, 2.1909839977307937, 2.6294058542288297, 3.1555571165346046, 3.786992677337216, 4.5447802110947535, 5.454203091219559, 6.545603962903889, 7.855397117162168, 9.427283443672305, 11.313708498984761], "border_radii": [12, 12, 12, 12, 12, 12, 12, 12, 12, 12, 12, 12, 12, 15, 18, 21, 26, 31, 37, 45], "counts": {"TP": 25412, "TN": 578989, "FP": 13414, "FN": 72807}, "counts_FA": {"TP": 14064, "TN": 588667, "FP": 3736, "FN": 84155}, "counts_rw": {"TP": 23285, "TN": 582927, "FP": 9476, "FN": 74934}, "counts_S": {"TP": 29206, "TN": 577351, "FP": 15052, "FN": 69013}, "pnc": [0.41274215773688905, 0.20612790791926724, 0.31474426521844856, 0.44751560346923885], "mcc": [0.3579783987759985, 0.3017157779049617, 0.3632478864946551, 0.38784395293029283], "scale_maxes": [0.9985053020649493, 0.9983672725591072, 0.9982063876554906, 0.9980638692914721, 0.9980529996351228, 0.9983910788773649, 0.9996367045876484, 0.999996642709808, 0.9994708803134787, 0.9997932811301715, 0.9999440918513107, 0.9996098192118255, 0.9746095684730498, 0.934346218138112, 0.9598557234679853, 0.9756193197257772, 0.9556927912995156, 0.9676236069206875, 0.976469733903387, 0.9867231115241542], "ALPHAS": [0.05472220189712007, 0.05909362194087339, 0.06545860726941079, 0.07651431240269112, 0.08928589250300314, 0.09626392810243613, 0.1082051965905512, 0.1308595005197085, 0.16699830160609164, 0.22320279635990853, 0.2925469502625141, 0.31964685321501246, 0.3269202000777299, 0.35583996350723646, 0.4058037261278503, 0.37641165193203596, 0.3184008890542441, 0.3047977218968801, 0.3287890205669771, 0.35247877197944816], "precision": [0.6545098645237727, 0.7901123595505618, 0.710753639998779, 0.659903294319671]}