{"time": "181203_0810", "filename": "T-BN8166392.png", "betas": 0.35, "gammas": 0.5, "c": [null, null, null, null, null, null, null, null, null, null, null, null, null, null, null, null, null, null, null, null], "sigmas": [0.3535533905932738, 0.42430038556704713, 0.509204046637051, 0.6110971611893001, 0.7333793650697374, 0.8801305705026543, 1.056247091244063, 1.2676050067484605, 1.521256215949647, 1.8256637219362655, 2.1909839977307937, 2.6294058542288297, 3.1555571165346046, 3.786992677337216, 4.5447802110947535, 5.454203091219559, 6.545603962903889, 7.855397117162168, 9.427283443672305, 11.313708498984761], "border_radii": [12, 12, 12, 12, 12, 12, 12, 12, 12, 12, 12, 12, 12, 15, 18, 21, 26, 31, 37, 45], "counts": {"TP": 35036, "TN": 573514, "FP": 20095, "FN": 70824}, "counts_FA": {"TP": 18506, "TN": 590742, "FP": 2867, "FN": 87354}, "counts_rw": {"TP": 32191, "TN": 586374, "FP": 7235, "FN": 73669}, "counts_S": {"TP": 35665, "TN": 582170, "FP": 11439, "FN": 70195}, "pnc": [0.4827644474484623, 0.2670665765461305, 0.42049678945589725, 0.4997465359918892], "mcc": [0.39516938253196704, 0.3539574390774705, 0.4536030897497268, 0.4542270722876453], "scale_maxes": [0.9988328720572757, 0.9984349923889776, 0.9978179501146177, 0.996891260521892, 0.997299807352494, 0.9847422103538018, 0.9814817028927503, 0.9638486049321706, 0.9627203927629122, 0.9826844366567706, 0.9573289946728242, 0.8205352588131051, 0.7219358319871307, 0.6700245698392818, 0.8152025973526859, 0.9546526663056946, 0.9599595296478326, 0.9989288228924817, 0.9993333659169138, 0.9994901869579687], "ALPHAS": [0.05472220189712007, 0.05909362194087339, 0.06545860726941079, 0.07651431240269112, 0.08928589250300314, 0.09626392810243613, 0.1082051965905512, 0.1308595005197085, 0.16699830160609164, 0.22320279635990853, 0.2925469502625141, 0.31964685321501246, 0.3269202000777299, 0.35583996350723646, 0.4058037261278503, 0.37641165193203596, 0.3184008890542441, 0.3047977218968801, 0.3287890205669771, 0.35247877197944816], "precision": [0.6355045255845169, 0.8658587938052683, 0.8164916552528788, 0.7571543817934783]}