{"time": "181203_0734", "filename": "T-BN5701077.png", "betas": 0.35, "gammas": 0.5, "c": [null, null, null, null, null, null, null, null, null, null, null, null, null, null, null, null, null, null, null, null], "sigmas": [0.3535533905932738, 0.42430038556704713, 0.509204046637051, 0.6110971611893001, 0.7333793650697374, 0.8801305705026543, 1.056247091244063, 1.2676050067484605, 1.521256215949647, 1.8256637219362655, 2.1909839977307937, 2.6294058542288297, 3.1555571165346046, 3.786992677337216, 4.5447802110947535, 5.454203091219559, 6.545603962903889, 7.855397117162168, 9.427283443672305, 11.313708498984761], "border_radii": [12, 12, 12, 12, 12, 12, 12, 12, 12, 12, 12, 12, 12, 15, 18, 21, 26, 31, 37, 45], "counts": {"TP": 47881, "TN": 752885, "FP": 15063, "FN": 82587}, "counts_FA": {"TP": 32824, "TN": 763193, "FP": 4755, "FN": 97644}, "counts_rw": {"TP": 53562, "TN": 755339, "FP": 12609, "FN": 76906}, "counts_S": {"TP": 43470, "TN": 757156, "FP": 10792, "FN": 86998}, "pnc": [0.4815726450239489, 0.3122006386375732, 0.4462480042575838, 0.46726982437466735], "mcc": [0.4794894945520101, 0.4318671199742823, 0.531600205628607, 0.4719866104655687], "scale_maxes": [0.9827115827499625, 0.9765009019687847, 0.9675901338699201, 0.9619875200463863, 0.9554772374214545, 0.9485404557674846, 0.9446352445231619, 0.9907007279893014, 0.9969483222700228, 0.9904714348958641, 0.977829893740629, 0.9910058830864936, 0.9899869047492831, 0.9733916010806793, 0.9870371869427028, 0.9903418527582113, 0.9469686792546819, 0.947298572662712, 0.9415918179240211, 0.9173632578406026], "ALPHAS": [0.05472220189712007, 0.05909362194087339, 0.06545860726941079, 0.07651431240269112, 0.08928589250300314, 0.09626392810243613, 0.1082051965905512, 0.1308595005197085, 0.16699830160609164, 0.22320279635990853, 0.2925469502625141, 0.31964685321501246, 0.3269202000777299, 0.35583996350723646, 0.4058037261278503, 0.37641165193203596, 0.3184008890542441, 0.3047977218968801, 0.3287890205669771, 0.35247877197944816], "precision": [0.7606920437214032, 0.8734665637723197, 0.8094482477218117, 0.8011131178356861]}