{"time": "181203_0655", "filename": "T-BN1788623.png", "betas": 0.35, "gammas": 0.5, "c": [null, null, null, null, null, null, null, null, null, null, null, null, null, null, null, null, null, null, null, null], "sigmas": [0.3535533905932738, 0.42430038556704713, 0.509204046637051, 0.6110971611893001, 0.7333793650697374, 0.8801305705026543, 1.056247091244063, 1.2676050067484605, 1.521256215949647, 1.8256637219362655, 2.1909839977307937, 2.6294058542288297, 3.1555571165346046, 3.786992677337216, 4.5447802110947535, 5.454203091219559, 6.545603962903889, 7.855397117162168, 9.427283443672305, 11.313708498984761], "border_radii": [12, 12, 12, 12, 12, 12, 12, 12, 12, 12, 12, 12, 12, 15, 18, 21, 26, 31, 37, 45], "counts": {"TP": 33621, "TN": 647899, "FP": 15700, "FN": 68639}, "counts_FA": {"TP": 24154, "TN": 658732, "FP": 4867, "FN": 78106}, "counts_rw": {"TP": 36920, "TN": 652751, "FP": 10848, "FN": 65340}, "counts_S": {"TP": 31627, "TN": 650941, "FP": 12658, "FN": 70633}, "pnc": [0.4880444064901793, 0.35098206660973524, 0.46396242527754056, 0.47591801878736123], "mcc": [0.422806737233911, 0.4077067087917947, 0.4848197244023548, 0.4229048075259987], "scale_maxes": [0.9926949251841277, 0.9918155120327923, 0.9963950725401763, 0.9980787000418463, 0.9986697900251787, 0.99934828010693, 0.9999111939885027, 0.9916210255894257, 0.9850254625332246, 0.9835306641943918, 0.998261667216507, 0.9974914796252021, 0.9999784493106934, 0.9889419169979544, 0.9797026018477195, 0.9799168912107736, 0.9903894129726148, 0.9344199253050149, 0.9246143989874938, 0.9087106171920861], "ALPHAS": [0.05472220189712007, 0.05909362194087339, 0.06545860726941079, 0.07651431240269112, 0.08928589250300314, 0.09626392810243613, 0.1082051965905512, 0.1308595005197085, 0.16699830160609164, 0.22320279635990853, 0.2925469502625141, 0.31964685321501246, 0.3269202000777299, 0.35583996350723646, 0.4058037261278503, 0.37641165193203596, 0.3184008890542441, 0.3047977218968801, 0.3287890205669771, 0.35247877197944816], "precision": [0.6816771760507695, 0.832293856173116, 0.7729023614134986, 0.7141695833803771]}