{"time": "181203_0757", "filename": "T-BN7687331.png", "betas": 0.35, "gammas": 0.5, "c": [null, null, null, null, null, null, null, null, null, null, null, null, null, null, null, null, null, null, null, null], "sigmas": [0.3535533905932738, 0.42430038556704713, 0.509204046637051, 0.6110971611893001, 0.7333793650697374, 0.8801305705026543, 1.056247091244063, 1.2676050067484605, 1.521256215949647, 1.8256637219362655, 2.1909839977307937, 2.6294058542288297, 3.1555571165346046, 3.786992677337216, 4.5447802110947535, 5.454203091219559, 6.545603962903889, 7.855397117162168, 9.427283443672305, 11.313708498984761], "border_radii": [12, 12, 12, 12, 12, 12, 12, 12, 12, 12, 12, 12, 12, 15, 18, 21, 26, 31, 37, 45], "counts": {"TP": 20136, "TN": 417263, "FP": 5001, "FN": 56830}, "counts_FA": {"TP": 11451, "TN": 421465, "FP": 799, "FN": 65515}, "counts_rw": {"TP": 19948, "TN": 419986, "FP": 2278, "FN": 57018}, "counts_S": {"TP": 26568, "TN": 414960, "FP": 7304, "FN": 50398}, "pnc": [0.43414478579781013, 0.22812798979483365, 0.3366641862442862, 0.5148293823748272], "mcc": [0.4124852435825052, 0.34284956665864796, 0.4443397531973653, 0.4708267608870411], "scale_maxes": [0.9841658844073025, 0.9832933056087838, 0.9821786786669394, 0.9808668967439013, 0.979553920831015, 0.9803747908270097, 0.9990193816189009, 0.9960850810666703, 0.997467593916496, 0.9859378589636091, 0.9535816764022097, 0.9171381257663026, 0.909898423532238, 0.9919206392493769, 0.9763267058950565, 0.9969025247943429, 0.9682294567656095, 0.7975009745360172, 0.6093274530079275, 0.6441908903925166], "ALPHAS": [0.05472220189712007, 0.05909362194087339, 0.06545860726941079, 0.07651431240269112, 0.08928589250300314, 0.09626392810243613, 0.1082051965905512, 0.1308595005197085, 0.16699830160609164, 0.22320279635990853, 0.2925469502625141, 0.31964685321501246, 0.3269202000777299, 0.35583996350723646, 0.4058037261278503, 0.37641165193203596, 0.3184008890542441, 0.3047977218968801, 0.3287890205669771, 0.35247877197944816], "precision": [0.8010502446592672, 0.9347755102040817, 0.8975074237379645, 0.7843646669815777]}