{"time": "181203_0737", "filename": "T-BN6132495.png", "betas": 0.35, "gammas": 0.5, "c": [null, null, null, null, null, null, null, null, null, null, null, null, null, null, null, null, null, null, null, null], "sigmas": [0.3535533905932738, 0.42430038556704713, 0.509204046637051, 0.6110971611893001, 0.7333793650697374, 0.8801305705026543, 1.056247091244063, 1.2676050067484605, 1.521256215949647, 1.8256637219362655, 2.1909839977307937, 2.6294058542288297, 3.1555571165346046, 3.786992677337216, 4.5447802110947535, 5.454203091219559, 6.545603962903889, 7.855397117162168, 9.427283443672305, 11.313708498984761], "border_radii": [12, 12, 12, 12, 12, 12, 12, 12, 12, 12, 12, 12, 12, 15, 18, 21, 26, 31, 37, 45], "counts": {"TP": 15132, "TN": 316632, "FP": 10901, "FN": 28383}, "counts_FA": {"TP": 9035, "TN": 325447, "FP": 2086, "FN": 34480}, "counts_rw": {"TP": 14438, "TN": 322229, "FP": 5304, "FN": 29077}, "counts_S": {"TP": 12503, "TN": 321874, "FP": 5659, "FN": 31012}, "pnc": [0.5136281041792853, 0.31662628709872803, 0.4413991520290733, 0.4136886735311932], "mcc": [0.3961241853131028, 0.37977549067802213, 0.45242380824953315, 0.40270761568006397], "scale_maxes": [0.9041639371727629, 0.9089610445724231, 0.914943157909054, 0.9217180398158935, 0.927950353224112, 0.9364749046207094, 0.9454959363591855, 0.9621553883590218, 0.9989135099963238, 0.9989441179700889, 0.9993548731750667, 0.9900243749354551, 0.979682432570604, 0.9818854960866636, 0.9878241416966197, 0.9957786615535479, 0.9991606017413505, 0.9860495446784283, 0.9756361924933752, 0.9628979860147935], "ALPHAS": [0.05472220189712007, 0.05909362194087339, 0.06545860726941079, 0.07651431240269112, 0.08928589250300314, 0.09626392810243613, 0.1082051965905512, 0.1308595005197085, 0.16699830160609164, 0.22320279635990853, 0.2925469502625141, 0.31964685321501246, 0.3269202000777299, 0.35583996350723646, 0.4058037261278503, 0.37641165193203596, 0.3184008890542441, 0.3047977218968801, 0.3287890205669771, 0.35247877197944816], "precision": [0.5812622440748281, 0.8124269400233792, 0.7313342113261068, 0.6884153727563044]}