{"time": "181203_0821", "filename": "T-BN9029696.png", "betas": 0.35, "gammas": 0.5, "c": [null, null, null, null, null, null, null, null, null, null, null, null, null, null, null, null, null, null, null, null], "sigmas": [0.3535533905932738, 0.42430038556704713, 0.509204046637051, 0.6110971611893001, 0.7333793650697374, 0.8801305705026543, 1.056247091244063, 1.2676050067484605, 1.521256215949647, 1.8256637219362655, 2.1909839977307937, 2.6294058542288297, 3.1555571165346046, 3.786992677337216, 4.5447802110947535, 5.454203091219559, 6.545603962903889, 7.855397117162168, 9.427283443672305, 11.313708498984761], "border_radii": [12, 12, 12, 12, 12, 12, 12, 12, 12, 12, 12, 12, 12, 15, 18, 21, 26, 31, 37, 45], "counts": {"TP": 31821, "TN": 638943, "FP": 19348, "FN": 73448}, "counts_FA": {"TP": 20609, "TN": 652811, "FP": 5480, "FN": 84660}, "counts_rw": {"TP": 35219, "TN": 642820, "FP": 15471, "FN": 70050}, "counts_S": {"TP": 35288, "TN": 640330, "FP": 17961, "FN": 69981}, "pnc": [0.46946916231972996, 0.31758208039275854, 0.46670757901196686, 0.5238825815689885], "mcc": [0.3762586434714243, 0.35574890737705406, 0.4307619100276184, 0.4168075685331244], "scale_maxes": [0.9945463234894424, 0.9781028936943926, 0.9908635772148956, 0.9900426364489485, 0.9886201766649201, 0.9861976969147637, 0.9823313093430754, 0.9771551233685823, 0.996464278013333, 0.9939136658498497, 0.9946369803800871, 0.952907403365866, 0.9241824736029234, 0.8908034221216989, 0.9465437511791335, 0.9973722114017282, 0.9772965581148704, 0.8974410108873412, 0.8241890190096323, 0.8064295235808888], "ALPHAS": [0.05472220189712007, 0.05909362194087339, 0.06545860726941079, 0.07651431240269112, 0.08928589250300314, 0.09626392810243613, 0.1082051965905512, 0.1308595005197085, 0.16699830160609164, 0.22320279635990853, 0.2925469502625141, 0.31964685321501246, 0.3269202000777299, 0.35583996350723646, 0.4058037261278503, 0.37641165193203596, 0.3184008890542441, 0.3047977218968801, 0.3287890205669771, 0.35247877197944816], "precision": [0.6218804354198831, 0.7899497872666641, 0.694791872164135, 0.6626978910402074]}