{"time": "181203_0704", "filename": "T-BN2721525.png", "betas": 0.35, "gammas": 0.5, "c": [null, null, null, null, null, null, null, null, null, null, null, null, null, null, null, null, null, null, null, null], "sigmas": [0.3535533905932738, 0.42430038556704713, 0.509204046637051, 0.6110971611893001, 0.7333793650697374, 0.8801305705026543, 1.056247091244063, 1.2676050067484605, 1.521256215949647, 1.8256637219362655, 2.1909839977307937, 2.6294058542288297, 3.1555571165346046, 3.786992677337216, 4.5447802110947535, 5.454203091219559, 6.545603962903889, 7.855397117162168, 9.427283443672305, 11.313708498984761], "border_radii": [12, 12, 12, 12, 12, 12, 12, 12, 12, 12, 12, 12, 12, 15, 18, 21, 26, 31, 37, 45], "counts": {"TP": 20496, "TN": 451687, "FP": 10717, "FN": 40960}, "counts_FA": {"TP": 11443, "TN": 460331, "FP": 2073, "FN": 50013}, "counts_rw": {"TP": 19117, "TN": 455660, "FP": 6744, "FN": 42339}, "counts_S": {"TP": 23023, "TN": 452655, "FP": 9749, "FN": 38433}, "pnc": [0.4644293881007834, 0.24327757781071352, 0.3755028583527419, 0.4933305102688969], "mcc": [0.4218725763890221, 0.36883192543323173, 0.4404092918900472, 0.4697895729027602], "scale_maxes": [0.9708363250197055, 0.9832792595093943, 0.9962108657937229, 0.9988375346536492, 0.9999972485374272, 0.9979164103252355, 0.9883475566829104, 0.9998902786014502, 0.9995443872066289, 0.9919805529022424, 0.9592027438782412, 0.9767057754578604, 0.9997957702137351, 0.9862238126896443, 0.9769740286381047, 0.9023285070783271, 0.8672442542345232, 0.8504391209258388, 0.8722786068758226, 0.9347344453233475], "ALPHAS": [0.05472220189712007, 0.05909362194087339, 0.06545860726941079, 0.07651431240269112, 0.08928589250300314, 0.09626392810243613, 0.1082051965905512, 0.1308595005197085, 0.16699830160609164, 0.22320279635990853, 0.2925469502625141, 0.31964685321501246, 0.3269202000777299, 0.35583996350723646, 0.4058037261278503, 0.37641165193203596, 0.3184008890542441, 0.3047977218968801, 0.3287890205669771, 0.35247877197944816], "precision": [0.6566494729760036, 0.8466262207753773, 0.7392212211438073, 0.7025204442817039]}