{"time": "181203_0754", "filename": "T-BN7644170.png", "betas": 0.35, "gammas": 0.5, "c": [null, null, null, null, null, null, null, null, null, null, null, null, null, null, null, null, null, null, null, null], "sigmas": [0.3535533905932738, 0.42430038556704713, 0.509204046637051, 0.6110971611893001, 0.7333793650697374, 0.8801305705026543, 1.056247091244063, 1.2676050067484605, 1.521256215949647, 1.8256637219362655, 2.1909839977307937, 2.6294058542288297, 3.1555571165346046, 3.786992677337216, 4.5447802110947535, 5.454203091219559, 6.545603962903889, 7.855397117162168, 9.427283443672305, 11.313708498984761], "border_radii": [12, 12, 12, 12, 12, 12, 12, 12, 12, 12, 12, 12, 12, 15, 18, 21, 26, 31, 37, 45], "counts": {"TP": 26638, "TN": 611742, "FP": 11041, "FN": 67317}, "counts_FA": {"TP": 12469, "TN": 620581, "FP": 2202, "FN": 81486}, "counts_rw": {"TP": 22757, "TN": 615187, "FP": 7596, "FN": 71198}, "counts_S": {"TP": 31625, "TN": 609478, "FP": 13305, "FN": 62330}, "pnc": [0.4563078492821223, 0.20814809416223307, 0.31367976095036804, 0.47875519277020623], "mcc": [0.40194245395004174, 0.30788849459152345, 0.385477880329666, 0.4389043926437436], "scale_maxes": [0.9751527468804079, 0.9770572842599133, 0.980271013463302, 0.9857049686165748, 0.9947413800968955, 0.9950570275437556, 0.9929076860024465, 0.9902313160352406, 0.987615278931002, 0.9656801570522412, 0.9814818106523254, 0.9811552173210307, 0.9596842749493631, 0.9423122538437186, 0.8934785575423158, 0.8414613444743867, 0.8888616349895638, 0.8948110692600227, 0.8667374138657663, 0.789170637683189], "ALPHAS": [0.05472220189712007, 0.05909362194087339, 0.06545860726941079, 0.07651431240269112, 0.08928589250300314, 0.09626392810243613, 0.1082051965905512, 0.1308595005197085, 0.16699830160609164, 0.22320279635990853, 0.2925469502625141, 0.31964685321501246, 0.3269202000777299, 0.35583996350723646, 0.4058037261278503, 0.37641165193203596, 0.3184008890542441, 0.3047977218968801, 0.3287890205669771, 0.35247877197944816], "precision": [0.7069720533984447, 0.8499079817326699, 0.7497446710374592, 0.7038726908524371]}