{"time": "181203_0629", "filename": "T-BN0124393.png", "betas": 0.35, "gammas": 0.5, "c": [null, null, null, null, null, null, null, null, null, null, null, null, null, null, null, null, null, null, null, null], "sigmas": [0.3535533905932738, 0.42430038556704713, 0.509204046637051, 0.6110971611893001, 0.7333793650697374, 0.8801305705026543, 1.056247091244063, 1.2676050067484605, 1.521256215949647, 1.8256637219362655, 2.1909839977307937, 2.6294058542288297, 3.1555571165346046, 3.786992677337216, 4.5447802110947535, 5.454203091219559, 6.545603962903889, 7.855397117162168, 9.427283443672305, 11.313708498984761], "border_radii": [12, 12, 12, 12, 12, 12, 12, 12, 12, 12, 12, 12, 12, 15, 18, 21, 26, 31, 37, 45], "counts": {"TP": 27893, "TN": 401581, "FP": 8444, "FN": 61196}, "counts_FA": {"TP": 15172, "TN": 408345, "FP": 1680, "FN": 73917}, "counts_rw": {"TP": 26281, "TN": 405269, "FP": 4756, "FN": 62808}, "counts_S": {"TP": 23755, "TN": 403764, "FP": 6261, "FN": 65334}, "pnc": [0.5200385863369289, 0.28957291940717356, 0.42480049109883367, 0.44479522932561605], "mcc": [0.43110097602530606, 0.35236455277104145, 0.449381547249723, 0.4048823028870775], "scale_maxes": [0.9091177581324791, 0.9101717374472328, 0.9115463075595795, 0.9165655785774164, 0.9240594123649494, 0.9428625745712956, 0.9619580937813524, 0.9990691849213464, 0.9956635995838744, 0.9791331284060673, 0.997766104657088, 0.9940152392088727, 0.9954033771945932, 0.996397665154725, 0.9971626653176208, 0.9775611734373348, 0.9672303189626683, 0.9150833185074821, 0.8247596276845803, 0.7319504397741153], "ALPHAS": [0.05472220189712007, 0.05909362194087339, 0.06545860726941079, 0.07651431240269112, 0.08928589250300314, 0.09626392810243613, 0.1082051965905512, 0.1308595005197085, 0.16699830160609164, 0.22320279635990853, 0.2925469502625141, 0.31964685321501246, 0.3269202000777299, 0.35583996350723646, 0.4058037261278503, 0.37641165193203596, 0.3184008890542441, 0.3047977218968801, 0.3287890205669771, 0.35247877197944816], "precision": [0.7676197814899414, 0.9003085687158794, 0.8467635402906208, 0.7914112473347548]}