{"time": "181203_0610", "filename": "T-BN6746662.png", "betas": 0.35, "gammas": 0.5, "c": [null, null, null, null, null, null, null, null, null, null, null, null, null, null, null, null, null, null, null, null], "sigmas": [0.3535533905932738, 0.42430038556704713, 0.509204046637051, 0.6110971611893001, 0.7333793650697374, 0.8801305705026543, 1.056247091244063, 1.2676050067484605, 1.521256215949647, 1.8256637219362655, 2.1909839977307937, 2.6294058542288297, 3.1555571165346046, 3.786992677337216, 4.5447802110947535, 5.454203091219559, 6.545603962903889, 7.855397117162168, 9.427283443672305, 11.313708498984761], "border_radii": [12, 12, 12, 12, 12, 12, 12, 12, 12, 12, 12, 12, 12, 15, 18, 21, 26, 31, 37, 45], "counts": {"TP": 30238, "TN": 492472, "FP": 18240, "FN": 50004}, "counts_FA": {"TP": 16277, "TN": 504920, "FP": 5792, "FN": 63965}, "counts_rw": {"TP": 27176, "TN": 492913, "FP": 17799, "FN": 53066}, "counts_S": {"TP": 29650, "TN": 500263, "FP": 10449, "FN": 50592}, "pnc": [0.5822321610083351, 0.3145964626956699, 0.4484651351900793, 0.5913803618621671], "mcc": [0.4258275601172297, 0.34599667147210816, 0.39249818846662826, 0.4754316630732808], "scale_maxes": [0.9905474843524206, 0.9878440954783007, 0.9734915195385518, 0.9804865183304652, 0.9885963213890092, 0.9970986047918257, 0.9949279666870195, 0.9999864601911317, 0.9998309108951835, 0.9536037892742086, 0.8523646034000706, 0.7589213100452095, 0.7988695050655802, 0.8389471990732373, 0.8746279556967134, 0.9480333036101083, 0.9831124822442218, 0.9498848358047032, 0.9599206193784802, 0.9645670143662146], "ALPHAS": [0.05472220189712007, 0.05909362194087339, 0.06545860726941079, 0.07651431240269112, 0.08928589250300314, 0.09626392810243613, 0.1082051965905512, 0.1308595005197085, 0.16699830160609164, 0.22320279635990853, 0.2925469502625141, 0.31964685321501246, 0.3269202000777299, 0.35583996350723646, 0.4058037261278503, 0.37641165193203596, 0.3184008890542441, 0.3047977218968801, 0.3287890205669771, 0.35247877197944816], "precision": [0.6237468542431619, 0.7375504100774842, 0.6042468037798777, 0.7394199356592434]}