{"time": "181203_0823", "filename": "T-BN9118174.png", "betas": 0.35, "gammas": 0.5, "c": [null, null, null, null, null, null, null, null, null, null, null, null, null, null, null, null, null, null, null, null], "sigmas": [0.3535533905932738, 0.42430038556704713, 0.509204046637051, 0.6110971611893001, 0.7333793650697374, 0.8801305705026543, 1.056247091244063, 1.2676050067484605, 1.521256215949647, 1.8256637219362655, 2.1909839977307937, 2.6294058542288297, 3.1555571165346046, 3.786992677337216, 4.5447802110947535, 5.454203091219559, 6.545603962903889, 7.855397117162168, 9.427283443672305, 11.313708498984761], "border_radii": [12, 12, 12, 12, 12, 12, 12, 12, 12, 12, 12, 12, 12, 15, 18, 21, 26, 31, 37, 45], "counts": {"TP": 25437, "TN": 447253, "FP": 10426, "FN": 52359}, "counts_FA": {"TP": 14871, "TN": 455197, "FP": 2482, "FN": 62925}, "counts_rw": {"TP": 25245, "TN": 449365, "FP": 8314, "FN": 52551}, "counts_S": {"TP": 24462, "TN": 449481, "FP": 8198, "FN": 53334}, "pnc": [0.47714896927265654, 0.2690587320108907, 0.40305328665888757, 0.4467133411124076], "mcc": [0.42880995963223917, 0.3696065769415696, 0.4453880089159568, 0.43662558458215284], "scale_maxes": [0.5112234448157676, 0.5238358707612428, 0.5502552483771697, 0.5905142182450932, 0.6587577093882644, 0.7728393201825697, 0.9138894109371325, 0.9980780160750492, 0.9943258492231344, 0.9364027433863072, 0.8638199302730147, 0.8257174374112572, 0.8940026623778913, 0.9626712791822702, 0.9428230240926051, 0.986583202481093, 0.9975614037567763, 0.9999747389910831, 0.9868662300993443, 0.9136066759400037], "ALPHAS": [0.05472220189712007, 0.05909362194087339, 0.06545860726941079, 0.07651431240269112, 0.08928589250300314, 0.09626392810243613, 0.1082051965905512, 0.1308595005197085, 0.16699830160609164, 0.22320279635990853, 0.2925469502625141, 0.31964685321501246, 0.3269202000777299, 0.35583996350723646, 0.4058037261278503, 0.37641165193203596, 0.3184008890542441, 0.3047977218968801, 0.3287890205669771, 0.35247877197944816], "precision": [0.7092825474723252, 0.8569699763729615, 0.7522572186298757, 0.7489895897121862]}