{"time": "181203_0632", "filename": "T-BN0421379.png", "betas": 0.35, "gammas": 0.5, "c": [null, null, null, null, null, null, null, null, null, null, null, null, null, null, null, null, null, null, null, null], "sigmas": [0.3535533905932738, 0.42430038556704713, 0.509204046637051, 0.6110971611893001, 0.7333793650697374, 0.8801305705026543, 1.056247091244063, 1.2676050067484605, 1.521256215949647, 1.8256637219362655, 2.1909839977307937, 2.6294058542288297, 3.1555571165346046, 3.786992677337216, 4.5447802110947535, 5.454203091219559, 6.545603962903889, 7.855397117162168, 9.427283443672305, 11.313708498984761], "border_radii": [12, 12, 12, 12, 12, 12, 12, 12, 12, 12, 12, 12, 12, 15, 18, 21, 26, 31, 37, 45], "counts": {"TP": 23783, "TN": 486661, "FP": 9913, "FN": 67989}, "counts_FA": {"TP": 10527, "TN": 494866, "FP": 1708, "FN": 81245}, "counts_rw": {"TP": 19098, "TN": 492938, "FP": 3636, "FN": 72674}, "counts_S": {"TP": 28541, "TN": 488892, "FP": 7682, "FN": 63231}, "pnc": [0.4504929636807955, 0.1735906294767001, 0.2787562147130699, 0.4911098002865088], "mcc": [0.37350122253240486, 0.28292070090224875, 0.3779822632518474, 0.4461049672693506], "scale_maxes": [0.9741277118518237, 0.9717627520135598, 0.9684622870131299, 0.9718545497849963, 0.9851707972900294, 0.9823342967040652, 0.9742610216061316, 0.972135666152054, 0.9812883721213647, 0.999235943486897, 0.9996426102223313, 0.9992442498905659, 0.9981898682412221, 0.997955252881675, 0.9801458667349462, 0.8095701289946525, 0.866156215049164, 0.9414539261570751, 0.9454361289187745, 0.9221745801171772], "ALPHAS": [0.05472220189712007, 0.05909362194087339, 0.06545860726941079, 0.07651431240269112, 0.08928589250300314, 0.09626392810243613, 0.1082051965905512, 0.1308595005197085, 0.16699830160609164, 0.22320279635990853, 0.2925469502625141, 0.31964685321501246, 0.3269202000777299, 0.35583996350723646, 0.4058037261278503, 0.37641165193203596, 0.3184008890542441, 0.3047977218968801, 0.3287890205669771, 0.35247877197944816], "precision": [0.7058107787274454, 0.8604004903964038, 0.8400633412509897, 0.7879247991607542]}