{"time": "181203_0603", "filename": "T-BN5280796.png", "betas": 0.35, "gammas": 0.5, "c": [null, null, null, null, null, null, null, null, null, null, null, null, null, null, null, null, null, null, null, null], "sigmas": [0.3535533905932738, 0.42430038556704713, 0.509204046637051, 0.6110971611893001, 0.7333793650697374, 0.8801305705026543, 1.056247091244063, 1.2676050067484605, 1.521256215949647, 1.8256637219362655, 2.1909839977307937, 2.6294058542288297, 3.1555571165346046, 3.786992677337216, 4.5447802110947535, 5.454203091219559, 6.545603962903889, 7.855397117162168, 9.427283443672305, 11.313708498984761], "border_radii": [12, 12, 12, 12, 12, 12, 12, 12, 12, 12, 12, 12, 12, 15, 18, 21, 26, 31, 37, 45], "counts": {"TP": 45980, "TN": 585249, "FP": 8991, "FN": 65248}, "counts_FA": {"TP": 31189, "TN": 592027, "FP": 2213, "FN": 80039}, "counts_rw": {"TP": 49616, "TN": 587532, "FP": 6708, "FN": 61612}, "counts_S": {"TP": 37708, "TN": 588794, "FP": 5446, "FN": 73520}, "pnc": [0.6152, 0.4056, 0.56096, 0.5396], "mcc": [0.5414515869370436, 0.4747627105382794, 0.5845836286151512, 0.501606239688722], "scale_maxes": [0.9997969636108164, 0.9997396813915319, 0.9996591864074214, 0.9995556331945025, 0.9994467394958024, 0.9813821799421211, 0.9169504164207807, 0.8897970901042628, 0.9174186145544087, 0.9389320644167426, 0.9353839232079819, 0.9612810763345068, 0.9877015185919065, 0.9878596348480769, 0.9717654163680057, 0.9913696929504223, 0.8881412123065299, 0.8768842600619087, 0.9302086637408266, 0.9002944512184373], "ALPHAS": [0.05472220189712007, 0.05909362194087339, 0.06545860726941079, 0.07651431240269112, 0.08928589250300314, 0.09626392810243613, 0.1082051965905512, 0.1308595005197085, 0.16699830160609164, 0.22320279635990853, 0.2925469502625141, 0.31964685321501246, 0.3269202000777299, 0.35583996350723646, 0.4058037261278503, 0.37641165193203596, 0.3184008890542441, 0.3047977218968801, 0.3287890205669771, 0.35247877197944816], "precision": [0.8364410325444325, 0.9337464822465721, 0.8809033449328882, 0.8738008064142374]}