{"time": "181203_0558", "filename": "T-BN4130351.png", "betas": 0.35, "gammas": 0.5, "c": [null, null, null, null, null, null, null, null, null, null, null, null, null, null, null, null, null, null, null, null], "sigmas": [0.3535533905932738, 0.42430038556704713, 0.509204046637051, 0.6110971611893001, 0.7333793650697374, 0.8801305705026543, 1.056247091244063, 1.2676050067484605, 1.521256215949647, 1.8256637219362655, 2.1909839977307937, 2.6294058542288297, 3.1555571165346046, 3.786992677337216, 4.5447802110947535, 5.454203091219559, 6.545603962903889, 7.855397117162168, 9.427283443672305, 11.313708498984761], "border_radii": [12, 12, 12, 12, 12, 12, 12, 12, 12, 12, 12, 12, 12, 15, 18, 21, 26, 31, 37, 45], "counts": {"TP": 31000, "TN": 431048, "FP": 7752, "FN": 48726}, "counts_FA": {"TP": 18456, "TN": 437791, "FP": 1009, "FN": 61270}, "counts_rw": {"TP": 30023, "TN": 435906, "FP": 2894, "FN": 49703}, "counts_S": {"TP": 27414, "TN": 434550, "FP": 4250, "FN": 52312}, "pnc": [0.541006129782287, 0.32910589727330375, 0.46480659480025366, 0.49461001902346224], "mcc": [0.509137809810199, 0.43494205595159596, 0.547344080928704, 0.5033977561605498], "scale_maxes": [0.9977737908053668, 0.9972524839095614, 0.9964869633711367, 0.9953853893566225, 0.9938538366651921, 0.9918201401302673, 0.9892435497123205, 0.9822648851344561, 0.9581294750332572, 0.9542171704150928, 0.9770817659249044, 0.986060218983269, 0.9999974360374629, 0.9829006570715869, 0.9300258925132145, 0.9851708649758477, 0.9888596604513052, 0.9763910223354563, 0.9963775788919536, 0.9994174436183308], "ALPHAS": [0.05472220189712007, 0.05909362194087339, 0.06545860726941079, 0.07651431240269112, 0.08928589250300314, 0.09626392810243613, 0.1082051965905512, 0.1308595005197085, 0.16699830160609164, 0.22320279635990853, 0.2925469502625141, 0.31964685321501246, 0.3269202000777299, 0.35583996350723646, 0.4058037261278503, 0.37641165193203596, 0.3184008890542441, 0.3047977218968801, 0.3287890205669771, 0.35247877197944816], "precision": [0.7999587118084228, 0.948163370151554, 0.9120819029680712, 0.86577817079333]}