{"time": "181203_0335", "filename": "T-BN2050224.png", "betas": 0.35, "gammas": 0.5, "c": [null, null, null, null, null, null, null, null, null, null, null, null, null, null, null, null, null, null, null, null], "sigmas": [0.3535533905932738, 0.42430038556704713, 0.509204046637051, 0.6110971611893001, 0.7333793650697374, 0.8801305705026543, 1.056247091244063, 1.2676050067484605, 1.521256215949647, 1.8256637219362655, 2.1909839977307937, 2.6294058542288297, 3.1555571165346046, 3.786992677337216, 4.5447802110947535, 5.454203091219559, 6.545603962903889, 7.855397117162168, 9.427283443672305, 11.313708498984761], "border_radii": [12, 12, 12, 12, 12, 12, 12, 12, 12, 12, 12, 12, 12, 15, 18, 21, 26, 31, 37, 45], "counts": {"TP": 44551, "TN": 619233, "FP": 10831, "FN": 78993}, "counts_FA": {"TP": 27166, "TN": 628552, "FP": 1512, "FN": 96378}, "counts_rw": {"TP": 45106, "TN": 624251, "FP": 5813, "FN": 78438}, "counts_S": {"TP": 40261, "TN": 624032, "FP": 6032, "FN": 83283}, "pnc": [0.5085329341317365, 0.32455089820359284, 0.44932634730538923, 0.4650449101796407], "mcc": [0.4872411425750342, 0.42084194440942885, 0.5249025708634012, 0.48769954579127883], "scale_maxes": [0.9861424666965705, 0.9797579248331156, 0.9705748821491745, 0.9735594802055442, 0.9889629239445721, 0.9919250003347716, 0.9917095990583702, 0.9706075585351033, 0.9730087737133049, 0.9783312018464566, 0.9847429153294789, 0.9686756608748471, 0.9946275759418348, 0.9981268982705774, 0.9997894725464566, 0.9635592673086462, 0.9502737806516363, 0.9583133330038665, 0.9168631639343265, 0.916096029418907], "ALPHAS": [0.05472220189712007, 0.05909362194087339, 0.06545860726941079, 0.07651431240269112, 0.08928589250300314, 0.09626392810243613, 0.1082051965905512, 0.1308595005197085, 0.16699830160609164, 0.22320279635990853, 0.2925469502625141, 0.31964685321501246, 0.3269202000777299, 0.35583996350723646, 0.4058037261278503, 0.37641165193203596, 0.3184008890542441, 0.3047977218968801, 0.3287890205669771, 0.35247877197944816], "precision": [0.8044310425770106, 0.9472766580654159, 0.885838292189556, 0.8696995226060096]}