{"time": "181203_0742", "filename": "T-BN6535713.png", "betas": 0.35, "gammas": 0.5, "c": [null, null, null, null, null, null, null, null, null, null, null, null, null, null, null, null, null, null, null, null], "sigmas": [0.3535533905932738, 0.42430038556704713, 0.509204046637051, 0.6110971611893001, 0.7333793650697374, 0.8801305705026543, 1.056247091244063, 1.2676050067484605, 1.521256215949647, 1.8256637219362655, 2.1909839977307937, 2.6294058542288297, 3.1555571165346046, 3.786992677337216, 4.5447802110947535, 5.454203091219559, 6.545603962903889, 7.855397117162168, 9.427283443672305, 11.313708498984761], "border_radii": [12, 12, 12, 12, 12, 12, 12, 12, 12, 12, 12, 12, 12, 15, 18, 21, 26, 31, 37, 45], "counts": {"TP": 43109, "TN": 759970, "FP": 11020, "FN": 98688}, "counts_FA": {"TP": 27366, "TN": 768458, "FP": 2532, "FN": 114431}, "counts_rw": {"TP": 43572, "TN": 762116, "FP": 8874, "FN": 98225}, "counts_S": {"TP": 45680, "TN": 763138, "FP": 7852, "FN": 96117}, "pnc": [0.41019490254872565, 0.22008995502248876, 0.3182008995502249, 0.43232383808095953], "mcc": [0.4443446693788955, 0.3860773046165207, 0.4603912897656998, 0.4809477608946702], "scale_maxes": [0.9998486738190194, 0.9998878989751778, 0.9999328925611255, 0.9999764556332101, 0.9999999681754592, 0.9956016789997998, 0.9934037525414123, 0.9970549662029988, 0.9989045504464845, 0.9992023391768418, 0.9999042440213339, 0.999986739407319, 0.9884215728440847, 0.9700972030811674, 0.9488999484740924, 0.9791697264259281, 0.9889509445736605, 0.9929287244756648, 0.9841477285294569, 0.9969231151760463], "ALPHAS": [0.05472220189712007, 0.05909362194087339, 0.06545860726941079, 0.07651431240269112, 0.08928589250300314, 0.09626392810243613, 0.1082051965905512, 0.1308595005197085, 0.16699830160609164, 0.22320279635990853, 0.2925469502625141, 0.31964685321501246, 0.3269202000777299, 0.35583996350723646, 0.4058037261278503, 0.37641165193203596, 0.3184008890542441, 0.3047977218968801, 0.3287890205669771, 0.35247877197944816], "precision": [0.7964122743815699, 0.9153120610074252, 0.8307973916027914, 0.8533213778674438]}