{"time": "181203_0647", "filename": "T-BN1145709.png", "betas": 0.35, "gammas": 0.5, "c": [null, null, null, null, null, null, null, null, null, null, null, null, null, null, null, null, null, null, null, null], "sigmas": [0.3535533905932738, 0.42430038556704713, 0.509204046637051, 0.6110971611893001, 0.7333793650697374, 0.8801305705026543, 1.056247091244063, 1.2676050067484605, 1.521256215949647, 1.8256637219362655, 2.1909839977307937, 2.6294058542288297, 3.1555571165346046, 3.786992677337216, 4.5447802110947535, 5.454203091219559, 6.545603962903889, 7.855397117162168, 9.427283443672305, 11.313708498984761], "border_radii": [12, 12, 12, 12, 12, 12, 12, 12, 12, 12, 12, 12, 12, 15, 18, 21, 26, 31, 37, 45], "counts": {"TP": 28695, "TN": 447257, "FP": 7879, "FN": 73519}, "counts_FA": {"TP": 12674, "TN": 454253, "FP": 883, "FN": 89540}, "counts_rw": {"TP": 23606, "TN": 452590, "FP": 2546, "FN": 78608}, "counts_S": {"TP": 31607, "TN": 448699, "FP": 6437, "FN": 70607}, "pnc": [0.4572845442933353, 0.20910661958073484, 0.33240664212187243, 0.4734390262228567], "mcc": [0.4116879379965065, 0.30660667561053256, 0.41239014386632794, 0.4528057393033723], "scale_maxes": [0.9970757394209422, 0.9971158546560293, 0.9971310752540644, 0.9970632606422837, 0.9967672467288515, 0.9958574856977841, 0.9793366130013668, 0.9628162813183777, 0.9759973764112867, 0.9632634419878038, 0.9982140672770766, 0.999913727172449, 0.9963741837840655, 0.9951889982015332, 0.9991332586665839, 0.9987903795232913, 0.9986897259662706, 0.9994649752457778, 0.953817461721023, 0.7243196244905085], "ALPHAS": [0.05472220189712007, 0.05909362194087339, 0.06545860726941079, 0.07651431240269112, 0.08928589250300314, 0.09626392810243613, 0.1082051965905512, 0.1308595005197085, 0.16699830160609164, 0.22320279635990853, 0.2925469502625141, 0.31964685321501246, 0.3269202000777299, 0.35583996350723646, 0.4058037261278503, 0.37641165193203596, 0.3184008890542441, 0.3047977218968801, 0.3287890205669771, 0.35247877197944816], "precision": [0.7845737409088424, 0.934867596075828, 0.9026460691342918, 0.8308011775838503]}