{"time": "181203_0626", "filename": "T-BN9211170.png", "betas": 0.35, "gammas": 0.5, "c": [null, null, null, null, null, null, null, null, null, null, null, null, null, null, null, null, null, null, null, null], "sigmas": [0.3535533905932738, 0.42430038556704713, 0.509204046637051, 0.6110971611893001, 0.7333793650697374, 0.8801305705026543, 1.056247091244063, 1.2676050067484605, 1.521256215949647, 1.8256637219362655, 2.1909839977307937, 2.6294058542288297, 3.1555571165346046, 3.786992677337216, 4.5447802110947535, 5.454203091219559, 6.545603962903889, 7.855397117162168, 9.427283443672305, 11.313708498984761], "border_radii": [12, 12, 12, 12, 12, 12, 12, 12, 12, 12, 12, 12, 12, 15, 18, 21, 26, 31, 37, 45], "counts": {"TP": 27159, "TN": 493154, "FP": 9390, "FN": 48162}, "counts_FA": {"TP": 18309, "TN": 499485, "FP": 3059, "FN": 57012}, "counts_rw": {"TP": 28412, "TN": 494632, "FP": 7912, "FN": 46909}, "counts_S": {"TP": 27489, "TN": 494363, "FP": 8181, "FN": 47832}, "pnc": [0.5846299411269975, 0.3799411269974769, 0.4783431455004205, 0.5675988225399495], "mcc": [0.47290138796437264, 0.42283068898345716, 0.5014213255356983, 0.4877994753774844], "scale_maxes": [0.9936591695274686, 0.9941550128233779, 0.9948252752013266, 0.9956993913009219, 0.9967742614573444, 0.9979729976801506, 0.9991038911494583, 0.9950395941519103, 0.99288101753226, 0.9908557790358877, 0.9878928557585398, 0.9904884346340197, 0.9818683530617937, 0.990576430462029, 0.9866849829334842, 0.9990055691973369, 0.9953606827357517, 0.9896333712074281, 0.9825685281101068, 0.9042595715518221], "ALPHAS": [0.05472220189712007, 0.05909362194087339, 0.06545860726941079, 0.07651431240269112, 0.08928589250300314, 0.09626392810243613, 0.1082051965905512, 0.1308595005197085, 0.16699830160609164, 0.22320279635990853, 0.2925469502625141, 0.31964685321501246, 0.3269202000777299, 0.35583996350723646, 0.4058037261278503, 0.37641165193203596, 0.3184008890542441, 0.3047977218968801, 0.3287890205669771, 0.35247877197944816], "precision": [0.7430846261183617, 0.8568420067390491, 0.7821825790111221, 0.7706476030277544]}