{"time": "181203_0739", "filename": "T-BN6381701.png", "betas": 0.35, "gammas": 0.5, "c": [null, null, null, null, null, null, null, null, null, null, null, null, null, null, null, null, null, null, null, null], "sigmas": [0.3535533905932738, 0.42430038556704713, 0.509204046637051, 0.6110971611893001, 0.7333793650697374, 0.8801305705026543, 1.056247091244063, 1.2676050067484605, 1.521256215949647, 1.8256637219362655, 2.1909839977307937, 2.6294058542288297, 3.1555571165346046, 3.786992677337216, 4.5447802110947535, 5.454203091219559, 6.545603962903889, 7.855397117162168, 9.427283443672305, 11.313708498984761], "border_radii": [12, 12, 12, 12, 12, 12, 12, 12, 12, 12, 12, 12, 12, 15, 18, 21, 26, 31, 37, 45], "counts": {"TP": 23933, "TN": 468124, "FP": 18755, "FN": 41507}, "counts_FA": {"TP": 14670, "TN": 478781, "FP": 8098, "FN": 50770}, "counts_rw": {"TP": 24076, "TN": 471049, "FP": 15830, "FN": 41364}, "counts_S": {"TP": 20229, "TN": 473033, "FP": 13846, "FN": 45211}, "pnc": [0.5160202360876898, 0.32955914237533124, 0.475668513611178, 0.4615755239701277], "mcc": [0.39597633866915793, 0.3373825012682254, 0.41865983321760425, 0.3770210970844719], "scale_maxes": [0.9669452766074995, 0.9686953214950792, 0.9703599946265518, 0.9711085574591676, 0.9691014693832681, 0.9575480942346272, 0.9318620621396694, 0.9413736878279694, 0.9981243487621301, 0.9981437616741741, 0.9986328754868216, 0.9979798012557591, 0.9992821206526981, 0.9774473266179354, 0.9849831568129589, 0.9567565934373788, 0.9485192951113476, 0.9590522281401604, 0.882798606539053, 0.7994785840936062], "ALPHAS": [0.05472220189712007, 0.05909362194087339, 0.06545860726941079, 0.07651431240269112, 0.08928589250300314, 0.09626392810243613, 0.1082051965905512, 0.1308595005197085, 0.16699830160609164, 0.22320279635990853, 0.2925469502625141, 0.31964685321501246, 0.3269202000777299, 0.35583996350723646, 0.4058037261278503, 0.37641165193203596, 0.3184008890542441, 0.3047977218968801, 0.3287890205669771, 0.35247877197944816], "precision": [0.5606493628185907, 0.6443253689388616, 0.603317796822533, 0.5936610418195157]}