{"time": "181203_0605", "filename": "T-BN5961598.png", "betas": 0.35, "gammas": 0.5, "c": [null, null, null, null, null, null, null, null, null, null, null, null, null, null, null, null, null, null, null, null], "sigmas": [0.3535533905932738, 0.42430038556704713, 0.509204046637051, 0.6110971611893001, 0.7333793650697374, 0.8801305705026543, 1.056247091244063, 1.2676050067484605, 1.521256215949647, 1.8256637219362655, 2.1909839977307937, 2.6294058542288297, 3.1555571165346046, 3.786992677337216, 4.5447802110947535, 5.454203091219559, 6.545603962903889, 7.855397117162168, 9.427283443672305, 11.313708498984761], "border_radii": [12, 12, 12, 12, 12, 12, 12, 12, 12, 12, 12, 12, 12, 15, 18, 21, 26, 31, 37, 45], "counts": {"TP": 18594, "TN": 617947, "FP": 6048, "FN": 59831}, "counts_FA": {"TP": 12397, "TN": 621682, "FP": 2313, "FN": 66028}, "counts_rw": {"TP": 20524, "TN": 617558, "FP": 6437, "FN": 57901}, "counts_S": {"TP": 28300, "TN": 611448, "FP": 12547, "FN": 50125}, "pnc": [0.36056338028169016, 0.2297339593114241, 0.3359415753781951, 0.5217527386541471], "mcc": [0.389248807774129, 0.3395202017829648, 0.41209014925873855, 0.45854358112435956], "scale_maxes": [0.8301564112993264, 0.8132821439660233, 0.7888763283377085, 0.7538283352802728, 0.7043396704570395, 0.6684025845602101, 0.681083594460137, 0.7015596168751423, 0.7200628723082235, 0.7453273330176877, 0.9195901698600983, 0.9969494529051057, 0.9979229255672085, 0.9967125934808447, 0.9728918424607798, 0.9877143983872528, 0.9892801227188879, 0.9795040677561111, 0.9366306025515259, 0.851216712190534], "ALPHAS": [0.05472220189712007, 0.05909362194087339, 0.06545860726941079, 0.07651431240269112, 0.08928589250300314, 0.09626392810243613, 0.1082051965905512, 0.1308595005197085, 0.16699830160609164, 0.22320279635990853, 0.2925469502625141, 0.31964685321501246, 0.3269202000777299, 0.35583996350723646, 0.4058037261278503, 0.37641165193203596, 0.3184008890542441, 0.3047977218968801, 0.3287890205669771, 0.35247877197944816], "precision": [0.7545653761869978, 0.8427600271923862, 0.7612477281999925, 0.692829338751928]}