{"time": "181203_0728", "filename": "T-BN5197585.png", "betas": 0.35, "gammas": 0.5, "c": [null, null, null, null, null, null, null, null, null, null, null, null, null, null, null, null, null, null, null, null], "sigmas": [0.3535533905932738, 0.42430038556704713, 0.509204046637051, 0.6110971611893001, 0.7333793650697374, 0.8801305705026543, 1.056247091244063, 1.2676050067484605, 1.521256215949647, 1.8256637219362655, 2.1909839977307937, 2.6294058542288297, 3.1555571165346046, 3.786992677337216, 4.5447802110947535, 5.454203091219559, 6.545603962903889, 7.855397117162168, 9.427283443672305, 11.313708498984761], "border_radii": [12, 12, 12, 12, 12, 12, 12, 12, 12, 12, 12, 12, 12, 15, 18, 21, 26, 31, 37, 45], "counts": {"TP": 40916, "TN": 650111, "FP": 7900, "FN": 107724}, "counts_FA": {"TP": 22077, "TN": 656398, "FP": 1613, "FN": 126563}, "counts_rw": {"TP": 39482, "TN": 654251, "FP": 3760, "FN": 109158}, "counts_S": {"TP": 42707, "TN": 647345, "FP": 10666, "FN": 105933}, "pnc": [0.5158754157846991, 0.29047475052918054, 0.4376776534623526, 0.5083761717568793], "mcc": [0.4280615336135079, 0.33543521995463443, 0.44737490871469765, 0.4228533223669897], "scale_maxes": [0.7094369762671833, 0.7287044590890241, 0.766608668554518, 0.8196171588117568, 0.8882017972696928, 0.9358191526528684, 0.9236970955436264, 0.917895598371121, 0.9642216585486136, 0.984106817280563, 0.9744847805966316, 0.9815573528640711, 0.9970646544793618, 0.9575927870720993, 0.9015313295905457, 0.9166983343591003, 0.9152379268025737, 0.710901258273084, 0.4793104918624703, 0.43343696128394377], "ALPHAS": [0.05472220189712007, 0.05909362194087339, 0.06545860726941079, 0.07651431240269112, 0.08928589250300314, 0.09626392810243613, 0.1082051965905512, 0.1308595005197085, 0.16699830160609164, 0.22320279635990853, 0.2925469502625141, 0.31964685321501246, 0.3269202000777299, 0.35583996350723646, 0.4058037261278503, 0.37641165193203596, 0.3184008890542441, 0.3047977218968801, 0.3287890205669771, 0.35247877197944816], "precision": [0.8381678138315306, 0.9319121992401858, 0.9130475001156283, 0.8001611301594439]}