{"time": "181203_1328", "filename": "T-BN8801263.png", "betas": 0.35, "gammas": 0.5, "c": [null, null, null, null, null, null, null, null, null, null, null, null, null, null, null, null, null, null, null, null], "sigmas": [0.3535533905932738, 0.42430038556704713, 0.509204046637051, 0.6110971611893001, 0.7333793650697374, 0.8801305705026543, 1.056247091244063, 1.2676050067484605, 1.521256215949647, 1.8256637219362655, 2.1909839977307937, 2.6294058542288297, 3.1555571165346046, 3.786992677337216, 4.5447802110947535, 5.454203091219559, 6.545603962903889, 7.855397117162168, 9.427283443672305, 11.313708498984761], "border_radii": [12, 12, 12, 12, 12, 12, 12, 12, 12, 12, 12, 12, 12, 15, 18, 21, 26, 31, 37, 45], "counts": {"TP": 66693, "TN": 444559, "FP": 23885, "FN": 78957}, "counts_FA": {"TP": 18688, "TN": 466282, "FP": 2162, "FN": 126962}, "counts_rw": {"TP": 36487, "TN": 462539, "FP": 5905, "FN": 109163}, "counts_S": {"TP": 39302, "TN": 460275, "FP": 8169, "FN": 106348}, "pnc": [0.6704433173045254, 0.22929978262301562, 0.3572228443449048, 0.46946841446545023], "mcc": [0.488098307350805, 0.29050731214344455, 0.3991742864348629, 0.4019872390358291], "scale_maxes": [0.9967915740299731, 0.9970805374666876, 0.997399580085409, 0.9977078596438389, 0.9979403674995939, 0.998017858289329, 0.9978789216828196, 0.9975797624260017, 0.992794490637178, 0.991179681361866, 0.9913425060029827, 0.9675524156616816, 0.9782623703031107, 0.8435151541053901, 0.7850342064166576, 0.885059018506485, 0.8833656366505492, 0.8436866412072862, 0.7855070966298198, 0.7120775991827647], "ALPHAS": [0.04088018048912461, 0.04087033679639655, 0.0411269095040034, 0.041869391773110144, 0.043935068557085726, 0.048291637234953305, 0.057360244844505415, 0.07546884762393853, 0.11064289950958855, 0.11341312640539795, 0.11970232713606688, 0.13063949480743156, 0.13642606975039326, 0.14781420860856295, 0.17242508985126204, 0.22219018868074034, 0.27608512084464637, 0.28133686641418676, 0.27425978695559616, 0.29633986426553743], "precision": [0.7363046214312526, 0.8963069544364508, 0.8607048499716927, 0.8279159908154452]}