{"time": "181203_1140", "filename": "T-BN0013990.png", "betas": 0.35, "gammas": 0.5, "c": [null, null, null, null, null, null, null, null, null, null, null, null, null, null, null, null, null, null, null, null], "sigmas": [0.3535533905932738, 0.42430038556704713, 0.509204046637051, 0.6110971611893001, 0.7333793650697374, 0.8801305705026543, 1.056247091244063, 1.2676050067484605, 1.521256215949647, 1.8256637219362655, 2.1909839977307937, 2.6294058542288297, 3.1555571165346046, 3.786992677337216, 4.5447802110947535, 5.454203091219559, 6.545603962903889, 7.855397117162168, 9.427283443672305, 11.313708498984761], "border_radii": [12, 12, 12, 12, 12, 12, 12, 12, 12, 12, 12, 12, 12, 15, 18, 21, 26, 31, 37, 45], "counts": {"TP": 26937, "TN": 543621, "FP": 27356, "FN": 64394}, "counts_FA": {"TP": 7834, "TN": 565739, "FP": 5238, "FN": 83497}, "counts_rw": {"TP": 15529, "TN": 558597, "FP": 12380, "FN": 75802}, "counts_S": {"TP": 24120, "TN": 550882, "FP": 20095, "FN": 67211}, "pnc": [0.3708766472947532, 0.08627322583285586, 0.15044609969714332, 0.3348612589015307], "mcc": [0.3104805162504354, 0.18988346071759268, 0.25459273997689885, 0.3161935472907203], "scale_maxes": [0.8997875727075891, 0.8708394278776038, 0.83064041163866, 0.7764867650835393, 0.7068300503438485, 0.6883998267819605, 0.6884823140067962, 0.7444232103391027, 0.8176282511925155, 0.8047430348540047, 0.778739326614265, 0.7139366555496296, 0.6962499021439507, 0.6894457197496257, 0.7061247993427926, 0.8105509209715893, 0.9431451260131536, 0.9345328502920689, 0.8544136127370439, 0.8642066750925702], "ALPHAS": [0.04088018048912461, 0.04087033679639655, 0.0411269095040034, 0.041869391773110144, 0.043935068557085726, 0.048291637234953305, 0.057360244844505415, 0.07546884762393853, 0.11064289950958855, 0.11341312640539795, 0.11970232713606688, 0.13063949480743156, 0.13642606975039326, 0.14781420860856295, 0.17242508985126204, 0.22219018868074034, 0.27608512084464637, 0.28133686641418676, 0.27425978695559616, 0.29633986426553743], "precision": [0.49614130735085554, 0.5992962056303549, 0.5564154932100756, 0.5455162275245957]}