{"time": "181203_1355", "filename": "T-BN1411786.png", "betas": 0.35, "gammas": 0.5, "c": [null, null, null, null, null, null, null, null, null, null, null, null, null, null, null, null, null, null, null, null], "sigmas": [0.3535533905932738, 0.42430038556704713, 0.509204046637051, 0.6110971611893001, 0.7333793650697374, 0.8801305705026543, 1.056247091244063, 1.2676050067484605, 1.521256215949647, 1.8256637219362655, 2.1909839977307937, 2.6294058542288297, 3.1555571165346046, 3.786992677337216, 4.5447802110947535, 5.454203091219559, 6.545603962903889, 7.855397117162168, 9.427283443672305, 11.313708498984761], "border_radii": [12, 12, 12, 12, 12, 12, 12, 12, 12, 12, 12, 12, 12, 15, 18, 21, 26, 31, 37, 45], "counts": {"TP": 1177, "TN": 530187, "FP": 5233, "FN": 94733}, "counts_FA": {"TP": 177, "TN": 535373, "FP": 47, "FN": 95733}, "counts_rw": {"TP": 453, "TN": 535172, "FP": 248, "FN": 95457}, "counts_S": {"TP": 12218, "TN": 501057, "FP": 34363, "FN": 83692}, "pnc": [0.015533088235294118, 0.0005514705882352941, 0.007077205882352941, 0.12058823529411765], "mcc": [0.008944996147156879, 0.033500283263498, 0.04591365456171179, 0.08679225275019996], "scale_maxes": [0.6280471897309924, 0.6643008777284115, 0.7152882652734767, 0.7850033758590894, 0.8748997454179988, 0.8771145807962429, 0.8642692483622537, 0.845088116287775, 0.8105621092189876, 0.7292525364459895, 0.7144574130833047, 0.8229215712820447, 0.8047481377880199, 0.6224746074849675, 0.6068914336822531, 0.5785671730938777, 0.5513072569352869, 0.5587849528697102, 0.6232425109396567, 0.7053837069880037], "ALPHAS": [0.04088018048912461, 0.04087033679639655, 0.0411269095040034, 0.041869391773110144, 0.043935068557085726, 0.048291637234953305, 0.057360244844505415, 0.07546884762393853, 0.11064289950958855, 0.11341312640539795, 0.11970232713606688, 0.13063949480743156, 0.13642606975039326, 0.14781420860856295, 0.17242508985126204, 0.22219018868074034, 0.27608512084464637, 0.28133686641418676, 0.27425978695559616, 0.29633986426553743], "precision": [0.18361934477379094, 0.7901785714285714, 0.6462196861626248, 0.26229578583542645]}