{"time": "181203_1406", "filename": "T-BN3857011.png", "betas": 0.35, "gammas": 0.5, "c": [null, null, null, null, null, null, null, null, null, null, null, null, null, null, null, null, null, null, null, null], "sigmas": [0.3535533905932738, 0.42430038556704713, 0.509204046637051, 0.6110971611893001, 0.7333793650697374, 0.8801305705026543, 1.056247091244063, 1.2676050067484605, 1.521256215949647, 1.8256637219362655, 2.1909839977307937, 2.6294058542288297, 3.1555571165346046, 3.786992677337216, 4.5447802110947535, 5.454203091219559, 6.545603962903889, 7.855397117162168, 9.427283443672305, 11.313708498984761], "border_radii": [12, 12, 12, 12, 12, 12, 12, 12, 12, 12, 12, 12, 12, 15, 18, 21, 26, 31, 37, 45], "counts": {"TP": 19403, "TN": 426793, "FP": 31156, "FN": 36903}, "counts_FA": {"TP": 5538, "TN": 455329, "FP": 2620, "FN": 50768}, "counts_rw": {"TP": 9653, "TN": 450915, "FP": 7034, "FN": 46653}, "counts_S": {"TP": 15831, "TN": 439790, "FP": 18159, "FN": 40475}, "pnc": [0.464110357727379, 0.14496142155716624, 0.22036474164133737, 0.381108253448679], "mcc": [0.29004661049395913, 0.2314988147304767, 0.2750511162123151, 0.30352881846512], "scale_maxes": [0.9094240466287095, 0.9348552963309369, 0.9687908895827431, 0.997162414848501, 0.9970217151984858, 0.9966389616641096, 0.9898741268991104, 0.9825121298567041, 0.9790367986142577, 0.981025858901341, 0.9997461867571357, 0.969520876617526, 0.966511257004733, 0.9504779368799838, 0.999996564553098, 0.9929042805831968, 0.989398776338262, 0.9336011325995835, 0.8464512230756026, 0.8686190030582075], "ALPHAS": [0.04088018048912461, 0.04087033679639655, 0.0411269095040034, 0.041869391773110144, 0.043935068557085726, 0.048291637234953305, 0.057360244844505415, 0.07546884762393853, 0.11064289950958855, 0.11341312640539795, 0.11970232713606688, 0.13063949480743156, 0.13642606975039326, 0.14781420860856295, 0.17242508985126204, 0.22219018868074034, 0.27608512084464637, 0.28133686641418676, 0.27425978695559616, 0.29633986426553743], "precision": [0.3837694574655353, 0.6788428536405982, 0.5784742614010907, 0.4657546337157988]}