{"time": "181203_1150", "filename": "T-BN0342010.png", "betas": 0.35, "gammas": 0.5, "c": [null, null, null, null, null, null, null, null, null, null, null, null, null, null, null, null, null, null, null, null], "sigmas": [0.3535533905932738, 0.42430038556704713, 0.509204046637051, 0.6110971611893001, 0.7333793650697374, 0.8801305705026543, 1.056247091244063, 1.2676050067484605, 1.521256215949647, 1.8256637219362655, 2.1909839977307937, 2.6294058542288297, 3.1555571165346046, 3.786992677337216, 4.5447802110947535, 5.454203091219559, 6.545603962903889, 7.855397117162168, 9.427283443672305, 11.313708498984761], "border_radii": [12, 12, 12, 12, 12, 12, 12, 12, 12, 12, 12, 12, 12, 15, 18, 21, 26, 31, 37, 45], "counts": {"TP": 17160, "TN": 257351, "FP": 26679, "FN": 28118}, "counts_FA": {"TP": 5667, "TN": 281193, "FP": 2837, "FN": 39611}, "counts_rw": {"TP": 9679, "TN": 276073, "FP": 7957, "FN": 35599}, "counts_S": {"TP": 12072, "TN": 273558, "FP": 10472, "FN": 33206}, "pnc": [0.5604395604395604, 0.2032234432234432, 0.30446886446886445, 0.4126007326007326], "mcc": [0.288971445496507, 0.2500576474637738, 0.28412803913772317, 0.3133025640688573], "scale_maxes": [0.9504587175129182, 0.9575392530287123, 0.9701531907935501, 0.9872440224950384, 0.9994319875817526, 0.9991012759222103, 0.9986891751168869, 0.99810058503814, 0.9966668656999914, 0.9883176980244912, 0.9979597102598887, 0.9959111434274999, 0.9566531565524286, 0.8998521602435263, 0.836834907882037, 0.8530274400139649, 0.8837802712271277, 0.8012126411172649, 0.7447045889258985, 0.6783821889967983], "ALPHAS": [0.04088018048912461, 0.04087033679639655, 0.0411269095040034, 0.041869391773110144, 0.043935068557085726, 0.048291637234953305, 0.057360244844505415, 0.07546884762393853, 0.11064289950958855, 0.11341312640539795, 0.11970232713606688, 0.13063949480743156, 0.13642606975039326, 0.14781420860856295, 0.17242508985126204, 0.22219018868074034, 0.27608512084464637, 0.28133686641418676, 0.27425978695559616, 0.29633986426553743], "precision": [0.39143228632039967, 0.6663922859830668, 0.5488205942390565, 0.535486160397445]}