{"time": "181203_1353", "filename": "T-BN1289932.png", "betas": 0.35, "gammas": 0.5, "c": [null, null, null, null, null, null, null, null, null, null, null, null, null, null, null, null, null, null, null, null], "sigmas": [0.3535533905932738, 0.42430038556704713, 0.509204046637051, 0.6110971611893001, 0.7333793650697374, 0.8801305705026543, 1.056247091244063, 1.2676050067484605, 1.521256215949647, 1.8256637219362655, 2.1909839977307937, 2.6294058542288297, 3.1555571165346046, 3.786992677337216, 4.5447802110947535, 5.454203091219559, 6.545603962903889, 7.855397117162168, 9.427283443672305, 11.313708498984761], "border_radii": [12, 12, 12, 12, 12, 12, 12, 12, 12, 12, 12, 12, 12, 15, 18, 21, 26, 31, 37, 45], "counts": {"TP": 17198, "TN": 430489, "FP": 38949, "FN": 44206}, "counts_FA": {"TP": 4115, "TN": 462594, "FP": 6844, "FN": 57289}, "counts_rw": {"TP": 7946, "TN": 452683, "FP": 16755, "FN": 53458}, "counts_S": {"TP": 12419, "TN": 448102, "FP": 21336, "FN": 48985}, "pnc": [0.34305835010060365, 0.08283031522468143, 0.1374916163648558, 0.2518443997317237], "mcc": [0.20498666751953504, 0.11794487994911765, 0.1422974818684012, 0.20551799206541738], "scale_maxes": [0.9940611090514428, 0.9911043979993504, 0.9856221421173585, 0.9750772114901245, 0.9978628539701323, 0.9981952468118971, 0.9975656866548055, 0.9999973181499328, 0.9973251267686783, 0.9997311216013074, 0.9999756333467634, 0.9997861562587499, 0.9988283507586977, 0.9803397987093918, 0.8877627084875059, 0.8242465493265297, 0.8009876755266147, 0.7924408014713625, 0.7987503690499009, 0.8243263103305688], "ALPHAS": [0.04088018048912461, 0.04087033679639655, 0.0411269095040034, 0.041869391773110144, 0.043935068557085726, 0.048291637234953305, 0.057360244844505415, 0.07546884762393853, 0.11064289950958855, 0.11341312640539795, 0.11970232713606688, 0.13063949480743156, 0.13642606975039326, 0.14781420860856295, 0.17242508985126204, 0.22219018868074034, 0.27608512084464637, 0.28133686641418676, 0.27425978695559616, 0.29633986426553743], "precision": [0.30630309722692217, 0.375490464458436, 0.3216873810776892, 0.36791586431639756]}