{"time": "181203_1307", "filename": "T-BN7476220.png", "betas": 0.35, "gammas": 0.5, "c": [null, null, null, null, null, null, null, null, null, null, null, null, null, null, null, null, null, null, null, null], "sigmas": [0.3535533905932738, 0.42430038556704713, 0.509204046637051, 0.6110971611893001, 0.7333793650697374, 0.8801305705026543, 1.056247091244063, 1.2676050067484605, 1.521256215949647, 1.8256637219362655, 2.1909839977307937, 2.6294058542288297, 3.1555571165346046, 3.786992677337216, 4.5447802110947535, 5.454203091219559, 6.545603962903889, 7.855397117162168, 9.427283443672305, 11.313708498984761], "border_radii": [12, 12, 12, 12, 12, 12, 12, 12, 12, 12, 12, 12, 12, 15, 18, 21, 26, 31, 37, 45], "counts": {"TP": 39463, "TN": 376511, "FP": 19836, "FN": 49887}, "counts_FA": {"TP": 11688, "TN": 393590, "FP": 2757, "FN": 77662}, "counts_rw": {"TP": 22861, "TN": 388987, "FP": 7360, "FN": 66489}, "counts_S": {"TP": 22796, "TN": 387510, "FP": 8837, "FN": 66554}, "pnc": [0.5952706163564965, 0.164845484036196, 0.30169028512890556, 0.37536281372716407], "mcc": [0.46346748242990066, 0.2824974946081608, 0.3806065257594675, 0.36559927391618746], "scale_maxes": [0.6715333824717895, 0.6850410305519533, 0.7037744016904389, 0.7183061462879777, 0.7183825505324245, 0.7101498352721436, 0.7858286041790771, 0.8723986512864051, 0.9481522172086602, 0.9939973117472993, 0.9877976763288208, 0.9880671987691828, 0.9982579751234611, 0.997609775900594, 0.9998082142311931, 0.9993523505230966, 0.9973513829745025, 0.9994281145266927, 0.9936227253803477, 0.999980889345802], "ALPHAS": [0.04088018048912461, 0.04087033679639655, 0.0411269095040034, 0.041869391773110144, 0.043935068557085726, 0.048291637234953305, 0.057360244844505415, 0.07546884762393853, 0.11064289950958855, 0.11341312640539795, 0.11970232713606688, 0.13063949480743156, 0.13642606975039326, 0.14781420860856295, 0.17242508985126204, 0.22219018868074034, 0.27608512084464637, 0.28133686641418676, 0.27425978695559616, 0.29633986426553743], "precision": [0.6654918295418135, 0.8091381100726895, 0.7564607392210715, 0.7206398381437107]}