{"time": "181203_1340", "filename": "T-BN9586508.png", "betas": 0.35, "gammas": 0.5, "c": [null, null, null, null, null, null, null, null, null, null, null, null, null, null, null, null, null, null, null, null], "sigmas": [0.3535533905932738, 0.42430038556704713, 0.509204046637051, 0.6110971611893001, 0.7333793650697374, 0.8801305705026543, 1.056247091244063, 1.2676050067484605, 1.521256215949647, 1.8256637219362655, 2.1909839977307937, 2.6294058542288297, 3.1555571165346046, 3.786992677337216, 4.5447802110947535, 5.454203091219559, 6.545603962903889, 7.855397117162168, 9.427283443672305, 11.313708498984761], "border_radii": [12, 12, 12, 12, 12, 12, 12, 12, 12, 12, 12, 12, 12, 15, 18, 21, 26, 31, 37, 45], "counts": {"TP": 48125, "TN": 636960, "FP": 59645, "FN": 53299}, "counts_FA": {"TP": 15041, "TN": 691475, "FP": 5130, "FN": 86383}, "counts_rw": {"TP": 26293, "TN": 684193, "FP": 12412, "FN": 75131}, "counts_S": {"TP": 31597, "TN": 679108, "FP": 17497, "FN": 69827}, "pnc": [0.6176578966762474, 0.19279239442847668, 0.3026752155648906, 0.41042081214533127], "mcc": [0.3789780175757492, 0.2990648647314021, 0.37431814974437405, 0.39703153661033164], "scale_maxes": [0.9723255466167983, 0.9779766431841856, 0.9880497337343223, 0.9987180542319866, 0.9981647357235521, 0.9975598084916925, 0.998916758236055, 0.9940673935863151, 0.989443699193297, 0.9618388353148006, 0.9592604837753536, 0.9815117043549423, 0.9910162745004873, 0.991426238561383, 0.9824681743044573, 0.9753351740803252, 0.9493234091352956, 0.9739164718879657, 0.9945610344856005, 0.9923829619206795], "ALPHAS": [0.04088018048912461, 0.04087033679639655, 0.0411269095040034, 0.041869391773110144, 0.043935068557085726, 0.048291637234953305, 0.057360244844505415, 0.07546884762393853, 0.11064289950958855, 0.11341312640539795, 0.11970232713606688, 0.13063949480743156, 0.13642606975039326, 0.14781420860856295, 0.17242508985126204, 0.22219018868074034, 0.27608512084464637, 0.28133686641418676, 0.27425978695559616, 0.29633986426553743], "precision": [0.44655284401967155, 0.7456744831689058, 0.6793179175817078, 0.6436020694993279]}