{"time": "181203_1419", "filename": "T-BN6279307.png", "betas": 0.35, "gammas": 0.5, "c": [null, null, null, null, null, null, null, null, null, null, null, null, null, null, null, null, null, null, null, null], "sigmas": [0.3535533905932738, 0.42430038556704713, 0.509204046637051, 0.6110971611893001, 0.7333793650697374, 0.8801305705026543, 1.056247091244063, 1.2676050067484605, 1.521256215949647, 1.8256637219362655, 2.1909839977307937, 2.6294058542288297, 3.1555571165346046, 3.786992677337216, 4.5447802110947535, 5.454203091219559, 6.545603962903889, 7.855397117162168, 9.427283443672305, 11.313708498984761], "border_radii": [12, 12, 12, 12, 12, 12, 12, 12, 12, 12, 12, 12, 12, 15, 18, 21, 26, 31, 37, 45], "counts": {"TP": 16948, "TN": 485671, "FP": 35693, "FN": 46471}, "counts_FA": {"TP": 3222, "TN": 515681, "FP": 5683, "FN": 60197}, "counts_rw": {"TP": 6812, "TN": 509433, "FP": 11931, "FN": 56607}, "counts_S": {"TP": 13014, "TN": 499078, "FP": 22286, "FN": 50405}, "pnc": [0.3566349616769785, 0.0759072859913196, 0.13426909225228553, 0.271585557299843], "mcc": [0.21595938467645792, 0.10132629585669578, 0.14922437079095321, 0.21211190877544653], "scale_maxes": [0.6974426285799042, 0.7202663661970139, 0.7521789745882219, 0.7840068078550521, 0.8022067736931077, 0.8332367546293141, 0.8776708208258501, 0.9340313470826987, 0.9839803865954742, 0.989888490309914, 0.9817515843357837, 0.9590589499755984, 0.9935595928293706, 0.9330518593614741, 0.8489352705342139, 0.778891142725028, 0.8424936229223238, 0.8744551719376621, 0.8701624876321177, 0.949123143878533], "ALPHAS": [0.04088018048912461, 0.04087033679639655, 0.0411269095040034, 0.041869391773110144, 0.043935068557085726, 0.048291637234953305, 0.057360244844505415, 0.07546884762393853, 0.11064289950958855, 0.11341312640539795, 0.11970232713606688, 0.13063949480743156, 0.13642606975039326, 0.14781420860856295, 0.17242508985126204, 0.22219018868074034, 0.27608512084464637, 0.28133686641418676, 0.27425978695559616, 0.29633986426553743], "precision": [0.32195437016774, 0.3618192026951151, 0.3634423518113429, 0.3686685552407932]}