{"time": "181203_1331", "filename": "T-BN9230531.png", "betas": 0.35, "gammas": 0.5, "c": [null, null, null, null, null, null, null, null, null, null, null, null, null, null, null, null, null, null, null, null], "sigmas": [0.3535533905932738, 0.42430038556704713, 0.509204046637051, 0.6110971611893001, 0.7333793650697374, 0.8801305705026543, 1.056247091244063, 1.2676050067484605, 1.521256215949647, 1.8256637219362655, 2.1909839977307937, 2.6294058542288297, 3.1555571165346046, 3.786992677337216, 4.5447802110947535, 5.454203091219559, 6.545603962903889, 7.855397117162168, 9.427283443672305, 11.313708498984761], "border_radii": [12, 12, 12, 12, 12, 12, 12, 12, 12, 12, 12, 12, 12, 15, 18, 21, 26, 31, 37, 45], "counts": {"TP": 36204, "TN": 501413, "FP": 22034, "FN": 69029}, "counts_FA": {"TP": 7737, "TN": 519118, "FP": 4329, "FN": 97496}, "counts_rw": {"TP": 15661, "TN": 514447, "FP": 9000, "FN": 89572}, "counts_S": {"TP": 23409, "TN": 508971, "FP": 14476, "FN": 81824}, "pnc": [0.4944060646817876, 0.11585254019685762, 0.20767866968270465, 0.3232255303539769], "mcc": [0.38880124067870403, 0.17754987815449816, 0.25312285433265425, 0.3055878355421044], "scale_maxes": [0.9668294640041025, 0.9694372728335994, 0.9729393879611382, 0.977473835051326, 0.9830116419802597, 0.9891521002031528, 0.9948916854240386, 0.9985694756334729, 0.9969833483010687, 0.9905703468425445, 0.9820669671421108, 0.9673693541043091, 0.965353748518538, 0.9746458736505826, 0.9709639239919505, 0.9207248963366221, 0.8631404516355006, 0.86658479287095, 0.909705100606196, 0.8153316330107123], "ALPHAS": [0.04088018048912461, 0.04087033679639655, 0.0411269095040034, 0.041869391773110144, 0.043935068557085726, 0.048291637234953305, 0.057360244844505415, 0.07546884762393853, 0.11064289950958855, 0.11341312640539795, 0.11970232713606688, 0.13063949480743156, 0.13642606975039326, 0.14781420860856295, 0.17242508985126204, 0.22219018868074034, 0.27608512084464637, 0.28133686641418676, 0.27425978695559616, 0.29633986426553743], "precision": [0.6216559634602836, 0.6412232720039781, 0.6350512955679007, 0.6178962650125379]}