{"time": "181203_1216", "filename": "T-BN2341348.png", "betas": 0.35, "gammas": 0.5, "c": [null, null, null, null, null, null, null, null, null, null, null, null, null, null, null, null, null, null, null, null], "sigmas": [0.3535533905932738, 0.42430038556704713, 0.509204046637051, 0.6110971611893001, 0.7333793650697374, 0.8801305705026543, 1.056247091244063, 1.2676050067484605, 1.521256215949647, 1.8256637219362655, 2.1909839977307937, 2.6294058542288297, 3.1555571165346046, 3.786992677337216, 4.5447802110947535, 5.454203091219559, 6.545603962903889, 7.855397117162168, 9.427283443672305, 11.313708498984761], "border_radii": [12, 12, 12, 12, 12, 12, 12, 12, 12, 12, 12, 12, 12, 15, 18, 21, 26, 31, 37, 45], "counts": {"TP": 32621, "TN": 418846, "FP": 38644, "FN": 48797}, "counts_FA": {"TP": 10500, "TN": 453234, "FP": 4256, "FN": 70918}, "counts_rw": {"TP": 17716, "TN": 445650, "FP": 11840, "FN": 63702}, "counts_S": {"TP": 22522, "TN": 442556, "FP": 14934, "FN": 58896}, "pnc": [0.5200179533213645, 0.16077199281867147, 0.24928186714542191, 0.3670556552962298], "mcc": [0.33427616234952706, 0.2625979526757153, 0.3015576310923179, 0.3435795172140593], "scale_maxes": [0.9921972432888991, 0.9932320396897821, 0.9946317217647752, 0.9964222880030134, 0.9984349849745365, 0.9965277686708076, 0.9938396955284211, 0.9888684909468487, 0.9811856909221941, 0.9760680893183573, 0.9369469302790848, 0.9963210500952941, 0.9960762013544773, 0.9977362028449978, 0.9977848528265789, 0.977134145255319, 0.8831590283167913, 0.8562374334027054, 0.8146859690735812, 0.8651725214074346], "ALPHAS": [0.04088018048912461, 0.04087033679639655, 0.0411269095040034, 0.041869391773110144, 0.043935068557085726, 0.048291637234953305, 0.057360244844505415, 0.07546884762393853, 0.11064289950958855, 0.11341312640539795, 0.11970232713606688, 0.13063949480743156, 0.13642606975039326, 0.14781420860856295, 0.17242508985126204, 0.22219018868074034, 0.27608512084464637, 0.28133686641418676, 0.27425978695559616, 0.29633986426553743], "precision": [0.4577422297060268, 0.7115749525616698, 0.5994045202327785, 0.6012921828278514]}