{"time": "181203_1337", "filename": "T-BN9430295.png", "betas": 0.35, "gammas": 0.5, "c": [null, null, null, null, null, null, null, null, null, null, null, null, null, null, null, null, null, null, null, null], "sigmas": [0.3535533905932738, 0.42430038556704713, 0.509204046637051, 0.6110971611893001, 0.7333793650697374, 0.8801305705026543, 1.056247091244063, 1.2676050067484605, 1.521256215949647, 1.8256637219362655, 2.1909839977307937, 2.6294058542288297, 3.1555571165346046, 3.786992677337216, 4.5447802110947535, 5.454203091219559, 6.545603962903889, 7.855397117162168, 9.427283443672305, 11.313708498984761], "border_radii": [12, 12, 12, 12, 12, 12, 12, 12, 12, 12, 12, 12, 12, 15, 18, 21, 26, 31, 37, 45], "counts": {"TP": 23317, "TN": 570489, "FP": 25373, "FN": 36291}, "counts_FA": {"TP": 6615, "TN": 592669, "FP": 3193, "FN": 52993}, "counts_rw": {"TP": 12112, "TN": 586529, "FP": 9333, "FN": 47496}, "counts_S": {"TP": 20625, "TN": 575160, "FP": 20702, "FN": 38983}, "pnc": [0.5439014288672603, 0.17281010561192794, 0.27707599917167114, 0.4648995651273556], "mcc": [0.3822125344505588, 0.2501287969149508, 0.30309752401356715, 0.36822004446496603], "scale_maxes": [0.9821958372474977, 0.978293510583676, 0.9721028678136723, 0.9758426241394723, 0.9802845271081597, 0.9930222514530477, 0.999738375820675, 0.9959774175587877, 0.9949078724422955, 0.9983608139524156, 0.9882802553557976, 0.9837198280793283, 0.9924352496445267, 0.995696174264996, 0.9762888628209214, 0.8383355966431293, 0.8313479608568141, 0.795973031541618, 0.7329637194383647, 0.8425667508235044], "ALPHAS": [0.04088018048912461, 0.04087033679639655, 0.0411269095040034, 0.041869391773110144, 0.043935068557085726, 0.048291637234953305, 0.057360244844505415, 0.07546884762393853, 0.11064289950958855, 0.11341312640539795, 0.11970232713606688, 0.13063949480743156, 0.13642606975039326, 0.14781420860856295, 0.17242508985126204, 0.22219018868074034, 0.27608512084464637, 0.28133686641418676, 0.27425978695559616, 0.29633986426553743], "precision": [0.4788868350790717, 0.6744494290375204, 0.5647936581953835, 0.4990684056428001]}