{"time": "181203_1258", "filename": "T-BN5852719.png", "betas": 0.35, "gammas": 0.5, "c": [null, null, null, null, null, null, null, null, null, null, null, null, null, null, null, null, null, null, null, null], "sigmas": [0.3535533905932738, 0.42430038556704713, 0.509204046637051, 0.6110971611893001, 0.7333793650697374, 0.8801305705026543, 1.056247091244063, 1.2676050067484605, 1.521256215949647, 1.8256637219362655, 2.1909839977307937, 2.6294058542288297, 3.1555571165346046, 3.786992677337216, 4.5447802110947535, 5.454203091219559, 6.545603962903889, 7.855397117162168, 9.427283443672305, 11.313708498984761], "border_radii": [12, 12, 12, 12, 12, 12, 12, 12, 12, 12, 12, 12, 12, 15, 18, 21, 26, 31, 37, 45], "counts": {"TP": 15015, "TN": 334419, "FP": 17444, "FN": 28977}, "counts_FA": {"TP": 2775, "TN": 349854, "FP": 2009, "FN": 41217}, "counts_rw": {"TP": 5623, "TN": 346074, "FP": 5789, "FN": 38369}, "counts_S": {"TP": 13015, "TN": 339851, "FP": 12012, "FN": 30977}, "pnc": [0.4533434650455927, 0.07401215805471124, 0.14954407294832828, 0.39498480243161094], "mcc": [0.33419962197933106, 0.16501956289235178, 0.20918496210526163, 0.33799082078772996], "scale_maxes": [0.7117818267213843, 0.7194265146106495, 0.7298158260645109, 0.7434750390745856, 0.7603937690155075, 0.7223076249468554, 0.7274405798732276, 0.6987639491220742, 0.6631471594797353, 0.6979608772078301, 0.6859101218804301, 0.7231896086229339, 0.7598994498119827, 0.9563116138624996, 0.9983845876964115, 0.9968562891880584, 0.9933149443117328, 0.9899684043264244, 0.9773026148360918, 0.9203293968392433], "ALPHAS": [0.04088018048912461, 0.04087033679639655, 0.0411269095040034, 0.041869391773110144, 0.043935068557085726, 0.048291637234953305, 0.057360244844505415, 0.07546884762393853, 0.11064289950958855, 0.11341312640539795, 0.11970232713606688, 0.13063949480743156, 0.13642606975039326, 0.14781420860856295, 0.17242508985126204, 0.22219018868074034, 0.27608512084464637, 0.28133686641418676, 0.27425978695559616, 0.29633986426553743], "precision": [0.46258356696139746, 0.5800585284280937, 0.492726954083421, 0.5200383585727414]}