{"time": "181203_1237", "filename": "T-BN3221123.png", "betas": 0.35, "gammas": 0.5, "c": [null, null, null, null, null, null, null, null, null, null, null, null, null, null, null, null, null, null, null, null], "sigmas": [0.3535533905932738, 0.42430038556704713, 0.509204046637051, 0.6110971611893001, 0.7333793650697374, 0.8801305705026543, 1.056247091244063, 1.2676050067484605, 1.521256215949647, 1.8256637219362655, 2.1909839977307937, 2.6294058542288297, 3.1555571165346046, 3.786992677337216, 4.5447802110947535, 5.454203091219559, 6.545603962903889, 7.855397117162168, 9.427283443672305, 11.313708498984761], "border_radii": [12, 12, 12, 12, 12, 12, 12, 12, 12, 12, 12, 12, 12, 15, 18, 21, 26, 31, 37, 45], "counts": {"TP": 25192, "TN": 459336, "FP": 24193, "FN": 46979}, "counts_FA": {"TP": 6673, "TN": 482094, "FP": 1435, "FN": 65498}, "counts_rw": {"TP": 12023, "TN": 479164, "FP": 4365, "FN": 60148}, "counts_S": {"TP": 20464, "TN": 468911, "FP": 14618, "FN": 51707}, "pnc": [0.5503923998347791, 0.15220983064849236, 0.24721189591078066, 0.4563197026022305], "mcc": [0.3532589170579292, 0.2508980168475076, 0.31308629953530076, 0.35015071555600097], "scale_maxes": [0.8841886649467177, 0.9034440652974499, 0.9292441435996472, 0.96256073820269, 0.993072781786633, 0.9948341400286443, 0.996035960689687, 0.9964427317532183, 0.9956813620128838, 0.9865595480737853, 0.9764112536610637, 0.9459901075148692, 0.9180949689476997, 0.9049629945275064, 0.9141546388605528, 0.9679855348244966, 0.9994081576112175, 0.9972194727324932, 0.996999488744742, 0.9906144636481362], "ALPHAS": [0.04088018048912461, 0.04087033679639655, 0.0411269095040034, 0.041869391773110144, 0.043935068557085726, 0.048291637234953305, 0.057360244844505415, 0.07546884762393853, 0.11064289950958855, 0.11341312640539795, 0.11970232713606688, 0.13063949480743156, 0.13642606975039326, 0.14781420860856295, 0.17242508985126204, 0.22219018868074034, 0.27608512084464637, 0.28133686641418676, 0.27425978695559616, 0.29633986426553743], "precision": [0.5101144072086666, 0.8230143068574247, 0.7336465706614596, 0.5833190810102047]}