{"time": "181203_1416", "filename": "T-BN5934535.png", "betas": 0.35, "gammas": 0.5, "c": [null, null, null, null, null, null, null, null, null, null, null, null, null, null, null, null, null, null, null, null], "sigmas": [0.3535533905932738, 0.42430038556704713, 0.509204046637051, 0.6110971611893001, 0.7333793650697374, 0.8801305705026543, 1.056247091244063, 1.2676050067484605, 1.521256215949647, 1.8256637219362655, 2.1909839977307937, 2.6294058542288297, 3.1555571165346046, 3.786992677337216, 4.5447802110947535, 5.454203091219559, 6.545603962903889, 7.855397117162168, 9.427283443672305, 11.313708498984761], "border_radii": [12, 12, 12, 12, 12, 12, 12, 12, 12, 12, 12, 12, 12, 15, 18, 21, 26, 31, 37, 45], "counts": {"TP": 20680, "TN": 524179, "FP": 48555, "FN": 39117}, "counts_FA": {"TP": 7897, "TN": 568072, "FP": 4662, "FN": 51900}, "counts_rw": {"TP": 13010, "TN": 561048, "FP": 11686, "FN": 46787}, "counts_S": {"TP": 16695, "TN": 549195, "FP": 23539, "FN": 43102}, "pnc": [0.4884643644379133, 0.1778104335047759, 0.2750918442321822, 0.3831006612784717], "mcc": [0.24463802117524525, 0.25990016400453686, 0.29781122869967713, 0.2854306060796021], "scale_maxes": [0.9930464867818332, 0.9922260709443648, 0.9908706884147448, 0.9885430797586006, 0.9843786353001844, 0.9766459846279184, 0.9744408192706917, 0.9638479805400127, 0.9459132756031965, 0.9394814381311544, 0.9438506469716217, 0.9580561013670676, 0.9810580957681246, 0.9767399091154809, 0.9657313318233262, 0.9635858615196152, 0.9790330607051871, 0.9894467796174745, 0.9299053221507423, 0.9401035878883733], "ALPHAS": [0.04088018048912461, 0.04087033679639655, 0.0411269095040034, 0.041869391773110144, 0.043935068557085726, 0.048291637234953305, 0.057360244844505415, 0.07546884762393853, 0.11064289950958855, 0.11341312640539795, 0.11970232713606688, 0.13063949480743156, 0.13642606975039326, 0.14781420860856295, 0.17242508985126204, 0.22219018868074034, 0.27608512084464637, 0.28133686641418676, 0.27425978695559616, 0.29633986426553743], "precision": [0.29869285765869863, 0.6287921012819492, 0.5268059604794298, 0.41494755679276235]}