{"time": "181203_1425", "filename": "T-BN6577513.png", "betas": 0.35, "gammas": 0.5, "c": [null, null, null, null, null, null, null, null, null, null, null, null, null, null, null, null, null, null, null, null], "sigmas": [0.3535533905932738, 0.42430038556704713, 0.509204046637051, 0.6110971611893001, 0.7333793650697374, 0.8801305705026543, 1.056247091244063, 1.2676050067484605, 1.521256215949647, 1.8256637219362655, 2.1909839977307937, 2.6294058542288297, 3.1555571165346046, 3.786992677337216, 4.5447802110947535, 5.454203091219559, 6.545603962903889, 7.855397117162168, 9.427283443672305, 11.313708498984761], "border_radii": [12, 12, 12, 12, 12, 12, 12, 12, 12, 12, 12, 12, 12, 15, 18, 21, 26, 31, 37, 45], "counts": {"TP": 38168, "TN": 511259, "FP": 82461, "FN": 68927}, "counts_FA": {"TP": 13365, "TN": 571715, "FP": 22005, "FN": 93730}, "counts_rw": {"TP": 26831, "TN": 551264, "FP": 42456, "FN": 80264}, "counts_S": {"TP": 15761, "TN": 566575, "FP": 27145, "FN": 91334}, "pnc": [0.44996702934388394, 0.142433234421365, 0.2768710847345862, 0.20689086712825586], "mcc": [0.20731728058587884, 0.14419954741688137, 0.2158090459722851, 0.15225720117933728], "scale_maxes": [0.9041174264128735, 0.9119011022463716, 0.9241843176931006, 0.9414036162935067, 0.9697058092432987, 0.9720864534207262, 0.9414391406043782, 0.9632146803687802, 0.953869458401023, 0.9648060576850225, 0.9986681115544332, 0.9883375857183454, 0.9262955466925286, 0.9064702473523957, 0.9299574261333863, 0.9138884570072325, 0.8666849857057166, 0.8717184326657215, 0.9354491244156654, 0.9405907202095257], "ALPHAS": [0.04088018048912461, 0.04087033679639655, 0.0411269095040034, 0.041869391773110144, 0.043935068557085726, 0.048291637234953305, 0.057360244844505415, 0.07546884762393853, 0.11064289950958855, 0.11341312640539795, 0.11970232713606688, 0.13063949480743156, 0.13642606975039326, 0.14781420860856295, 0.17242508985126204, 0.22219018868074034, 0.27608512084464637, 0.28133686641418676, 0.27425978695559616, 0.29633986426553743], "precision": [0.31640816055840637, 0.37786259541984735, 0.38724436041393046, 0.3673379014590034]}