{"time": "181203_1257", "filename": "T-BN5766074.png", "betas": 0.35, "gammas": 0.5, "c": [null, null, null, null, null, null, null, null, null, null, null, null, null, null, null, null, null, null, null, null], "sigmas": [0.3535533905932738, 0.42430038556704713, 0.509204046637051, 0.6110971611893001, 0.7333793650697374, 0.8801305705026543, 1.056247091244063, 1.2676050067484605, 1.521256215949647, 1.8256637219362655, 2.1909839977307937, 2.6294058542288297, 3.1555571165346046, 3.786992677337216, 4.5447802110947535, 5.454203091219559, 6.545603962903889, 7.855397117162168, 9.427283443672305, 11.313708498984761], "border_radii": [12, 12, 12, 12, 12, 12, 12, 12, 12, 12, 12, 12, 12, 15, 18, 21, 26, 31, 37, 45], "counts": {"TP": 28001, "TN": 449992, "FP": 32711, "FN": 33130}, "counts_FA": {"TP": 11264, "TN": 477406, "FP": 5297, "FN": 49867}, "counts_rw": {"TP": 18453, "TN": 471254, "FP": 11449, "FN": 42678}, "counts_S": {"TP": 19113, "TN": 467995, "FP": 14708, "FN": 42018}, "pnc": [0.5822125287774143, 0.2527565733672604, 0.37234944868532655, 0.41281958075851205], "mcc": [0.3914573790496199, 0.31854750593377157, 0.3854193110352215, 0.36908202705759036], "scale_maxes": [0.9427783761199026, 0.9422637611850695, 0.941572446553614, 0.94066687600549, 0.9395011432887554, 0.9379420367985736, 0.9354202828993604, 0.956885254822304, 0.9999986240533694, 0.976446064649576, 0.9564081681942104, 0.9720780037515832, 0.9487099520089562, 0.8995828363733512, 0.9165729726327481, 0.9986537869448018, 0.9737490482084522, 0.960798592324337, 0.946728747988507, 0.9277478787757191], "ALPHAS": [0.04088018048912461, 0.04087033679639655, 0.0411269095040034, 0.041869391773110144, 0.043935068557085726, 0.048291637234953305, 0.057360244844505415, 0.07546884762393853, 0.11064289950958855, 0.11341312640539795, 0.11970232713606688, 0.13063949480743156, 0.13642606975039326, 0.14781420860856295, 0.17242508985126204, 0.22219018868074034, 0.27608512084464637, 0.28133686641418676, 0.27425978695559616, 0.29633986426553743], "precision": [0.4612103043879299, 0.6801521647243524, 0.6171159119791318, 0.5651222613169332]}