{"time": "181203_1212", "filename": "T-BN1629357.png", "betas": 0.35, "gammas": 0.5, "c": [null, null, null, null, null, null, null, null, null, null, null, null, null, null, null, null, null, null, null, null], "sigmas": [0.3535533905932738, 0.42430038556704713, 0.509204046637051, 0.6110971611893001, 0.7333793650697374, 0.8801305705026543, 1.056247091244063, 1.2676050067484605, 1.521256215949647, 1.8256637219362655, 2.1909839977307937, 2.6294058542288297, 3.1555571165346046, 3.786992677337216, 4.5447802110947535, 5.454203091219559, 6.545603962903889, 7.855397117162168, 9.427283443672305, 11.313708498984761], "border_radii": [12, 12, 12, 12, 12, 12, 12, 12, 12, 12, 12, 12, 12, 15, 18, 21, 26, 31, 37, 45], "counts": {"TP": 55907, "TN": 775335, "FP": 65121, "FN": 82134}, "counts_FA": {"TP": 18859, "TN": 830979, "FP": 9477, "FN": 119182}, "counts_rw": {"TP": 32452, "TN": 816804, "FP": 23652, "FN": 105589}, "counts_S": {"TP": 39154, "TN": 819056, "FP": 21400, "FN": 98887}, "pnc": [0.5678076513087765, 0.20152789292905365, 0.31084922420940425, 0.4151960203719057], "mcc": [0.34629571772998885, 0.2601914914698791, 0.3098612368623675, 0.3729936991941073], "scale_maxes": [0.8452942524923654, 0.8630774289928398, 0.8901812904921417, 0.9256815969448242, 0.9667622549009625, 0.95663495157599, 0.9375059190144545, 0.9898670771208219, 0.9988630172099703, 0.9957822095336369, 0.9214214948783911, 0.8629255785185782, 0.8009035655460778, 0.7317561662702793, 0.6962535996674692, 0.7072436328781248, 0.7773714393260062, 0.8624269233571707, 0.9655367611091831, 0.929470796431984], "ALPHAS": [0.04088018048912461, 0.04087033679639655, 0.0411269095040034, 0.041869391773110144, 0.043935068557085726, 0.048291637234953305, 0.057360244844505415, 0.07546884762393853, 0.11064289950958855, 0.11341312640539795, 0.11970232713606688, 0.13063949480743156, 0.13642606975039326, 0.14781420860856295, 0.17242508985126204, 0.22219018868074034, 0.27608512084464637, 0.28133686641418676, 0.27425978695559616, 0.29633986426553743], "precision": [0.46193442839673465, 0.6655491247882552, 0.5784257806929988, 0.6465964263302176]}