{"time": "181203_1219", "filename": "T-BN2421294.png", "betas": 0.35, "gammas": 0.5, "c": [null, null, null, null, null, null, null, null, null, null, null, null, null, null, null, null, null, null, null, null], "sigmas": [0.3535533905932738, 0.42430038556704713, 0.509204046637051, 0.6110971611893001, 0.7333793650697374, 0.8801305705026543, 1.056247091244063, 1.2676050067484605, 1.521256215949647, 1.8256637219362655, 2.1909839977307937, 2.6294058542288297, 3.1555571165346046, 3.786992677337216, 4.5447802110947535, 5.454203091219559, 6.545603962903889, 7.855397117162168, 9.427283443672305, 11.313708498984761], "border_radii": [12, 12, 12, 12, 12, 12, 12, 12, 12, 12, 12, 12, 12, 15, 18, 21, 26, 31, 37, 45], "counts": {"TP": 27938, "TN": 667244, "FP": 15678, "FN": 101929}, "counts_FA": {"TP": 3552, "TN": 682104, "FP": 818, "FN": 126315}, "counts_rw": {"TP": 7492, "TN": 681173, "FP": 1749, "FN": 122375}, "counts_S": {"TP": 33714, "TN": 660733, "FP": 22189, "FN": 96153}, "pnc": [0.30832930367504835, 0.046300773694390715, 0.09054642166344294, 0.33105657640232106], "mcc": [0.31245455356823576, 0.13103939982810336, 0.19052308164455375, 0.32880904576718556], "scale_maxes": [0.9243569223561117, 0.9442250764368743, 0.9706007198399269, 0.9953575870448156, 0.9954590953601399, 0.9997659002036103, 0.9986712938303229, 0.9959218492981124, 0.9902772609304344, 0.9936999321225203, 0.9633588688095586, 0.8810708561194693, 0.8096360814739816, 0.779022923516457, 0.719859562855383, 0.7311282025756387, 0.6915545045159787, 0.6418494458215966, 0.6926064193133824, 0.7952146086801062], "ALPHAS": [0.04088018048912461, 0.04087033679639655, 0.0411269095040034, 0.041869391773110144, 0.043935068557085726, 0.048291637234953305, 0.057360244844505415, 0.07546884762393853, 0.11064289950958855, 0.11341312640539795, 0.11970232713606688, 0.13063949480743156, 0.13642606975039326, 0.14781420860856295, 0.17242508985126204, 0.22219018868074034, 0.27608512084464637, 0.28133686641418676, 0.27425978695559616, 0.29633986426553743], "precision": [0.6405447542186353, 0.8128146453089244, 0.8107347689643978, 0.6030803355812747]}