{"time": "181203_1233", "filename": "T-BN2839794.png", "betas": 0.35, "gammas": 0.5, "c": [null, null, null, null, null, null, null, null, null, null, null, null, null, null, null, null, null, null, null, null], "sigmas": [0.3535533905932738, 0.42430038556704713, 0.509204046637051, 0.6110971611893001, 0.7333793650697374, 0.8801305705026543, 1.056247091244063, 1.2676050067484605, 1.521256215949647, 1.8256637219362655, 2.1909839977307937, 2.6294058542288297, 3.1555571165346046, 3.786992677337216, 4.5447802110947535, 5.454203091219559, 6.545603962903889, 7.855397117162168, 9.427283443672305, 11.313708498984761], "border_radii": [12, 12, 12, 12, 12, 12, 12, 12, 12, 12, 12, 12, 12, 15, 18, 21, 26, 31, 37, 45], "counts": {"TP": 69882, "TN": 447283, "FP": 30832, "FN": 62174}, "counts_FA": {"TP": 26856, "TN": 472573, "FP": 5542, "FN": 105200}, "counts_rw": {"TP": 47271, "TN": 465930, "FP": 12185, "FN": 84785}, "counts_S": {"TP": 36083, "TN": 470136, "FP": 7979, "FN": 95973}, "pnc": [0.6480684326710817, 0.26572847682119205, 0.4206401766004415, 0.3934878587196468], "mcc": [0.515486596955149, 0.3522117649257504, 0.4616837778008337, 0.4081670998136663], "scale_maxes": [0.9945740906406239, 0.9946530080596715, 0.9948348249235962, 0.9952195909943571, 0.9959652356284849, 0.997235092719532, 0.9908022367291834, 0.976247725862465, 0.9976376875162947, 0.9874920588554351, 0.9324643413336411, 0.8877261323375825, 0.8580075952336681, 0.933608290090866, 0.9809184272527908, 0.9629716952525121, 0.9296289464026882, 0.9088175382990198, 0.8910824551728908, 0.8821317805640178], "ALPHAS": [0.04088018048912461, 0.04087033679639655, 0.0411269095040034, 0.041869391773110144, 0.043935068557085726, 0.048291637234953305, 0.057360244844505415, 0.07546884762393853, 0.11064289950958855, 0.11341312640539795, 0.11970232713606688, 0.13063949480743156, 0.13642606975039326, 0.14781420860856295, 0.17242508985126204, 0.22219018868074034, 0.27608512084464637, 0.28133686641418676, 0.27425978695559616, 0.29633986426553743], "precision": [0.6938657982008459, 0.8289400580282733, 0.7950585306781486, 0.8189142571830602]}