{"time": "181203_1156", "filename": "T-BN0464750.png", "betas": 0.35, "gammas": 0.5, "c": [null, null, null, null, null, null, null, null, null, null, null, null, null, null, null, null, null, null, null, null], "sigmas": [0.3535533905932738, 0.42430038556704713, 0.509204046637051, 0.6110971611893001, 0.7333793650697374, 0.8801305705026543, 1.056247091244063, 1.2676050067484605, 1.521256215949647, 1.8256637219362655, 2.1909839977307937, 2.6294058542288297, 3.1555571165346046, 3.786992677337216, 4.5447802110947535, 5.454203091219559, 6.545603962903889, 7.855397117162168, 9.427283443672305, 11.313708498984761], "border_radii": [12, 12, 12, 12, 12, 12, 12, 12, 12, 12, 12, 12, 12, 15, 18, 21, 26, 31, 37, 45], "counts": {"TP": 31179, "TN": 530123, "FP": 31166, "FN": 44179}, "counts_FA": {"TP": 11050, "TN": 555961, "FP": 5328, "FN": 64308}, "counts_rw": {"TP": 18731, "TN": 549978, "FP": 11311, "FN": 56627}, "counts_S": {"TP": 23292, "TN": 545469, "FP": 15820, "FN": 52066}, "pnc": [0.580221093516582, 0.2564485609003087, 0.34916840952096406, 0.4710686186634797], "mcc": [0.38934620142944476, 0.2798367082150465, 0.3479786198416326, 0.37789595726078334], "scale_maxes": [0.9976647558991545, 0.997701493276268, 0.9977535778794678, 0.9978271872470059, 0.9797305891486646, 0.9352579993342618, 0.9355096079575308, 0.9692437451653864, 0.9907518486241123, 0.9990715702363583, 0.9693233847440564, 0.9576325133896534, 0.953972424676892, 0.9864884723080375, 0.9628416746796973, 0.9186936801802479, 0.8752825559141866, 0.8056204910370472, 0.8328976616166089, 0.8771120420095855], "ALPHAS": [0.04088018048912461, 0.04087033679639655, 0.0411269095040034, 0.041869391773110144, 0.043935068557085726, 0.048291637234953305, 0.057360244844505415, 0.07546884762393853, 0.11064289950958855, 0.11341312640539795, 0.11970232713606688, 0.13063949480743156, 0.13642606975039326, 0.14781420860856295, 0.17242508985126204, 0.22219018868074034, 0.27608512084464637, 0.28133686641418676, 0.27425978695559616, 0.29633986426553743], "precision": [0.5001042585612319, 0.6746855537916717, 0.623493775381133, 0.595520556350992]}