{"time": "181203_1256", "filename": "T-BN5602970.png", "betas": 0.35, "gammas": 0.5, "c": [null, null, null, null, null, null, null, null, null, null, null, null, null, null, null, null, null, null, null, null], "sigmas": [0.3535533905932738, 0.42430038556704713, 0.509204046637051, 0.6110971611893001, 0.7333793650697374, 0.8801305705026543, 1.056247091244063, 1.2676050067484605, 1.521256215949647, 1.8256637219362655, 2.1909839977307937, 2.6294058542288297, 3.1555571165346046, 3.786992677337216, 4.5447802110947535, 5.454203091219559, 6.545603962903889, 7.855397117162168, 9.427283443672305, 11.313708498984761], "border_radii": [12, 12, 12, 12, 12, 12, 12, 12, 12, 12, 12, 12, 12, 15, 18, 21, 26, 31, 37, 45], "counts": {"TP": 16342, "TN": 185406, "FP": 15190, "FN": 17896}, "counts_FA": {"TP": 4301, "TN": 199357, "FP": 1239, "FN": 29937}, "counts_rw": {"TP": 7888, "TN": 197615, "FP": 2981, "FN": 26350}, "counts_S": {"TP": 9518, "TN": 194991, "FP": 5605, "FN": 24720}, "pnc": [0.6627501376904719, 0.1962548191665137, 0.33155865614099506, 0.4240866532035983], "mcc": [0.41566410603825404, 0.2777337534650119, 0.36201893112255085, 0.3595036866750829], "scale_maxes": [0.9590343954647184, 0.9569728122740048, 0.9540457163174186, 0.9523202383322181, 0.9319596815991631, 0.9192710898657814, 0.9487580144047052, 0.9856610576998804, 0.9876037376090603, 0.9827341732277353, 0.9776072167509069, 0.9561756977306736, 0.940441309174514, 0.9113337568338239, 0.8947190905732917, 0.9682167314979024, 0.9553165487699761, 0.8969475832473103, 0.7523055269298826, 0.7027833442335586], "ALPHAS": [0.04088018048912461, 0.04087033679639655, 0.0411269095040034, 0.041869391773110144, 0.043935068557085726, 0.048291637234953305, 0.057360244844505415, 0.07546884762393853, 0.11064289950958855, 0.11341312640539795, 0.11970232713606688, 0.13063949480743156, 0.13642606975039326, 0.14781420860856295, 0.17242508985126204, 0.22219018868074034, 0.27608512084464637, 0.28133686641418676, 0.27425978695559616, 0.29633986426553743], "precision": [0.5182671571736649, 0.7763537906137185, 0.725733738154384, 0.6293724790054883]}