{"time": "181203_1347", "filename": "T-BN9922415.png", "betas": 0.35, "gammas": 0.5, "c": [null, null, null, null, null, null, null, null, null, null, null, null, null, null, null, null, null, null, null, null], "sigmas": [0.3535533905932738, 0.42430038556704713, 0.509204046637051, 0.6110971611893001, 0.7333793650697374, 0.8801305705026543, 1.056247091244063, 1.2676050067484605, 1.521256215949647, 1.8256637219362655, 2.1909839977307937, 2.6294058542288297, 3.1555571165346046, 3.786992677337216, 4.5447802110947535, 5.454203091219559, 6.545603962903889, 7.855397117162168, 9.427283443672305, 11.313708498984761], "border_radii": [12, 12, 12, 12, 12, 12, 12, 12, 12, 12, 12, 12, 12, 15, 18, 21, 26, 31, 37, 45], "counts": {"TP": 30694, "TN": 492441, "FP": 37768, "FN": 45933}, "counts_FA": {"TP": 10331, "TN": 524788, "FP": 5421, "FN": 66296}, "counts_rw": {"TP": 18057, "TN": 517234, "FP": 12975, "FN": 58570}, "counts_S": {"TP": 22442, "TN": 511707, "FP": 18502, "FN": 54185}, "pnc": [0.5983038576895232, 0.20819112627986347, 0.3307477505429724, 0.4541317612989968], "mcc": [0.3457648791056216, 0.2602746615346981, 0.31843286237316104, 0.34161311783498943], "scale_maxes": [0.8472314083866466, 0.8529770333754558, 0.8610450721893934, 0.8720520987354785, 0.8862027244364766, 0.9021870504179544, 0.9148367600569928, 0.915919575660931, 0.8102482229380079, 0.7658505180541111, 0.8351454232364609, 0.963205090182428, 0.9709280291119109, 0.988062124102342, 0.995833706735953, 0.9988647630890651, 0.9933207192919323, 0.9326876901640574, 0.8424310269629348, 0.7101914535433329], "ALPHAS": [0.04088018048912461, 0.04087033679639655, 0.0411269095040034, 0.041869391773110144, 0.043935068557085726, 0.048291637234953305, 0.057360244844505415, 0.07546884762393853, 0.11064289950958855, 0.11341312640539795, 0.11970232713606688, 0.13063949480743156, 0.13642606975039326, 0.14781420860856295, 0.17242508985126204, 0.22219018868074034, 0.27608512084464637, 0.28133686641418676, 0.27425978695559616, 0.29633986426553743], "precision": [0.4483363033507639, 0.6558532249873033, 0.5818832173240526, 0.548114497850723]}