{"time": "181203_1427", "filename": "T-BN7408610.png", "betas": 0.35, "gammas": 0.5, "c": [null, null, null, null, null, null, null, null, null, null, null, null, null, null, null, null, null, null, null, null], "sigmas": [0.3535533905932738, 0.42430038556704713, 0.509204046637051, 0.6110971611893001, 0.7333793650697374, 0.8801305705026543, 1.056247091244063, 1.2676050067484605, 1.521256215949647, 1.8256637219362655, 2.1909839977307937, 2.6294058542288297, 3.1555571165346046, 3.786992677337216, 4.5447802110947535, 5.454203091219559, 6.545603962903889, 7.855397117162168, 9.427283443672305, 11.313708498984761], "border_radii": [12, 12, 12, 12, 12, 12, 12, 12, 12, 12, 12, 12, 12, 15, 18, 21, 26, 31, 37, 45], "counts": {"TP": 17268, "TN": 406792, "FP": 11971, "FN": 90970}, "counts_FA": {"TP": 1460, "TN": 418607, "FP": 156, "FN": 106778}, "counts_rw": {"TP": 3393, "TN": 418380, "FP": 383, "FN": 104845}, "counts_S": {"TP": 26371, "TN": 409307, "FP": 9456, "FN": 81867}, "pnc": [0.3013709677419355, 0.025806451612903226, 0.05879032258064516, 0.3658064516129032], "mcc": [0.23109463482917744, 0.09583514007598741, 0.14576671973468164, 0.3547789179535016], "scale_maxes": [0.6388353844069524, 0.6441124054303459, 0.6518612381195847, 0.663143254630332, 0.6791300501824478, 0.7014260166079215, 0.777588677720634, 0.875731040637412, 0.9594562660540054, 0.8950489131952707, 0.8446906171082653, 0.780801897448647, 0.7289614144243893, 0.6866073493048069, 0.6605915159518331, 0.6429418894938101, 0.6561880820224762, 0.6783965656330931, 0.7294942390115133, 0.8114803289027992], "ALPHAS": [0.04088018048912461, 0.04087033679639655, 0.0411269095040034, 0.041869391773110144, 0.043935068557085726, 0.048291637234953305, 0.057360244844505415, 0.07546884762393853, 0.11064289950958855, 0.11341312640539795, 0.11970232713606688, 0.13063949480743156, 0.13642606975039326, 0.14781420860856295, 0.17242508985126204, 0.22219018868074034, 0.27608512084464637, 0.28133686641418676, 0.27425978695559616, 0.29633986426553743], "precision": [0.5905810732241185, 0.9034653465346535, 0.8985699152542372, 0.7360649789265079]}