{"time": "181203_1404", "filename": "T-BN3817093.png", "betas": 0.35, "gammas": 0.5, "c": [null, null, null, null, null, null, null, null, null, null, null, null, null, null, null, null, null, null, null, null], "sigmas": [0.3535533905932738, 0.42430038556704713, 0.509204046637051, 0.6110971611893001, 0.7333793650697374, 0.8801305705026543, 1.056247091244063, 1.2676050067484605, 1.521256215949647, 1.8256637219362655, 2.1909839977307937, 2.6294058542288297, 3.1555571165346046, 3.786992677337216, 4.5447802110947535, 5.454203091219559, 6.545603962903889, 7.855397117162168, 9.427283443672305, 11.313708498984761], "border_radii": [12, 12, 12, 12, 12, 12, 12, 12, 12, 12, 12, 12, 12, 15, 18, 21, 26, 31, 37, 45], "counts": {"TP": 14595, "TN": 392634, "FP": 22411, "FN": 61535}, "counts_FA": {"TP": 1614, "TN": 412919, "FP": 2126, "FN": 74516}, "counts_rw": {"TP": 3406, "TN": 410610, "FP": 4435, "FN": 72724}, "counts_S": {"TP": 14628, "TN": 398097, "FP": 16948, "FN": 61502}, "pnc": [0.28774617067833697, 0.02755122339367416, 0.05201909687686493, 0.24815993634374378], "mcc": [0.18882605140152584, 0.06693756474871461, 0.09832864973094312, 0.22326857258425406], "scale_maxes": [0.9976052870630828, 0.9976705568139159, 0.9977106653161694, 0.9976685280968377, 0.9974212005862563, 0.9855877217981076, 0.9708906372003906, 0.989114477221624, 0.986537827674041, 0.9723744505793341, 0.9377010017932762, 0.9006066260217381, 0.8641947554542363, 0.8408572576540735, 0.8338847094132753, 0.914533895257074, 0.9832069115615986, 0.9747435944129889, 0.9790128847880903, 0.9159568740028682], "ALPHAS": [0.04088018048912461, 0.04087033679639655, 0.0411269095040034, 0.041869391773110144, 0.043935068557085726, 0.048291637234953305, 0.057360244844505415, 0.07546884762393853, 0.11064289950958855, 0.11341312640539795, 0.11970232713606688, 0.13063949480743156, 0.13642606975039326, 0.14781420860856295, 0.17242508985126204, 0.22219018868074034, 0.27608512084464637, 0.28133686641418676, 0.27425978695559616, 0.29633986426553743], "precision": [0.3943955034318759, 0.43155080213903746, 0.43438336946818007, 0.4632632379022042]}