{"time": "181203_1317", "filename": "T-BN7871142.png", "betas": 0.35, "gammas": 0.5, "c": [null, null, null, null, null, null, null, null, null, null, null, null, null, null, null, null, null, null, null, null], "sigmas": [0.3535533905932738, 0.42430038556704713, 0.509204046637051, 0.6110971611893001, 0.7333793650697374, 0.8801305705026543, 1.056247091244063, 1.2676050067484605, 1.521256215949647, 1.8256637219362655, 2.1909839977307937, 2.6294058542288297, 3.1555571165346046, 3.786992677337216, 4.5447802110947535, 5.454203091219559, 6.545603962903889, 7.855397117162168, 9.427283443672305, 11.313708498984761], "border_radii": [12, 12, 12, 12, 12, 12, 12, 12, 12, 12, 12, 12, 12, 15, 18, 21, 26, 31, 37, 45], "counts": {"TP": 24880, "TN": 377272, "FP": 15841, "FN": 48624}, "counts_FA": {"TP": 4827, "TN": 391944, "FP": 1169, "FN": 68677}, "counts_rw": {"TP": 9846, "TN": 390194, "FP": 2919, "FN": 63658}, "counts_S": {"TP": 19401, "TN": 380028, "FP": 13085, "FN": 54103}, "pnc": [0.4654575096800489, 0.09649480334216426, 0.17454656613001834, 0.35459547585082535], "mcc": [0.38489683740257596, 0.20279287910337718, 0.2825714709360899, 0.33016155259482194], "scale_maxes": [0.7789309167787386, 0.7837796598724834, 0.7905366900249827, 0.7996181746921018, 0.8109178480096633, 0.8226210165573674, 0.8286334352068675, 0.8131524021248472, 0.8735110535229612, 0.8535172922709723, 0.9128294184165099, 0.90541938338895, 0.897291601361864, 0.8588136814494163, 0.7812206413005102, 0.6847122239676006, 0.7970129696089199, 0.8315320692198485, 0.7777575294942355, 0.7158755291622491], "ALPHAS": [0.04088018048912461, 0.04087033679639655, 0.0411269095040034, 0.041869391773110144, 0.043935068557085726, 0.048291637234953305, 0.057360244844505415, 0.07546884762393853, 0.11064289950958855, 0.11341312640539795, 0.11970232713606688, 0.13063949480743156, 0.13642606975039326, 0.14781420860856295, 0.17242508985126204, 0.22219018868074034, 0.27608512084464637, 0.28133686641418676, 0.27425978695559616, 0.29633986426553743], "precision": [0.6109869600451855, 0.8050366911274183, 0.7713278495887191, 0.5972111063227237]}