{"time": "181203_1144", "filename": "T-BN0224265.png", "betas": 0.35, "gammas": 0.5, "c": [null, null, null, null, null, null, null, null, null, null, null, null, null, null, null, null, null, null, null, null], "sigmas": [0.3535533905932738, 0.42430038556704713, 0.509204046637051, 0.6110971611893001, 0.7333793650697374, 0.8801305705026543, 1.056247091244063, 1.2676050067484605, 1.521256215949647, 1.8256637219362655, 2.1909839977307937, 2.6294058542288297, 3.1555571165346046, 3.786992677337216, 4.5447802110947535, 5.454203091219559, 6.545603962903889, 7.855397117162168, 9.427283443672305, 11.313708498984761], "border_radii": [12, 12, 12, 12, 12, 12, 12, 12, 12, 12, 12, 12, 12, 15, 18, 21, 26, 31, 37, 45], "counts": {"TP": 37901, "TN": 507311, "FP": 36983, "FN": 48999}, "counts_FA": {"TP": 13439, "TN": 539006, "FP": 5288, "FN": 73461}, "counts_rw": {"TP": 22851, "TN": 532640, "FP": 11654, "FN": 64049}, "counts_S": {"TP": 25286, "TN": 530574, "FP": 13720, "FN": 61614}, "pnc": [0.6105728529771424, 0.22368544821747718, 0.3581036591101496, 0.44182108926723734], "mcc": [0.3923335449284159, 0.29432051968322187, 0.3661102087077205, 0.38031111747336444], "scale_maxes": [0.9956698137037341, 0.9959754430210547, 0.9962481025055324, 0.9963384243388423, 0.9959405601905668, 0.9944439592467548, 0.9903329987101953, 0.9909182325691254, 0.9664442911577197, 0.9064972694977291, 0.8757279193935613, 0.9475188110862331, 0.9861814051645589, 0.9887436624030917, 0.9422944116738076, 0.949756764066243, 0.9896769262431215, 0.9848476773315724, 0.9967928376587291, 0.9975342185191405], "ALPHAS": [0.04088018048912461, 0.04087033679639655, 0.0411269095040034, 0.041869391773110144, 0.043935068557085726, 0.048291637234953305, 0.057360244844505415, 0.07546884762393853, 0.11064289950958855, 0.11341312640539795, 0.11970232713606688, 0.13063949480743156, 0.13642606975039326, 0.14781420860856295, 0.17242508985126204, 0.22219018868074034, 0.27608512084464637, 0.28133686641418676, 0.27425978695559616, 0.29633986426553743], "precision": [0.5061294802628065, 0.717626955732365, 0.6622518475583249, 0.6482592421678716]}