{"time": "181203_1238", "filename": "T-BN3307587.png", "betas": 0.35, "gammas": 0.5, "c": [null, null, null, null, null, null, null, null, null, null, null, null, null, null, null, null, null, null, null, null], "sigmas": [0.3535533905932738, 0.42430038556704713, 0.509204046637051, 0.6110971611893001, 0.7333793650697374, 0.8801305705026543, 1.056247091244063, 1.2676050067484605, 1.521256215949647, 1.8256637219362655, 2.1909839977307937, 2.6294058542288297, 3.1555571165346046, 3.786992677337216, 4.5447802110947535, 5.454203091219559, 6.545603962903889, 7.855397117162168, 9.427283443672305, 11.313708498984761], "border_radii": [12, 12, 12, 12, 12, 12, 12, 12, 12, 12, 12, 12, 12, 15, 18, 21, 26, 31, 37, 45], "counts": {"TP": 42672, "TN": 570434, "FP": 29303, "FN": 61543}, "counts_FA": {"TP": 14377, "TN": 596074, "FP": 3663, "FN": 89838}, "counts_rw": {"TP": 24434, "TN": 589394, "FP": 10343, "FN": 79781}, "counts_S": {"TP": 30395, "TN": 586396, "FP": 13341, "FN": 73820}, "pnc": [0.5950920245398773, 0.18000721761097077, 0.26611331649224107, 0.46705160591844097], "mcc": [0.42269931607820527, 0.29632275886207554, 0.35596957394044026, 0.3963691022257805], "scale_maxes": [0.48838325877531163, 0.5024201539345169, 0.5227948204424067, 0.552339984616068, 0.594921765755363, 0.6551793170679503, 0.7367566083227175, 0.7902482919557795, 0.8258376038833122, 0.7899483238719043, 0.7070526730307095, 0.7199574923145283, 0.7834247209786069, 0.8818460549211362, 0.9721337166159844, 0.9760209510936815, 0.9708262524721465, 0.9907585088576419, 0.929072535987991, 0.8349090129824109], "ALPHAS": [0.04088018048912461, 0.04087033679639655, 0.0411269095040034, 0.041869391773110144, 0.043935068557085726, 0.048291637234953305, 0.057360244844505415, 0.07546884762393853, 0.11064289950958855, 0.11341312640539795, 0.11970232713606688, 0.13063949480743156, 0.13642606975039326, 0.14781420860856295, 0.17242508985126204, 0.22219018868074034, 0.27608512084464637, 0.28133686641418676, 0.27425978695559616, 0.29633986426553743], "precision": [0.592872525182355, 0.7969512195121952, 0.7025907927653334, 0.694965246021584]}