{"time": "181203_1251", "filename": "T-BN4773682.png", "betas": 0.35, "gammas": 0.5, "c": [null, null, null, null, null, null, null, null, null, null, null, null, null, null, null, null, null, null, null, null], "sigmas": [0.3535533905932738, 0.42430038556704713, 0.509204046637051, 0.6110971611893001, 0.7333793650697374, 0.8801305705026543, 1.056247091244063, 1.2676050067484605, 1.521256215949647, 1.8256637219362655, 2.1909839977307937, 2.6294058542288297, 3.1555571165346046, 3.786992677337216, 4.5447802110947535, 5.454203091219559, 6.545603962903889, 7.855397117162168, 9.427283443672305, 11.313708498984761], "border_radii": [12, 12, 12, 12, 12, 12, 12, 12, 12, 12, 12, 12, 12, 15, 18, 21, 26, 31, 37, 45], "counts": {"TP": 48834, "TN": 362912, "FP": 20280, "FN": 49482}, "counts_FA": {"TP": 13934, "TN": 381733, "FP": 1459, "FN": 84382}, "counts_rw": {"TP": 24940, "TN": 379723, "FP": 3469, "FN": 73376}, "counts_S": {"TP": 26885, "TN": 377255, "FP": 5937, "FN": 71431}, "pnc": [0.6651177199504337, 0.201363073110285, 0.33434014869888473, 0.38011152416356875], "mcc": [0.5102106141736473, 0.3160361989658878, 0.4184907425979944, 0.41259250610034987], "scale_maxes": [0.9935042215436819, 0.9944206111269855, 0.9959945528602467, 0.9973076181510162, 0.9985172872241085, 0.9994007480422346, 0.999849283231329, 0.9509785022851036, 0.972768039946021, 0.9858731577032048, 0.9772927085439773, 0.9496287253488085, 0.9434191559089727, 0.9745706263577464, 0.8342813027659215, 0.7429057808421399, 0.6475771172006513, 0.574033455569783, 0.661061928685096, 0.7984451054028546], "ALPHAS": [0.04088018048912461, 0.04087033679639655, 0.0411269095040034, 0.041869391773110144, 0.043935068557085726, 0.048291637234953305, 0.057360244844505415, 0.07546884762393853, 0.11064289950958855, 0.11341312640539795, 0.11970232713606688, 0.13063949480743156, 0.13642606975039326, 0.14781420860856295, 0.17242508985126204, 0.22219018868074034, 0.27608512084464637, 0.28133686641418676, 0.27425978695559616, 0.29633986426553743], "precision": [0.7065717510200539, 0.9052166569219775, 0.8778908092505896, 0.8191152275912498]}