{"time": "181203_1320", "filename": "T-BN8159259.png", "betas": 0.35, "gammas": 0.5, "c": [null, null, null, null, null, null, null, null, null, null, null, null, null, null, null, null, null, null, null, null], "sigmas": [0.3535533905932738, 0.42430038556704713, 0.509204046637051, 0.6110971611893001, 0.7333793650697374, 0.8801305705026543, 1.056247091244063, 1.2676050067484605, 1.521256215949647, 1.8256637219362655, 2.1909839977307937, 2.6294058542288297, 3.1555571165346046, 3.786992677337216, 4.5447802110947535, 5.454203091219559, 6.545603962903889, 7.855397117162168, 9.427283443672305, 11.313708498984761], "border_radii": [12, 12, 12, 12, 12, 12, 12, 12, 12, 12, 12, 12, 12, 15, 18, 21, 26, 31, 37, 45], "counts": {"TP": 26738, "TN": 365705, "FP": 26978, "FN": 34656}, "counts_FA": {"TP": 9660, "TN": 388575, "FP": 4108, "FN": 51734}, "counts_rw": {"TP": 15552, "TN": 382238, "FP": 10445, "FN": 45842}, "counts_S": {"TP": 17528, "TN": 382480, "FP": 10203, "FN": 43866}, "pnc": [0.5837548047744285, 0.2268865061703419, 0.32733158001213836, 0.40127452963787175], "mcc": [0.38837493191081573, 0.2929148186665811, 0.33368856135075775, 0.3705840052718654], "scale_maxes": [0.9942417881572851, 0.9937358679995588, 0.9928869733422643, 0.9913962370623897, 0.9891409026173886, 0.9904802836896562, 0.991328292922397, 0.9911216952383592, 0.9925521179886914, 0.9870927029386751, 0.9998853704485224, 0.9747314812023832, 0.97875098787411, 0.9909009476292052, 0.9985756680165244, 0.9931548629117359, 0.9500915651583948, 0.9562593369991782, 0.9598128948210871, 0.8758541954133596], "ALPHAS": [0.04088018048912461, 0.04087033679639655, 0.0411269095040034, 0.041869391773110144, 0.043935068557085726, 0.048291637234953305, 0.057360244844505415, 0.07546884762393853, 0.11064289950958855, 0.11341312640539795, 0.11970232713606688, 0.13063949480743156, 0.13642606975039326, 0.14781420860856295, 0.17242508985126204, 0.22219018868074034, 0.27608512084464637, 0.28133686641418676, 0.27425978695559616, 0.29633986426553743], "precision": [0.4977660287437635, 0.7016269610691458, 0.5982228718698311, 0.6320724099383361]}