{"time": "181203_1313", "filename": "T-BN7680325.png", "betas": 0.35, "gammas": 0.5, "c": [null, null, null, null, null, null, null, null, null, null, null, null, null, null, null, null, null, null, null, null], "sigmas": [0.3535533905932738, 0.42430038556704713, 0.509204046637051, 0.6110971611893001, 0.7333793650697374, 0.8801305705026543, 1.056247091244063, 1.2676050067484605, 1.521256215949647, 1.8256637219362655, 2.1909839977307937, 2.6294058542288297, 3.1555571165346046, 3.786992677337216, 4.5447802110947535, 5.454203091219559, 6.545603962903889, 7.855397117162168, 9.427283443672305, 11.313708498984761], "border_radii": [12, 12, 12, 12, 12, 12, 12, 12, 12, 12, 12, 12, 12, 15, 18, 21, 26, 31, 37, 45], "counts": {"TP": 24362, "TN": 476972, "FP": 10380, "FN": 87072}, "counts_FA": {"TP": 5093, "TN": 486206, "FP": 1146, "FN": 106341}, "counts_rw": {"TP": 9809, "TN": 484288, "FP": 3064, "FN": 101625}, "counts_S": {"TP": 28413, "TN": 476777, "FP": 10575, "FN": 83021}, "pnc": [0.35216886696648775, 0.05882779631510228, 0.09705498331640795, 0.38205425794284054], "mcc": [0.3284929445648097, 0.16616038792230414, 0.2193303097077926, 0.36797751035129145], "scale_maxes": [0.7041588530254845, 0.7212512350865298, 0.7443927440969558, 0.7748471773010012, 0.8133311002528232, 0.859320756325301, 0.910472588331295, 0.9511228159403584, 0.880213912283919, 0.7630641667881, 0.7158719457201835, 0.6871084686095554, 0.6628383080090068, 0.6265282959069722, 0.6800712761260095, 0.7797371435415403, 0.9533505576711118, 0.9713859898484629, 0.8997427112594314, 0.8663078457383374], "ALPHAS": [0.04088018048912461, 0.04087033679639655, 0.0411269095040034, 0.041869391773110144, 0.043935068557085726, 0.048291637234953305, 0.057360244844505415, 0.07546884762393853, 0.11064289950958855, 0.11341312640539795, 0.11970232713606688, 0.13063949480743156, 0.13642606975039326, 0.14781420860856295, 0.17242508985126204, 0.22219018868074034, 0.27608512084464637, 0.28133686641418676, 0.27425978695559616, 0.29633986426553743], "precision": [0.7012261815669795, 0.8163167174226639, 0.7619824438747766, 0.7287626962142197]}