{"time": "181203_1225", "filename": "T-BN2644701.png", "betas": 0.35, "gammas": 0.5, "c": [null, null, null, null, null, null, null, null, null, null, null, null, null, null, null, null, null, null, null, null], "sigmas": [0.3535533905932738, 0.42430038556704713, 0.509204046637051, 0.6110971611893001, 0.7333793650697374, 0.8801305705026543, 1.056247091244063, 1.2676050067484605, 1.521256215949647, 1.8256637219362655, 2.1909839977307937, 2.6294058542288297, 3.1555571165346046, 3.786992677337216, 4.5447802110947535, 5.454203091219559, 6.545603962903889, 7.855397117162168, 9.427283443672305, 11.313708498984761], "border_radii": [12, 12, 12, 12, 12, 12, 12, 12, 12, 12, 12, 12, 12, 15, 18, 21, 26, 31, 37, 45], "counts": {"TP": 25632, "TN": 548886, "FP": 30344, "FN": 53807}, "counts_FA": {"TP": 4262, "TN": 574260, "FP": 4970, "FN": 75177}, "counts_rw": {"TP": 9744, "TN": 566838, "FP": 12392, "FN": 69695}, "counts_S": {"TP": 22724, "TN": 555871, "FP": 23359, "FN": 56715}, "pnc": [0.5024026512013255, 0.0951946975973488, 0.1835956917978459, 0.4251035625517813], "mcc": [0.31564629641317016, 0.12485960653883973, 0.18299829170610957, 0.3137210519629947], "scale_maxes": [0.6968522622868785, 0.7052835050182913, 0.7173218427375552, 0.7340092864850399, 0.7386031172193099, 0.7435434222920082, 0.7465889280862914, 0.8323403832015309, 0.8525022237975761, 0.8722470173289064, 0.84688193452659, 0.6869998413142139, 0.6436544632089813, 0.6456105579367061, 0.6968917887106487, 0.7191606551843204, 0.6507285080661702, 0.5896435492756603, 0.6743897283192992, 0.8117692018184574], "ALPHAS": [0.04088018048912461, 0.04087033679639655, 0.0411269095040034, 0.041869391773110144, 0.043935068557085726, 0.048291637234953305, 0.057360244844505415, 0.07546884762393853, 0.11064289950958855, 0.11341312640539795, 0.11970232713606688, 0.13063949480743156, 0.13642606975039326, 0.14781420860856295, 0.17242508985126204, 0.22219018868074034, 0.27608512084464637, 0.28133686641418676, 0.27425978695559616, 0.29633986426553743], "precision": [0.45791053308560814, 0.46165511265164644, 0.4401879291651608, 0.4931102575787167]}