{"time": "181203_1253", "filename": "T-BN4979348.png", "betas": 0.35, "gammas": 0.5, "c": [null, null, null, null, null, null, null, null, null, null, null, null, null, null, null, null, null, null, null, null], "sigmas": [0.3535533905932738, 0.42430038556704713, 0.509204046637051, 0.6110971611893001, 0.7333793650697374, 0.8801305705026543, 1.056247091244063, 1.2676050067484605, 1.521256215949647, 1.8256637219362655, 2.1909839977307937, 2.6294058542288297, 3.1555571165346046, 3.786992677337216, 4.5447802110947535, 5.454203091219559, 6.545603962903889, 7.855397117162168, 9.427283443672305, 11.313708498984761], "border_radii": [12, 12, 12, 12, 12, 12, 12, 12, 12, 12, 12, 12, 12, 15, 18, 21, 26, 31, 37, 45], "counts": {"TP": 42311, "TN": 534828, "FP": 17475, "FN": 89748}, "counts_FA": {"TP": 6267, "TN": 551401, "FP": 902, "FN": 125792}, "counts_rw": {"TP": 12762, "TN": 549908, "FP": 2395, "FN": 119297}, "counts_S": {"TP": 38705, "TN": 539156, "FP": 13147, "FN": 93354}, "pnc": [0.5139217470427662, 0.07455262359720959, 0.13612374886260237, 0.4582954200788596], "mcc": [0.4035607921714538, 0.17761095605257488, 0.24751339684746862, 0.40157621332282356], "scale_maxes": [0.992829686945034, 0.9943430837967054, 0.9957258097861471, 0.9961087995209432, 0.9980662336456547, 0.9986300601053826, 0.9987107719569392, 0.9995800587396391, 0.9996512091334175, 0.9999970056296938, 0.9974426269078858, 0.915121295447262, 0.90041656291465, 0.8056468668990763, 0.7644704261968202, 0.7037378474157151, 0.6816374248092635, 0.7349728425205904, 0.8972351237067131, 0.9244781681928175], "ALPHAS": [0.04088018048912461, 0.04087033679639655, 0.0411269095040034, 0.041869391773110144, 0.043935068557085726, 0.048291637234953305, 0.057360244844505415, 0.07546884762393853, 0.11064289950958855, 0.11341312640539795, 0.11970232713606688, 0.13063949480743156, 0.13642606975039326, 0.14781420860856295, 0.17242508985126204, 0.22219018868074034, 0.27608512084464637, 0.28133686641418676, 0.27425978695559616, 0.29633986426553743], "precision": [0.7077074900478373, 0.8741804993722974, 0.8419872006333707, 0.7464514387101752]}