{"time": "181203_1155", "filename": "T-BN0426372.png", "betas": 0.35, "gammas": 0.5, "c": [null, null, null, null, null, null, null, null, null, null, null, null, null, null, null, null, null, null, null, null], "sigmas": [0.3535533905932738, 0.42430038556704713, 0.509204046637051, 0.6110971611893001, 0.7333793650697374, 0.8801305705026543, 1.056247091244063, 1.2676050067484605, 1.521256215949647, 1.8256637219362655, 2.1909839977307937, 2.6294058542288297, 3.1555571165346046, 3.786992677337216, 4.5447802110947535, 5.454203091219559, 6.545603962903889, 7.855397117162168, 9.427283443672305, 11.313708498984761], "border_radii": [12, 12, 12, 12, 12, 12, 12, 12, 12, 12, 12, 12, 12, 15, 18, 21, 26, 31, 37, 45], "counts": {"TP": 31781, "TN": 438777, "FP": 20827, "FN": 61796}, "counts_FA": {"TP": 12199, "TN": 457887, "FP": 1717, "FN": 81378}, "counts_rw": {"TP": 20327, "TN": 454855, "FP": 4749, "FN": 73250}, "counts_S": {"TP": 22948, "TN": 451677, "FP": 7927, "FN": 70629}, "pnc": [0.4788334069818825, 0.184622182942996, 0.2759169244365886, 0.3517454706142289], "mcc": [0.37611471952986164, 0.30314181075851065, 0.3728424652051721, 0.3723182706773309], "scale_maxes": [0.9999946046926081, 0.9963957848354216, 0.9954365626505333, 0.9938566678986958, 0.9912011196457701, 0.9867231036909224, 0.9794149360089314, 0.9864480201651954, 0.9870709105578145, 0.9929646507822597, 0.987339842447225, 0.9970853236067706, 0.9985223145829306, 0.9999578997044464, 0.9546887991675728, 0.9632844473710889, 0.9962824919206936, 0.9981984069327386, 0.9995928065751483, 0.999668708379584], "ALPHAS": [0.04088018048912461, 0.04087033679639655, 0.0411269095040034, 0.041869391773110144, 0.043935068557085726, 0.048291637234953305, 0.057360244844505415, 0.07546884762393853, 0.11064289950958855, 0.11341312640539795, 0.11970232713606688, 0.13063949480743156, 0.13642606975039326, 0.14781420860856295, 0.17242508985126204, 0.22219018868074034, 0.27608512084464637, 0.28133686641418676, 0.27425978695559616, 0.29633986426553743], "precision": [0.6041096411192214, 0.8766168439206669, 0.8106157281863136, 0.7432550607287449]}