{"time": "181203_1248", "filename": "T-BN4475126.png", "betas": 0.35, "gammas": 0.5, "c": [null, null, null, null, null, null, null, null, null, null, null, null, null, null, null, null, null, null, null, null], "sigmas": [0.3535533905932738, 0.42430038556704713, 0.509204046637051, 0.6110971611893001, 0.7333793650697374, 0.8801305705026543, 1.056247091244063, 1.2676050067484605, 1.521256215949647, 1.8256637219362655, 2.1909839977307937, 2.6294058542288297, 3.1555571165346046, 3.786992677337216, 4.5447802110947535, 5.454203091219559, 6.545603962903889, 7.855397117162168, 9.427283443672305, 11.313708498984761], "border_radii": [12, 12, 12, 12, 12, 12, 12, 12, 12, 12, 12, 12, 12, 15, 18, 21, 26, 31, 37, 45], "counts": {"TP": 25716, "TN": 530100, "FP": 19118, "FN": 45674}, "counts_FA": {"TP": 8564, "TN": 546664, "FP": 2554, "FN": 62826}, "counts_rw": {"TP": 14604, "TN": 543225, "FP": 5993, "FN": 56786}, "counts_S": {"TP": 21496, "TN": 533940, "FP": 15278, "FN": 49894}, "pnc": [0.49593419945789324, 0.1671184222824563, 0.2709599027946537, 0.41471165529488735], "mcc": [0.4010429604015916, 0.2773725095034517, 0.344935005776966, 0.3693157934068677], "scale_maxes": [0.6297547036014026, 0.6246837942939575, 0.6182654234003646, 0.6163641796178696, 0.6431271098969692, 0.6804593138395394, 0.7265215203691066, 0.7697223169441952, 0.8312741798702024, 0.9289255378939578, 0.9946078835587396, 0.9849107731904932, 0.9266616756875115, 0.9176547782302411, 0.9702429342485966, 0.9673546971928176, 0.9776186425892616, 0.9000284075920033, 0.8760168462158948, 0.7982808461852512], "ALPHAS": [0.04088018048912461, 0.04087033679639655, 0.0411269095040034, 0.041869391773110144, 0.043935068557085726, 0.048291637234953305, 0.057360244844505415, 0.07546884762393853, 0.11064289950958855, 0.11341312640539795, 0.11970232713606688, 0.13063949480743156, 0.13642606975039326, 0.14781420860856295, 0.17242508985126204, 0.22219018868074034, 0.27608512084464637, 0.28133686641418676, 0.27425978695559616, 0.29633986426553743], "precision": [0.5735825489583798, 0.7702824248965642, 0.7090352964023887, 0.5845434274215479]}