{
 "time": "181027_2254",
 "filename": "T-BN0464750.png",
 "DARK_BG": false,
 "fixed_alpha": 0.1,
 "VT_alphas": [
  0.15,
  0.15,
  0.15,
  0.15,
  0.15,
  0.15,
  0.15,
  0.15,
  0.15,
  0.15,
  0.15,
  0.15,
  0.15,
  0.15,
  0.15,
  0.15,
  0.15,
  0.15,
  0.15,
  0.15,
  0.15,
  0.15,
  0.15,
  0.15,
  0.15,
  0.15,
  0.15,
  0.15,
  0.15,
  0.15
 ],
 "betas": [
  0.5,
  0.5,
  0.5,
  0.5,
  0.5,
  0.5,
  0.5,
  0.5,
  0.5,
  0.5,
  0.5,
  0.5,
  0.5,
  0.5,
  0.5,
  0.5,
  0.5,
  0.5,
  0.5,
  0.5,
  0.5,
  0.5,
  0.5,
  0.5,
  0.5,
  0.5,
  0.5,
  0.5,
  0.5,
  0.5
 ],
 "gammas": [
  0.13678526787843442,
  0.13424378577867724,
  0.131214543920281,
  0.12762562874575534,
  0.1234045246035209,
  0.11848333134373268,
  0.11280622321278337,
  0.10633929096086489,
  0.09908242889963427,
  0.09108213056505733,
  0.08329498923298251,
  0.0764472086988642,
  0.06913616698688127,
  0.0615159503526973,
  0.05562601792382544,
  0.050351301457808556,
  0.04490723180070245,
  0.03985321661449104,
  0.03583610784785197,
  0.03146955181325243,
  0.027058883474280204,
  0.023525237739660025,
  0.020112487704056544,
  0.016716044679624537,
  0.013585950614702521,
  0.011103713051821137,
  0.008773114762094641,
  0.006722712570893497,
  0.004927218794514703,
  0.004234749886231514
 ],
 "sigmas": [
  0.0625,
  0.07657957417641059,
  0.09383089889664595,
  0.11496848451351971,
  0.1408678014040415,
  0.17260153994701877,
  0.21148403890136666,
  0.25912572230678577,
  0.3174997995585356,
  0.38902399122061393,
  0.4766606654733169,
  0.5840395326174578,
  0.7156079793605562,
  0.8768152693867682,
  1.0743382393762153,
  1.3163578382858439,
  1.6128979635153644,
  1.9762406277761029,
  2.421434651923461,
  2.9669189526448583,
  3.6352862401514456,
  4.454218756482598,
  5.457634810560296,
  6.687093596849004,
  8.193516481991972,
  10.039296051173553,
  12.300880266076657,
  15.0719387643386,
  18.467242441375777,
  22.627416997969522
 ],
 "log_min": -4,
 "log_max": 4.5,
 "n_scales": 30,
 "border_radii": [
  10,
  10,
  10,
  10,
  10,
  10,
  10,
  10,
  10,
  10,
  10,
  10,
  10,
  10,
  10,
  10,
  10,
  10,
  10,
  11,
  14,
  17,
  21,
  26,
  32,
  40,
  49,
  60,
  73,
  90
 ]
}