{
 "time": "181027_2306",
 "filename": "T-BN2341348.png",
 "DARK_BG": false,
 "fixed_alpha": 0.1,
 "VT_alphas": [
  0.15,
  0.15,
  0.15,
  0.15,
  0.15,
  0.15,
  0.15,
  0.15,
  0.15,
  0.15,
  0.15,
  0.15,
  0.15,
  0.15,
  0.15,
  0.15,
  0.15,
  0.15,
  0.15,
  0.15,
  0.15,
  0.15,
  0.15,
  0.15,
  0.15,
  0.15,
  0.15,
  0.15,
  0.15,
  0.15
 ],
 "betas": [
  0.5,
  0.5,
  0.5,
  0.5,
  0.5,
  0.5,
  0.5,
  0.5,
  0.5,
  0.5,
  0.5,
  0.5,
  0.5,
  0.5,
  0.5,
  0.5,
  0.5,
  0.5,
  0.5,
  0.5,
  0.5,
  0.5,
  0.5,
  0.5,
  0.5,
  0.5,
  0.5,
  0.5,
  0.5,
  0.5
 ],
 "gammas": [
  0.10269823473457813,
  0.10112384143625885,
  0.09923777685459449,
  0.09698947378013524,
  0.09432534932402639,
  0.09119124061252275,
  0.08753620911053471,
  0.08331798665970289,
  0.07851017558088452,
  0.07311097759934368,
  0.06715266738116571,
  0.060710264410400915,
  0.05544749641241085,
  0.05067105191478959,
  0.04563043116460711,
  0.04045334941187919,
  0.03528929669732713,
  0.030291658776101845,
  0.025596944462937785,
  0.02130733025510763,
  0.01748195564718026,
  0.014632611543195806,
  0.01235256733917044,
  0.01013740267145767,
  0.008574640160682597,
  0.007265970072785179,
  0.005836518073591951,
  0.004673844425356442,
  0.0036679177036278575,
  0.002825334028797699
 ],
 "sigmas": [
  0.0625,
  0.07657957417641059,
  0.09383089889664595,
  0.11496848451351971,
  0.1408678014040415,
  0.17260153994701877,
  0.21148403890136666,
  0.25912572230678577,
  0.3174997995585356,
  0.38902399122061393,
  0.4766606654733169,
  0.5840395326174578,
  0.7156079793605562,
  0.8768152693867682,
  1.0743382393762153,
  1.3163578382858439,
  1.6128979635153644,
  1.9762406277761029,
  2.421434651923461,
  2.9669189526448583,
  3.6352862401514456,
  4.454218756482598,
  5.457634810560296,
  6.687093596849004,
  8.193516481991972,
  10.039296051173553,
  12.300880266076657,
  15.0719387643386,
  18.467242441375777,
  22.627416997969522
 ],
 "log_min": -4,
 "log_max": 4.5,
 "n_scales": 30,
 "border_radii": [
  10,
  10,
  10,
  10,
  10,
  10,
  10,
  10,
  10,
  10,
  10,
  10,
  10,
  10,
  10,
  10,
  10,
  10,
  10,
  11,
  14,
  17,
  21,
  26,
  32,
  40,
  49,
  60,
  73,
  90
 ]
}