{
 "time": "181120_0002",
 "dark_bg": false,
 "dilate_per_scale": true,
 "log_range": [
  -3,
  4
 ],
 "n_scales": 40,
 "scales": [
  0.125,
  0.14156015773094444,
  0.16031422605447898,
  0.1815528570142906,
  0.2056052086035727,
  0.2328440460818039,
  0.26369151912041167,
  0.29862570431198265,
  0.33818801443934915,
  0.38299158933399347,
  0.4337307983659618,
  0.4911920018356321,
  0.5562657380482434,
  0.6299605249474366,
  0.7134184902066215,
  0.8079330720145729,
  0.9149690648834353,
  1.0361853211506706,
  1.1734604600046263,
  1.3289219824742522,
  1.5049792436093967,
  1.7043607928571491,
  1.930156661338365,
  2.185866251395937,
  2.4754525706108557,
  2.8034036508091575,
  3.1748021039363996,
  3.5954038927821665,
  4.071727537349562,
  4.6111551393970736,
  5.22204679083924,
  5.9138701391165975,
  6.697347117549345,
  7.584620114713373,
  8.58944015814495,
  9.727380028860061,
  11.016075609554155,
  12.475499206915973,
  14.128269084026375,
  16.0
 ],
 "alphas": [
  0.04097147119893274,
  0.0411442750848072,
  0.041332461474882974,
  0.041557160421035265,
  0.04187451335783793,
  0.042299193724537706,
  0.04285765957878731,
  0.0436046805233887,
  0.04457717007066756,
  0.04571236729702528,
  0.047250480274821705,
  0.049436697763573664,
  0.05216586666227928,
  0.05589926652057402,
  0.06109384177392693,
  0.06824306506085068,
  0.07843512020855467,
  0.09286618701468159,
  0.10956976291374715,
  0.1268009318866526,
  0.149671094765524,
  0.16081939405478293,
  0.17603389803625985,
  0.19618196914396369,
  0.2262949638926819,
  0.24736742704000747,
  0.27489571167705185,
  0.3059799218668274,
  0.309392285915099,
  0.30524153538294413,
  0.2988442234228159,
  0.24394858551078713,
  0.20645512526595855,
  0.18250786708087124,
  0.16773396703945387,
  0.15035240793461274,
  0.13790599062358294,
  0.1316950486884295,
  0.13013826874032486,
  0.1303573794485147
 ],
 "betas": null,
 "use_npz_files": false,
 "remove_glare": true,
 "files": [
  "T-BN0164923.png",
  "T-BN0651415.png",
  "T-BN1328016.png",
  "T-BN1650687.png",
  "T-BN2050224.png",
  "T-BN2095839.png",
  "T-BN2432252.png",
  "T-BN4130351.png",
  "T-BN4384182.png",
  "T-BN4569506.png",
  "T-BN5280796.png",
  "T-BN5961598.png",
  "T-BN6028328.png",
  "T-BN6238549.png",
  "T-BN6746662.png",
  "T-BN7531176.png",
  "T-BN7646343.png",
  "T-BN7726580.png",
  "T-BN7753462.png",
  "T-BN7767693.png",
  "T-BN8333878.png",
  "T-BN8549337.png",
  "T-BN8789191.png",
  "T-BN8914395.png",
  "T-BN9211170.png"
 ],
 "MCCS": {
  "T-BN0164923.png": [
   0.4811714774617394,
   0.4719419274598957,
   0.6118937816145473
  ],
  "T-BN0651415.png": [
   0.47286165190633805,
   0.4386135034902727,
   0.5945666389447329
  ],
  "T-BN1328016.png": [
   0.4397682474690548,
   0.40554578498248517,
   0.5360744297203031
  ],
  "T-BN1650687.png": [
   0.45029385373348674,
   0.4437238063378707,
   0.550048084040366
  ],
  "T-BN2050224.png": [
   0.502433354471844,
   0.5005463208744954,
   0.6077314175754401
  ],
  "T-BN2095839.png": [
   0.5010901002702178,
   0.47062989017897183,
   0.6026530922611278
  ],
  "T-BN2432252.png": [
   0.44969710084001313,
   0.398842722480061,
   0.6022480423972894
  ],
  "T-BN4130351.png": [
   0.5061116952741047,
   0.5019245339362753,
   0.6504209378433461
  ],
  "T-BN4384182.png": [
   0.4942179008986442,
   0.44498487383537005,
   0.6294594719576124
  ],
  "T-BN4569506.png": [
   0.44915672935334267,
   0.4337328003075702,
   0.5284092466731259
  ],
  "T-BN5280796.png": [
   0.5383408007966606,
   0.5173182316673812,
   0.6624194270524978
  ],
  "T-BN5961598.png": [
   0.4072228294627716,
   0.3954444202645114,
   0.5013217634579025
  ],
  "T-BN6028328.png": [
   0.4416862015785477,
   0.4236423413307097,
   0.53333271748659
  ],
  "T-BN6238549.png": [
   0.4887373598033581,
   0.46613526816162343,
   0.5926287406260521
  ],
  "T-BN6746662.png": [
   0.425506288329712,
   0.3817276742806287,
   0.5323674703382341
  ],
  "T-BN7531176.png": [
   0.3995432044236181,
   0.36103336532327746,
   0.49971693695229497
  ],
  "T-BN7646343.png": [
   0.4981471072346768,
   0.48650892678070967,
   0.5978486519062773
  ],
  "T-BN7726580.png": [
   0.43490545838588446,
   0.4245276572997473,
   0.5340682188711365
  ],
  "T-BN7753462.png": [
   0.4735520335287422,
   0.43718066383407256,
   0.6047405854151844
  ],
  "T-BN7767693.png": [
   0.42517437863221635,
   0.3994619096578463,
   0.5411333933839472
  ],
  "T-BN8333878.png": [
   0.48474218362622873,
   0.4724322237884202,
   0.5755914126311411
  ],
  "T-BN8549337.png": [
   0.4819415496169421,
   0.4485360255150424,
   0.5612507070381599
  ],
  "T-BN8789191.png": [
   0.5121017791552732,
   0.513358298562503,
   0.6294491585153472
  ],
  "T-BN8914395.png": [
   0.48447790410920727,
   0.4885923955115536,
   0.5577027403723742
  ],
  "T-BN9211170.png": [
   0.46270406821034965,
   0.446911151072143,
   0.5801864988576801
  ]
 },
 "PNC": {
  "T-BN0164923.png": [
   0.581737056696669,
   0.4585737364412647,
   0.7294407262097085
  ],
  "T-BN0651415.png": [
   0.595090141925585,
   0.4283851169927119,
   0.7361718450326046
  ],
  "T-BN1328016.png": [
   0.5940685820203893,
   0.45911456476794754,
   0.6929493120410637
  ],
  "T-BN1650687.png": [
   0.511054609772275,
   0.4193013486623922,
   0.6732257351315498
  ],
  "T-BN2050224.png": [
   0.5150449101796407,
   0.42889221556886226,
   0.6639970059880239
  ],
  "T-BN2095839.png": [
   0.5421654695397712,
   0.39338919925512106,
   0.6701915403032721
  ],
  "T-BN2432252.png": [
   0.6150369466963197,
   0.4168878685701987,
   0.7270248941817921
  ],
  "T-BN4130351.png": [
   0.49270767279644895,
   0.3916719509617417,
   0.6621221729021348
  ],
  "T-BN4384182.png": [
   0.5381717231806464,
   0.3738515433934827,
   0.6788287395069073
  ],
  "T-BN4569506.png": [
   0.5774801858431265,
   0.43147034708936866,
   0.7012161792839574
  ],
  "T-BN5280796.png": [
   0.60392,
   0.4592,
   0.77024
  ],
  "T-BN5961598.png": [
   0.5641105894627021,
   0.44235785080855505,
   0.6785602503912364
  ],
  "T-BN6028328.png": [
   0.6193979933110368,
   0.5065456282847587,
   0.7439082656473961
  ],
  "T-BN6238549.png": [
   0.5830673475901692,
   0.4544366421959783,
   0.6800191509735078
  ],
  "T-BN6746662.png": [
   0.6256352917259606,
   0.44765196178084976,
   0.7179304736735109
  ],
  "T-BN7531176.png": [
   0.5607985480943739,
   0.44031054648114537,
   0.6368219399072393
  ],
  "T-BN7646343.png": [
   0.5183891819600267,
   0.3813061891671001,
   0.675310201352255
  ],
  "T-BN7726580.png": [
   0.637942053685556,
   0.5168299957392416,
   0.7315722198551342
  ],
  "T-BN7753462.png": [
   0.5786621657635249,
   0.4418583992182642,
   0.7106689171182375
  ],
  "T-BN7767693.png": [
   0.5127191474733586,
   0.4027157098659333,
   0.6710209694052939
  ],
  "T-BN8333878.png": [
   0.623463687150838,
   0.498975791433892,
   0.746461824953445
  ],
  "T-BN8549337.png": [
   0.5883689232167196,
   0.4305997273966379,
   0.7478418900499773
  ],
  "T-BN8789191.png": [
   0.6665690580771108,
   0.5366520253782333,
   0.7548072230356271
  ],
  "T-BN8914395.png": [
   0.6004136504653568,
   0.4790072388831437,
   0.6863495346432265
  ],
  "T-BN9211170.png": [
   0.6262615643397813,
   0.4932716568544996,
   0.7277123633305299
  ]
 }
}