{
 "time": "181119_2352",
 "filename": "T-BN7531176.png",
 "alphas": [
  0.05488240390198318,
  0.05517080343145083,
  0.05550360935672565,
  0.05591433262559309,
  0.05650495881675046,
  0.05729517496408912,
  0.058361866992945405,
  0.05966028585324136,
  0.06137658018466817,
  0.06372646885555353,
  0.06545137408751361,
  0.06653671253643142,
  0.06803228494229552,
  0.07032984525636934,
  0.0735760212241303,
  0.07869632817156832,
  0.08557665381989857,
  0.09438571350052484,
  0.10277956519874863,
  0.1145829422253363,
  0.13586859792274847,
  0.17189039678680107,
  0.17724608353515595,
  0.17796764257645534,
  0.1824777357192463,
  0.19156241485140593,
  0.2066661481048426,
  0.22533786292900274,
  0.24457993773744247,
  0.2561562609748121,
  0.2647316214325667,
  0.26934951303685545,
  0.22693952570426282,
  0.19974143920514642,
  0.17881351836179998,
  0.1536485211862554,
  0.12710181145510563,
  0.11128536933595956,
  0.10809576572303131,
  0.11260360179170048
 ],
 "betas": [
  0.5,
  0.5,
  0.5,
  0.5,
  0.5,
  0.5,
  0.5,
  0.5,
  0.5,
  0.5,
  0.5,
  0.5,
  0.5,
  0.5,
  0.5,
  0.5,
  0.5,
  0.5,
  0.5,
  0.5,
  0.5,
  0.5,
  0.5,
  0.5,
  0.5,
  0.5,
  0.5,
  0.5,
  0.5,
  0.5,
  0.5,
  0.5,
  0.5,
  0.5,
  0.5,
  0.5,
  0.5,
  0.5,
  0.5,
  0.5
 ],
 "gammas": [
  0.13135625277221716,
  0.1306240573883086,
  0.1296929299701402,
  0.12851163024437964,
  0.1270174806071467,
  0.12513492432961157,
  0.12277465399414665,
  0.11983392586524998,
  0.11619897889999313,
  0.111750812864939,
  0.10637583659163508,
  0.09998283504030984,
  0.09338732854239147,
  0.08708714895405598,
  0.07988501727468769,
  0.0729820801040502,
  0.06630971843314373,
  0.058769402547396876,
  0.0505827149009251,
  0.042111634109265106,
  0.033819676190020756,
  0.026865217117212657,
  0.021095389702662806,
  0.016614158511243815,
  0.013132421099877369,
  0.01029072799046665,
  0.007941874578324386,
  0.006042903365405038,
  0.004564339433113965,
  0.003516069412407558,
  0.0026905350806931297,
  0.0020670301910714556,
  0.0017923473832097475,
  0.001489065124308339,
  0.0012205112877078145,
  0.000977612768766798,
  0.0007528615700805887,
  0.000573969739189359,
  0.0004212558849391614,
  0.0003122817131616727
 ],
 "sigmas": [
  0.125,
  0.14156015773094444,
  0.16031422605447898,
  0.1815528570142906,
  0.2056052086035727,
  0.2328440460818039,
  0.26369151912041167,
  0.29862570431198265,
  0.33818801443934915,
  0.38299158933399347,
  0.4337307983659618,
  0.4911920018356321,
  0.5562657380482434,
  0.6299605249474366,
  0.7134184902066215,
  0.8079330720145729,
  0.9149690648834353,
  1.0361853211506706,
  1.1734604600046263,
  1.3289219824742522,
  1.5049792436093967,
  1.7043607928571491,
  1.930156661338365,
  2.185866251395937,
  2.4754525706108557,
  2.8034036508091575,
  3.1748021039363996,
  3.5954038927821665,
  4.071727537349562,
  4.6111551393970736,
  5.22204679083924,
  5.9138701391165975,
  6.697347117549345,
  7.584620114713373,
  8.58944015814495,
  9.727380028860061,
  11.016075609554155,
  12.475499206915973,
  14.128269084026375,
  16.0
 ],
 "border_radii": [
  10,
  10,
  10,
  10,
  10,
  10,
  10,
  10,
  10,
  10,
  10,
  10,
  10,
  10,
  10,
  10,
  10,
  10,
  10,
  10,
  10,
  10,
  10,
  10,
  10,
  11,
  12,
  14,
  16,
  18,
  20,
  23,
  26,
  30,
  34,
  38,
  44,
  49,
  56,
  64
 ]
}