{
 "time": "181119_2351",
 "filename": "T-BN6746662.png",
 "alphas": [
  0.02980751445302223,
  0.029929950122250918,
  0.030096327543602547,
  0.030289232734718195,
  0.030530619534023116,
  0.03088483495670758,
  0.031291173011163735,
  0.03186564398128906,
  0.03257125549375678,
  0.03349677000582387,
  0.03473687607547063,
  0.03635705958669758,
  0.038489410477323724,
  0.04127556971551685,
  0.04513116609159332,
  0.05030560218268115,
  0.057601349447686814,
  0.06773221180459783,
  0.08177090493508765,
  0.10158842764266848,
  0.13145226383414435,
  0.1574088398547863,
  0.18433750459811016,
  0.22242789407205532,
  0.25507560037993127,
  0.24931280891234983,
  0.2511666333714115,
  0.26187753356890753,
  0.2817957515380246,
  0.3112049762198282,
  0.26910049887196086,
  0.24223904529177842,
  0.22085933914182682,
  0.1852478983792627,
  0.15494700245341098,
  0.12314861713585926,
  0.11528816651039364,
  0.10115826118721243,
  0.09569499336079507,
  0.08910620933829376
 ],
 "betas": [
  0.5,
  0.5,
  0.5,
  0.5,
  0.5,
  0.5,
  0.5,
  0.5,
  0.5,
  0.5,
  0.5,
  0.5,
  0.5,
  0.5,
  0.5,
  0.5,
  0.5,
  0.5,
  0.5,
  0.5,
  0.5,
  0.5,
  0.5,
  0.5,
  0.5,
  0.5,
  0.5,
  0.5,
  0.5,
  0.5,
  0.5,
  0.5,
  0.5,
  0.5,
  0.5,
  0.5,
  0.5,
  0.5,
  0.5,
  0.5
 ],
 "gammas": [
  0.12562276754936344,
  0.12484792046995637,
  0.12386295305304046,
  0.12261399811735173,
  0.12103533027269764,
  0.11904798816889306,
  0.11655907837539276,
  0.11346244435022834,
  0.1096417083020737,
  0.10497704245264428,
  0.10055648495801868,
  0.09612939272981118,
  0.09082623328817038,
  0.08458936238858185,
  0.07741989540686438,
  0.0694053411410943,
  0.060881552913413656,
  0.0524441466402143,
  0.04490500917113503,
  0.03763220740047811,
  0.030345024296892214,
  0.023500302314825663,
  0.020135827532241725,
  0.017363967877521716,
  0.014799453344483382,
  0.012289691786408284,
  0.009853228800761256,
  0.007679542666640584,
  0.005870867241105882,
  0.004506637300563779,
  0.003433988288051882,
  0.002595663644314637,
  0.002177114851386638,
  0.001790220503269458,
  0.0014507505776623557,
  0.0011900306852780194,
  0.0009937415705438587,
  0.0008041192411567864,
  0.0006283920463369269,
  0.0004771563511607344
 ],
 "sigmas": [
  0.125,
  0.14156015773094444,
  0.16031422605447898,
  0.1815528570142906,
  0.2056052086035727,
  0.2328440460818039,
  0.26369151912041167,
  0.29862570431198265,
  0.33818801443934915,
  0.38299158933399347,
  0.4337307983659618,
  0.4911920018356321,
  0.5562657380482434,
  0.6299605249474366,
  0.7134184902066215,
  0.8079330720145729,
  0.9149690648834353,
  1.0361853211506706,
  1.1734604600046263,
  1.3289219824742522,
  1.5049792436093967,
  1.7043607928571491,
  1.930156661338365,
  2.185866251395937,
  2.4754525706108557,
  2.8034036508091575,
  3.1748021039363996,
  3.5954038927821665,
  4.071727537349562,
  4.6111551393970736,
  5.22204679083924,
  5.9138701391165975,
  6.697347117549345,
  7.584620114713373,
  8.58944015814495,
  9.727380028860061,
  11.016075609554155,
  12.475499206915973,
  14.128269084026375,
  16.0
 ],
 "border_radii": [
  10,
  10,
  10,
  10,
  10,
  10,
  10,
  10,
  10,
  10,
  10,
  10,
  10,
  10,
  10,
  10,
  10,
  10,
  10,
  10,
  10,
  10,
  10,
  10,
  10,
  11,
  12,
  14,
  16,
  18,
  20,
  23,
  26,
  30,
  34,
  38,
  44,
  49,
  56,
  64
 ]
}