{
 "time": "181119_2350",
 "filename": "T-BN6238549.png",
 "alphas": [
  0.044619979320020056,
  0.044891345897341485,
  0.045224583888933176,
  0.0456643946556301,
  0.046215793879345844,
  0.04692121203910442,
  0.04783342669229731,
  0.049038556873003236,
  0.05034652453572519,
  0.05190997242637915,
  0.05391593260497384,
  0.056595003266402176,
  0.06016718593765694,
  0.06482524454923663,
  0.07130203860304546,
  0.08027254913272162,
  0.09106704302604332,
  0.1060707611433694,
  0.1277522514699515,
  0.1508591395395818,
  0.16951238139222205,
  0.18141161303672773,
  0.19924630248161068,
  0.22998186771674511,
  0.2516115467363815,
  0.2558929171549091,
  0.2640071587729511,
  0.28159932112110464,
  0.31067453263393396,
  0.3053172550078561,
  0.2838741228347313,
  0.2691107042530299,
  0.23159959799990606,
  0.19766416226909253,
  0.16033305544615178,
  0.14070487007542704,
  0.13811476908672762,
  0.13549423306458533,
  0.13690360442451294,
  0.14171012456975607
 ],
 "betas": [
  0.5,
  0.5,
  0.5,
  0.5,
  0.5,
  0.5,
  0.5,
  0.5,
  0.5,
  0.5,
  0.5,
  0.5,
  0.5,
  0.5,
  0.5,
  0.5,
  0.5,
  0.5,
  0.5,
  0.5,
  0.5,
  0.5,
  0.5,
  0.5,
  0.5,
  0.5,
  0.5,
  0.5,
  0.5,
  0.5,
  0.5,
  0.5,
  0.5,
  0.5,
  0.5,
  0.5,
  0.5,
  0.5,
  0.5,
  0.5
 ],
 "gammas": [
  0.15495110723264802,
  0.15415021546593125,
  0.15313178833641525,
  0.15183982405211346,
  0.1502058309614935,
  0.14814725020921088,
  0.14556648789164978,
  0.1423512086354034,
  0.1383768515070598,
  0.13351265712195312,
  0.12763271404148988,
  0.12063338529470964,
  0.11245755052147881,
  0.1031239165618987,
  0.09275599961800937,
  0.08160101349723384,
  0.07002630397147874,
  0.058504385070566774,
  0.047615793550570426,
  0.037579181801772395,
  0.028722831018706926,
  0.022670511737998097,
  0.01798894277148365,
  0.013908985674043924,
  0.010886273423764475,
  0.009240837326213485,
  0.007602268088448078,
  0.0060808299017539496,
  0.004756714967227844,
  0.0036263020024041737,
  0.0031399568956080788,
  0.0025901866425224007,
  0.002089095749653829,
  0.0017439366910879193,
  0.0014325887705938726,
  0.0011987394342347674,
  0.0009289227822968637,
  0.0007381178947783232,
  0.0005683213635491073,
  0.0004438371277261256
 ],
 "sigmas": [
  0.125,
  0.14156015773094444,
  0.16031422605447898,
  0.1815528570142906,
  0.2056052086035727,
  0.2328440460818039,
  0.26369151912041167,
  0.29862570431198265,
  0.33818801443934915,
  0.38299158933399347,
  0.4337307983659618,
  0.4911920018356321,
  0.5562657380482434,
  0.6299605249474366,
  0.7134184902066215,
  0.8079330720145729,
  0.9149690648834353,
  1.0361853211506706,
  1.1734604600046263,
  1.3289219824742522,
  1.5049792436093967,
  1.7043607928571491,
  1.930156661338365,
  2.185866251395937,
  2.4754525706108557,
  2.8034036508091575,
  3.1748021039363996,
  3.5954038927821665,
  4.071727537349562,
  4.6111551393970736,
  5.22204679083924,
  5.9138701391165975,
  6.697347117549345,
  7.584620114713373,
  8.58944015814495,
  9.727380028860061,
  11.016075609554155,
  12.475499206915973,
  14.128269084026375,
  16.0
 ],
 "border_radii": [
  10,
  10,
  10,
  10,
  10,
  10,
  10,
  10,
  10,
  10,
  10,
  10,
  10,
  10,
  10,
  10,
  10,
  10,
  10,
  10,
  10,
  10,
  10,
  10,
  10,
  11,
  12,
  14,
  16,
  18,
  20,
  23,
  26,
  30,
  34,
  38,
  44,
  49,
  56,
  64
 ]
}