{
 "time": "181120_0002",
 "filename": "T-BN9211170.png",
 "alphas": [
  0.0302436073629343,
  0.030387100387137277,
  0.030598537583872588,
  0.030881535085652022,
  0.031208085495480715,
  0.03173904924681629,
  0.03235121139279072,
  0.03320388953727631,
  0.03432342357534178,
  0.03575592547984196,
  0.03768803969797762,
  0.0403309514218961,
  0.043958234642163474,
  0.04900676681437974,
  0.055931033164175276,
  0.06617738991001854,
  0.08062377913829229,
  0.09821102412153777,
  0.11583135527217737,
  0.13255599094708528,
  0.13941198042644432,
  0.13303926463029336,
  0.13554702719704362,
  0.1397423127083674,
  0.1515590224975193,
  0.168600469732719,
  0.18659685705747217,
  0.18854007034507886,
  0.17917193482045846,
  0.18114214290249933,
  0.1841783310999331,
  0.15123668652419467,
  0.13064923036633025,
  0.12128697168355863,
  0.11919747559213752,
  0.12026252306749659,
  0.12274272423878677,
  0.12147680219598227,
  0.12469352018906656,
  0.13002110930032187
 ],
 "betas": [
  0.5,
  0.5,
  0.5,
  0.5,
  0.5,
  0.5,
  0.5,
  0.5,
  0.5,
  0.5,
  0.5,
  0.5,
  0.5,
  0.5,
  0.5,
  0.5,
  0.5,
  0.5,
  0.5,
  0.5,
  0.5,
  0.5,
  0.5,
  0.5,
  0.5,
  0.5,
  0.5,
  0.5,
  0.5,
  0.5,
  0.5,
  0.5,
  0.5,
  0.5,
  0.5,
  0.5,
  0.5,
  0.5,
  0.5,
  0.5
 ],
 "gammas": [
  0.10775019865169823,
  0.1072363378994122,
  0.10658229637849767,
  0.10575160327018332,
  0.10469941017159777,
  0.10337126631915099,
  0.10170218023824901,
  0.09961635226471247,
  0.09702816827885316,
  0.09384528845750402,
  0.08997488707270689,
  0.0853341635374416,
  0.07986590280716142,
  0.07355876325366127,
  0.06646979076116613,
  0.05874347442887099,
  0.05061854123524414,
  0.04241311664085728,
  0.035228980688825136,
  0.02910539924743632,
  0.023458607840106154,
  0.019522340470735196,
  0.01593365414094806,
  0.01269964180999327,
  0.009827384778150726,
  0.007697836048906912,
  0.005905369242002591,
  0.004465771296495283,
  0.0035166173285082767,
  0.0027531573386465834,
  0.002159464987313665,
  0.0018660941923820003,
  0.0015566052879441073,
  0.0012603810493150246,
  0.0009864449879185232,
  0.0007845300348195965,
  0.0006221224178711738,
  0.0004799185895686147,
  0.0003630471595694367,
  0.0002716246119002673
 ],
 "sigmas": [
  0.125,
  0.14156015773094444,
  0.16031422605447898,
  0.1815528570142906,
  0.2056052086035727,
  0.2328440460818039,
  0.26369151912041167,
  0.29862570431198265,
  0.33818801443934915,
  0.38299158933399347,
  0.4337307983659618,
  0.4911920018356321,
  0.5562657380482434,
  0.6299605249474366,
  0.7134184902066215,
  0.8079330720145729,
  0.9149690648834353,
  1.0361853211506706,
  1.1734604600046263,
  1.3289219824742522,
  1.5049792436093967,
  1.7043607928571491,
  1.930156661338365,
  2.185866251395937,
  2.4754525706108557,
  2.8034036508091575,
  3.1748021039363996,
  3.5954038927821665,
  4.071727537349562,
  4.6111551393970736,
  5.22204679083924,
  5.9138701391165975,
  6.697347117549345,
  7.584620114713373,
  8.58944015814495,
  9.727380028860061,
  11.016075609554155,
  12.475499206915973,
  14.128269084026375,
  16.0
 ],
 "border_radii": [
  10,
  10,
  10,
  10,
  10,
  10,
  10,
  10,
  10,
  10,
  10,
  10,
  10,
  10,
  10,
  10,
  10,
  10,
  10,
  10,
  10,
  10,
  10,
  10,
  10,
  11,
  12,
  14,
  16,
  18,
  20,
  23,
  26,
  30,
  34,
  38,
  44,
  49,
  56,
  64
 ]
}