{
 "time": "181119_2348",
 "filename": "T-BN5961598.png",
 "alphas": [
  0.05357890678402307,
  0.05382325902702368,
  0.054145581341850484,
  0.05456417961661017,
  0.055011816274654284,
  0.05562972304711961,
  0.05654984730316201,
  0.05771686305131099,
  0.05913654174490477,
  0.06101953144741127,
  0.06372377729125647,
  0.06737316026460537,
  0.07206512395204609,
  0.07874178040699253,
  0.08786247911662179,
  0.10044315183207272,
  0.10882582038260166,
  0.11783631217607488,
  0.13139342776990073,
  0.14998434667735905,
  0.17197421939842716,
  0.1857477032090702,
  0.20002324464219146,
  0.21401001253468557,
  0.23082825760827866,
  0.24964820185412334,
  0.27854693690321813,
  0.3089847855626722,
  0.357421235587589,
  0.39070816498999617,
  0.3838232025504584,
  0.36641346450649914,
  0.3330630886018847,
  0.30983888448022134,
  0.2997611287545878,
  0.2778297524950374,
  0.25539186329166597,
  0.24267096063587862,
  0.23378468343190936,
  0.22577919259145823
 ],
 "betas": [
  0.5,
  0.5,
  0.5,
  0.5,
  0.5,
  0.5,
  0.5,
  0.5,
  0.5,
  0.5,
  0.5,
  0.5,
  0.5,
  0.5,
  0.5,
  0.5,
  0.5,
  0.5,
  0.5,
  0.5,
  0.5,
  0.5,
  0.5,
  0.5,
  0.5,
  0.5,
  0.5,
  0.5,
  0.5,
  0.5,
  0.5,
  0.5,
  0.5,
  0.5,
  0.5,
  0.5,
  0.5,
  0.5,
  0.5,
  0.5
 ],
 "gammas": [
  0.12690442835034088,
  0.1263427520852469,
  0.12562743227235323,
  0.12471822801940669,
  0.12356548137943517,
  0.12210861978393926,
  0.12027488574484471,
  0.11797867742027791,
  0.11512210330074109,
  0.11159762702457622,
  0.1072939577535349,
  0.10210650916703914,
  0.0959535786947331,
  0.08879854311697143,
  0.08067645018744855,
  0.07172026887550736,
  0.06217831560238411,
  0.052411740478336216,
  0.042862204668370416,
  0.03398747544937498,
  0.026176400675344706,
  0.02017091855419358,
  0.01598000740338131,
  0.012980051843568048,
  0.010170248271361815,
  0.007629097395856294,
  0.005690801750624651,
  0.004350743966876441,
  0.0032937638950660754,
  0.0026334604608499786,
  0.002492070625403633,
  0.0022983363061020085,
  0.001989417496367455,
  0.0016343085931276975,
  0.0012872527082172416,
  0.0009808073872081171,
  0.0007034450793021912,
  0.0005123846184492877,
  0.0003611484021242852,
  0.0002649504443627479
 ],
 "sigmas": [
  0.125,
  0.14156015773094444,
  0.16031422605447898,
  0.1815528570142906,
  0.2056052086035727,
  0.2328440460818039,
  0.26369151912041167,
  0.29862570431198265,
  0.33818801443934915,
  0.38299158933399347,
  0.4337307983659618,
  0.4911920018356321,
  0.5562657380482434,
  0.6299605249474366,
  0.7134184902066215,
  0.8079330720145729,
  0.9149690648834353,
  1.0361853211506706,
  1.1734604600046263,
  1.3289219824742522,
  1.5049792436093967,
  1.7043607928571491,
  1.930156661338365,
  2.185866251395937,
  2.4754525706108557,
  2.8034036508091575,
  3.1748021039363996,
  3.5954038927821665,
  4.071727537349562,
  4.6111551393970736,
  5.22204679083924,
  5.9138701391165975,
  6.697347117549345,
  7.584620114713373,
  8.58944015814495,
  9.727380028860061,
  11.016075609554155,
  12.475499206915973,
  14.128269084026375,
  16.0
 ],
 "border_radii": [
  10,
  10,
  10,
  10,
  10,
  10,
  10,
  10,
  10,
  10,
  10,
  10,
  10,
  10,
  10,
  10,
  10,
  10,
  10,
  10,
  10,
  10,
  10,
  10,
  10,
  11,
  12,
  14,
  16,
  18,
  20,
  23,
  26,
  30,
  34,
  38,
  44,
  49,
  56,
  64
 ]
}