{
 "time": "181119_2353",
 "filename": "T-BN7646343.png",
 "alphas": [
  0.03565910122992487,
  0.03583658765901659,
  0.03608698358734887,
  0.03632949913696971,
  0.036717997532423094,
  0.03717885164727457,
  0.03772750758917742,
  0.03850818220360776,
  0.03957766124937771,
  0.04091733927857184,
  0.0427524096348229,
  0.045207880382010804,
  0.04763174058210655,
  0.04955034637093133,
  0.0522964857184283,
  0.054332316080447016,
  0.055897967988772945,
  0.05870692499686074,
  0.06376386850587304,
  0.07188377440072001,
  0.08529883930305575,
  0.10159982884156271,
  0.12128303520557418,
  0.13977739350864604,
  0.15562000560413616,
  0.16912821176741974,
  0.1799997727567783,
  0.18802788207353394,
  0.1929672198720888,
  0.18615736670450095,
  0.17776364098258685,
  0.1679052788979721,
  0.12587790417812067,
  0.1031034624822415,
  0.08778224121522961,
  0.08068705451641314,
  0.08115529631416835,
  0.08391349143835329,
  0.0957710478370605,
  0.1087770606697933
 ],
 "betas": [
  0.5,
  0.5,
  0.5,
  0.5,
  0.5,
  0.5,
  0.5,
  0.5,
  0.5,
  0.5,
  0.5,
  0.5,
  0.5,
  0.5,
  0.5,
  0.5,
  0.5,
  0.5,
  0.5,
  0.5,
  0.5,
  0.5,
  0.5,
  0.5,
  0.5,
  0.5,
  0.5,
  0.5,
  0.5,
  0.5,
  0.5,
  0.5,
  0.5,
  0.5,
  0.5,
  0.5,
  0.5,
  0.5,
  0.5,
  0.5
 ],
 "gammas": [
  0.12489281367415546,
  0.12413172380249346,
  0.12316467525686034,
  0.12193913391038956,
  0.12039116438062333,
  0.11881989035861253,
  0.11684609196125201,
  0.11438066441613993,
  0.11132339028063233,
  0.10756674525181724,
  0.1030035975739156,
  0.09754004770271683,
  0.09111427850201005,
  0.08372088725503712,
  0.07584089115211011,
  0.068084510066764,
  0.059651762842517275,
  0.05082170044548249,
  0.04196646682539957,
  0.03377890546323925,
  0.028584922432922443,
  0.02371623063756415,
  0.019322509624850243,
  0.015654833490769397,
  0.012532801868934844,
  0.009844185151783067,
  0.0076242548076810935,
  0.006235245073975754,
  0.004943171279996453,
  0.0039736504728781095,
  0.003104755752044082,
  0.002370375013621738,
  0.0020140209723668767,
  0.0016786404790769113,
  0.0013564205827677812,
  0.0011198251847250533,
  0.0008602115128610289,
  0.0006735765308405525,
  0.0005227415293183661,
  0.00040879204472013065
 ],
 "sigmas": [
  0.125,
  0.14156015773094444,
  0.16031422605447898,
  0.1815528570142906,
  0.2056052086035727,
  0.2328440460818039,
  0.26369151912041167,
  0.29862570431198265,
  0.33818801443934915,
  0.38299158933399347,
  0.4337307983659618,
  0.4911920018356321,
  0.5562657380482434,
  0.6299605249474366,
  0.7134184902066215,
  0.8079330720145729,
  0.9149690648834353,
  1.0361853211506706,
  1.1734604600046263,
  1.3289219824742522,
  1.5049792436093967,
  1.7043607928571491,
  1.930156661338365,
  2.185866251395937,
  2.4754525706108557,
  2.8034036508091575,
  3.1748021039363996,
  3.5954038927821665,
  4.071727537349562,
  4.6111551393970736,
  5.22204679083924,
  5.9138701391165975,
  6.697347117549345,
  7.584620114713373,
  8.58944015814495,
  9.727380028860061,
  11.016075609554155,
  12.475499206915973,
  14.128269084026375,
  16.0
 ],
 "border_radii": [
  10,
  10,
  10,
  10,
  10,
  10,
  10,
  10,
  10,
  10,
  10,
  10,
  10,
  10,
  10,
  10,
  10,
  10,
  10,
  10,
  10,
  10,
  10,
  10,
  10,
  11,
  12,
  14,
  16,
  18,
  20,
  23,
  26,
  30,
  34,
  38,
  44,
  49,
  56,
  64
 ]
}