{
 "time": "181119_2340",
 "filename": "T-BN2050224.png",
 "alphas": [
  0.02970575230395789,
  0.029982002587237874,
  0.030325407273824916,
  0.030798794448543828,
  0.031421423896439316,
  0.03222354717615333,
  0.03328647554967109,
  0.03469513066520066,
  0.03655843376681988,
  0.03905557692781693,
  0.04244006504819453,
  0.04718264667964081,
  0.0538977176622394,
  0.06358455383116714,
  0.07790768687714576,
  0.09955485507319495,
  0.13195705149331266,
  0.14383402634432396,
  0.15877842298668723,
  0.17716493403528685,
  0.19921424591868636,
  0.21394702275729316,
  0.22236497661036642,
  0.23353845294810704,
  0.2419855626973188,
  0.2527942613463566,
  0.26441801517745656,
  0.2824781425769169,
  0.29684703757117475,
  0.28154389865762897,
  0.2571340039955306,
  0.22867966085898406,
  0.19947920112045767,
  0.1712183092189062,
  0.15352731862637486,
  0.14521724425321436,
  0.13818988273825114,
  0.13198782396443742,
  0.12536891333359765,
  0.11978639534387775
 ],
 "betas": [
  0.5,
  0.5,
  0.5,
  0.5,
  0.5,
  0.5,
  0.5,
  0.5,
  0.5,
  0.5,
  0.5,
  0.5,
  0.5,
  0.5,
  0.5,
  0.5,
  0.5,
  0.5,
  0.5,
  0.5,
  0.5,
  0.5,
  0.5,
  0.5,
  0.5,
  0.5,
  0.5,
  0.5,
  0.5,
  0.5,
  0.5,
  0.5,
  0.5,
  0.5,
  0.5,
  0.5,
  0.5,
  0.5,
  0.5,
  0.5
 ],
 "gammas": [
  0.11135491890750852,
  0.1108133300469865,
  0.11012413983378255,
  0.10924903568363127,
  0.10814095891682449,
  0.10674286089539228,
  0.10498678215432193,
  0.10279366428537498,
  0.10007451691639387,
  0.09673380718007923,
  0.09267614998860729,
  0.08781740676342474,
  0.08210089146672805,
  0.07551819183199486,
  0.06813186402584033,
  0.06079209813612877,
  0.05361392515336424,
  0.04622707465214606,
  0.03945027865941722,
  0.033454262487180614,
  0.027965260203601967,
  0.023118941781098964,
  0.01945643298486445,
  0.016390389024747893,
  0.013575408394381074,
  0.011029202659409062,
  0.008825298840365132,
  0.007144634092934527,
  0.005681964769815459,
  0.004451123542917307,
  0.0035903881585945072,
  0.0028102883726070986,
  0.002375605586563887,
  0.0019388343188069155,
  0.0015492702773100245,
  0.0012559296119735738,
  0.0009779214338064988,
  0.0007742845784223946,
  0.00059877787948358,
  0.00046773668633340597
 ],
 "sigmas": [
  0.125,
  0.14156015773094444,
  0.16031422605447898,
  0.1815528570142906,
  0.2056052086035727,
  0.2328440460818039,
  0.26369151912041167,
  0.29862570431198265,
  0.33818801443934915,
  0.38299158933399347,
  0.4337307983659618,
  0.4911920018356321,
  0.5562657380482434,
  0.6299605249474366,
  0.7134184902066215,
  0.8079330720145729,
  0.9149690648834353,
  1.0361853211506706,
  1.1734604600046263,
  1.3289219824742522,
  1.5049792436093967,
  1.7043607928571491,
  1.930156661338365,
  2.185866251395937,
  2.4754525706108557,
  2.8034036508091575,
  3.1748021039363996,
  3.5954038927821665,
  4.071727537349562,
  4.6111551393970736,
  5.22204679083924,
  5.9138701391165975,
  6.697347117549345,
  7.584620114713373,
  8.58944015814495,
  9.727380028860061,
  11.016075609554155,
  12.475499206915973,
  14.128269084026375,
  16.0
 ],
 "border_radii": [
  10,
  10,
  10,
  10,
  10,
  10,
  10,
  10,
  10,
  10,
  10,
  10,
  10,
  10,
  10,
  10,
  10,
  10,
  10,
  10,
  10,
  10,
  10,
  10,
  10,
  11,
  12,
  14,
  16,
  18,
  20,
  23,
  26,
  30,
  34,
  38,
  44,
  49,
  56,
  64
 ]
}