{
 "time": "181119_2343",
 "filename": "T-BN4130351.png",
 "alphas": [
  0.03643513639594624,
  0.036579151761837084,
  0.03673310158327596,
  0.036940228187935055,
  0.03725219558854449,
  0.037617501744033895,
  0.038130630399571194,
  0.03878038108518703,
  0.039648059054157844,
  0.0408083092028998,
  0.042341636574897666,
  0.04435052744625091,
  0.046979428875607666,
  0.050654529558658346,
  0.05574745668280951,
  0.06297243753812744,
  0.07291830495461736,
  0.08730833288415482,
  0.10031160862880995,
  0.1188212343416242,
  0.14381755972698904,
  0.17807593005202452,
  0.21183880846558525,
  0.25636608301966374,
  0.29294643514704205,
  0.30314492444609975,
  0.31955590311385634,
  0.3297666223751373,
  0.3142364195902259,
  0.3088473948945895,
  0.22918141074436243,
  0.15368395024092502,
  0.11092334294603638,
  0.08621650425196016,
  0.07358561674420865,
  0.06657241061494003,
  0.0627793158838056,
  0.06205559653144563,
  0.06504585940278598,
  0.0685077585309983
 ],
 "betas": [
  0.5,
  0.5,
  0.5,
  0.5,
  0.5,
  0.5,
  0.5,
  0.5,
  0.5,
  0.5,
  0.5,
  0.5,
  0.5,
  0.5,
  0.5,
  0.5,
  0.5,
  0.5,
  0.5,
  0.5,
  0.5,
  0.5,
  0.5,
  0.5,
  0.5,
  0.5,
  0.5,
  0.5,
  0.5,
  0.5,
  0.5,
  0.5,
  0.5,
  0.5,
  0.5,
  0.5,
  0.5,
  0.5,
  0.5,
  0.5
 ],
 "gammas": [
  0.08473892778144129,
  0.08427370187418869,
  0.08368229866957927,
  0.0830546910775128,
  0.0824197349647353,
  0.08161523019284918,
  0.08059936566681719,
  0.07932217241761788,
  0.077725289052814,
  0.07574270366007825,
  0.07330313746202984,
  0.07033492555099857,
  0.06677431560643826,
  0.0625778289896576,
  0.057738386031517035,
  0.05230297790846162,
  0.046386844660396644,
  0.04017648954224715,
  0.03391396490943438,
  0.02835962350149428,
  0.023416056843965354,
  0.018890516550540453,
  0.014917585056625177,
  0.011548722946362947,
  0.009521018974675338,
  0.007622663306238665,
  0.006064331213935891,
  0.0049266444033497425,
  0.004089064767671381,
  0.003304642697726236,
  0.002932686721179607,
  0.002461030968877925,
  0.0019781698207857207,
  0.0015960639818720743,
  0.0012614007559670973,
  0.00103132888606709,
  0.0007792778074831551,
  0.0006078946487316737,
  0.0004769993614798511,
  0.0003877472885401691
 ],
 "sigmas": [
  0.125,
  0.14156015773094444,
  0.16031422605447898,
  0.1815528570142906,
  0.2056052086035727,
  0.2328440460818039,
  0.26369151912041167,
  0.29862570431198265,
  0.33818801443934915,
  0.38299158933399347,
  0.4337307983659618,
  0.4911920018356321,
  0.5562657380482434,
  0.6299605249474366,
  0.7134184902066215,
  0.8079330720145729,
  0.9149690648834353,
  1.0361853211506706,
  1.1734604600046263,
  1.3289219824742522,
  1.5049792436093967,
  1.7043607928571491,
  1.930156661338365,
  2.185866251395937,
  2.4754525706108557,
  2.8034036508091575,
  3.1748021039363996,
  3.5954038927821665,
  4.071727537349562,
  4.6111551393970736,
  5.22204679083924,
  5.9138701391165975,
  6.697347117549345,
  7.584620114713373,
  8.58944015814495,
  9.727380028860061,
  11.016075609554155,
  12.475499206915973,
  14.128269084026375,
  16.0
 ],
 "border_radii": [
  10,
  10,
  10,
  10,
  10,
  10,
  10,
  10,
  10,
  10,
  10,
  10,
  10,
  10,
  10,
  10,
  10,
  10,
  10,
  10,
  10,
  10,
  10,
  10,
  10,
  11,
  12,
  14,
  16,
  18,
  20,
  23,
  26,
  30,
  34,
  38,
  44,
  49,
  56,
  64
 ]
}