{
 "time": "181119_2359",
 "filename": "T-BN8549337.png",
 "alphas": [
  0.05587109285886996,
  0.056135728476477575,
  0.05645394502321288,
  0.056913673050976235,
  0.057503350021120295,
  0.05824792383800213,
  0.05923058877143986,
  0.060576936923404656,
  0.06223053523818022,
  0.06461341337382628,
  0.06764853928544914,
  0.07176462742355155,
  0.07713937410922253,
  0.08384055946030097,
  0.09137900595023746,
  0.09787267450348523,
  0.10605863684231412,
  0.11786949996037296,
  0.1339947731521785,
  0.15583194587388705,
  0.18619882132289195,
  0.22092127715076354,
  0.24813574363467192,
  0.2514916859267128,
  0.261849386501053,
  0.2726407889326541,
  0.29084261363264696,
  0.3095666848627217,
  0.33019708728575714,
  0.35771473636006224,
  0.3656051847174037,
  0.3505584678792578,
  0.2925835381613016,
  0.2536817101443398,
  0.21968108161455036,
  0.19818864270695521,
  0.2018361599122902,
  0.20260380080801418,
  0.20905185771041246,
  0.21477392275817184
 ],
 "betas": [
  0.5,
  0.5,
  0.5,
  0.5,
  0.5,
  0.5,
  0.5,
  0.5,
  0.5,
  0.5,
  0.5,
  0.5,
  0.5,
  0.5,
  0.5,
  0.5,
  0.5,
  0.5,
  0.5,
  0.5,
  0.5,
  0.5,
  0.5,
  0.5,
  0.5,
  0.5,
  0.5,
  0.5,
  0.5,
  0.5,
  0.5,
  0.5,
  0.5,
  0.5,
  0.5,
  0.5,
  0.5,
  0.5,
  0.5,
  0.5
 ],
 "gammas": [
  0.14061507448042898,
  0.13995350974894158,
  0.13911120786881084,
  0.13804098125442887,
  0.13668469875229922,
  0.13497161615669037,
  0.1328170295852793,
  0.1301217315595499,
  0.12677301790512704,
  0.12264832162537992,
  0.11762287300638935,
  0.11158294193912754,
  0.10444590059038936,
  0.09618708669015787,
  0.08687075855727314,
  0.0783961565081097,
  0.06939513286821297,
  0.0599916321880176,
  0.05151246132221844,
  0.04364075085036787,
  0.03601364981293795,
  0.028900377833183315,
  0.022683928658206638,
  0.01808745756004736,
  0.014246249778850936,
  0.011002750228986773,
  0.008307760421096613,
  0.006130990816815879,
  0.004683806621525319,
  0.003694246236874939,
  0.0029386760521170666,
  0.0025756801047341865,
  0.0021635334504845867,
  0.0017552915892800598,
  0.0013791138081705953,
  0.001054146040222746,
  0.0007797902030393988,
  0.0005726571785811061,
  0.0004140701091990683,
  0.0003197229946482169
 ],
 "sigmas": [
  0.125,
  0.14156015773094444,
  0.16031422605447898,
  0.1815528570142906,
  0.2056052086035727,
  0.2328440460818039,
  0.26369151912041167,
  0.29862570431198265,
  0.33818801443934915,
  0.38299158933399347,
  0.4337307983659618,
  0.4911920018356321,
  0.5562657380482434,
  0.6299605249474366,
  0.7134184902066215,
  0.8079330720145729,
  0.9149690648834353,
  1.0361853211506706,
  1.1734604600046263,
  1.3289219824742522,
  1.5049792436093967,
  1.7043607928571491,
  1.930156661338365,
  2.185866251395937,
  2.4754525706108557,
  2.8034036508091575,
  3.1748021039363996,
  3.5954038927821665,
  4.071727537349562,
  4.6111551393970736,
  5.22204679083924,
  5.9138701391165975,
  6.697347117549345,
  7.584620114713373,
  8.58944015814495,
  9.727380028860061,
  11.016075609554155,
  12.475499206915973,
  14.128269084026375,
  16.0
 ],
 "border_radii": [
  10,
  10,
  10,
  10,
  10,
  10,
  10,
  10,
  10,
  10,
  10,
  10,
  10,
  10,
  10,
  10,
  10,
  10,
  10,
  10,
  10,
  10,
  10,
  10,
  10,
  11,
  12,
  14,
  16,
  18,
  20,
  23,
  26,
  30,
  34,
  38,
  44,
  49,
  56,
  64
 ]
}