{
 "T-BN7042433.png": 0.4645872116703025,
 "T-BN9226926.png": 0.24106184794948832,
 "T-BN4337090.png": 0.40267792189246615,
 "T-BN6746662.png": 0.5164960302353353,
 "T-BN4130351.png": 0.5425745267469628,
 "T-BN6132495.png": 0.4762399149158768,
 "T-BN9430295.png": 0.3640080992384728,
 "T-BN9486677.png": 0.3495394649681386,
 "T-BN7832092.png": 0.4575957523043611,
 "T-BN6250724.png": 0.26764478704637523,
 "T-BN6803276.png": 0.32578918948471997,
 "T-BN3227692.png": 0.22085398626461902,
 "T-BN3221123.png": 0.3609365568256188,
 "T-BN3109757.png": 0.32238971307861514,
 "T-BN9770333.png": 0.40750264013908377,
 "T-BN2459820.png": 0.5554512300804202,
 "T-BN3698241.png": 0.33239876244240185,
 "T-BN7579137.png": 0.3576791691868608,
 "T-BN5197585.png": 0.21009980695175043,
 "T-BN9324292.png": 0.1832309143960292,
 "T-BN0339328.png": 0.32586738492883877,
 "T-BN4773682.png": 0.48198983206351614,
 "T-BN0546768.png": 0.4063548120074234,
 "T-BN4038502.png": 0.41880694099732196,
 "T-BN6381701.png": 0.42648396668614363,
 "T-BN3633640.png": 0.4391517641810801,
 "T-BN9029696.png": 0.3876824103671862
}