{
 "time": "181127_2233",
 "DARK_BG": false,
 "DILATE_PER_SCALE": true,
 "SCALE_RANGE": [
  -2,
  3.5
 ],
 "SCALE_TYPE": "logarithmic",
 "N_SCALES": 20,
 "scales": [
  0.25,
  0.30554858059465007,
  0.37343974041362143,
  0.4564159304840664,
  0.5578289588807719,
  0.681775386402445,
  0.8332620063985445,
  1.018408093274102,
  1.2446925894640235,
  1.5212562159496474,
  1.8592707100168127,
  2.2723901055473767,
  2.7773022852293128,
  3.394403084536378,
  4.1486201777847675,
  5.070420026993842,
  6.197038569066624,
  7.573985354674433,
  9.256881898261764,
  11.313708498984761
 ],
 "ALPHAS": [
  0.0429583214416798,
  0.04537188119175434,
  0.04824719645360631,
  0.0530186971163185,
  0.060722209406216775,
  0.07438329494825098,
  0.08102975715018018,
  0.09106242076468873,
  0.11067793924357638,
  0.14439753915819803,
  0.1985450030795393,
  0.2604277268937054,
  0.2766476733447143,
  0.29112004386789936,
  0.3281103020445822,
  0.3526879811540895,
  0.28558439279363457,
  0.26216759718267335,
  0.2822034449743241,
  0.3047759575387161
 ],
 "BETAS": null,
 "use_npz_files": false,
 "remove_glare": true,
 "files": [
  "T-BN0164923.png",
  "T-BN0651415.png",
  "T-BN1328016.png",
  "T-BN1650687.png",
  "T-BN2050224.png"
 ],
 "MCCS": {
  "T-BN0164923.png": [
   0.46835464418461636,
   0.5345549406298337,
   0.5247006245796968
  ],
  "T-BN0651415.png": [
   0.45599332180612984,
   0.500711966768522,
   0.5216548401171219
  ],
  "T-BN1328016.png": [
   0.4523692696615402,
   0.45656284116100115,
   0.4643960430561867
  ],
  "T-BN1650687.png": [
   0.47274543363957433,
   0.510966763564651,
   0.47068581372020846
  ],
  "T-BN2050224.png": [
   0.48119475106766746,
   0.5347723482802577,
   0.49055103297891284
  ]
 },
 "PNC": {
  "T-BN0164923.png": [
   0.5584275713516424,
   0.6348180629279175,
   0.7272097853681052
  ],
  "T-BN0651415.png": [
   0.6075949367088608,
   0.5783659378596088,
   0.7542002301495973
  ],
  "T-BN1328016.png": [
   0.5443786982248521,
   0.5418122192913667,
   0.681471447921865
  ],
  "T-BN1650687.png": [
   0.5228830422286094,
   0.5512933893433561,
   0.6610656643820473
  ],
  "T-BN2050224.png": [
   0.5101047904191617,
   0.5430389221556886,
   0.6627245508982036
  ]
 }
}