{"time": "181127_2228", "filename": "T-BN0651415.png", "betas": [0.35, 0.35, 0.35, 0.35, 0.35, 0.35, 0.35, 0.35, 0.35, 0.35, 0.35, 0.35, 0.35, 0.35, 0.35, 0.35, 0.35, 0.35, 0.35, 0.35], "gammas": [0.09069329466707608, 0.08799663158685887, 0.08417490367066005, 0.07889062015826934, 0.0718372741666186, 0.0628762470037807, 0.05222906717641115, 0.040629563629065626, 0.033115934079032176, 0.026411993637202924, 0.020174197811838546, 0.015060497832879879, 0.01065501302850454, 0.006789917703022376, 0.004038846889419669, 0.002694890388388148, 0.001816010895304393, 0.0012217335397878238, 0.0008643340985735961, 0.0005528022332116988], "sigmas": [0.25, 0.30554858059465007, 0.37343974041362143, 0.4564159304840664, 0.5578289588807719, 0.681775386402445, 0.8332620063985445, 1.018408093274102, 1.2446925894640235, 1.5212562159496474, 1.8592707100168127, 2.2723901055473767, 2.7773022852293128, 3.394403084536378, 4.1486201777847675, 5.070420026993842, 6.197038569066624, 7.573985354674433, 9.256881898261764, 11.313708498984761], "border_radii": [12, 12, 12, 12, 12, 12, 12, 12, 12, 12, 12, 12, 12, 13, 16, 20, 24, 30, 37, 45], "counts": {"TP": 38680, "TN": 599589, "FP": 18470, "FN": 61510}, "counts_FA": {"TP": 41017, "TN": 603565, "FP": 14494, "FN": 59173}, "counts_rw": {"TP": 65335, "TN": 562824, "FP": 55235, "FN": 34855}, "pnc": [0.6075949367088608, 0.5783659378596088, 0.7542002301495973], "mcc": [0.45599332180612984, 0.500711966768522, 0.5216548401171219], "scale_maxes": [0.8516625939334931, 0.8510875394388097, 0.850226941572209, 0.8489392853436704, 0.8470146722013001, 0.844144339045516, 0.8420441851944334, 0.8515357245168774, 0.8591758993768451, 0.8637562105648542, 0.8592363818320605, 0.8546722173877512, 0.8483826644650335, 0.8411132966970545, 0.8343482760100621, 0.8463975478261467, 0.8507322545737988, 0.8498331946257723, 0.7712762951242645, 0.7401584749189312], "ALPHAS": [0.0429583214416798, 0.04537188119175434, 0.04824719645360631, 0.0530186971163185, 0.060722209406216775, 0.07438329494825098, 0.08102975715018018, 0.09106242076468873, 0.11067793924357638, 0.14439753915819803, 0.1985450030795393, 0.2604277268937054, 0.2766476733447143, 0.29112004386789936, 0.3281103020445822, 0.3526879811540895, 0.28558439279363457, 0.26216759718267335, 0.2822034449743241, 0.3047759575387161]}