{"time": "181127_2231", "filename": "T-BN1650687.png", "betas": [0.35, 0.35, 0.35, 0.35, 0.35, 0.35, 0.35, 0.35, 0.35, 0.35, 0.35, 0.35, 0.35, 0.35, 0.35, 0.35, 0.35, 0.35, 0.35, 0.35], "gammas": [0.08753987749914269, 0.08339567884319568, 0.07766061714102278, 0.070003709768581, 0.0602929847173209, 0.048833076773259466, 0.036565501677232125, 0.02810767720032583, 0.022447204901080813, 0.01710534129005628, 0.013439727198959864, 0.010336758461368837, 0.007697547263923165, 0.005510084589099533, 0.003739489284850709, 0.002690015062405497, 0.0019917815362676464, 0.0013313557862106567, 0.0007749309145749024, 0.0004672058018249474], "sigmas": [0.25, 0.30554858059465007, 0.37343974041362143, 0.4564159304840664, 0.5578289588807719, 0.681775386402445, 0.8332620063985445, 1.018408093274102, 1.2446925894640235, 1.5212562159496474, 1.8592707100168127, 2.2723901055473767, 2.7773022852293128, 3.394403084536378, 4.1486201777847675, 5.070420026993842, 6.197038569066624, 7.573985354674433, 9.256881898261764, 11.313708498984761], "border_radii": [12, 12, 12, 12, 12, 12, 12, 12, 12, 12, 12, 12, 12, 13, 16, 20, 24, 30, 37, 45], "counts": {"TP": 28598, "TN": 519527, "FP": 12046, "FN": 46257}, "counts_FA": {"TP": 31951, "TN": 519325, "FP": 12248, "FN": 42904}, "counts_rw": {"TP": 44628, "TN": 485694, "FP": 45879, "FN": 30227}, "pnc": [0.5228830422286094, 0.5512933893433561, 0.6610656643820473], "mcc": [0.47274543363957433, 0.510966763564651, 0.47068581372020846], "scale_maxes": [0.5879126100531994, 0.59720489424929, 0.610873859438011, 0.630751577618678, 0.6590321699814587, 0.6975669669160326, 0.7836241749113365, 0.8251845944828176, 0.8151383276136936, 0.8447016100297976, 0.8278580460639593, 0.8541688004065612, 0.8617448308315776, 0.8583919775390363, 0.860864836651469, 0.8499868582523521, 0.8644580972376918, 0.8642936485464655, 0.8613377026620419, 0.7842548283332671], "ALPHAS": [0.0429583214416798, 0.04537188119175434, 0.04824719645360631, 0.0530186971163185, 0.060722209406216775, 0.07438329494825098, 0.08102975715018018, 0.09106242076468873, 0.11067793924357638, 0.14439753915819803, 0.1985450030795393, 0.2604277268937054, 0.2766476733447143, 0.29112004386789936, 0.3281103020445822, 0.3526879811540895, 0.28558439279363457, 0.26216759718267335, 0.2822034449743241, 0.3047759575387161]}