{
 "time": "181008_1844",
 "filename": "T-BN1602443.png",
 "DARK_BG": false,
 "fixed_alpha": 0.1,
 "VT_alphas": [
  0.08,
  0.08,
  0.08,
  0.08,
  0.08,
  0.08,
  0.08,
  0.08,
  0.08,
  0.08,
  0.08,
  0.08,
  0.08,
  0.08,
  0.08,
  0.08,
  0.08,
  0.08,
  0.08,
  0.08,
  0.08,
  0.08,
  0.08,
  0.08,
  0.08,
  0.08,
  0.08,
  0.08,
  0.08,
  0.08
 ],
 "betas": [
  0.5,
  0.5,
  0.5,
  0.5,
  0.5,
  0.5,
  0.5,
  0.5,
  0.5,
  0.5,
  0.5,
  0.5,
  0.5,
  0.5,
  0.5,
  0.5,
  0.5,
  0.5,
  0.5,
  0.5,
  0.5,
  0.5,
  0.5,
  0.5,
  0.5,
  0.5,
  0.5,
  0.5,
  0.5,
  0.5
 ],
 "gammas": [
  0.19027522450422502,
  0.1830871830465369,
  0.17549207599702965,
  0.16641930163015792,
  0.15575298960504738,
  0.14346075005685463,
  0.12964062930834983,
  0.11456638441547315,
  0.09927413254900197,
  0.08565687938672475,
  0.07349129163313682,
  0.06139569823130876,
  0.049813583820559296,
  0.03944743787292999,
  0.03184672015615866,
  0.025870440390434436,
  0.02065436797752132,
  0.01608400273702406,
  0.013232276683516666,
  0.010864591666192846,
  0.008739615453752538,
  0.007207346356107214,
  0.005958795827310091,
  0.00483906795750724,
  0.003873148642847873,
  0.003016435559619427,
  0.002293637608949163,
  0.0017046790127816917,
  0.0012414434232408723,
  0.0008885266483907865
 ],
 "sigmas": [
  0.125,
  0.15874989977926784,
  0.2016122454394206,
  0.25604739006224936,
  0.3251799800890014,
  0.41297831399482626,
  0.5244821276615173,
  0.666091881618264,
  0.8459361556054669,
  1.074338239376216,
  1.3644087026400744,
  1.732797958416581,
  2.200652017890817,
  2.794826298313686,
  3.549427158062076,
  4.507769644929328,
  5.724863834884453,
  7.270572480302896,
  9.2336212206879,
  11.726691547071391,
  14.892888862719767,
  18.9139569150443,
  24.020710117541363,
  30.506282590292294,
  38.7429544307754,
  49.203521064306685,
  62.48843230196624,
  79.36025892240563,
  100.78746520310901,
  128.0
 ],
 "log_min": -3,
 "log_max": 7,
 "n_scales": 30,
 "border_radii": [
  10,
  10,
  10,
  10,
  10,
  10,
  10,
  10,
  10,
  10,
  10,
  10,
  10,
  11,
  14,
  18,
  22,
  29,
  36,
  46,
  59,
  75,
  96,
  122,
  154,
  196,
  249,
  317,
  403,
  512
 ]
}