{
 "time": "181008_1917",
 "filename": "T-BN8949552.png",
 "DARK_BG": false,
 "fixed_alpha": 0.1,
 "VT_alphas": [
  0.08,
  0.08,
  0.08,
  0.08,
  0.08,
  0.08,
  0.08,
  0.08,
  0.08,
  0.08,
  0.08,
  0.08,
  0.08,
  0.08,
  0.08,
  0.08,
  0.08,
  0.08,
  0.08,
  0.08,
  0.08,
  0.08,
  0.08,
  0.08,
  0.08,
  0.08,
  0.08,
  0.08,
  0.08,
  0.08
 ],
 "betas": [
  0.5,
  0.5,
  0.5,
  0.5,
  0.5,
  0.5,
  0.5,
  0.5,
  0.5,
  0.5,
  0.5,
  0.5,
  0.5,
  0.5,
  0.5,
  0.5,
  0.5,
  0.5,
  0.5,
  0.5,
  0.5,
  0.5,
  0.5,
  0.5,
  0.5,
  0.5,
  0.5,
  0.5,
  0.5,
  0.5
 ],
 "gammas": [
  0.15026707008700405,
  0.14377495025111756,
  0.13750492314838456,
  0.13005372521698738,
  0.1213447006463257,
  0.1115180300093726,
  0.10101720590248277,
  0.08954760321124935,
  0.07748463503852693,
  0.06533907099574171,
  0.0540173057947837,
  0.04366428209659362,
  0.03454284212627745,
  0.028305949874413466,
  0.023234437341191,
  0.01924475738478962,
  0.015759726477004424,
  0.012514353753691764,
  0.010074650608348987,
  0.008024365177744486,
  0.006363459783196105,
  0.005000547940245088,
  0.003881281616500093,
  0.0029400497027435965,
  0.0021749869351209697,
  0.0015831353766818097,
  0.0011516947443875793,
  0.0009166698404136309,
  0.0007233328531092569,
  0.0005711611989088958
 ],
 "sigmas": [
  0.125,
  0.15874989977926784,
  0.2016122454394206,
  0.25604739006224936,
  0.3251799800890014,
  0.41297831399482626,
  0.5244821276615173,
  0.666091881618264,
  0.8459361556054669,
  1.074338239376216,
  1.3644087026400744,
  1.732797958416581,
  2.200652017890817,
  2.794826298313686,
  3.549427158062076,
  4.507769644929328,
  5.724863834884453,
  7.270572480302896,
  9.2336212206879,
  11.726691547071391,
  14.892888862719767,
  18.9139569150443,
  24.020710117541363,
  30.506282590292294,
  38.7429544307754,
  49.203521064306685,
  62.48843230196624,
  79.36025892240563,
  100.78746520310901,
  128.0
 ],
 "log_min": -3,
 "log_max": 7,
 "n_scales": 30,
 "border_radii": [
  10,
  10,
  10,
  10,
  10,
  10,
  10,
  10,
  10,
  10,
  10,
  10,
  10,
  11,
  14,
  18,
  22,
  29,
  36,
  46,
  59,
  75,
  96,
  122,
  154,
  196,
  249,
  317,
  403,
  512
 ]
}