{
 "time": "181008_1839",
 "filename": "T-BN1051747.png",
 "DARK_BG": false,
 "fixed_alpha": 0.1,
 "VT_alphas": [
  0.08,
  0.08,
  0.08,
  0.08,
  0.08,
  0.08,
  0.08,
  0.08,
  0.08,
  0.08,
  0.08,
  0.08,
  0.08,
  0.08,
  0.08,
  0.08,
  0.08,
  0.08,
  0.08,
  0.08,
  0.08,
  0.08,
  0.08,
  0.08,
  0.08,
  0.08,
  0.08,
  0.08,
  0.08,
  0.08
 ],
 "betas": [
  0.5,
  0.5,
  0.5,
  0.5,
  0.5,
  0.5,
  0.5,
  0.5,
  0.5,
  0.5,
  0.5,
  0.5,
  0.5,
  0.5,
  0.5,
  0.5,
  0.5,
  0.5,
  0.5,
  0.5,
  0.5,
  0.5,
  0.5,
  0.5,
  0.5,
  0.5,
  0.5,
  0.5,
  0.5,
  0.5
 ],
 "gammas": [
  0.18083352183143955,
  0.17489449270772214,
  0.16767171306131348,
  0.1589968987123181,
  0.14874456859548585,
  0.1368746669478777,
  0.12348460483355818,
  0.10885909918183004,
  0.0936886420697124,
  0.0788918783959118,
  0.06463292752594245,
  0.05306289586023173,
  0.04406667021842298,
  0.03597616171107146,
  0.029424027982026327,
  0.023739186749647923,
  0.01894881296295269,
  0.01497973531754901,
  0.01177315087727136,
  0.009184387836941954,
  0.007068420427304545,
  0.005671713512118494,
  0.004558730958556111,
  0.0036305140569397494,
  0.002786105773640584,
  0.0020915286594859936,
  0.001632123126173492,
  0.0013017834364873555,
  0.0010298170239596927,
  0.000798266382246246
 ],
 "sigmas": [
  0.125,
  0.15874989977926784,
  0.2016122454394206,
  0.25604739006224936,
  0.3251799800890014,
  0.41297831399482626,
  0.5244821276615173,
  0.666091881618264,
  0.8459361556054669,
  1.074338239376216,
  1.3644087026400744,
  1.732797958416581,
  2.200652017890817,
  2.794826298313686,
  3.549427158062076,
  4.507769644929328,
  5.724863834884453,
  7.270572480302896,
  9.2336212206879,
  11.726691547071391,
  14.892888862719767,
  18.9139569150443,
  24.020710117541363,
  30.506282590292294,
  38.7429544307754,
  49.203521064306685,
  62.48843230196624,
  79.36025892240563,
  100.78746520310901,
  128.0
 ],
 "log_min": -3,
 "log_max": 7,
 "n_scales": 30,
 "border_radii": [
  10,
  10,
  10,
  10,
  10,
  10,
  10,
  10,
  10,
  10,
  10,
  10,
  10,
  11,
  14,
  18,
  22,
  29,
  36,
  46,
  59,
  75,
  96,
  122,
  154,
  196,
  249,
  317,
  403,
  512
 ]
}