{
 "time": "181008_1834",
 "filename": "T-BN8549337.png",
 "DARK_BG": false,
 "fixed_alpha": 0.1,
 "VT_alphas": [
  0.08,
  0.08,
  0.08,
  0.08,
  0.08,
  0.08,
  0.08,
  0.08,
  0.08,
  0.08,
  0.08,
  0.08,
  0.08,
  0.08,
  0.08,
  0.08,
  0.08,
  0.08,
  0.08,
  0.08,
  0.08,
  0.08,
  0.08,
  0.08,
  0.08,
  0.08,
  0.08,
  0.08,
  0.08,
  0.08
 ],
 "betas": [
  0.5,
  0.5,
  0.5,
  0.5,
  0.5,
  0.5,
  0.5,
  0.5,
  0.5,
  0.5,
  0.5,
  0.5,
  0.5,
  0.5,
  0.5,
  0.5,
  0.5,
  0.5,
  0.5,
  0.5,
  0.5,
  0.5,
  0.5,
  0.5,
  0.5,
  0.5,
  0.5,
  0.5,
  0.5,
  0.5
 ],
 "gammas": [
  0.18295047782232596,
  0.17457121044089055,
  0.16490043758632614,
  0.15367514762691292,
  0.14090569687225887,
  0.1267547845918744,
  0.11185662552918725,
  0.09695908060511374,
  0.08344797260895735,
  0.07123728138251252,
  0.06047098013666853,
  0.05025751312992768,
  0.041944558098344374,
  0.03414353818855076,
  0.026943166180344615,
  0.020897103360756352,
  0.016317553262020276,
  0.012326791691200632,
  0.009555186439226362,
  0.007747238402814445,
  0.0064169783287341305,
  0.005290500209267591,
  0.0043105263759980325,
  0.0034587361593601236,
  0.002740266148346598,
  0.002148524833912391,
  0.0016694229864257389,
  0.001285653820139334,
  0.000983595265818035,
  0.0007426313755916639
 ],
 "sigmas": [
  0.125,
  0.15874989977926784,
  0.2016122454394206,
  0.25604739006224936,
  0.3251799800890014,
  0.41297831399482626,
  0.5244821276615173,
  0.666091881618264,
  0.8459361556054669,
  1.074338239376216,
  1.3644087026400744,
  1.732797958416581,
  2.200652017890817,
  2.794826298313686,
  3.549427158062076,
  4.507769644929328,
  5.724863834884453,
  7.270572480302896,
  9.2336212206879,
  11.726691547071391,
  14.892888862719767,
  18.9139569150443,
  24.020710117541363,
  30.506282590292294,
  38.7429544307754,
  49.203521064306685,
  62.48843230196624,
  79.36025892240563,
  100.78746520310901,
  128.0
 ],
 "log_min": -3,
 "log_max": 7,
 "n_scales": 30,
 "border_radii": [
  10,
  10,
  10,
  10,
  10,
  10,
  10,
  10,
  10,
  10,
  10,
  10,
  10,
  11,
  14,
  18,
  22,
  29,
  36,
  46,
  59,
  75,
  96,
  122,
  154,
  196,
  249,
  317,
  403,
  512
 ]
}