{
 "time": "181008_1837",
 "filename": "T-BN0651415.png",
 "DARK_BG": false,
 "fixed_alpha": 0.1,
 "VT_alphas": [
  0.08,
  0.08,
  0.08,
  0.08,
  0.08,
  0.08,
  0.08,
  0.08,
  0.08,
  0.08,
  0.08,
  0.08,
  0.08,
  0.08,
  0.08,
  0.08,
  0.08,
  0.08,
  0.08,
  0.08,
  0.08,
  0.08,
  0.08,
  0.08,
  0.08,
  0.08,
  0.08,
  0.08,
  0.08,
  0.08
 ],
 "betas": [
  0.5,
  0.5,
  0.5,
  0.5,
  0.5,
  0.5,
  0.5,
  0.5,
  0.5,
  0.5,
  0.5,
  0.5,
  0.5,
  0.5,
  0.5,
  0.5,
  0.5,
  0.5,
  0.5,
  0.5,
  0.5,
  0.5,
  0.5,
  0.5,
  0.5,
  0.5,
  0.5,
  0.5,
  0.5,
  0.5
 ],
 "gammas": [
  0.17493369801016884,
  0.16788045422411635,
  0.16106263820098418,
  0.15286575997274146,
  0.14316640517203788,
  0.13192035801605756,
  0.11921208219744253,
  0.10530288075556123,
  0.09065675790463301,
  0.07591626432444386,
  0.06180898202403892,
  0.048997899893594946,
  0.03958199400379431,
  0.03286038866254616,
  0.02694471308932726,
  0.02161630170886382,
  0.017194247414509384,
  0.0134957522589051,
  0.011016199948402874,
  0.008912477542240903,
  0.0072479651880230905,
  0.005843943022252711,
  0.004636547716428493,
  0.0036209430080607168,
  0.0027939259006999687,
  0.0021419166719888138,
  0.0016311153171767003,
  0.0012903216432563597,
  0.0010147429044187115,
  0.0007875401639014303
 ],
 "sigmas": [
  0.125,
  0.15874989977926784,
  0.2016122454394206,
  0.25604739006224936,
  0.3251799800890014,
  0.41297831399482626,
  0.5244821276615173,
  0.666091881618264,
  0.8459361556054669,
  1.074338239376216,
  1.3644087026400744,
  1.732797958416581,
  2.200652017890817,
  2.794826298313686,
  3.549427158062076,
  4.507769644929328,
  5.724863834884453,
  7.270572480302896,
  9.2336212206879,
  11.726691547071391,
  14.892888862719767,
  18.9139569150443,
  24.020710117541363,
  30.506282590292294,
  38.7429544307754,
  49.203521064306685,
  62.48843230196624,
  79.36025892240563,
  100.78746520310901,
  128.0
 ],
 "log_min": -3,
 "log_max": 7,
 "n_scales": 30,
 "border_radii": [
  10,
  10,
  10,
  10,
  10,
  10,
  10,
  10,
  10,
  10,
  10,
  10,
  10,
  11,
  14,
  18,
  22,
  29,
  36,
  46,
  59,
  75,
  96,
  122,
  154,
  196,
  249,
  317,
  403,
  512
 ]
}