{
 "time": "181022_1004",
 "filename": "T-BN0546768.png",
 "DARK_BG": false,
 "fixed_alpha": 0.1,
 "VT_alphas": [
  0.08,
  0.08,
  0.08,
  0.08,
  0.08,
  0.08,
  0.08,
  0.08,
  0.08,
  0.08,
  0.08,
  0.08,
  0.08,
  0.08,
  0.08
 ],
 "betas": [
  0.5,
  0.5,
  0.5,
  0.5,
  0.5,
  0.5,
  0.5,
  0.5,
  0.5,
  0.5,
  0.5,
  0.5,
  0.5,
  0.5,
  0.5
 ],
 "gammas": [
  0.1657156766668683,
  0.15509592196542774,
  0.14123797987732517,
  0.12393198549366652,
  0.10358327651412842,
  0.08150424959405406,
  0.05988713322178138,
  0.04115985629413468,
  0.02906627813519395,
  0.0214617366546409,
  0.01505678618225844,
  0.010098641658541952,
  0.006505074148686173,
  0.004437784024403009,
  0.0029902976272022097
 ],
 "sigmas": [
  0.125,
  0.1812074638581786,
  0.26268915966330486,
  0.38080989124498904,
  0.5520447568369061,
  0.8002770425809653,
  1.160129386160163,
  1.681792830507429,
  2.4380273084089508,
  3.534309962990139,
  5.123546759057089,
  7.427399313340204,
  10.767201541058851,
  15.608778272841173,
  22.627416997969522
 ],
 "log_min": -3,
 "log_max": 4.5,
 "n_scales": 15,
 "border_radii": [
  10,
  10,
  10,
  10,
  10,
  10,
  10,
  10,
  10,
  14,
  20,
  29,
  43,
  62,
  90
 ]
}