{
 "time": "181019_1343",
 "filename": "T-BN4130351.png",
 "DARK_BG": false,
 "fixed_alpha": 0.1,
 "VT_alphas": [
  0.08,
  0.08,
  0.08,
  0.08,
  0.08,
  0.08,
  0.08,
  0.08,
  0.08,
  0.08,
  0.08,
  0.08,
  0.08,
  0.08,
  0.08
 ],
 "betas": [
  0.5,
  0.5,
  0.5,
  0.5,
  0.5,
  0.5,
  0.5,
  0.5,
  0.5,
  0.5,
  0.5,
  0.5,
  0.5,
  0.5,
  0.5
 ],
 "gammas": [
  0.07706512515934846,
  0.0737023957951654,
  0.06918717244461126,
  0.06331852535827363,
  0.05602496596008585,
  0.04748654125790053,
  0.03822074929420501,
  0.029363178462013004,
  0.022025726283055613,
  0.015708861731185388,
  0.010947888888894424,
  0.00804448919443962,
  0.005754894570708649,
  0.004292858761425044,
  0.0031167549538021672
 ],
 "sigmas": [
  0.125,
  0.1812074638581786,
  0.26268915966330486,
  0.38080989124498904,
  0.5520447568369061,
  0.8002770425809653,
  1.160129386160163,
  1.681792830507429,
  2.4380273084089508,
  3.534309962990139,
  5.123546759057089,
  7.427399313340204,
  10.767201541058851,
  15.608778272841173,
  22.627416997969522
 ],
 "log_min": -3,
 "log_max": 4.5,
 "n_scales": 15,
 "border_radii": [
  10,
  10,
  10,
  10,
  10,
  10,
  10,
  10,
  10,
  14,
  20,
  29,
  43,
  62,
  90
 ]
}