{
 "time": "181201_0235",
 "DARK_BG": false,
 "DILATE_PER_SCALE": true,
 "SCALE_RANGE": [
  -1.0,
  3.5
 ],
 "SCALE_TYPE": "logarithmic",
 "N_SCALES": 20,
 "scales": [
  0.5,
  0.5892052152295192,
  0.6943255713073281,
  0.8182004953629862,
  0.9641759979424951,
  1.1361950527736884,
  1.3389041012244722,
  1.577778558267302,
  1.8592707100168124,
  2.1909839977307937,
  2.5818783958948095,
  3.042512431899294,
  3.585328384551423,
  4.224988364976252,
  4.978770357856092,
  5.867034920557899,
  6.913775146252844,
  8.147264746192816,
  9.600821756624821,
  11.313708498984761
 ],
 "ALPHAS": [
  0.028527247260495374,
  0.03334709714673254,
  0.04056491777146193,
  0.045456690777379495,
  0.0521680792622232,
  0.06295116146629179,
  0.07981925910943331,
  0.10498271931318677,
  0.14772142878434563,
  0.2031511925141874,
  0.23584131787063067,
  0.25793170517291225,
  0.28624415075500237,
  0.32065913955162906,
  0.33158724592846384,
  0.268023551168403,
  0.23218030912665616,
  0.23789085854836106,
  0.2646580322229001,
  0.2849805677319345
 ],
 "BETAS": null,
 "use_npz_files": false,
 "remove_glare": true,
 "files": [
  "T-BN0164923.png",
  "T-BN0651415.png",
  "T-BN1328016.png",
  "T-BN1650687.png",
  "T-BN2050224.png",
  "T-BN2095839.png",
  "T-BN2432252.png",
  "T-BN4130351.png",
  "T-BN4384182.png",
  "T-BN4569506.png",
  "T-BN5280796.png",
  "T-BN5961598.png",
  "T-BN6028328.png",
  "T-BN6238549.png",
  "T-BN6746662.png",
  "T-BN7531176.png",
  "T-BN7646343.png",
  "T-BN7726580.png",
  "T-BN7753462.png",
  "T-BN7767693.png",
  "T-BN8333878.png",
  "T-BN8549337.png",
  "T-BN8789191.png",
  "T-BN8914395.png",
  "T-BN9211170.png"
 ],
 "MCCS": {
  "T-BN0164923.png": [
   0.36801067931191883,
   0.36202857979624836,
   0.38710367353457187,
   0.3627988173596495
  ],
  "T-BN0651415.png": [
   0.3003555345395166,
   0.33844555319247094,
   0.3665977011504987,
   0.37962788529259855
  ],
  "T-BN1328016.png": [
   0.32000563424425355,
   0.31307991602348023,
   0.33995687339884395,
   0.3594366364135418
  ],
  "T-BN1650687.png": [
   0.2787068591854398,
   0.30747498254399286,
   0.325005954382916,
   0.3561376152496434
  ],
  "T-BN2050224.png": [
   0.3134061188890016,
   0.33195494486890736,
   0.35482305062353653,
   0.34477679308460324
  ],
  "T-BN2095839.png": [
   0.4034379387998185,
   0.3595826000312494,
   0.3724444642444057,
   0.3854208870848357
  ],
  "T-BN2432252.png": [
   0.3420219625627739,
   0.3173901083927915,
   0.3437427151747381,
   0.3484420797946193
  ],
  "T-BN4130351.png": [
   0.3368134643905019,
   0.35066519327067014,
   0.3759208356956322,
   0.37615616859106493
  ],
  "T-BN4384182.png": [
   0.3155954398579614,
   0.3002500054384331,
   0.31442241561250633,
   0.3521862502232009
  ],
  "T-BN4569506.png": [
   0.31657178075258396,
   0.30232850338835104,
   0.31523000734809836,
   0.3582219040751774
  ],
  "T-BN5280796.png": [
   0.3476243607990448,
   0.34120993344165923,
   0.357138803353391,
   0.35768524089861353
  ],
  "T-BN5961598.png": [
   0.3053403218074168,
   0.2834469194236683,
   0.29987537636933564,
   0.33718926964150003
  ],
  "T-BN6028328.png": [
   0.3382048612413882,
   0.3428068655273118,
   0.3630714417185,
   0.37377656716118335
  ],
  "T-BN6238549.png": [
   0.3633436473108405,
   0.3567733064110879,
   0.3789073003495556,
   0.37138017488590974
  ],
  "T-BN6746662.png": [
   0.29795860143102276,
   0.3018794598340388,
   0.31380040377199797,
   0.3663057226335239
  ],
  "T-BN7531176.png": [
   0.25794742968787654,
   0.22329314381085744,
   0.24102317204048035,
   0.31945881572152207
  ],
  "T-BN7646343.png": [
   0.32965508130703813,
   0.34543457215073997,
   0.36484424431716006,
   0.3607629848390385
  ],
  "T-BN7726580.png": [
   0.2864343366709576,
   0.3103589683250888,
   0.33787267455685277,
   0.3439302000610802
  ],
  "T-BN7753462.png": [
   0.29899435765223853,
   0.31480825722754,
   0.3319423581111022,
   0.3594046950392513
  ],
  "T-BN7767693.png": [
   0.31090532093552115,
   0.322470206212385,
   0.3354874720207888,
   0.33628662927187103
  ],
  "T-BN8333878.png": [
   0.3696631940486871,
   0.3740653601222229,
   0.3975272266139453,
   0.3915431788611095
  ],
  "T-BN8549337.png": [
   0.3177057901479142,
   0.30983248469175795,
   0.33078238038350793,
   0.38224241196058967
  ],
  "T-BN8789191.png": [
   0.32030593437322535,
   0.3755954856213484,
   0.40675218568805505,
   0.40671949797618995
  ],
  "T-BN8914395.png": [
   0.309632018351573,
   0.30085628593366504,
   0.3243597835332828,
   0.35722655663779357
  ],
  "T-BN9211170.png": [
   0.34882048014723693,
   0.3364026085957844,
   0.36265334674589134,
   0.37483490807471365
  ]
 },
 "PNC": {
  "T-BN0164923.png": [
   0.4055696592045542,
   0.29017616739749214,
   0.3003307946765136,
   0.33894914993461034
  ],
  "T-BN0651415.png": [
   0.3816647487533564,
   0.26390487149980824,
   0.26574606827771385,
   0.3482163406214039
  ],
  "T-BN1328016.png": [
   0.35852284879161617,
   0.25372495900762815,
   0.2532972125187139,
   0.3808369572966422
  ],
  "T-BN1650687.png": [
   0.3293168251160734,
   0.21622816714569976,
   0.2185496351978775,
   0.34435109440636746
  ],
  "T-BN2050224.png": [
   0.344311377245509,
   0.25389221556886227,
   0.2592065868263473,
   0.31444610778443116
  ],
  "T-BN2095839.png": [
   0.3865389731311519,
   0.25186219739292365,
   0.24334929502527267,
   0.34816440542697524
  ],
  "T-BN2432252.png": [
   0.413229069517182,
   0.2743381878183514,
   0.27835569266087956,
   0.3810890307769567
  ],
  "T-BN4130351.png": [
   0.3481293595434369,
   0.25343479179877404,
   0.26062143310082436,
   0.31874867892623127
  ],
  "T-BN4384182.png": [
   0.34714786172251966,
   0.2269151959812281,
   0.2237424813272523,
   0.3116531165311653
  ],
  "T-BN4569506.png": [
   0.31361027603170266,
   0.213241322765783,
   0.2117381798305548,
   0.34654277124897515
  ],
  "T-BN5280796.png": [
   0.36728,
   0.28144,
   0.2836,
   0.36088
  ],
  "T-BN5961598.png": [
   0.2750130412102243,
   0.1967657798643714,
   0.20219092331768387,
   0.3541992696922274
  ],
  "T-BN6028328.png": [
   0.42580028666985187,
   0.31505016722408025,
   0.3259436215957955,
   0.4076445293836598
  ],
  "T-BN6238549.png": [
   0.3446377274178104,
   0.2703479093520587,
   0.2785668688158315,
   0.3516597510373444
  ],
  "T-BN6746662.png": [
   0.41482008538320797,
   0.2792234193941858,
   0.2859321000203293,
   0.41288879853628785
  ],
  "T-BN7531176.png": [
   0.27011494252873564,
   0.1542649727767695,
   0.14629965718894938,
   0.3734623916112119
  ],
  "T-BN7646343.png": [
   0.3538152908834237,
   0.2518017683334572,
   0.26302102682220074,
   0.32357530277137975
  ],
  "T-BN7726580.png": [
   0.3653600340860673,
   0.26065189603749467,
   0.2723689816787388,
   0.4051981252662974
  ],
  "T-BN7753462.png": [
   0.3434307541973883,
   0.23771875277605045,
   0.23567557963933553,
   0.34796126854401704
  ],
  "T-BN7767693.png": [
   0.33697146785837057,
   0.2397731179099347,
   0.24372636644895154,
   0.3121347542110691
  ],
  "T-BN8333878.png": [
   0.4325884543761639,
   0.34916201117318435,
   0.3525139664804469,
   0.40875232774674114
  ],
  "T-BN8549337.png": [
   0.3870967741935484,
   0.29225352112676056,
   0.294525215810995,
   0.3551794638800545
  ],
  "T-BN8789191.png": [
   0.4938018545632016,
   0.36866764275256225,
   0.3820400195217179,
   0.4552464616886286
  ],
  "T-BN8914395.png": [
   0.3531540847983454,
   0.23660806618407446,
   0.24033092037228543,
   0.3782833505687694
  ],
  "T-BN9211170.png": [
   0.4371320437342304,
   0.30887300252312866,
   0.3128679562657696,
   0.4350294365012616
  ]
 }
}