{"time": "181201_0225", "filename": "T-BN7767693.png", "betas": 0.35, "gammas": 0.5, "c": [null, null, null, null, null, null, null, null, null, null, null, null, null, null, null, null, null, null, null, null], "sigmas": [0.5, 0.5892052152295192, 0.6943255713073281, 0.8182004953629862, 0.9641759979424951, 1.1361950527736884, 1.3389041012244722, 1.577778558267302, 1.8592707100168124, 2.1909839977307937, 2.5818783958948095, 3.042512431899294, 3.585328384551423, 4.224988364976252, 4.978770357856092, 5.867034920557899, 6.913775146252844, 8.147264746192816, 9.600821756624821, 11.313708498984761], "border_radii": [12, 12, 12, 12, 12, 12, 12, 12, 12, 12, 12, 12, 14, 16, 19, 23, 27, 32, 38, 45], "counts": {"TP": 16472, "TN": 538316, "FP": 8670, "FN": 68409}, "counts_FA": {"TP": 11376, "TN": 545821, "FP": 1165, "FN": 73505}, "counts_rw": {"TP": 12415, "TN": 545610, "FP": 1376, "FN": 72466}, "pnc": [0.33697146785837057, 0.2397731179099347, 0.24372636644895154, 0.3121347542110691], "mcc": [0.31090532093552115, 0.322470206212385, 0.3354874720207888, 0.33628662927187103], "scale_maxes": [0.9528078050561697, 0.9736362019406285, 0.9765622635669553, 0.9802503890121854, 0.9849294557782219, 0.9760247049031481, 0.9881173860199118, 0.9949310339671339, 0.9933275018383181, 0.9551608618997537, 0.9513325799893884, 0.9461630760327235, 0.8957161133605581, 0.8195292658231935, 0.7870992275402248, 0.7981289228419985, 0.7567051470089639, 0.719310371365556, 0.7564911951727322, 0.696688990365258], "ALPHAS": [0.028527247260495374, 0.03334709714673254, 0.04056491777146193, 0.045456690777379495, 0.0521680792622232, 0.06295116146629179, 0.07981925910943331, 0.10498271931318677, 0.14772142878434563, 0.2031511925141874, 0.23584131787063067, 0.25793170517291225, 0.28624415075500237, 0.32065913955162906, 0.33158724592846384, 0.268023551168403, 0.23218030912665616, 0.23789085854836106, 0.2646580322229001, 0.2849805677319345]}