{"time": "181201_0234", "filename": "T-BN9211170.png", "betas": 0.35, "gammas": 0.5, "c": [null, null, null, null, null, null, null, null, null, null, null, null, null, null, null, null, null, null, null, null], "sigmas": [0.5, 0.5892052152295192, 0.6943255713073281, 0.8182004953629862, 0.9641759979424951, 1.1361950527736884, 1.3389041012244722, 1.577778558267302, 1.8592707100168124, 2.1909839977307937, 2.5818783958948095, 3.042512431899294, 3.585328384551423, 4.224988364976252, 4.978770357856092, 5.867034920557899, 6.913775146252844, 8.147264746192816, 9.600821756624821, 11.313708498984761], "border_radii": [12, 12, 12, 12, 12, 12, 12, 12, 12, 12, 12, 12, 14, 16, 19, 23, 27, 32, 38, 45], "counts": {"TP": 16437, "TN": 498111, "FP": 6672, "FN": 60089}, "counts_FA": {"TP": 12334, "TN": 502378, "FP": 2405, "FN": 64192}, "counts_rw": {"TP": 13863, "TN": 502449, "FP": 2334, "FN": 62663}, "pnc": [0.4371320437342304, 0.30887300252312866, 0.3128679562657696, 0.4350294365012616], "mcc": [0.34882048014723693, 0.3364026085957844, 0.36265334674589134, 0.37483490807471365], "scale_maxes": [0.8679314382013645, 0.8753393443132654, 0.8843637191125064, 0.9104000914867137, 0.9985637673988353, 0.9940289892027195, 0.994173645462519, 0.99241439069194, 0.99079841764675, 0.9878928557585398, 0.9850124475610923, 0.981431572609416, 0.9906679055707356, 0.9770926250957097, 0.9818763369979848, 0.9981691397317987, 0.9933278298526811, 0.9879138518116504, 0.9822623283337943, 0.9042595715518124], "ALPHAS": [0.028527247260495374, 0.03334709714673254, 0.04056491777146193, 0.045456690777379495, 0.0521680792622232, 0.06295116146629179, 0.07981925910943331, 0.10498271931318677, 0.14772142878434563, 0.2031511925141874, 0.23584131787063067, 0.25793170517291225, 0.28624415075500237, 0.32065913955162906, 0.33158724592846384, 0.268023551168403, 0.23218030912665616, 0.23789085854836106, 0.2646580322229001, 0.2849805677319345]}