{"time": "181201_0200", "filename": "T-BN2095839.png", "betas": 0.35, "gammas": 0.5, "c": [null, null, null, null, null, null, null, null, null, null, null, null, null, null, null, null, null, null, null, null], "sigmas": [0.5, 0.5892052152295192, 0.6943255713073281, 0.8182004953629862, 0.9641759979424951, 1.1361950527736884, 1.3389041012244722, 1.577778558267302, 1.8592707100168124, 2.1909839977307937, 2.5818783958948095, 3.042512431899294, 3.585328384551423, 4.224988364976252, 4.978770357856092, 5.867034920557899, 6.913775146252844, 8.147264746192816, 9.600821756624821, 11.313708498984761], "border_radii": [12, 12, 12, 12, 12, 12, 12, 12, 12, 12, 12, 12, 14, 16, 19, 23, 27, 32, 38, 45], "counts": {"TP": 24830, "TN": 550515, "FP": 4511, "FN": 80926}, "counts_FA": {"TP": 18211, "TN": 553074, "FP": 1952, "FN": 87545}, "counts_rw": {"TP": 19974, "TN": 552484, "FP": 2542, "FN": 85782}, "pnc": [0.3865389731311519, 0.25186219739292365, 0.24334929502527267, 0.34816440542697524], "mcc": [0.4034379387998185, 0.3595826000312494, 0.3724444642444057, 0.3854208870848357], "scale_maxes": [0.5322607533544456, 0.5472195008209882, 0.5678760617862307, 0.5963045881109317, 0.6350690066627044, 0.6868469803448723, 0.7534589032583089, 0.9012449150584593, 0.9996696475400567, 0.9999211623565972, 0.9999256836501788, 0.998590852514757, 0.9932007648462817, 0.9875977059459713, 0.9969491316126908, 0.9987844182838225, 0.9990375287600105, 0.9960317453842412, 0.9844719594033813, 0.9655360092829265], "ALPHAS": [0.028527247260495374, 0.03334709714673254, 0.04056491777146193, 0.045456690777379495, 0.0521680792622232, 0.06295116146629179, 0.07981925910943331, 0.10498271931318677, 0.14772142878434563, 0.2031511925141874, 0.23584131787063067, 0.25793170517291225, 0.28624415075500237, 0.32065913955162906, 0.33158724592846384, 0.268023551168403, 0.23218030912665616, 0.23789085854836106, 0.2646580322229001, 0.2849805677319345]}