{"time": "181201_0156", "filename": "T-BN1650687.png", "betas": 0.35, "gammas": 0.5, "c": [null, null, null, null, null, null, null, null, null, null, null, null, null, null, null, null, null, null, null, null], "sigmas": [0.5, 0.5892052152295192, 0.6943255713073281, 0.8182004953629862, 0.9641759979424951, 1.1361950527736884, 1.3389041012244722, 1.577778558267302, 1.8592707100168124, 2.1909839977307937, 2.5818783958948095, 3.042512431899294, 3.585328384551423, 4.224988364976252, 4.978770357856092, 5.867034920557899, 6.913775146252844, 8.147264746192816, 9.600821756624821, 11.313708498984761], "border_radii": [12, 12, 12, 12, 12, 12, 12, 12, 12, 12, 12, 12, 14, 16, 19, 23, 27, 32, 38, 45], "counts": {"TP": 14698, "TN": 519582, "FP": 11991, "FN": 60157}, "counts_FA": {"TP": 9622, "TN": 530033, "FP": 1540, "FN": 65233}, "counts_rw": {"TP": 10464, "TN": 530131, "FP": 1442, "FN": 64391}, "pnc": [0.3293168251160734, 0.21622816714569976, 0.2185496351978775, 0.34435109440636746], "mcc": [0.2787068591854398, 0.30747498254399286, 0.325005954382916, 0.3561376152496434], "scale_maxes": [0.6390126776323296, 0.7018884641202581, 0.7847961149150964, 0.8865111200850598, 0.9566900314729692, 0.9467974150456367, 0.9260040045413809, 0.9181912349157683, 0.9510972810361129, 0.9612106402990368, 0.9845401825832129, 0.9848013733874575, 0.9847780616423855, 0.9652870877688635, 0.9640896138013975, 0.9997352342942176, 0.9997233121998397, 0.9987637454578957, 0.9945989166441626, 0.9070045453789469], "ALPHAS": [0.028527247260495374, 0.03334709714673254, 0.04056491777146193, 0.045456690777379495, 0.0521680792622232, 0.06295116146629179, 0.07981925910943331, 0.10498271931318677, 0.14772142878434563, 0.2031511925141874, 0.23584131787063067, 0.25793170517291225, 0.28624415075500237, 0.32065913955162906, 0.33158724592846384, 0.268023551168403, 0.23218030912665616, 0.23789085854836106, 0.2646580322229001, 0.2849805677319345]}