{"time": "181201_0207", "filename": "T-BN4569506.png", "betas": 0.35, "gammas": 0.5, "c": [null, null, null, null, null, null, null, null, null, null, null, null, null, null, null, null, null, null, null, null], "sigmas": [0.5, 0.5892052152295192, 0.6943255713073281, 0.8182004953629862, 0.9641759979424951, 1.1361950527736884, 1.3389041012244722, 1.577778558267302, 1.8592707100168124, 2.1909839977307937, 2.5818783958948095, 3.042512431899294, 3.585328384551423, 4.224988364976252, 4.978770357856092, 5.867034920557899, 6.913775146252844, 8.147264746192816, 9.600821756624821, 11.313708498984761], "border_radii": [12, 12, 12, 12, 12, 12, 12, 12, 12, 12, 12, 12, 14, 16, 19, 23, 27, 32, 38, 45], "counts": {"TP": 21260, "TN": 807288, "FP": 9241, "FN": 96188}, "counts_FA": {"TP": 15063, "TN": 813743, "FP": 2786, "FN": 102385}, "counts_rw": {"TP": 16439, "TN": 813406, "FP": 3123, "FN": 101009}, "pnc": [0.31361027603170266, 0.213241322765783, 0.2117381798305548, 0.34654277124897515], "mcc": [0.31657178075258396, 0.30232850338835104, 0.31523000734809836, 0.3582219040751774], "scale_maxes": [0.8631799702374983, 0.87224756530929, 0.8889631437563463, 0.9369338947582105, 0.9860739150484945, 0.98519467478158, 0.9843022825729106, 0.981497042979305, 0.9840872752433929, 0.9884890013778531, 0.954485483401532, 0.9627921932374353, 0.9732527851207328, 0.8984355534403948, 0.8890918245500454, 0.9073439991752553, 0.9732355327926302, 0.9747181831093116, 0.9532157779431709, 0.9255871686535851], "ALPHAS": [0.028527247260495374, 0.03334709714673254, 0.04056491777146193, 0.045456690777379495, 0.0521680792622232, 0.06295116146629179, 0.07981925910943331, 0.10498271931318677, 0.14772142878434563, 0.2031511925141874, 0.23584131787063067, 0.25793170517291225, 0.28624415075500237, 0.32065913955162906, 0.33158724592846384, 0.268023551168403, 0.23218030912665616, 0.23789085854836106, 0.2646580322229001, 0.2849805677319345]}