{"time": "181201_0232", "filename": "T-BN8914395.png", "betas": 0.35, "gammas": 0.5, "c": [null, null, null, null, null, null, null, null, null, null, null, null, null, null, null, null, null, null, null, null], "sigmas": [0.5, 0.5892052152295192, 0.6943255713073281, 0.8182004953629862, 0.9641759979424951, 1.1361950527736884, 1.3389041012244722, 1.577778558267302, 1.8592707100168124, 2.1909839977307937, 2.5818783958948095, 3.042512431899294, 3.585328384551423, 4.224988364976252, 4.978770357856092, 5.867034920557899, 6.913775146252844, 8.147264746192816, 9.600821756624821, 11.313708498984761], "border_radii": [12, 12, 12, 12, 12, 12, 12, 12, 12, 12, 12, 12, 14, 16, 19, 23, 27, 32, 38, 45], "counts": {"TP": 14599, "TN": 505403, "FP": 7982, "FN": 60881}, "counts_FA": {"TP": 10167, "TN": 510991, "FP": 2394, "FN": 65313}, "counts_rw": {"TP": 11484, "TN": 510950, "FP": 2435, "FN": 63996}, "pnc": [0.3531540847983454, 0.23660806618407446, 0.24033092037228543, 0.3782833505687694], "mcc": [0.309632018351573, 0.30085628593366504, 0.3243597835332828, 0.35722655663779357], "scale_maxes": [0.6076319605833673, 0.6399527725276911, 0.6794254884519347, 0.7321741957910067, 0.9077246756295392, 0.9553071778114707, 0.9534302166891465, 0.9537762168711493, 0.9661662268052272, 0.9510611518805172, 0.8878888934484668, 0.8280559898509822, 0.7918798408418092, 0.7238805747705698, 0.8557614105522835, 0.9806802365607089, 0.9893919807894537, 0.9726777625937671, 0.9333951467514688, 0.9807458972009214], "ALPHAS": [0.028527247260495374, 0.03334709714673254, 0.04056491777146193, 0.045456690777379495, 0.0521680792622232, 0.06295116146629179, 0.07981925910943331, 0.10498271931318677, 0.14772142878434563, 0.2031511925141874, 0.23584131787063067, 0.25793170517291225, 0.28624415075500237, 0.32065913955162906, 0.33158724592846384, 0.268023551168403, 0.23218030912665616, 0.23789085854836106, 0.2646580322229001, 0.2849805677319345]}