{"time": "181201_0229", "filename": "T-BN8549337.png", "betas": 0.35, "gammas": 0.5, "c": [null, null, null, null, null, null, null, null, null, null, null, null, null, null, null, null, null, null, null, null], "sigmas": [0.5, 0.5892052152295192, 0.6943255713073281, 0.8182004953629862, 0.9641759979424951, 1.1361950527736884, 1.3389041012244722, 1.577778558267302, 1.8592707100168124, 2.1909839977307937, 2.5818783958948095, 3.042512431899294, 3.585328384551423, 4.224988364976252, 4.978770357856092, 5.867034920557899, 6.913775146252844, 8.147264746192816, 9.600821756624821, 11.313708498984761], "border_radii": [12, 12, 12, 12, 12, 12, 12, 12, 12, 12, 12, 12, 14, 16, 19, 23, 27, 32, 38, 45], "counts": {"TP": 16317, "TN": 429845, "FP": 14474, "FN": 45296}, "counts_FA": {"TP": 12865, "TN": 435951, "FP": 8368, "FN": 48748}, "counts_rw": {"TP": 14273, "TN": 435393, "FP": 8926, "FN": 47340}, "pnc": [0.3870967741935484, 0.29225352112676056, 0.294525215810995, 0.3551794638800545], "mcc": [0.3177057901479142, 0.30983248469175795, 0.33078238038350793, 0.38224241196058967], "scale_maxes": [0.988375660406009, 0.985287351159057, 0.9804685070473557, 0.9573221596270631, 0.9189686313967815, 0.9952388705613181, 0.9959357245813237, 0.9912758247905104, 0.9914181646137978, 0.9947781520235404, 0.9962569990017588, 0.9893566682544112, 0.9805532216771183, 0.9935383112220567, 0.9767558958902377, 0.9568734172122542, 0.8908751592252453, 0.8099054850531906, 0.8106620095219226, 0.8213702661526006], "ALPHAS": [0.028527247260495374, 0.03334709714673254, 0.04056491777146193, 0.045456690777379495, 0.0521680792622232, 0.06295116146629179, 0.07981925910943331, 0.10498271931318677, 0.14772142878434563, 0.2031511925141874, 0.23584131787063067, 0.25793170517291225, 0.28624415075500237, 0.32065913955162906, 0.33158724592846384, 0.268023551168403, 0.23218030912665616, 0.23789085854836106, 0.2646580322229001, 0.2849805677319345]}