{"time": "181201_0224", "filename": "T-BN7753462.png", "betas": 0.35, "gammas": 0.5, "c": [null, null, null, null, null, null, null, null, null, null, null, null, null, null, null, null, null, null, null, null], "sigmas": [0.5, 0.5892052152295192, 0.6943255713073281, 0.8182004953629862, 0.9641759979424951, 1.1361950527736884, 1.3389041012244722, 1.577778558267302, 1.8592707100168124, 2.1909839977307937, 2.5818783958948095, 3.042512431899294, 3.585328384551423, 4.224988364976252, 4.978770357856092, 5.867034920557899, 6.913775146252844, 8.147264746192816, 9.600821756624821, 11.313708498984761], "border_radii": [12, 12, 12, 12, 12, 12, 12, 12, 12, 12, 12, 12, 14, 16, 19, 23, 27, 32, 38, 45], "counts": {"TP": 15224, "TN": 540458, "FP": 8783, "FN": 66456}, "counts_FA": {"TP": 10533, "TN": 548029, "FP": 1212, "FN": 71147}, "counts_rw": {"TP": 11502, "TN": 548075, "FP": 1166, "FN": 70178}, "pnc": [0.3434307541973883, 0.23771875277605045, 0.23567557963933553, 0.34796126854401704], "mcc": [0.29899435765223853, 0.31480825722754, 0.3319423581111022, 0.3594046950392513], "scale_maxes": [0.9084111271098639, 0.9306842183657871, 0.9575646335879742, 0.9774213728481063, 0.9934742789665625, 0.9842032329042453, 0.9733773623466476, 0.9726677104509939, 0.9583634263576322, 0.9445975962467673, 0.9151857015914152, 0.9636627029135026, 0.9985214519625766, 0.997259179977199, 0.9986855151078038, 0.99996382769135, 0.9871704965156508, 0.9961026099839788, 0.9081590764865861, 0.8669551056955132], "ALPHAS": [0.028527247260495374, 0.03334709714673254, 0.04056491777146193, 0.045456690777379495, 0.0521680792622232, 0.06295116146629179, 0.07981925910943331, 0.10498271931318677, 0.14772142878434563, 0.2031511925141874, 0.23584131787063067, 0.25793170517291225, 0.28624415075500237, 0.32065913955162906, 0.33158724592846384, 0.268023551168403, 0.23218030912665616, 0.23789085854836106, 0.2646580322229001, 0.2849805677319345]}