{"time": "181201_0209", "filename": "T-BN5280796.png", "betas": 0.35, "gammas": 0.5, "c": [null, null, null, null, null, null, null, null, null, null, null, null, null, null, null, null, null, null, null, null], "sigmas": [0.5, 0.5892052152295192, 0.6943255713073281, 0.8182004953629862, 0.9641759979424951, 1.1361950527736884, 1.3389041012244722, 1.577778558267302, 1.8592707100168124, 2.1909839977307937, 2.5818783958948095, 3.042512431899294, 3.585328384551423, 4.224988364976252, 4.978770357856092, 5.867034920557899, 6.913775146252844, 8.147264746192816, 9.600821756624821, 11.313708498984761], "border_radii": [12, 12, 12, 12, 12, 12, 12, 12, 12, 12, 12, 12, 14, 16, 19, 23, 27, 32, 38, 45], "counts": {"TP": 22337, "TN": 589539, "FP": 6312, "FN": 90724}, "counts_FA": {"TP": 17328, "TN": 594189, "FP": 1662, "FN": 95733}, "counts_rw": {"TP": 19105, "TN": 593880, "FP": 1971, "FN": 93956}, "pnc": [0.36728, 0.28144, 0.2836, 0.36088], "mcc": [0.3476243607990448, 0.34120993344165923, 0.357138803353391, 0.35768524089861353], "scale_maxes": [0.9996683582309496, 0.999577739788631, 0.9994776173447921, 0.9993999654924367, 0.9515810414209642, 0.8857151259527561, 0.8427875789310335, 0.89574604592783, 0.9336090794549637, 0.935383923207982, 0.958895709451365, 0.9822563157876423, 0.988255919573237, 0.988135426553242, 0.9851549000204446, 0.9497401162964301, 0.8734870475934955, 0.8831334889214124, 0.9362992866768112, 0.9002944512184683], "ALPHAS": [0.028527247260495374, 0.03334709714673254, 0.04056491777146193, 0.045456690777379495, 0.0521680792622232, 0.06295116146629179, 0.07981925910943331, 0.10498271931318677, 0.14772142878434563, 0.2031511925141874, 0.23584131787063067, 0.25793170517291225, 0.28624415075500237, 0.32065913955162906, 0.33158724592846384, 0.268023551168403, 0.23218030912665616, 0.23789085854836106, 0.2646580322229001, 0.2849805677319345]}