{"time": "181201_0211", "filename": "T-BN5961598.png", "betas": 0.35, "gammas": 0.5, "c": [null, null, null, null, null, null, null, null, null, null, null, null, null, null, null, null, null, null, null, null], "sigmas": [0.5, 0.5892052152295192, 0.6943255713073281, 0.8182004953629862, 0.9641759979424951, 1.1361950527736884, 1.3389041012244722, 1.577778558267302, 1.8592707100168124, 2.1909839977307937, 2.5818783958948095, 3.042512431899294, 3.585328384551423, 4.224988364976252, 4.978770357856092, 5.867034920557899, 6.913775146252844, 8.147264746192816, 9.600821756624821, 11.313708498984761], "border_radii": [12, 12, 12, 12, 12, 12, 12, 12, 12, 12, 12, 12, 14, 16, 19, 23, 27, 32, 38, 45], "counts": {"TP": 12716, "TN": 620615, "FP": 5000, "FN": 67533}, "counts_FA": {"TP": 9631, "TN": 623120, "FP": 2495, "FN": 70618}, "counts_rw": {"TP": 10714, "TN": 622882, "FP": 2733, "FN": 69535}, "pnc": [0.2750130412102243, 0.1967657798643714, 0.20219092331768387, 0.3541992696922274], "mcc": [0.3053403218074168, 0.2834469194236683, 0.29987537636933564, 0.33718926964150003], "scale_maxes": [0.6552879651578158, 0.6575932119335083, 0.6608558410523707, 0.6656053174505339, 0.672689232365845, 0.6890753293184946, 0.7077130497494516, 0.7225734254989407, 0.7337951016151877, 0.9195901698600971, 0.9970611950563774, 0.9980351354793232, 0.997190826998798, 0.9857105566529135, 0.9765811652912948, 0.9938490560934726, 0.985758802678604, 0.9774896260052275, 0.9273663424888183, 0.8512167121904991], "ALPHAS": [0.028527247260495374, 0.03334709714673254, 0.04056491777146193, 0.045456690777379495, 0.0521680792622232, 0.06295116146629179, 0.07981925910943331, 0.10498271931318677, 0.14772142878434563, 0.2031511925141874, 0.23584131787063067, 0.25793170517291225, 0.28624415075500237, 0.32065913955162906, 0.33158724592846384, 0.268023551168403, 0.23218030912665616, 0.23789085854836106, 0.2646580322229001, 0.2849805677319345]}