{"time": "181201_0218", "filename": "T-BN7531176.png", "betas": 0.35, "gammas": 0.5, "c": [null, null, null, null, null, null, null, null, null, null, null, null, null, null, null, null, null, null, null, null], "sigmas": [0.5, 0.5892052152295192, 0.6943255713073281, 0.8182004953629862, 0.9641759979424951, 1.1361950527736884, 1.3389041012244722, 1.577778558267302, 1.8592707100168124, 2.1909839977307937, 2.5818783958948095, 3.042512431899294, 3.585328384551423, 4.224988364976252, 4.978770357856092, 5.867034920557899, 6.913775146252844, 8.147264746192816, 9.600821756624821, 11.313708498984761], "border_radii": [12, 12, 12, 12, 12, 12, 12, 12, 12, 12, 12, 12, 14, 16, 19, 23, 27, 32, 38, 45], "counts": {"TP": 10495, "TN": 486760, "FP": 5912, "FN": 64784}, "counts_FA": {"TP": 5844, "TN": 491145, "FP": 1527, "FN": 69435}, "counts_rw": {"TP": 6229, "TN": 491533, "FP": 1139, "FN": 69050}, "pnc": [0.27011494252873564, 0.1542649727767695, 0.14629965718894938, 0.3734623916112119], "mcc": [0.25794742968787654, 0.22329314381085744, 0.24102317204048035, 0.31945881572152207], "scale_maxes": [0.9353412723915167, 0.9224049123562276, 0.8953613014824194, 0.8438268097947389, 0.7634650519538617, 0.661891112078043, 0.6075863246561524, 0.658339064201205, 0.7045092854288474, 0.7791476902247324, 0.8000925980574399, 0.8030536624936355, 0.7933076853706748, 0.8401531719212932, 0.831703845269452, 0.8798613947037314, 0.9076894273653948, 0.8349624431785461, 0.6427488991179249, 0.4736549595788534], "ALPHAS": [0.028527247260495374, 0.03334709714673254, 0.04056491777146193, 0.045456690777379495, 0.0521680792622232, 0.06295116146629179, 0.07981925910943331, 0.10498271931318677, 0.14772142878434563, 0.2031511925141874, 0.23584131787063067, 0.25793170517291225, 0.28624415075500237, 0.32065913955162906, 0.33158724592846384, 0.268023551168403, 0.23218030912665616, 0.23789085854836106, 0.2646580322229001, 0.2849805677319345]}