{
 "time": "181104_2321",
 "DARK_BG": false,
 "dilate_per_scale": true,
 "log_range": [
  -4,
  4.5
 ],
 "n_scales": 30,
 "scales": [
  0.0625,
  0.07657957417641059,
  0.09383089889664595,
  0.11496848451351971,
  0.1408678014040415,
  0.17260153994701877,
  0.21148403890136666,
  0.25912572230678577,
  0.3174997995585356,
  0.38902399122061393,
  0.4766606654733169,
  0.5840395326174578,
  0.7156079793605562,
  0.8768152693867682,
  1.0743382393762153,
  1.3163578382858439,
  1.6128979635153644,
  1.9762406277761029,
  2.421434651923461,
  2.9669189526448583,
  3.6352862401514456,
  4.454218756482598,
  5.457634810560296,
  6.687093596849004,
  8.193516481991972,
  10.039296051173553,
  12.300880266076657,
  15.0719387643386,
  18.467242441375777,
  22.627416997969522
 ],
 "alphas": [
  0.15,
  0.15,
  0.15,
  0.15,
  0.15,
  0.15,
  0.15,
  0.15,
  0.15,
  0.15,
  0.15,
  0.15,
  0.15,
  0.15,
  0.15,
  0.15,
  0.15,
  0.15,
  0.15,
  0.15,
  0.15,
  0.15,
  0.15,
  0.15,
  0.15,
  0.15,
  0.15,
  0.15,
  0.15,
  0.15
 ],
 "betas": null,
 "files": [
  "T-BN0164923.png",
  "T-BN1650687.png",
  "T-BN2050224.png",
  "T-BN5072928.png",
  "T-BN5280796.png",
  "T-BN6028328.png",
  "T-BN6238549.png",
  "T-BN7646343.png",
  "T-BN7753462.png",
  "T-BN7767693.png",
  "T-BN8333878.png",
  "T-BN8549337.png"
 ],
 "MCCS": {
  "T-BN0164923.png": 0.5526412418645666
 }
}