{
 "time": "181104_2345",
 "filename": "T-BN0164923.png",
 "alphas": [
  0.2,
  0.2,
  0.2,
  0.2,
  0.2,
  0.2,
  0.2,
  0.2,
  0.2,
  0.2,
  0.2,
  0.2,
  0.2,
  0.2,
  0.2,
  0.2,
  0.2,
  0.2,
  0.2,
  0.2,
  0.2,
  0.2,
  0.2,
  0.2,
  0.2,
  0.2,
  0.2,
  0.2,
  0.2,
  0.2,
  0.2,
  0.2,
  0.2,
  0.2,
  0.2,
  0.2,
  0.2,
  0.2,
  0.2,
  0.2
 ],
 "betas": [
  0.5,
  0.5,
  0.5,
  0.5,
  0.5,
  0.5,
  0.5,
  0.5,
  0.5,
  0.5,
  0.5,
  0.5,
  0.5,
  0.5,
  0.5,
  0.5,
  0.5,
  0.5,
  0.5,
  0.5,
  0.5,
  0.5,
  0.5,
  0.5,
  0.5,
  0.5,
  0.5,
  0.5,
  0.5,
  0.5,
  0.5,
  0.5,
  0.5,
  0.5,
  0.5,
  0.5,
  0.5,
  0.5,
  0.5,
  0.5
 ],
 "gammas": [
  0.10559804448476737,
  0.10356069691355672,
  0.10119145241609388,
  0.0987143568545538,
  0.09593251308688171,
  0.0927407438188674,
  0.08910577378986134,
  0.08500199603146003,
  0.08041589211069591,
  0.07535111653061767,
  0.06983382390511622,
  0.06391751191571134,
  0.05920077836711773,
  0.055360472850476884,
  0.051314740372950036,
  0.04701397170453593,
  0.042537801689839,
  0.03798541811898532,
  0.03346737796215343,
  0.02909434182870647,
  0.02496514630316371,
  0.021157146848847206,
  0.017720998324595,
  0.014691439035229445,
  0.01207300854996618,
  0.010165049177656841,
  0.008651667602376461,
  0.007532820850665198,
  0.006448224589502756,
  0.005442891856090087,
  0.00450976639882332,
  0.003690615685706947,
  0.00297799036129677,
  0.0024026854709538054,
  0.0019887425536174686,
  0.0017614475210405802,
  0.0015361458192100484,
  0.0013158279280860732,
  0.0011047327247957358,
  0.0009060515466397297
 ],
 "sigmas": [
  0.0625,
  0.07465642607799566,
  0.08917731127582769,
  0.10652254955357182,
  0.12724148554217382,
  0.15199031295093846,
  0.1815528570142906,
  0.21686539918298084,
  0.25904633028766766,
  0.30943157132635696,
  0.36961688369478735,
  0.4415084088758242,
  0.5273830382408232,
  0.6299605249474365,
  0.7524896218046981,
  0.8988509731955416,
  1.0736800197681187,
  1.2825138084358314,
  1.5319663573359734,
  1.8299381297668702,
  2.1858662513959355,
  2.6110233954196183,
  3.1188748017289916,
  3.725504737308861,
  4.450125904385946,
  5.315687929897007,
  6.349604207872796,
  7.584620114713369,
  9.05985009478044,
  10.822016462059167,
  12.926929152233157,
  15.441253290706909,
  18.444620557588284,
  22.032151219108286,
  26.317466701257292,
  31.436288117480455,
  37.55073472014802,
  44.85445841294647,
  53.578776940394725,
  64.0
 ],
 "border_radii": [
  10,
  10,
  10,
  10,
  10,
  10,
  10,
  10,
  10,
  10,
  10,
  10,
  10,
  10,
  10,
  10,
  10,
  10,
  10,
  10,
  10,
  10,
  12,
  14,
  17,
  21,
  25,
  30,
  36,
  43,
  51,
  61,
  73,
  44,
  52,
  62,
  75,
  89,
  107,
  128
 ]
}