{
 "T-BN0013990": 0.23224240068,
 "T-BN0033885": 0.390408281935,
 "T-BN0061827": 0.347331640917,
 "T-BN0124393": 0.450246137814,
 "T-BN0164923": 0.522459655377,
 "T-BN0204423": 0.30257889329,
 "T-BN0224265": 0.39183741801,
 "T-BN0254914": 0.302356375852,
 "T-BN0264445": 0.268948263032,
 "T-BN0342010": 0.251712285558,
 "T-BN0392139": 0.375223371852,
 "T-BN0392644": 0.315682453618,
 "T-BN0404929": 0.391725324382,
 "T-BN0421379": 0.390190189241,
 "T-BN0426372": 0.343561500842,
 "T-BN0464750": 0.339562476213,
 "T-BN0491127": 0.267364651829,
 "T-BN0501518": 0.460091920093,
 "T-BN0516545": 0.296985839301,
 "T-BN0651415": 0.496620238987,
 "T-BN0657337": 0.374738721484,
 "T-BN0687730": 0.470519431018,
 "T-BN0723815": 0.279479617442,
 "T-BN0963435": 0.279325646225,
 "T-BN1051747": 0.444641721216,
 "T-BN1105196": 0.464448688572,
 "T-BN1145709": 0.457693380379,
 "T-BN1233668": 0.480633938932,
 "T-BN1273150": 0.302417317473,
 "T-BN1289932": 0.19498227572,
 "T-BN1328016": 0.465384686659,
 "T-BN1411786": 0.010409468324,
 "T-BN1442472": 0.326977494397,
 "T-BN1479814": 0.450482292162,
 "T-BN1510602": 0.31235025607,
 "T-BN1530431": 0.34395431913,
 "T-BN1587209": 0.404925386681,
 "T-BN1602443": 0.474048429001,
 "T-BN1629357": 0.349644400756,
 "T-BN1650687": 0.509445324138,
 "T-BN1662406": 0.0459705650451,
 "T-BN1788623": 0.432543548867,
 "T-BN2050224": 0.513835059622,
 "T-BN2095839": 0.38935408485,
 "T-BN2315363": 0.471818870413,
 "T-BN2330218": 0.345300370907,
 "T-BN2341348": 0.286865076071,
 "T-BN2408482": 0.235159466502,
 "T-BN2421294": 0.190599958378,
 "T-BN2432252": 0.466915656843,
 "T-BN2481864": 0.476229974627,
 "T-BN2583658": 0.408394961549,
 "T-BN2623827": 0.24269169124,
 "T-BN2641672": 0.352792816837,
 "T-BN2644701": 0.325873895864,
 "T-BN2679570": 0.378068699324,
 "T-BN2713393": 0.403704833549,
 "T-BN2721525": 0.367168234462,
 "T-BN2774548": 0.145373835575,
 "T-BN2810683": 0.0,
 "T-BN2829989": 0.345306558326,
 "T-BN2839794": 0.395044041951,
 "T-BN2844756": 0.465587553414,
 "T-BN2899857": 0.431279075166,
 "T-BN2958557": 0.413877435983,
 "T-BN3182394": 0.382083503539,
 "T-BN3236159": 0.424881595298,
 "T-BN3307587": 0.369237182069,
 "T-BN3436209": 0.239463081026,
 "T-BN3601547": 0.425583315495,
 "T-BN3731521": 0.403954232696,
 "T-BN3751005": 0.480366091897,
 "T-BN3800686": 0.0,
 "T-BN3817093": 0.0993655881141,
 "T-BN3857011": 0.261917971638,
 "T-BN3859381": 0.191730835879,
 "T-BN4031846": 0.278475999845,
 "T-BN4193575": 0.35706382714,
 "T-BN4384182": 0.450888797569,
 "T-BN4442496": 0.16269170854,
 "T-BN4475126": 0.37465200772,
 "T-BN4537926": 0.306599376281,
 "T-BN4569506": 0.0,
 "T-BN4920563": 0.403067815345,
 "T-BN4979348": 0.286577051843,
 "T-BN4981652": 0.334503965053,
 "T-BN5065621": 0.115544058754,
 "T-BN5072928": 0.516267494607,
 "T-BN5179290": 0.31624174455,
 "T-BN5226897": 0.388201857404,
 "T-BN5260182": 0.318892869739,
 "T-BN5280796": 0.547030086933,
 "T-BN5569860": 0.351605631726,
 "T-BN5602970": 0.403876768812,
 "T-BN5701077": 0.481850339193,
 "T-BN5766074": 0.313731346745,
 "T-BN5852719": 0.182765008742,
 "T-BN5932011": 0.419576052614,
 "T-BN5934535": 0.245352563013,
 "T-BN5961598": 0.419769403126,
 "T-BN6028328": 0.511138124133,
 "T-BN6216577": 0.387048184518,
 "T-BN6238549": 0.503449911813,
 "T-BN6279307": 0.188387260282,
 "T-BN6469047": 0.27503020563,
 "T-BN6472004": 0.21485358746,
 "T-BN6483346": 0.412364602168,
 "T-BN6498420": 0.310215118092,
 "T-BN6535713": 0.375502604359,
 "T-BN6557410": 0.425168454133,
 "T-BN6577513": 0.142477808144,
 "T-BN6588820": 0.321372002316,
 "T-BN6616756": 0.285867467845,
 "T-BN7080847": 0.403891848386,
 "T-BN7302686": 0.46760939049,
 "T-BN7408610": 0.189157481049,
 "T-BN7436313": 0.388565991439,
 "T-BN7467857": 0.228282605053,
 "T-BN7476220": 0.306225984387,
 "T-BN7515948": 0.312751579929,
 "T-BN7531176": 0.483930612087,
 "T-BN7547732": 0.414204102745,
 "T-BN7644170": 0.413118939579,
 "T-BN7646343": 0.521540877897,
 "T-BN7680325": 0.183952334827,
 "T-BN7686730": 0.381873956615,
 "T-BN7687331": 0.456899544368,
 "T-BN7725413": 0.418129562273,
 "T-BN7726580": 0.43402706711,
 "T-BN7736166": 0.40885943689,
 "T-BN7753462": 0.526231466615,
 "T-BN7767693": 0.512112027098,
 "T-BN7804374": 0.177403192367,
 "T-BN7847884": 0.324811604904,
 "T-BN7871142": 0.238203482382,
 "T-BN7914277": 0.432169971188,
 "T-BN7957558": 0.499181040172,
 "T-BN7965300": 0.361311313313,
 "T-BN7971406": 0.0723447985778,
 "T-BN8048789": 0.400112261952,
 "T-BN8159259": 0.424474894542,
 "T-BN8166392": 0.330692753049,
 "T-BN8177602": 0.43480786665,
 "T-BN8183465": 0.482757160696,
 "T-BN8321696": 0.461669069011,
 "T-BN8333878": 0.557177196769,
 "T-BN8358802": 0.297312793214,
 "T-BN8438124": 0.196030832703,
 "T-BN8441842": 0.278352643781,
 "T-BN8549337": 0.528952758738,
 "T-BN8625834": 0.386808043647,
 "T-BN8656271": 0.23587572726,
 "T-BN8731535": 0.248035304122,
 "T-BN8778711": 0.415459133518,
 "T-BN8789191": 0.0,
 "T-BN8801263": 0.339903117251,
 "T-BN8914395": 0.48789793728,
 "T-BN8949552": 0.401795464761,
 "T-BN9056988": 0.0706891571406,
 "T-BN9118174": 0.464254718055,
 "T-BN9165109": 0.383289215558,
 "T-BN9211170": 0.368096982328,
 "T-BN9230531": 0.33274917777,
 "T-BN9238868": 0.411050885818,
 "T-BN9323718": 0.146083533779,
 "T-BN9365078": 0.295531540601,
 "T-BN9413603": 0.0,
 "T-BN9586508": 0.381038478265,
 "T-BN9597656": 0.327382396175,
 "T-BN9730834": 0.222682296725,
 "T-BN9801033": 0.372741113735,
 "T-BN9900633": 0.36346667952,
 "T-BN9922415": 0.384807449238,
 "T-BN9937513": 0.429069656612
}