{
 "T-BN1289932": 0.19498227572,
 "T-BN1411786": 0.010409468324,
 "T-BN1662406": 0.0459705650451,
 "T-BN2421294": 0.190599958378,
 "T-BN2774548": 0.145373835575,
 "T-BN3817093": 0.0993655881141,
 "T-BN3859381": 0.191730835879,
 "T-BN4442496": 0.16269170854,
 "T-BN5065621": 0.115544058754,
 "T-BN5852719": 0.182765008742,
 "T-BN6279307": 0.188387260282,
 "T-BN6577513": 0.142477808144,
 "T-BN7408610": 0.189157481049,
 "T-BN7680325": 0.183952334827,
 "T-BN7804374": 0.177403192367,
 "T-BN7971406": 0.0723447985778,
 "T-BN8438124": 0.196030832703,
 "T-BN9056988": 0.0706891571406,
 "T-BN9323718": 0.146083533779
}