{
 "time": "181007_2146",
 "filename": "T-BN0963435.png",
 "DARK_BG": false,
 "fixed_alpha": 0.1,
 "VT_alphas": [
  0.1,
  0.1,
  0.1,
  0.1,
  0.1,
  0.1,
  0.1,
  0.1,
  0.1,
  0.1,
  0.1,
  0.1,
  0.1,
  0.1,
  0.1,
  0.1,
  0.1,
  0.1,
  0.1,
  0.1
 ],
 "betas": [
  0.5,
  0.5,
  0.5,
  0.5,
  0.5,
  0.5,
  0.5,
  0.5,
  0.5,
  0.5,
  0.5,
  0.5,
  0.5,
  0.5,
  0.5,
  0.5,
  0.5,
  0.5,
  0.5,
  0.5
 ],
 "gammas": [
  0.1929590717968766,
  0.18068905567377488,
  0.16656270656710082,
  0.150655539932483,
  0.13320834318119057,
  0.11465467054000464,
  0.09562164114939951,
  0.0781473896718466,
  0.06679182714495399,
  0.055458275261793526,
  0.044695200287521095,
  0.03499557699575362,
  0.026694861595261805,
  0.020471665609253998,
  0.01629374167494605,
  0.012799405247329717,
  0.009776237354320037,
  0.007467716188210318,
  0.005661491261869925,
  0.004307860731414755
 ],
 "sigmas": [
  0.25,
  0.31690125168711514,
  0.4017056132834412,
  0.509204046637051,
  0.6454695989737025,
  0.8182004953629862,
  1.037155044446192,
  1.3147029271144153,
  1.666524012797089,
  2.112494182488126,
  2.6778082024489445,
  3.394403084536377,
  4.302762344880731,
  5.4542030912195605,
  6.913775146252846,
  8.763935990923178,
  11.109209140917251,
  14.08208912804247,
  17.8505266841847,
  22.627416997969522
 ],
 "log_min": -2,
 "log_max": 4.5,
 "n_scales": 20,
 "border_radii": [
  10,
  10,
  10,
  10,
  10,
  10,
  10,
  10,
  10,
  10,
  10,
  13,
  17,
  21,
  27,
  35,
  44,
  56,
  71,
  90
 ]
}