{
 "time": "181007_2150",
 "filename": "T-BN1328016.png",
 "DARK_BG": false,
 "fixed_alpha": 0.1,
 "VT_alphas": [
  0.1,
  0.1,
  0.1,
  0.1,
  0.1,
  0.1,
  0.1,
  0.1,
  0.1,
  0.1,
  0.1,
  0.1,
  0.1,
  0.1,
  0.1,
  0.1,
  0.1,
  0.1,
  0.1,
  0.1
 ],
 "betas": [
  0.5,
  0.5,
  0.5,
  0.5,
  0.5,
  0.5,
  0.5,
  0.5,
  0.5,
  0.5,
  0.5,
  0.5,
  0.5,
  0.5,
  0.5,
  0.5,
  0.5,
  0.5,
  0.5,
  0.5
 ],
 "gammas": [
  0.19987812923379722,
  0.18839933662326572,
  0.17500069613394395,
  0.1597194271666095,
  0.14278467157668648,
  0.12465856223300079,
  0.10603069100582779,
  0.0877417432187024,
  0.07081885087619384,
  0.057058925885456864,
  0.04775987322650091,
  0.03891641730318765,
  0.03084058360895114,
  0.02444404764305677,
  0.019300320620320353,
  0.015245028847036485,
  0.011974961439814897,
  0.009352550628623151,
  0.007360703092004954,
  0.00576649283207583
 ],
 "sigmas": [
  0.25,
  0.31690125168711514,
  0.4017056132834412,
  0.509204046637051,
  0.6454695989737025,
  0.8182004953629862,
  1.037155044446192,
  1.3147029271144153,
  1.666524012797089,
  2.112494182488126,
  2.6778082024489445,
  3.394403084536377,
  4.302762344880731,
  5.4542030912195605,
  6.913775146252846,
  8.763935990923178,
  11.109209140917251,
  14.08208912804247,
  17.8505266841847,
  22.627416997969522
 ],
 "log_min": -2,
 "log_max": 4.5,
 "n_scales": 20,
 "border_radii": [
  10,
  10,
  10,
  10,
  10,
  10,
  10,
  10,
  10,
  10,
  10,
  13,
  17,
  21,
  27,
  35,
  44,
  56,
  71,
  90
 ]
}