{
 "time": "181007_2227",
 "filename": "T-BN6028328.png",
 "DARK_BG": false,
 "fixed_alpha": 0.1,
 "VT_alphas": [
  0.1,
  0.1,
  0.1,
  0.1,
  0.1,
  0.1,
  0.1,
  0.1,
  0.1,
  0.1,
  0.1,
  0.1,
  0.1,
  0.1,
  0.1,
  0.1,
  0.1,
  0.1,
  0.1,
  0.1
 ],
 "betas": [
  0.5,
  0.5,
  0.5,
  0.5,
  0.5,
  0.5,
  0.5,
  0.5,
  0.5,
  0.5,
  0.5,
  0.5,
  0.5,
  0.5,
  0.5,
  0.5,
  0.5,
  0.5,
  0.5,
  0.5
 ],
 "gammas": [
  0.17967834066788752,
  0.16867724384055127,
  0.15603389477972918,
  0.14168396100691985,
  0.1258820397690494,
  0.10910809456468341,
  0.09205316199670224,
  0.07553153292881248,
  0.0613575062695998,
  0.052039632465774664,
  0.042959744607271526,
  0.03448555282905497,
  0.026939548897811756,
  0.021012973886230156,
  0.01678238404835362,
  0.013219292819081218,
  0.010578182031385759,
  0.008613333866947471,
  0.0069344845113602,
  0.005650525498282378
 ],
 "sigmas": [
  0.25,
  0.31690125168711514,
  0.4017056132834412,
  0.509204046637051,
  0.6454695989737025,
  0.8182004953629862,
  1.037155044446192,
  1.3147029271144153,
  1.666524012797089,
  2.112494182488126,
  2.6778082024489445,
  3.394403084536377,
  4.302762344880731,
  5.4542030912195605,
  6.913775146252846,
  8.763935990923178,
  11.109209140917251,
  14.08208912804247,
  17.8505266841847,
  22.627416997969522
 ],
 "log_min": -2,
 "log_max": 4.5,
 "n_scales": 20,
 "border_radii": [
  10,
  10,
  10,
  10,
  10,
  10,
  10,
  10,
  10,
  10,
  10,
  13,
  17,
  21,
  27,
  35,
  44,
  56,
  71,
  90
 ]
}