{
 "time": "181007_2228",
 "filename": "T-BN6279307.png",
 "DARK_BG": false,
 "fixed_alpha": 0.1,
 "VT_alphas": [
  0.1,
  0.1,
  0.1,
  0.1,
  0.1,
  0.1,
  0.1,
  0.1,
  0.1,
  0.1,
  0.1,
  0.1,
  0.1,
  0.1,
  0.1,
  0.1,
  0.1,
  0.1,
  0.1,
  0.1
 ],
 "betas": [
  0.5,
  0.5,
  0.5,
  0.5,
  0.5,
  0.5,
  0.5,
  0.5,
  0.5,
  0.5,
  0.5,
  0.5,
  0.5,
  0.5,
  0.5,
  0.5,
  0.5,
  0.5,
  0.5,
  0.5
 ],
 "gammas": [
  0.12048851784192213,
  0.11345497853549112,
  0.10524511355017233,
  0.09588809916136905,
  0.08553693354763582,
  0.07449490348515395,
  0.06321070242561477,
  0.05222516516771076,
  0.04264321558264242,
  0.03422141464229308,
  0.026908533578975522,
  0.021750556456591675,
  0.01721501052191786,
  0.0137641384094716,
  0.010928809210116044,
  0.008786530432859227,
  0.006988715550509046,
  0.005491695712761371,
  0.004355842638735165,
  0.0034518124060389163
 ],
 "sigmas": [
  0.25,
  0.31690125168711514,
  0.4017056132834412,
  0.509204046637051,
  0.6454695989737025,
  0.8182004953629862,
  1.037155044446192,
  1.3147029271144153,
  1.666524012797089,
  2.112494182488126,
  2.6778082024489445,
  3.394403084536377,
  4.302762344880731,
  5.4542030912195605,
  6.913775146252846,
  8.763935990923178,
  11.109209140917251,
  14.08208912804247,
  17.8505266841847,
  22.627416997969522
 ],
 "log_min": -2,
 "log_max": 4.5,
 "n_scales": 20,
 "border_radii": [
  10,
  10,
  10,
  10,
  10,
  10,
  10,
  10,
  10,
  10,
  10,
  13,
  17,
  21,
  27,
  35,
  44,
  56,
  71,
  90
 ]
}