{
 "time": "180924_0203",
 "filename": "barium1.png",
 "DARK_BG": true,
 "alpha": 0.15,
 "betas": [
  0.5,
  0.5,
  0.5,
  0.5,
  0.5,
  0.5,
  0.5,
  0.5,
  0.5,
  0.5,
  0.5,
  0.5,
  0.5,
  0.5,
  0.5,
  0.5,
  0.5,
  0.5,
  0.5,
  0.5
 ],
 "gammas": [
  176.28349957327467,
  194.99357499639544,
  212.2960991884634,
  231.1074612806088,
  237.34735834674518,
  252.80855891078954,
  253.54574385592045,
  243.955600269031,
  240.71272907803754,
  234.17860134882915,
  221.50715028264983,
  208.44868562187548,
  194.30522386414322,
  201.38753805552787,
  201.37271923106618,
  194.7049916397029,
  186.00738134842604,
  184.84352651808786,
  194.90283086964368,
  193.8854398217051
 ],
 "sigmas": [
  1.0,
  1.1784104304590384,
  1.3886511426146562,
  1.6364009907259724,
  1.9283519958849902,
  2.2723901055473767,
  2.6778082024489445,
  3.155557116534604,
  3.718541420033625,
  4.381967995461587,
  5.163756791789619,
  6.085024863798588,
  7.170656769102846,
  8.449976729952503,
  9.957540715712184,
  11.734069841115797,
  13.827550292505688,
  16.29452949238563,
  19.201643513249643,
  22.627416997969522
 ],
 "log_min": 0,
 "log_max": 4.5,
 "n_scales": 20,
 "border_radii": [
  10,
  10,
  10,
  10,
  10,
  10,
  10,
  12,
  14,
  17,
  20,
  24,
  28,
  33,
  39,
  46,
  55,
  65,
  76,
  90
 ]
}