{
 "time": "180926_0857",
 "filename": "T-BN0013990.png",
 "DARK_BG": false,
 "fixed_alpha": 0.1,
 "VT_alphas": [
  0.006999999999999999,
  0.008919924899921933,
  0.01136643717432105,
  0.014483966567803529,
  0.018456556291112508,
  0.023518728003986467,
  0.029969326791035755,
  0.03818916346817964,
  0.048663495732429236,
  0.06201067532870575,
  0.07901865241792821,
  0.1006914921801364,
  0.12830864975827047,
  0.1635005028363085,
  0.2083446009141922,
  0.26548831335125744,
  0.3383051167000226,
  0.4310937477462182,
  0.5493319792460227,
  0.7
 ],
 "betas": [
  0.5,
  0.5,
  0.5,
  0.5,
  0.5,
  0.5,
  0.5,
  0.5,
  0.5,
  0.5,
  0.5,
  0.5,
  0.5,
  0.5,
  0.5,
  0.5,
  0.5,
  0.5,
  0.5,
  0.5
 ],
 "gammas": [
  0.0021745667904988267,
  0.263423117444301,
  4.27109173869931,
  18.90920490242655,
  36.2177996563221,
  40.38424864182695,
  31.694329012490797,
  19.704464096378967,
  10.463068083572377,
  4.990974864214485,
  2.3670664459180744,
  1.0795717774418325,
  0.49056184692080457,
  0.2143010870240489,
  0.0920034868357011,
  0.037885084102724606,
  0.01566432755057817,
  0.006849110475058254,
  0.0028452565084384255,
  0.0011368231620204612
 ],
 "sigmas": [
  0.125,
  0.15558657368300294,
  0.193657455283332,
  0.24104399948562374,
  0.3000256798945257,
  0.37343974041362143,
  0.4648176775042031,
  0.5785551186413598,
  0.7201232687693795,
  0.8963320961378558,
  1.1156579177615438,
  1.388651142614656,
  1.728443786563211,
  2.151381172440364,
  2.6778082024489436,
  3.3330480255941772,
  4.1486201777847675,
  5.163756791789619,
  6.427289812535059,
  8.0
 ],
 "log_min": -3,
 "log_max": 3,
 "n_scales": 20,
 "border_radii": [
  10,
  10,
  10,
  10,
  10,
  10,
  10,
  10,
  10,
  10,
  10,
  10,
  10,
  10,
  10,
  13,
  16,
  20,
  25,
  32
 ]
}