{
 "time": "180924_0221",
 "filename": "T-BN0124393_fetalsurface_fixed_ruler_lights_filter_12_0628-AG.png",
 "DARK_BG": false,
 "alpha": 0.1,
 "betas": [
  0.5,
  0.5,
  0.5,
  0.5,
  0.5,
  0.5,
  0.5,
  0.5,
  0.5,
  0.5,
  0.5,
  0.5,
  0.5,
  0.5,
  0.5,
  0.5,
  0.5,
  0.5,
  0.5,
  0.5
 ],
 "gammas": [
  3.622861047506883,
  17.940498292746835,
  46.85760928722982,
  83.44307363234063,
  118.35420997776369,
  145.15342220417452,
  157.17823671637075,
  166.4248927517367,
  178.4511272152879,
  188.60564167678154,
  183.73573771369664,
  190.03634441810775,
  190.80399007911032,
  185.6089342368562,
  195.18888872160034,
  214.7543417839471,
  210.74091853959828,
  182.16891574209646,
  143.1375771572122,
  117.15796788764148
 ],
 "sigmas": [
  0.25,
  0.32273479948685124,
  0.41663100319927227,
  0.5378452931100912,
  0.6943255713073281,
  0.8963320961378558,
  1.1571102372827196,
  1.4937589616544857,
  1.92835199588499,
  2.489385178928046,
  3.2136449062675294,
  4.1486201777847675,
  5.355616404897887,
  6.913775146252841,
  8.92526334209235,
  11.521972300310072,
  14.874165680134498,
  19.201643513249643,
  24.78815427626648,
  32.0
 ],
 "log_min": -2,
 "log_max": 5,
 "n_scales": 20,
 "border_radii": [
  10,
  10,
  10,
  10,
  10,
  10,
  10,
  10,
  10,
  10,
  12,
  16,
  21,
  27,
  35,
  46,
  59,
  76,
  99,
  128
 ]
}