{
 "time": "180924_0746",
 "filename": "T-BN0204423_fetalsurface_fixed_ruler_lights_filter_11_1118-ddy.png",
 "DARK_BG": false,
 "alpha": 0.1,
 "betas": [
  0.5,
  0.5,
  0.5,
  0.5,
  0.5,
  0.5,
  0.5,
  0.5,
  0.5,
  0.5,
  0.5,
  0.5,
  0.5,
  0.5,
  0.5,
  0.5,
  0.5,
  0.5,
  0.5,
  0.5
 ],
 "gammas": [
  3.8595286056688902,
  19.11240672201483,
  49.9094236470923,
  88.72023566992115,
  129.06177100205232,
  172.2447226991155,
  206.20853103520145,
  219.22606025517928,
  208.51995990334723,
  183.87889951013014,
  193.61220495908057,
  176.24663769464604,
  178.17402249394408,
  175.17153244994324,
  188.75096475782277,
  190.1030867950103,
  171.7720832028597,
  154.01868604199305,
  149.1594538694182,
  141.250881935945
 ],
 "sigmas": [
  0.25,
  0.32273479948685124,
  0.41663100319927227,
  0.5378452931100912,
  0.6943255713073281,
  0.8963320961378558,
  1.1571102372827196,
  1.4937589616544857,
  1.92835199588499,
  2.489385178928046,
  3.2136449062675294,
  4.1486201777847675,
  5.355616404897887,
  6.913775146252841,
  8.92526334209235,
  11.521972300310072,
  14.874165680134498,
  19.201643513249643,
  24.78815427626648,
  32.0
 ],
 "log_min": -2,
 "log_max": 5,
 "n_scales": 20,
 "border_radii": [
  10,
  10,
  10,
  10,
  10,
  10,
  10,
  10,
  10,
  10,
  12,
  16,
  21,
  27,
  35,
  46,
  59,
  76,
  99,
  128
 ]
}