{
 "time": "180924_1622",
 "filename": "T-BN9730834_fetalsurface_fixed_ruler_lights_filter_12_0416.png",
 "DARK_BG": false,
 "alpha": 0.12,
 "betas": [
  0.5,
  0.5,
  0.5,
  0.5,
  0.5,
  0.5,
  0.5,
  0.5,
  0.5,
  0.5,
  0.5,
  0.5,
  0.5,
  0.5,
  0.5,
  0.5,
  0.5,
  0.5,
  0.5,
  0.5
 ],
 "gammas": [
  98.78443904035194,
  79.31035633348532,
  46.72363739383694,
  23.844532013007413,
  11.715814146791002,
  5.292057627591584,
  2.4453896086662517,
  1.0324722704959324,
  0.41145667879606923,
  0.15330716088858148,
  0.056723520976884836,
  0.019884026736965578,
  0.0062607008985935495,
  0.0019501752138621536,
  0.0006983661267471036,
  0.00024256898130811734,
  8.673079556343862e-05,
  3.1170153990298446e-05,
  1.1097394704298555e-05,
  3.835658383587601e-06
 ],
 "sigmas": [
  0.25,
  0.32273479948685124,
  0.41663100319927227,
  0.5378452931100912,
  0.6943255713073281,
  0.8963320961378558,
  1.1571102372827196,
  1.4937589616544857,
  1.92835199588499,
  2.489385178928046,
  3.2136449062675294,
  4.1486201777847675,
  5.355616404897887,
  6.913775146252841,
  8.92526334209235,
  11.521972300310072,
  14.874165680134498,
  19.201643513249643,
  24.78815427626648,
  32.0
 ],
 "log_min": -2,
 "log_max": 5,
 "n_scales": 20,
 "border_radii": [
  10,
  10,
  10,
  10,
  10,
  10,
  10,
  10,
  10,
  10,
  12,
  16,
  21,
  27,
  35,
  46,
  59,
  76,
  99,
  128
 ]
}