{
 "time": "180926_0956",
 "filename": "T-BN0404929.png",
 "DARK_BG": false,
 "fixed_alpha": 0.08,
 "VT_alphas": [
  0.006999999999999999,
  0.008919924899921933,
  0.01136643717432105,
  0.014483966567803529,
  0.018456556291112508,
  0.023518728003986467,
  0.029969326791035755,
  0.03818916346817964,
  0.048663495732429236,
  0.06201067532870575,
  0.07901865241792821,
  0.1006914921801364,
  0.12830864975827047,
  0.1635005028363085,
  0.2083446009141922,
  0.26548831335125744,
  0.3383051167000226,
  0.4310937477462182,
  0.5493319792460227,
  0.7
 ],
 "betas": [
  0.5,
  0.5,
  0.5,
  0.5,
  0.5,
  0.5,
  0.5,
  0.5,
  0.5,
  0.5,
  0.5,
  0.5,
  0.5,
  0.5,
  0.5,
  0.5,
  0.5,
  0.5,
  0.5,
  0.5
 ],
 "gammas": [
  1.6505605746723417,
  0.7989416343002972,
  0.3929250502415707,
  0.20040875876460532,
  0.1074321133294811,
  0.0609601963349557,
  0.03591814474970768,
  0.02043843979988042,
  0.011064850827977795,
  0.005731312562518815,
  0.0029071413641247068,
  0.0014365851829086424,
  0.0007016377426088225,
  0.0003463651794208274,
  0.00017136815811079383,
  8.554041704401474e-05,
  4.258483189500229e-05,
  2.1037439220333025e-05,
  1.0337657899029783e-05,
  4.9490860396545604e-06
 ],
 "sigmas": [
  0.25,
  0.3000256798945257,
  0.36006163438468974,
  0.4321109466408028,
  0.5185775222230959,
  0.6223462947320116,
  0.7468794808272429,
  0.8963320961378558,
  1.0756905862201824,
  1.2909391979474047,
  1.5492596422666554,
  1.8592707100168122,
  2.2313158355230875,
  2.6778082024489445,
  3.2136449062675294,
  3.85670399176998,
  4.628440949130878,
  5.5546045704586255,
  6.6660960511883545,
  8.0
 ],
 "log_min": -2,
 "log_max": 3,
 "n_scales": 20,
 "border_radii": [
  null,
  null,
  null,
  null,
  null,
  null,
  null,
  null,
  null,
  null,
  null,
  null,
  null,
  null,
  null,
  null,
  null,
  null,
  null,
  null
 ]
}