{
 "time": "180926_0955",
 "filename": "T-BN0392139.png",
 "DARK_BG": false,
 "fixed_alpha": 0.08,
 "VT_alphas": [
  0.006999999999999999,
  0.008919924899921933,
  0.01136643717432105,
  0.014483966567803529,
  0.018456556291112508,
  0.023518728003986467,
  0.029969326791035755,
  0.03818916346817964,
  0.048663495732429236,
  0.06201067532870575,
  0.07901865241792821,
  0.1006914921801364,
  0.12830864975827047,
  0.1635005028363085,
  0.2083446009141922,
  0.26548831335125744,
  0.3383051167000226,
  0.4310937477462182,
  0.5493319792460227,
  0.7
 ],
 "betas": [
  0.5,
  0.5,
  0.5,
  0.5,
  0.5,
  0.5,
  0.5,
  0.5,
  0.5,
  0.5,
  0.5,
  0.5,
  0.5,
  0.5,
  0.5,
  0.5,
  0.5,
  0.5,
  0.5,
  0.5
 ],
 "gammas": [
  1.5470854404079388,
  0.7491111015588793,
  0.3703071938750965,
  0.19201753860663512,
  0.10579689777541917,
  0.06072792202857593,
  0.03457534303147473,
  0.018841685887794918,
  0.010273507141361406,
  0.005476582784052516,
  0.002739527846313017,
  0.0013924932412941956,
  0.0007483793172735373,
  0.000380111334955341,
  0.00017890389155747604,
  9.039213476475136e-05,
  4.589380689775755e-05,
  2.299136737559706e-05,
  1.134704396919527e-05,
  5.540747508528655e-06
 ],
 "sigmas": [
  0.25,
  0.3000256798945257,
  0.36006163438468974,
  0.4321109466408028,
  0.5185775222230959,
  0.6223462947320116,
  0.7468794808272429,
  0.8963320961378558,
  1.0756905862201824,
  1.2909391979474047,
  1.5492596422666554,
  1.8592707100168122,
  2.2313158355230875,
  2.6778082024489445,
  3.2136449062675294,
  3.85670399176998,
  4.628440949130878,
  5.5546045704586255,
  6.6660960511883545,
  8.0
 ],
 "log_min": -2,
 "log_max": 3,
 "n_scales": 20,
 "border_radii": [
  null,
  null,
  null,
  null,
  null,
  null,
  null,
  null,
  null,
  null,
  null,
  null,
  null,
  null,
  null,
  null,
  null,
  null,
  null,
  null
 ]
}