{
 "time": "180926_0956",
 "filename": "T-BN0392644.png",
 "DARK_BG": false,
 "fixed_alpha": 0.08,
 "VT_alphas": [
  0.006999999999999999,
  0.008919924899921933,
  0.01136643717432105,
  0.014483966567803529,
  0.018456556291112508,
  0.023518728003986467,
  0.029969326791035755,
  0.03818916346817964,
  0.048663495732429236,
  0.06201067532870575,
  0.07901865241792821,
  0.1006914921801364,
  0.12830864975827047,
  0.1635005028363085,
  0.2083446009141922,
  0.26548831335125744,
  0.3383051167000226,
  0.4310937477462182,
  0.5493319792460227,
  0.7
 ],
 "betas": [
  0.5,
  0.5,
  0.5,
  0.5,
  0.5,
  0.5,
  0.5,
  0.5,
  0.5,
  0.5,
  0.5,
  0.5,
  0.5,
  0.5,
  0.5,
  0.5,
  0.5,
  0.5,
  0.5,
  0.5
 ],
 "gammas": [
  0.07172690971070207,
  0.1174406692877778,
  0.13231717738625307,
  0.1149503232527208,
  0.08324977995897531,
  0.05303520947062284,
  0.030891745680013176,
  0.017504600890362102,
  0.009915648898790904,
  0.0052662130336749765,
  0.0027353177249376495,
  0.0013684212319207197,
  0.000682597567060599,
  0.00033437744433312917,
  0.0001626458517421349,
  7.863504439151391e-05,
  3.80195603403663e-05,
  1.8347387668004668e-05,
  9.361498199326566e-06,
  4.879456799855081e-06
 ],
 "sigmas": [
  0.25,
  0.3000256798945257,
  0.36006163438468974,
  0.4321109466408028,
  0.5185775222230959,
  0.6223462947320116,
  0.7468794808272429,
  0.8963320961378558,
  1.0756905862201824,
  1.2909391979474047,
  1.5492596422666554,
  1.8592707100168122,
  2.2313158355230875,
  2.6778082024489445,
  3.2136449062675294,
  3.85670399176998,
  4.628440949130878,
  5.5546045704586255,
  6.6660960511883545,
  8.0
 ],
 "log_min": -2,
 "log_max": 3,
 "n_scales": 20,
 "border_radii": [
  null,
  null,
  null,
  null,
  null,
  null,
  null,
  null,
  null,
  null,
  null,
  null,
  null,
  null,
  null,
  null,
  null,
  null,
  null,
  null
 ]
}