{
 "time": "181129_1607",
 "DARK_BG": false,
 "DILATE_PER_SCALE": true,
 "SCALE_RANGE": [
  -2,
  3.5
 ],
 "SCALE_TYPE": "logarithmic",
 "N_SCALES": 20,
 "scales": [
  0.25,
  0.30554858059465007,
  0.37343974041362143,
  0.4564159304840664,
  0.5578289588807719,
  0.681775386402445,
  0.8332620063985445,
  1.018408093274102,
  1.2446925894640235,
  1.5212562159496474,
  1.8592707100168127,
  2.2723901055473767,
  2.7773022852293128,
  3.394403084536378,
  4.1486201777847675,
  5.070420026993842,
  6.197038569066624,
  7.573985354674433,
  9.256881898261764,
  11.313708498984761
 ],
 "ALPHAS": [
  0.13585765703842276,
  0.14326772732727602,
  0.15306357315223407,
  0.16726105917369122,
  0.19118415694155722,
  0.23135380356178148,
  0.25171454561839257,
  0.2830876460820147,
  0.33604782038803427,
  0.4174304194598317,
  0.5315660054737915,
  0.6349011975470247,
  0.6573383823652671,
  0.6752602417111782,
  0.7133736950804024,
  0.7265026946821932,
  0.6255371664144068,
  0.5752477984239565,
  0.5927611917131128,
  0.623326712009874
 ],
 "BETAS": null,
 "use_npz_files": false,
 "remove_glare": true,
 "files": [
  "T-BN0164923.png"
 ],
 "MCCS": {
  "T-BN0164923.png": [
   0.47456406237359794,
   0.5212958229280773,
   0.4387627107354494,
   0.4711396620263221
  ]
 },
 "PNC": {
  "T-BN0164923.png": [
   0.5792753288714516,
   0.7113624124932687,
   0.8811447034387261,
   0.531502423263328
  ]
 }
}