{
 "time": "181129_1640",
 "DARK_BG": false,
 "DILATE_PER_SCALE": true,
 "SCALE_RANGE": [
  -2,
  3.5
 ],
 "SCALE_TYPE": "logarithmic",
 "N_SCALES": 20,
 "scales": [
  0.25,
  0.30554858059465007,
  0.37343974041362143,
  0.4564159304840664,
  0.5578289588807719,
  0.681775386402445,
  0.8332620063985445,
  1.018408093274102,
  1.2446925894640235,
  1.5212562159496474,
  1.8592707100168127,
  2.2723901055473767,
  2.7773022852293128,
  3.394403084536378,
  4.1486201777847675,
  5.070420026993842,
  6.197038569066624,
  7.573985354674433,
  9.256881898261764,
  11.313708498984761
 ],
 "ALPHAS": [
  0.0429583214416798,
  0.04537188119175434,
  0.04824719645360631,
  0.0530186971163185,
  0.060722209406216775,
  0.07438329494825098,
  0.08102975715018018,
  0.09106242076468873,
  0.11067793924357638,
  0.14439753915819803,
  0.1985450030795393,
  0.2604277268937054,
  0.2766476733447143,
  0.29112004386789936,
  0.3281103020445822,
  0.3526879811540895,
  0.28558439279363457,
  0.26216759718267335,
  0.2822034449743241,
  0.3047759575387161
 ],
 "BETAS": null,
 "use_npz_files": false,
 "remove_glare": true,
 "files": [
  "T-BN0164923.png"
 ],
 "MCCS": {
  "T-BN0164923.png": [
   0.46835464418461636,
   0.3663245895884172,
   0.5378353631016185,
   0.46148011510644454
  ]
 },
 "PNC": {
  "T-BN0164923.png": [
   0.5584275713516424,
   0.28379106085083466,
   0.7709823832602508,
   0.5079621509346873
  ]
 }
}