{
 "time": "181129_1659",
 "DARK_BG": false,
 "DILATE_PER_SCALE": true,
 "SCALE_RANGE": [
  -2,
  3.5
 ],
 "SCALE_TYPE": "logarithmic",
 "N_SCALES": 20,
 "scales": [
  0.25,
  0.30554858059465007,
  0.37343974041362143,
  0.4564159304840664,
  0.5578289588807719,
  0.681775386402445,
  0.8332620063985445,
  1.018408093274102,
  1.2446925894640235,
  1.5212562159496474,
  1.8592707100168127,
  2.2723901055473767,
  2.7773022852293128,
  3.394403084536378,
  4.1486201777847675,
  5.070420026993842,
  6.197038569066624,
  7.573985354674433,
  9.256881898261764,
  11.313708498984761
 ],
 "ALPHAS": [
  0.04781288462867273,
  0.050557781179410774,
  0.053947966954680626,
  0.05932989800998266,
  0.0680768325098747,
  0.08342335670173526,
  0.09120216393340363,
  0.10280665539815327,
  0.12510592803968748,
  0.16350573001005864,
  0.2249560596625257,
  0.2956921962467123,
  0.31380151911785403,
  0.3294229923274312,
  0.3716662669042622,
  0.39741465358418726,
  0.31923840681917315,
  0.29104784694061125,
  0.3110353112909887,
  0.33668805815065717
 ],
 "BETAS": null,
 "use_npz_files": false,
 "remove_glare": true,
 "files": [
  "T-BN0164923.png"
 ],
 "MCCS": {
  "T-BN0164923.png": [
   0.4700354610668202,
   0.4135179851060066,
   0.5433094650293472,
   0.46393310032248863
  ]
 },
 "PNC": {
  "T-BN0164923.png": [
   0.5614278021386261,
   0.3557965997384414,
   0.7852142472497885,
   0.5114239556888992
  ]
 }
}