{
 "time": "181129_1958",
 "DARK_BG": false,
 "DILATE_PER_SCALE": true,
 "SCALE_RANGE": [
  -2,
  3.5
 ],
 "SCALE_TYPE": "logarithmic",
 "N_SCALES": 20,
 "scales": [
  0.25,
  0.30554858059465007,
  0.37343974041362143,
  0.4564159304840664,
  0.5578289588807719,
  0.681775386402445,
  0.8332620063985445,
  1.018408093274102,
  1.2446925894640235,
  1.5212562159496474,
  1.8592707100168127,
  2.2723901055473767,
  2.7773022852293128,
  3.394403084536378,
  4.1486201777847675,
  5.070420026993842,
  6.197038569066624,
  7.573985354674433,
  9.256881898261764,
  11.313708498984761
 ],
 "ALPHAS": [
  0.049682056650213934,
  0.05247338108300561,
  0.05579873391180481,
  0.06131705861062317,
  0.0702263064850294,
  0.08602559293350434,
  0.09371234373190424,
  0.105315296205856,
  0.12800098939837168,
  0.16699830160609175,
  0.22962079894127388,
  0.3011892608137619,
  0.3199479150488085,
  0.33668546689128226,
  0.37946535308248097,
  0.4078898725904661,
  0.33028338875978885,
  0.30320145149904926,
  0.3263732629575403,
  0.35247877197944816
 ],
 "BETAS": null,
 "use_npz_files": false,
 "remove_glare": true,
 "files": [
  "T-BN0164923.png"
 ],
 "MCCS": {
  "T-BN0164923.png": [
   0.46835464418461636,
   0.42171291704784636,
   0.5268940234802056,
   0.46148011510644454
  ]
 },
 "PNC": {
  "T-BN0164923.png": [
   0.5584275713516424,
   0.3674898069082237,
   0.5340410800830833,
   0.5079621509346873
  ]
 }
}