{"time": "181129_1910", "filename": "T-BN0164923.png", "betas": 0.35, "gammas": 0.5, "c": [null, null, null, null, null, null, null, null, null, null, null, null, null, null, null, null, null, null, null, null], "sigmas": [0.25, 0.30554858059465007, 0.37343974041362143, 0.4564159304840664, 0.5578289588807719, 0.681775386402445, 0.8332620063985445, 1.018408093274102, 1.2446925894640235, 1.5212562159496474, 1.8592707100168127, 2.2723901055473767, 2.7773022852293128, 3.394403084536378, 4.1486201777847675, 5.070420026993842, 6.197038569066624, 7.573985354674433, 9.256881898261764, 11.313708498984761], "border_radii": [12, 12, 12, 12, 12, 12, 12, 12, 12, 12, 12, 12, 12, 13, 16, 20, 24, 30, 37, 45], "counts": {"TP": 37154, "TN": 504597, "FP": 10614, "FN": 67973}, "counts_FA": {"TP": 25127, "TN": 512325, "FP": 2886, "FN": 80000}, "counts_rw": {"TP": 71941, "TN": 460871, "FP": 54340, "FN": 33186}, "pnc": [0.5584275713516424, 0.3674898069082237, 0.7945995845834295, 0.5079621509346873], "mcc": [0.46835464418461636, 0.42171291704784636, 0.5393375965033393, 0.46148011510644454], "scale_maxes": [0.8609013397140902, 0.8775931040142586, 0.8948550415597727, 0.9189924570394986, 0.9515297718557756, 0.9918911858704662, 0.996783814726644, 0.9962409842177123, 0.993415954719471, 0.9917703158382599, 0.9888440967006671, 0.9639530637113473, 0.990430747725565, 0.987433559245209, 0.9796725043460427, 0.9875882570616147, 0.864805865190217, 0.8650853146827616, 0.8263907638462181, 0.8484989524273608], "ALPHAS": [0.049682056650213934, 0.05247338108300561, 0.05579873391180481, 0.06131705861062317, 0.0702263064850294, 0.08602559293350434, 0.09371234373190424, 0.105315296205856, 0.12800098939837168, 0.16699830160609175, 0.22962079894127388, 0.3011892608137619, 0.3199479150488085, 0.33668546689128226, 0.37946535308248097, 0.4078898725904661, 0.33028338875978885, 0.30320145149904926, 0.3263732629575403, 0.35247877197944816]}