{"time": "181129_2047", "filename": "T-BN2095839.png", "betas": 0.35, "gammas": 0.5, "c": [null, null, null, null, null, null, null, null, null, null, null, null, null, null, null, null, null, null, null, null], "sigmas": [0.25, 0.30554858059465007, 0.37343974041362143, 0.4564159304840664, 0.5578289588807719, 0.681775386402445, 0.8332620063985445, 1.018408093274102, 1.2446925894640235, 1.5212562159496474, 1.8592707100168127, 2.2723901055473767, 2.7773022852293128, 3.394403084536378, 4.1486201777847675, 5.070420026993842, 6.197038569066624, 7.573985354674433, 9.256881898261764, 11.313708498984761], "border_radii": [12, 12, 12, 12, 12, 12, 12, 12, 12, 12, 12, 12, 12, 13, 16, 20, 24, 30, 37, 45], "counts": {"TP": 37012, "TN": 548784, "FP": 6242, "FN": 68744}, "counts_FA": {"TP": 25451, "TN": 552422, "FP": 2604, "FN": 80305}, "counts_rw": {"TP": 39614, "TN": 546551, "FP": 8475, "FN": 66142}, "pnc": [0.4994679436020218, 0.2996807661612131, 0.40456238361266295, 0.5290635807395584], "mcc": [0.5021346706912567, 0.42908705077082043, 0.5071468581182234, 0.5027578441391167], "scale_maxes": [0.5186572041464986, 0.5164626411732233, 0.5181639469265886, 0.5258197483365221, 0.5416870434393721, 0.5652397318625643, 0.6027596513868874, 0.6583839543159442, 0.7337631996580968, 0.8536598503341536, 0.9996696475400567, 0.9999663876716365, 0.9996066003834525, 0.9957325404618232, 0.9995921385802765, 0.9972734373539794, 0.9992063080257914, 0.9981017416391742, 0.988119968521924, 0.9655360092829232], "ALPHAS": [0.049682056650213934, 0.05247338108300561, 0.05579873391180481, 0.06131705861062317, 0.0702263064850294, 0.08602559293350434, 0.09371234373190424, 0.105315296205856, 0.12800098939837168, 0.16699830160609175, 0.22962079894127388, 0.3011892608137619, 0.3199479150488085, 0.33668546689128226, 0.37946535308248097, 0.4078898725904661, 0.33028338875978885, 0.30320145149904926, 0.3263732629575403, 0.35247877197944816]}