{"time": "181129_2115", "filename": "T-BN8333878.png", "betas": 0.35, "gammas": 0.5, "c": [null, null, null, null, null, null, null, null, null, null, null, null, null, null, null, null, null, null, null, null], "sigmas": [0.25, 0.30554858059465007, 0.37343974041362143, 0.4564159304840664, 0.5578289588807719, 0.681775386402445, 0.8332620063985445, 1.018408093274102, 1.2446925894640235, 1.5212562159496474, 1.8592707100168127, 2.2723901055473767, 2.7773022852293128, 3.394403084536378, 4.1486201777847675, 5.070420026993842, 6.197038569066624, 7.573985354674433, 9.256881898261764, 11.313708498984761], "border_radii": [12, 12, 12, 12, 12, 12, 12, 12, 12, 12, 12, 12, 12, 13, 16, 20, 24, 30, 37, 45], "counts": {"TP": 34755, "TN": 613268, "FP": 13229, "FN": 50502}, "counts_FA": {"TP": 24689, "TN": 622417, "FP": 4080, "FN": 60568}, "counts_rw": {"TP": 36537, "TN": 615173, "FP": 11324, "FN": 48720}, "pnc": [0.6389199255121043, 0.46350093109869644, 0.5729050279329609, 0.5824022346368715], "mcc": [0.5005588854429802, 0.4667149551292896, 0.5321972045909888, 0.5038426182041392], "scale_maxes": [0.9865644182590657, 0.988060569068868, 0.9901799929822447, 0.9931013424465187, 0.9969608760761979, 0.9920325824337446, 0.9887748385208077, 0.9833098154855342, 0.9791436323464154, 0.9975952610639683, 0.9988117755643885, 0.9321582106157833, 0.9581300164126518, 0.9631453563533232, 0.9670599388658543, 0.9991987404223306, 0.9977255159867129, 0.9940483318770083, 0.9936665152561787, 0.9289135015537241], "ALPHAS": [0.049682056650213934, 0.05247338108300561, 0.05579873391180481, 0.06131705861062317, 0.0702263064850294, 0.08602559293350434, 0.09371234373190424, 0.105315296205856, 0.12800098939837168, 0.16699830160609175, 0.22962079894127388, 0.3011892608137619, 0.3199479150488085, 0.33668546689128226, 0.37946535308248097, 0.4078898725904661, 0.33028338875978885, 0.30320145149904926, 0.3263732629575403, 0.35247877197944816]}