{"time": "181129_2121", "filename": "T-BN9211170.png", "betas": 0.35, "gammas": 0.5, "c": [null, null, null, null, null, null, null, null, null, null, null, null, null, null, null, null, null, null, null, null], "sigmas": [0.25, 0.30554858059465007, 0.37343974041362143, 0.4564159304840664, 0.5578289588807719, 0.681775386402445, 0.8332620063985445, 1.018408093274102, 1.2446925894640235, 1.5212562159496474, 1.8592707100168127, 2.2723901055473767, 2.7773022852293128, 3.394403084536378, 4.1486201777847675, 5.070420026993842, 6.197038569066624, 7.573985354674433, 9.256881898261764, 11.313708498984761], "border_radii": [12, 12, 12, 12, 12, 12, 12, 12, 12, 12, 12, 12, 12, 13, 16, 20, 24, 30, 37, 45], "counts": {"TP": 27330, "TN": 494941, "FP": 9842, "FN": 49196}, "counts_FA": {"TP": 18312, "TN": 501740, "FP": 3043, "FN": 58214}, "counts_rw": {"TP": 28417, "TN": 496838, "FP": 7945, "FN": 48109}, "pnc": [0.5862068965517241, 0.378784693019344, 0.47645079899074855, 0.5690706476030277], "mcc": [0.4665987454933237, 0.41925336036329747, 0.49649589523941773, 0.4826456416058976], "scale_maxes": [0.9930662772643671, 0.993362930280429, 0.9937918317113089, 0.994400176304826, 0.9952358729283366, 0.9963229240558359, 0.9976093146537586, 0.9988964501001392, 0.9950580172222946, 0.99288101753226, 0.9907984176467498, 0.9865758944743844, 0.9806288017401916, 0.992057996382704, 0.9877641193579707, 0.9902509577979876, 0.996927346241275, 0.9909915840396994, 0.9836191521039525, 0.9042595715518221], "ALPHAS": [0.049682056650213934, 0.05247338108300561, 0.05579873391180481, 0.06131705861062317, 0.0702263064850294, 0.08602559293350434, 0.09371234373190424, 0.105315296205856, 0.12800098939837168, 0.16699830160609175, 0.22962079894127388, 0.3011892608137619, 0.3199479150488085, 0.33668546689128226, 0.37946535308248097, 0.4078898725904661, 0.33028338875978885, 0.30320145149904926, 0.3263732629575403, 0.35247877197944816]}