{"time": "181129_2039", "filename": "T-BN0651415.png", "betas": 0.35, "gammas": 0.5, "c": [null, null, null, null, null, null, null, null, null, null, null, null, null, null, null, null, null, null, null, null], "sigmas": [0.25, 0.30554858059465007, 0.37343974041362143, 0.4564159304840664, 0.5578289588807719, 0.681775386402445, 0.8332620063985445, 1.018408093274102, 1.2446925894640235, 1.5212562159496474, 1.8592707100168127, 2.2723901055473767, 2.7773022852293128, 3.394403084536378, 4.1486201777847675, 5.070420026993842, 6.197038569066624, 7.573985354674433, 9.256881898261764, 11.313708498984761], "border_radii": [12, 12, 12, 12, 12, 12, 12, 12, 12, 12, 12, 12, 12, 13, 16, 20, 24, 30, 37, 45], "counts": {"TP": 38680, "TN": 599589, "FP": 18470, "FN": 61510}, "counts_FA": {"TP": 20061, "TN": 615423, "FP": 2636, "FN": 80129}, "counts_rw": {"TP": 34076, "TN": 610845, "FP": 7214, "FN": 66114}, "pnc": [0.6075949367088608, 0.3308016877637131, 0.4733410049865746, 0.5489835059455312], "mcc": [0.45599332180612984, 0.3881108176682405, 0.48885706993889627, 0.4708646799344233], "scale_maxes": [0.9849628155540291, 0.9842977548853853, 0.9833024582693489, 0.9818132611232474, 0.9795874120686284, 0.9762678211333947, 0.973838956152129, 0.9848160888353877, 0.9936520858546328, 0.998949296552849, 0.9937220348811663, 0.9884434981769119, 0.9811695192567811, 0.9727623671814776, 0.9649385014034044, 0.9788736968409927, 0.9838868616707982, 0.982847082979016, 0.8919946427458099, 0.8560063346744298], "ALPHAS": [0.049682056650213934, 0.05247338108300561, 0.05579873391180481, 0.06131705861062317, 0.0702263064850294, 0.08602559293350434, 0.09371234373190424, 0.105315296205856, 0.12800098939837168, 0.16699830160609175, 0.22962079894127388, 0.3011892608137619, 0.3199479150488085, 0.33668546689128226, 0.37946535308248097, 0.4078898725904661, 0.33028338875978885, 0.30320145149904926, 0.3263732629575403, 0.35247877197944816]}