{"time": "181129_2113", "filename": "T-BN7767693.png", "betas": 0.35, "gammas": 0.5, "c": [null, null, null, null, null, null, null, null, null, null, null, null, null, null, null, null, null, null, null, null], "sigmas": [0.25, 0.30554858059465007, 0.37343974041362143, 0.4564159304840664, 0.5578289588807719, 0.681775386402445, 0.8332620063985445, 1.018408093274102, 1.2446925894640235, 1.5212562159496474, 1.8592707100168127, 2.2723901055473767, 2.7773022852293128, 3.394403084536378, 4.1486201777847675, 5.070420026993842, 6.197038569066624, 7.573985354674433, 9.256881898261764, 11.313708498984761], "border_radii": [12, 12, 12, 12, 12, 12, 12, 12, 12, 12, 12, 12, 12, 13, 16, 20, 24, 30, 37, 45], "counts": {"TP": 30003, "TN": 536012, "FP": 10974, "FN": 54878}, "counts_FA": {"TP": 17091, "TN": 544950, "FP": 2036, "FN": 67790}, "counts_rw": {"TP": 27884, "TN": 541748, "FP": 5238, "FN": 56997}, "pnc": [0.5334307322103816, 0.3213303540735648, 0.4482640082502578, 0.46803025094534206], "mcc": [0.4616861270372282, 0.3933555288045454, 0.48798970526298935, 0.439294850809789], "scale_maxes": [0.9703969778684394, 0.9709096139352703, 0.9716604258439779, 0.974891133905928, 0.9780480637600598, 0.9821914288977438, 0.9871990429365618, 0.980568829245167, 0.9884118258998659, 0.9986765448208292, 0.993327501838318, 0.9456314695777074, 0.952068678628521, 0.9264015957346347, 0.827486472277099, 0.7965132461691228, 0.7898068028357299, 0.7471136067821583, 0.7882280479473239, 0.7590335671630872], "ALPHAS": [0.049682056650213934, 0.05247338108300561, 0.05579873391180481, 0.06131705861062317, 0.0702263064850294, 0.08602559293350434, 0.09371234373190424, 0.105315296205856, 0.12800098939837168, 0.16699830160609175, 0.22962079894127388, 0.3011892608137619, 0.3199479150488085, 0.33668546689128226, 0.37946535308248097, 0.4078898725904661, 0.33028338875978885, 0.30320145149904926, 0.3263732629575403, 0.35247877197944816]}