{"time": "181129_2116", "filename": "T-BN8549337.png", "betas": 0.35, "gammas": 0.5, "c": [null, null, null, null, null, null, null, null, null, null, null, null, null, null, null, null, null, null, null, null], "sigmas": [0.25, 0.30554858059465007, 0.37343974041362143, 0.4564159304840664, 0.5578289588807719, 0.681775386402445, 0.8332620063985445, 1.018408093274102, 1.2446925894640235, 1.5212562159496474, 1.8592707100168127, 2.2723901055473767, 2.7773022852293128, 3.394403084536378, 4.1486201777847675, 5.070420026993842, 6.197038569066624, 7.573985354674433, 9.256881898261764, 11.313708498984761], "border_radii": [12, 12, 12, 12, 12, 12, 12, 12, 12, 12, 12, 12, 12, 13, 16, 20, 24, 30, 37, 45], "counts": {"TP": 26463, "TN": 428150, "FP": 16169, "FN": 35150}, "counts_FA": {"TP": 17124, "TN": 437990, "FP": 6329, "FN": 44489}, "counts_rw": {"TP": 26518, "TN": 427159, "FP": 17160, "FN": 35095}, "pnc": [0.5892776010904135, 0.36358473421172194, 0.49159472966833256, 0.5464561562925943], "mcc": [0.4628092328073211, 0.41013717461375676, 0.45619334040476844, 0.4954611469851361], "scale_maxes": [0.993365707960943, 0.9926353404945306, 0.9914767133536347, 0.9895977003753068, 0.9864697572893835, 0.9868349669758435, 0.991092102344273, 0.9891746632055918, 0.9973715094405263, 0.9925023218426072, 0.9914181646137984, 0.995121171366116, 0.9961407237681433, 0.9925754354778267, 0.9935019244668862, 0.9744747777514686, 0.947262097999049, 0.8581587040716415, 0.8166837850408455, 0.9381720883370734], "ALPHAS": [0.049682056650213934, 0.05247338108300561, 0.05579873391180481, 0.06131705861062317, 0.0702263064850294, 0.08602559293350434, 0.09371234373190424, 0.105315296205856, 0.12800098939837168, 0.16699830160609175, 0.22962079894127388, 0.3011892608137619, 0.3199479150488085, 0.33668546689128226, 0.37946535308248097, 0.4078898725904661, 0.33028338875978885, 0.30320145149904926, 0.3263732629575403, 0.35247877197944816]}