{"time": "181129_2100", "filename": "T-BN6028328.png", "betas": 0.35, "gammas": 0.5, "c": [null, null, null, null, null, null, null, null, null, null, null, null, null, null, null, null, null, null, null, null], "sigmas": [0.25, 0.30554858059465007, 0.37343974041362143, 0.4564159304840664, 0.5578289588807719, 0.681775386402445, 0.8332620063985445, 1.018408093274102, 1.2446925894640235, 1.5212562159496474, 1.8592707100168127, 2.2723901055473767, 2.7773022852293128, 3.394403084536378, 4.1486201777847675, 5.070420026993842, 6.197038569066624, 7.573985354674433, 9.256881898261764, 11.313708498984761], "border_radii": [12, 12, 12, 12, 12, 12, 12, 12, 12, 12, 12, 12, 12, 13, 16, 20, 24, 30, 37, 45], "counts": {"TP": 34813, "TN": 535160, "FP": 11302, "FN": 62495}, "counts_FA": {"TP": 21752, "TN": 543614, "FP": 2848, "FN": 75556}, "counts_rw": {"TP": 35333, "TN": 537779, "FP": 8683, "FN": 61975}, "pnc": [0.5956999522216914, 0.38671763019589106, 0.5232680363115145, 0.556426182513139], "mcc": [0.46820850555569465, 0.40793132950286604, 0.49278926882010127, 0.4665923880439199], "scale_maxes": [0.9928286801418841, 0.9925258375031145, 0.9887717964609862, 0.98302578194015, 0.9742183794856225, 0.9608030983970118, 0.9396773074676358, 0.943235697665059, 0.9936242916219818, 0.9999633855750668, 0.9984799644887252, 0.9933401712799709, 0.998937915010719, 0.9997944326257172, 0.9986886050748928, 0.9755051112757855, 0.9381828323216282, 0.941908305929918, 0.9878275760405177, 0.9363652232360085], "ALPHAS": [0.049682056650213934, 0.05247338108300561, 0.05579873391180481, 0.06131705861062317, 0.0702263064850294, 0.08602559293350434, 0.09371234373190424, 0.105315296205856, 0.12800098939837168, 0.16699830160609175, 0.22962079894127388, 0.3011892608137619, 0.3199479150488085, 0.33668546689128226, 0.37946535308248097, 0.4078898725904661, 0.33028338875978885, 0.30320145149904926, 0.3263732629575403, 0.35247877197944816]}