{"time": "181129_2104", "filename": "T-BN6746662.png", "betas": 0.35, "gammas": 0.5, "c": [null, null, null, null, null, null, null, null, null, null, null, null, null, null, null, null, null, null, null, null], "sigmas": [0.25, 0.30554858059465007, 0.37343974041362143, 0.4564159304840664, 0.5578289588807719, 0.681775386402445, 0.8332620063985445, 1.018408093274102, 1.2446925894640235, 1.5212562159496474, 1.8592707100168127, 2.2723901055473767, 2.7773022852293128, 3.394403084536378, 4.1486201777847675, 5.070420026993842, 6.197038569066624, 7.573985354674433, 9.256881898261764, 11.313708498984761], "border_radii": [12, 12, 12, 12, 12, 12, 12, 12, 12, 12, 12, 12, 12, 13, 16, 20, 24, 30, 37, 45], "counts": {"TP": 30476, "TN": 494138, "FP": 18610, "FN": 51174}, "counts_FA": {"TP": 16343, "TN": 507024, "FP": 5724, "FN": 65307}, "counts_rw": {"TP": 27276, "TN": 495079, "FP": 17669, "FN": 54374}, "pnc": [0.5814189875991055, 0.3145964626956699, 0.4470420817239276, 0.5917869485667818], "mcc": [0.42140849199697794, 0.34410187513230195, 0.3900917620830398, 0.4723163528886897], "scale_maxes": [0.9877793879210587, 0.989131592992824, 0.9912039253513469, 0.9807346866634424, 0.9768277639619412, 0.9852498029370079, 0.9945803060216043, 0.9957310315348814, 0.9999933154440357, 0.9998309108951835, 0.9365699671334817, 0.8271122791721972, 0.7658347851080304, 0.8165532115475308, 0.8595563320952755, 0.9231981667209377, 0.9781420230228386, 0.9605978377167675, 0.9524650084298988, 0.9645670143662146], "ALPHAS": [0.049682056650213934, 0.05247338108300561, 0.05579873391180481, 0.06131705861062317, 0.0702263064850294, 0.08602559293350434, 0.09371234373190424, 0.105315296205856, 0.12800098939837168, 0.16699830160609175, 0.22962079894127388, 0.3011892608137619, 0.3199479150488085, 0.33668546689128226, 0.37946535308248097, 0.4078898725904661, 0.33028338875978885, 0.30320145149904926, 0.3263732629575403, 0.35247877197944816]}