{"time": "181129_2118", "filename": "T-BN8789191.png", "betas": 0.35, "gammas": 0.5, "c": [null, null, null, null, null, null, null, null, null, null, null, null, null, null, null, null, null, null, null, null], "sigmas": [0.25, 0.30554858059465007, 0.37343974041362143, 0.4564159304840664, 0.5578289588807719, 0.681775386402445, 0.8332620063985445, 1.018408093274102, 1.2446925894640235, 1.5212562159496474, 1.8592707100168127, 2.2723901055473767, 2.7773022852293128, 3.394403084536378, 4.1486201777847675, 5.070420026993842, 6.197038569066624, 7.573985354674433, 9.256881898261764, 11.313708498984761], "border_radii": [12, 12, 12, 12, 12, 12, 12, 12, 12, 12, 12, 12, 12, 13, 16, 20, 24, 30, 37, 45], "counts": {"TP": 37759, "TN": 514716, "FP": 14109, "FN": 50977}, "counts_FA": {"TP": 22902, "TN": 527095, "FP": 1730, "FN": 65834}, "counts_rw": {"TP": 36917, "TN": 523610, "FP": 5215, "FN": 51819}, "pnc": [0.6668618838457784, 0.4408003904343582, 0.5940458760370912, 0.6139580283064909], "mcc": [0.5043886148307354, 0.4567602096637649, 0.5650829560823323, 0.5203591520067538], "scale_maxes": [0.8543140195797987, 0.8599792683449773, 0.8722154620479011, 0.8889865632552664, 0.9109256933514555, 0.9376117066076286, 0.9666176647826639, 0.9748368943512892, 0.9941093545676013, 0.9978102521775717, 0.9998093091757326, 0.9981844772550252, 0.9924519299605563, 0.9992699742984016, 0.9768950686443129, 0.9450548892635893, 0.9745434499502718, 0.9502249051130867, 0.9504925768465681, 0.9917327370714091], "ALPHAS": [0.049682056650213934, 0.05247338108300561, 0.05579873391180481, 0.06131705861062317, 0.0702263064850294, 0.08602559293350434, 0.09371234373190424, 0.105315296205856, 0.12800098939837168, 0.16699830160609175, 0.22962079894127388, 0.3011892608137619, 0.3199479150488085, 0.33668546689128226, 0.37946535308248097, 0.4078898725904661, 0.33028338875978885, 0.30320145149904926, 0.3263732629575403, 0.35247877197944816]}