{"time": "181129_2041", "filename": "T-BN1328016.png", "betas": 0.35, "gammas": 0.5, "c": [null, null, null, null, null, null, null, null, null, null, null, null, null, null, null, null, null, null, null, null], "sigmas": [0.25, 0.30554858059465007, 0.37343974041362143, 0.4564159304840664, 0.5578289588807719, 0.681775386402445, 0.8332620063985445, 1.018408093274102, 1.2446925894640235, 1.5212562159496474, 1.8592707100168127, 2.2723901055473767, 2.7773022852293128, 3.394403084536378, 4.1486201777847675, 5.070420026993842, 6.197038569066624, 7.573985354674433, 9.256881898261764, 11.313708498984761], "border_radii": [12, 12, 12, 12, 12, 12, 12, 12, 12, 12, 12, 12, 12, 13, 16, 20, 24, 30, 37, 45], "counts": {"TP": 38472, "TN": 692543, "FP": 14651, "FN": 72729}, "counts_FA": {"TP": 22609, "TN": 704023, "FP": 3171, "FN": 88592}, "counts_rw": {"TP": 36057, "TN": 699273, "FP": 7921, "FN": 75144}, "pnc": [0.5443786982248521, 0.34312397519070365, 0.4516290012119484, 0.551935552862337], "mcc": [0.4523692696615402, 0.39006646900689806, 0.47569903310382544, 0.4703470223657567], "scale_maxes": [0.9880184227151845, 0.9869294950553958, 0.9859593126615279, 0.984983472494964, 0.9832362649974444, 0.9799420022106172, 0.9733542515834376, 0.9593325351278885, 0.9975828291260205, 0.9976960905186066, 0.9998370848965318, 0.999999419929415, 0.999212070394937, 0.9999876833904635, 0.9993026846266253, 0.993605273957103, 0.989869369116276, 0.9503263791289949, 0.9229595912292936, 0.8769914965372512], "ALPHAS": [0.049682056650213934, 0.05247338108300561, 0.05579873391180481, 0.06131705861062317, 0.0702263064850294, 0.08602559293350434, 0.09371234373190424, 0.105315296205856, 0.12800098939837168, 0.16699830160609175, 0.22962079894127388, 0.3011892608137619, 0.3199479150488085, 0.33668546689128226, 0.37946535308248097, 0.4078898725904661, 0.33028338875978885, 0.30320145149904926, 0.3263732629575403, 0.35247877197944816]}