{
 "time": "181121_2115",
 "filename": "T-BN0033885.png",
 "betas": [
  0.5,
  0.5,
  0.5,
  0.5,
  0.5,
  0.5,
  0.5,
  0.5,
  0.5,
  0.5,
  0.5,
  0.5,
  0.5,
  0.5,
  0.5,
  0.5,
  0.5,
  0.5,
  0.5,
  0.5,
  0.5,
  0.5,
  0.5,
  0.5,
  0.5,
  0.5,
  0.5,
  0.5,
  0.5,
  0.5,
  0.5,
  0.5,
  0.5,
  0.5,
  0.5,
  0.5,
  0.5,
  0.5,
  0.5,
  0.5
 ],
 "gammas": [
  0.16150970672522955,
  0.15923151394366963,
  0.15651482131154815,
  0.1532888086878974,
  0.1494774884154375,
  0.1450024716769885,
  0.13978750346770996,
  0.13386983520612142,
  0.12719395703366204,
  0.11961673388685204,
  0.11115019745035787,
  0.10186699485279105,
  0.06592110801272803,
  0.060049699606613605,
  0.05391311766914833,
  0.047653690689823267,
  0.041598435268378,
  0.03573963169769302,
  0.0301675665057074,
  0.025444639326706004,
  0.022024906065696098,
  0.018688694776937145,
  0.01554132937898385,
  0.012664266862674555,
  0.01058970201407708,
  0.009180276166213149,
  0.007980321780673986,
  0.006826225406406103,
  0.005803873429254093,
  0.004888513595079743,
  0.004072561060975423,
  0.0033379815592745913,
  0.0027109381270088656,
  0.0021705886100414724,
  0.0017446492605735402,
  0.001433302314372852,
  0.0011568014271632018,
  0.0009170167426869121,
  0.0007123009179658539,
  0.0005410747230209119
 ],
 "sigmas": [
  0.25,
  0.2756721902468024,
  0.3039806259018769,
  0.3351960197398572,
  0.3696168836947874,
  0.4075723835213587,
  0.449425486597771,
  0.49557643297256987,
  0.5464665628489841,
  0.6025825371088854,
  0.6644609912371261,
  0.7326936671515999,
  0.8079330720145728,
  0.8908987181403393,
  0.9823840036712642,
  1.0832637998219208,
  1.1945028172479306,
  1.3171648315468518,
  1.4524228561143249,
  1.6015703596382094,
  1.7660336355032968,
  1.9473854413948684,
  2.1473600395362378,
  2.36786978138966,
  2.611023395419619,
  2.879146152803877,
  3.1748021039363987,
  3.500818598369214,
  3.86031332267673,
  4.25672411480482,
  4.693841840018505,
  5.175846642839929,
  5.707347921652972,
  6.293428408250444,
  6.939692773855387,
  7.652321226434491,
  8.438128611853172,
  9.3046295840551,
  10.260110467486651,
  11.313708498984761
 ],
 "border_radii": [
  1,
  1,
  1,
  1,
  1,
  1,
  1,
  1,
  2,
  2,
  2,
  2,
  3,
  3,
  3,
  4,
  4,
  5,
  5,
  6,
  7,
  7,
  8,
  9,
  10,
  11,
  12,
  14,
  15,
  17,
  18,
  20,
  22,
  25,
  27,
  30,
  33,
  37,
  41,
  45
 ]
}