{
 "time": "181120_0130",
 "dark_bg": false,
 "dilate_per_scale": true,
 "log_range": [
  -2,
  3.5
 ],
 "n_scales": 40,
 "scales": [
  0.25,
  0.2756721902468024,
  0.3039806259018769,
  0.3351960197398572,
  0.3696168836947874,
  0.4075723835213587,
  0.449425486597771,
  0.49557643297256987,
  0.5464665628489841,
  0.6025825371088854,
  0.6644609912371261,
  0.7326936671515999,
  0.8079330720145728,
  0.8908987181403393,
  0.9823840036712642,
  1.0832637998219208,
  1.1945028172479306,
  1.3171648315468518,
  1.4524228561143249,
  1.6015703596382094,
  1.7660336355032968,
  1.9473854413948684,
  2.1473600395362378,
  2.36786978138966,
  2.611023395419619,
  2.879146152803877,
  3.1748021039363987,
  3.500818598369214,
  3.86031332267673,
  4.25672411480482,
  4.693841840018505,
  5.175846642839929,
  5.707347921652972,
  6.293428408250444,
  6.939692773855387,
  7.652321226434491,
  8.438128611853172,
  9.3046295840551,
  10.260110467486651,
  11.313708498984761
 ],
 "alphas": [
  0.028781131946220624,
  0.029099911270795847,
  0.029484380636526912,
  0.02997168380368645,
  0.030548097938050987,
  0.031224908469751945,
  0.03212944619148298,
  0.03328079396244259,
  0.03475236619900152,
  0.036563579250796,
  0.039019678082216167,
  0.04227019540253395,
  0.046498578359869924,
  0.05234598989390847,
  0.06011967024106408,
  0.07104089502680709,
  0.08636107401965047,
  0.10197376860513141,
  0.1159374163546002,
  0.12944657142477473,
  0.14092018018855615,
  0.15283770016398673,
  0.16467656314117576,
  0.17753619994584593,
  0.1936230027915974,
  0.21073932075273408,
  0.22193659309744757,
  0.23696635776157926,
  0.2517160380415617,
  0.2642399298023557,
  0.24193189881372765,
  0.22668803792753622,
  0.21695997283187826,
  0.20947590078481823,
  0.19864457552216022,
  0.18091393665350303,
  0.16887638167321434,
  0.1573781218294948,
  0.14418210585403235,
  0.13628642616195205
 ],
 "betas": null,
 "use_npz_files": false,
 "remove_glare": false,
 "files": [
  "T-BN0164923.png",
  "T-BN0651415.png",
  "T-BN1328016.png",
  "T-BN1650687.png",
  "T-BN2050224.png",
  "T-BN2095839.png",
  "T-BN2432252.png",
  "T-BN4130351.png",
  "T-BN4384182.png",
  "T-BN4569506.png",
  "T-BN5280796.png",
  "T-BN5961598.png",
  "T-BN6028328.png",
  "T-BN6238549.png",
  "T-BN6746662.png",
  "T-BN7531176.png",
  "T-BN7646343.png",
  "T-BN7726580.png",
  "T-BN7753462.png",
  "T-BN7767693.png",
  "T-BN8333878.png",
  "T-BN8549337.png",
  "T-BN8789191.png",
  "T-BN8914395.png",
  "T-BN9211170.png"
 ],
 "MCCS": {
  "T-BN0164923.png": [
   0.4733426740276419,
   0.46140676343427167,
   0.6066007283144994
  ],
  "T-BN0651415.png": [
   0.4845911411165234,
   0.4483877320705839,
   0.6061123565198525
  ],
  "T-BN1328016.png": [
   0.46691543575404254,
   0.4327337132839224,
   0.5585129995213446
  ],
  "T-BN1650687.png": [
   0.47283719905315563,
   0.4685611081624294,
   0.5690063342263558
  ],
  "T-BN2050224.png": [
   0.4958171834571478,
   0.49189773888898425,
   0.6005406400594584
  ],
  "T-BN2095839.png": [
   0.5014341060061376,
   0.46841043686933387,
   0.6050719715753535
  ],
  "T-BN2432252.png": [
   0.4658995786136338,
   0.4134079948974315,
   0.6141219189439481
  ],
  "T-BN4130351.png": [
   0.502247226072922,
   0.49597472720931246,
   0.6483407322098046
  ],
  "T-BN4384182.png": [
   0.4905219284111477,
   0.43664228045566106,
   0.6256924866068384
  ],
  "T-BN4569506.png": [
   0.4789606706969592,
   0.46913904416391927,
   0.5646276514720523
  ],
  "T-BN5280796.png": [
   0.5273879062166829,
   0.5029014215067888,
   0.6637413079843079
  ],
  "T-BN5961598.png": [
   0.43194539421462996,
   0.4221188155245924,
   0.5349534891819351
  ],
  "T-BN6028328.png": [
   0.4745886780774093,
   0.4588731094669355,
   0.566471708508238
  ],
  "T-BN6238549.png": [
   0.5074351307312284,
   0.485860217413188,
   0.6034794360667368
  ],
  "T-BN6746662.png": [
   0.4678161402556239,
   0.4284779809855078,
   0.5714504151622889
  ],
  "T-BN7531176.png": [
   0.4243452741673679,
   0.38441687888801696,
   0.5219725505628227
  ],
  "T-BN7646343.png": [
   0.5060563240447754,
   0.4935235256873198,
   0.6050416275622463
  ],
  "T-BN7726580.png": [
   0.46589964044057547,
   0.45815891040755385,
   0.5595388811920462
  ],
  "T-BN7753462.png": [
   0.5007167639788812,
   0.46176523823841453,
   0.6277798579215662
  ],
  "T-BN7767693.png": [
   0.45480970570682105,
   0.43228864701371894,
   0.5644172271363307
  ],
  "T-BN8333878.png": [
   0.5115520722496416,
   0.5027373091334204,
   0.610484444692985
  ],
  "T-BN8549337.png": [
   0.5040703526463952,
   0.4708148657357384,
   0.5904089067416742
  ],
  "T-BN8789191.png": [
   0.5207896208220257,
   0.5218868485792117,
   0.6326766754583977
  ],
  "T-BN8914395.png": [
   0.49651816281487166,
   0.5026148646908082,
   0.5678504790829121
  ],
  "T-BN9211170.png": [
   0.47985755965013427,
   0.4650928632790567,
   0.5920066949165843
  ]
 },
 "PNC": {
  "T-BN0164923.png": [
   0.5547349796138165,
   0.420032310177706,
   0.7053619509193015
  ],
  "T-BN0651415.png": [
   0.5844265439202148,
   0.4023014959723821,
   0.7252780974299962
  ],
  "T-BN1328016.png": [
   0.5879375490126185,
   0.4402224281742354,
   0.6861766592999216
  ],
  "T-BN1650687.png": [
   0.5050851204952466,
   0.4007296042449702,
   0.6664824231704621
  ],
  "T-BN2050224.png": [
   0.5107784431137724,
   0.412125748502994,
   0.6535179640718562
  ],
  "T-BN2095839.png": [
   0.5313248204309656,
   0.3711758446395318,
   0.6616786379356212
  ],
  "T-BN2432252.png": [
   0.608651983643016,
   0.39751775593658084,
   0.7197072960757587
  ],
  "T-BN4130351.png": [
   0.48520397378989644,
   0.3772986683576411,
   0.6544071020925808
  ],
  "T-BN4384182.png": [
   0.5240267036816709,
   0.34780884394209793,
   0.6562892458192875
  ],
  "T-BN4569506.png": [
   0.5770019130910085,
   0.4111779174637879,
   0.6946570101120525
  ],
  "T-BN5280796.png": [
   0.58712,
   0.4264,
   0.75968
  ],
  "T-BN5961598.png": [
   0.5606677099634846,
   0.42556077203964526,
   0.672926447574335
  ],
  "T-BN6028328.png": [
   0.612517916865743,
   0.48705207835642617,
   0.7299569995222169
  ],
  "T-BN6238549.png": [
   0.5798755186721992,
   0.4357644430258538,
   0.6777050750079796
  ],
  "T-BN6746662.png": [
   0.6230941248221183,
   0.43027038015856883,
   0.7069526326489124
  ],
  "T-BN7531176.png": [
   0.5520266182698125,
   0.42206089937487395,
   0.6254285138132688
  ],
  "T-BN7646343.png": [
   0.5138568987294747,
   0.3633256556950739,
   0.6617133516605989
  ],
  "T-BN7726580.png": [
   0.6345334469535577,
   0.49829569663400086,
   0.7282701320835109
  ],
  "T-BN7753462.png": [
   0.5688016345385094,
   0.4125433063871369,
   0.704450564093453
  ],
  "T-BN7767693.png": [
   0.5083361980061877,
   0.39059814369199036,
   0.6687005843932623
  ],
  "T-BN8333878.png": [
   0.6161080074487896,
   0.4748603351955307,
   0.7394785847299814
  ],
  "T-BN8549337.png": [
   0.5797364834166288,
   0.4112903225806452,
   0.713652885052249
  ],
  "T-BN8789191.png": [
   0.6572962420693022,
   0.5091264031234749,
   0.7416300634455832
  ],
  "T-BN8914395.png": [
   0.5937952430196484,
   0.45884177869700105,
   0.6739400206825232
  ],
  "T-BN9211170.png": [
   0.6158536585365854,
   0.468040370058873,
   0.7023759461732548
  ]
 }
}