{
 "time": "181120_0110",
 "filename": "T-BN1650687.png",
 "alphas": [
  0.04937168179202325,
  0.04982759962997723,
  0.050309565802731215,
  0.05097242976346019,
  0.05178552541859387,
  0.0528343827606593,
  0.05405716251516246,
  0.05583597409095514,
  0.05797401028766721,
  0.060656740341535655,
  0.06429771778166837,
  0.06891606428056493,
  0.07527947177649588,
  0.08340024146472001,
  0.09401532460383254,
  0.1084073934592116,
  0.12163712720211717,
  0.12382981061050635,
  0.1291250800159921,
  0.13904693087254072,
  0.15233630746727955,
  0.16784578335676636,
  0.18875458988054866,
  0.21812312323379318,
  0.25744503063197527,
  0.26253382978694756,
  0.2699423259575521,
  0.2825715397676239,
  0.24654055892082363,
  0.19949973898065587,
  0.16504339643958116,
  0.13842579029314614,
  0.1191935585049159,
  0.10386802723883919,
  0.09214892848803158,
  0.08190724162242372,
  0.07362686197080615,
  0.06669241233932674,
  0.06157049438897074,
  0.057767417912404265
 ],
 "betas": [
  0.5,
  0.5,
  0.5,
  0.5,
  0.5,
  0.5,
  0.5,
  0.5,
  0.5,
  0.5,
  0.5,
  0.5,
  0.5,
  0.5,
  0.5,
  0.5,
  0.5,
  0.5,
  0.5,
  0.5,
  0.5,
  0.5,
  0.5,
  0.5,
  0.5,
  0.5,
  0.5,
  0.5,
  0.5,
  0.5,
  0.5,
  0.5,
  0.5,
  0.5,
  0.5,
  0.5,
  0.5,
  0.5,
  0.5,
  0.5
 ],
 "gammas": [
  0.08753987749914278,
  0.08569603843497194,
  0.0835202206863641,
  0.0809687142573378,
  0.07799912494264087,
  0.07457403005918603,
  0.07066595193916032,
  0.06626363517186433,
  0.0613792956494794,
  0.05605602256601095,
  0.05037389497180262,
  0.04445277074552554,
  0.03844941873945047,
  0.032547116101927495,
  0.02912289643352017,
  0.0263583694201204,
  0.023596212707094735,
  0.020890739363513926,
  0.018289674163805173,
  0.01583088493543707,
  0.014287684227443264,
  0.012662956997869353,
  0.011101445259939238,
  0.009774397773321869,
  0.008444557068451338,
  0.007293811905079455,
  0.006208590744529962,
  0.005201371711585326,
  0.00426231262877011,
  0.0035637779631100676,
  0.003077008672769025,
  0.0026406604122541024,
  0.0022733301564371194,
  0.001964570680565534,
  0.0016892764109359207,
  0.0014383607661131578,
  0.0012005776280480571,
  0.000987590060828501,
  0.0008112460388633774,
  0.0006584540969697584
 ],
 "sigmas": [
  0.25,
  0.2756721902468024,
  0.3039806259018769,
  0.3351960197398572,
  0.3696168836947874,
  0.4075723835213587,
  0.449425486597771,
  0.49557643297256987,
  0.5464665628489841,
  0.6025825371088854,
  0.6644609912371261,
  0.7326936671515999,
  0.8079330720145728,
  0.8908987181403393,
  0.9823840036712642,
  1.0832637998219208,
  1.1945028172479306,
  1.3171648315468518,
  1.4524228561143249,
  1.6015703596382094,
  1.7660336355032968,
  1.9473854413948684,
  2.1473600395362378,
  2.36786978138966,
  2.611023395419619,
  2.879146152803877,
  3.1748021039363987,
  3.500818598369214,
  3.86031332267673,
  4.25672411480482,
  4.693841840018505,
  5.175846642839929,
  5.707347921652972,
  6.293428408250444,
  6.939692773855387,
  7.652321226434491,
  8.438128611853172,
  9.3046295840551,
  10.260110467486651,
  11.313708498984761
 ],
 "border_radii": [
  10,
  10,
  10,
  10,
  10,
  10,
  10,
  10,
  10,
  10,
  10,
  10,
  10,
  10,
  10,
  10,
  10,
  10,
  10,
  10,
  10,
  10,
  10,
  10,
  10,
  11,
  12,
  14,
  15,
  17,
  18,
  20,
  22,
  25,
  27,
  30,
  33,
  37,
  41,
  45
 ]
}