{
 "time": "181120_0125",
 "filename": "T-BN7767693.png",
 "alphas": [
  0.0640923720453779,
  0.06475414384951576,
  0.0655487731733047,
  0.06671612881077521,
  0.06793710743626799,
  0.06956729621426394,
  0.07163337896628078,
  0.07380534519658584,
  0.07615204844145193,
  0.07898390554344616,
  0.08259106119356881,
  0.08741876956080796,
  0.09355094103929407,
  0.1009500872077469,
  0.11077009183182912,
  0.12274258368462643,
  0.1377982701804116,
  0.15475710123372047,
  0.17425484704248664,
  0.20081629385752886,
  0.21145435250535777,
  0.22011683527517584,
  0.23241672655875617,
  0.24468682009199266,
  0.2548033991285771,
  0.26361301078234634,
  0.26555649543938853,
  0.2722745206722685,
  0.26232667121321074,
  0.2548523572886668,
  0.250050245976471,
  0.25060246213329507,
  0.22043492990292182,
  0.18188775126693144,
  0.14773171877461624,
  0.12008249402210201,
  0.10344028739214876,
  0.09434863377482959,
  0.09367425078747177,
  0.09290651424423611
 ],
 "betas": [
  0.5,
  0.5,
  0.5,
  0.5,
  0.5,
  0.5,
  0.5,
  0.5,
  0.5,
  0.5,
  0.5,
  0.5,
  0.5,
  0.5,
  0.5,
  0.5,
  0.5,
  0.5,
  0.5,
  0.5,
  0.5,
  0.5,
  0.5,
  0.5,
  0.5,
  0.5,
  0.5,
  0.5,
  0.5,
  0.5,
  0.5,
  0.5,
  0.5,
  0.5,
  0.5,
  0.5,
  0.5,
  0.5,
  0.5,
  0.5
 ],
 "gammas": [
  0.07814349787668334,
  0.0770418524072389,
  0.07573106990211015,
  0.07417852594294919,
  0.07234965763092974,
  0.07020936287015525,
  0.06772485926419021,
  0.06493982524302404,
  0.061763100200899326,
  0.058185108947327716,
  0.0542144846781196,
  0.04988348973411997,
  0.045252249032345836,
  0.04041028637479975,
  0.03594437246154266,
  0.03163598382239257,
  0.027382027657555888,
  0.023751324142628163,
  0.02086110712057042,
  0.01813592859090941,
  0.01578811418951175,
  0.013887653002436062,
  0.012078489081455776,
  0.010339223165949865,
  0.008731966886166776,
  0.007294248135771709,
  0.006041097689732347,
  0.00500504988564379,
  0.004409799794213328,
  0.003832201731100019,
  0.003275118576700591,
  0.002772596681340372,
  0.0023573073298721304,
  0.0020197407063627755,
  0.0016987466379838766,
  0.0014016706269853049,
  0.0011427809900586491,
  0.0009181746011354782,
  0.0007277619902181931,
  0.0005888638724574479
 ],
 "sigmas": [
  0.25,
  0.2756721902468024,
  0.3039806259018769,
  0.3351960197398572,
  0.3696168836947874,
  0.4075723835213587,
  0.449425486597771,
  0.49557643297256987,
  0.5464665628489841,
  0.6025825371088854,
  0.6644609912371261,
  0.7326936671515999,
  0.8079330720145728,
  0.8908987181403393,
  0.9823840036712642,
  1.0832637998219208,
  1.1945028172479306,
  1.3171648315468518,
  1.4524228561143249,
  1.6015703596382094,
  1.7660336355032968,
  1.9473854413948684,
  2.1473600395362378,
  2.36786978138966,
  2.611023395419619,
  2.879146152803877,
  3.1748021039363987,
  3.500818598369214,
  3.86031332267673,
  4.25672411480482,
  4.693841840018505,
  5.175846642839929,
  5.707347921652972,
  6.293428408250444,
  6.939692773855387,
  7.652321226434491,
  8.438128611853172,
  9.3046295840551,
  10.260110467486651,
  11.313708498984761
 ],
 "border_radii": [
  10,
  10,
  10,
  10,
  10,
  10,
  10,
  10,
  10,
  10,
  10,
  10,
  10,
  10,
  10,
  10,
  10,
  10,
  10,
  10,
  10,
  10,
  10,
  10,
  10,
  11,
  12,
  14,
  15,
  17,
  18,
  20,
  22,
  25,
  27,
  30,
  33,
  37,
  41,
  45
 ]
}