{
 "time": "181120_0057",
 "filename": "T-BN8789191.png",
 "alphas": [
  0.0624705700633833,
  0.06306390867417072,
  0.06377529852509631,
  0.06480392153410158,
  0.06589114083460844,
  0.06708601587490863,
  0.06886155761502505,
  0.0711452327319855,
  0.07387978913591814,
  0.07769743872876099,
  0.08204260474166605,
  0.08722794872398866,
  0.09123681009456297,
  0.09658344350809547,
  0.10331635332623797,
  0.1106192161650529,
  0.11798718932320074,
  0.12579105577140062,
  0.13589196020036326,
  0.15062483960713477,
  0.169338076324766,
  0.1894426636045966,
  0.20333545364033662,
  0.21649893744929025,
  0.23584703362323917,
  0.25646630804772425,
  0.2794861094352998,
  0.30868070953953175,
  0.3336504330105599,
  0.33759002491355966,
  0.3299537046435866,
  0.32330568512713437,
  0.27408392072159743,
  0.23876932115708335,
  0.21639661271570723,
  0.20187556175115767,
  0.1939654683908706,
  0.18973226196635334,
  0.19217848049216796,
  0.20280063279013766
 ],
 "betas": [
  0.5,
  0.5,
  0.5,
  0.5,
  0.5,
  0.5,
  0.5,
  0.5,
  0.5,
  0.5,
  0.5,
  0.5,
  0.5,
  0.5,
  0.5,
  0.5,
  0.5,
  0.5,
  0.5,
  0.5,
  0.5,
  0.5,
  0.5,
  0.5,
  0.5,
  0.5,
  0.5,
  0.5,
  0.5,
  0.5,
  0.5,
  0.5,
  0.5,
  0.5,
  0.5,
  0.5,
  0.5,
  0.5,
  0.5,
  0.5
 ],
 "gammas": [
  0.11251814524431054,
  0.11065156754914592,
  0.10844114935807965,
  0.10583787992220656,
  0.10279201810876977,
  0.09925613962743188,
  0.09518944091385083,
  0.09056337005891399,
  0.08536840892857107,
  0.07962143504490357,
  0.07337256612000223,
  0.0667098439853141,
  0.059759784632872126,
  0.05268204796022143,
  0.04667182148486082,
  0.04071073950722408,
  0.03492123017841224,
  0.03039690646926601,
  0.02628599961698282,
  0.022699308268337253,
  0.01969687172951542,
  0.016964490195267395,
  0.014630930196434225,
  0.01243021578762616,
  0.01045584852884443,
  0.008738124618949983,
  0.007280018621135337,
  0.006052411199603816,
  0.005066685293582482,
  0.0041977000667388865,
  0.0034354011068620273,
  0.003040019472772541,
  0.0027060643636507733,
  0.002392904062359815,
  0.002144769496993093,
  0.0018918718622561285,
  0.0016564358098125815,
  0.0014227499272505795,
  0.00119894409767545,
  0.0009934345927933709
 ],
 "sigmas": [
  0.25,
  0.2756721902468024,
  0.3039806259018769,
  0.3351960197398572,
  0.3696168836947874,
  0.4075723835213587,
  0.449425486597771,
  0.49557643297256987,
  0.5464665628489841,
  0.6025825371088854,
  0.6644609912371261,
  0.7326936671515999,
  0.8079330720145728,
  0.8908987181403393,
  0.9823840036712642,
  1.0832637998219208,
  1.1945028172479306,
  1.3171648315468518,
  1.4524228561143249,
  1.6015703596382094,
  1.7660336355032968,
  1.9473854413948684,
  2.1473600395362378,
  2.36786978138966,
  2.611023395419619,
  2.879146152803877,
  3.1748021039363987,
  3.500818598369214,
  3.86031332267673,
  4.25672411480482,
  4.693841840018505,
  5.175846642839929,
  5.707347921652972,
  6.293428408250444,
  6.939692773855387,
  7.652321226434491,
  8.438128611853172,
  9.3046295840551,
  10.260110467486651,
  11.313708498984761
 ],
 "border_radii": [
  10,
  10,
  10,
  10,
  10,
  10,
  10,
  10,
  10,
  10,
  10,
  10,
  10,
  10,
  10,
  10,
  10,
  10,
  10,
  10,
  10,
  10,
  10,
  10,
  10,
  11,
  12,
  14,
  15,
  17,
  18,
  20,
  22,
  25,
  27,
  30,
  33,
  37,
  41,
  45
 ]
}