{
 "time": "181120_0058",
 "filename": "T-BN8914395.png",
 "alphas": [
  0.06419494936947849,
  0.0651750957588183,
  0.06632704941683336,
  0.06773833263308233,
  0.06951379402502239,
  0.07151408959642061,
  0.07421592454730816,
  0.0773955767634581,
  0.08137379342301557,
  0.08651023596111583,
  0.09290525045804378,
  0.10126286091543493,
  0.1118657453250461,
  0.1250223461409897,
  0.1367195102871937,
  0.15072075040167116,
  0.16841708223855387,
  0.17996383084510464,
  0.19274249236467092,
  0.20446052229659914,
  0.21207051755429465,
  0.22028533495748295,
  0.22512368280990774,
  0.23311998751764096,
  0.24331560955570503,
  0.25516350289796064,
  0.2673117251487245,
  0.2802236107927078,
  0.2836346615870384,
  0.2864282251848732,
  0.2903991746666856,
  0.25689643027649633,
  0.22296053389784515,
  0.19571688233125945,
  0.16181652230166396,
  0.13579181827378795,
  0.11576119103346189,
  0.10081453985540975,
  0.08964544870992677,
  0.08191669644063665
 ],
 "betas": [
  0.5,
  0.5,
  0.5,
  0.5,
  0.5,
  0.5,
  0.5,
  0.5,
  0.5,
  0.5,
  0.5,
  0.5,
  0.5,
  0.5,
  0.5,
  0.5,
  0.5,
  0.5,
  0.5,
  0.5,
  0.5,
  0.5,
  0.5,
  0.5,
  0.5,
  0.5,
  0.5,
  0.5,
  0.5,
  0.5,
  0.5,
  0.5,
  0.5,
  0.5,
  0.5,
  0.5,
  0.5,
  0.5,
  0.5,
  0.5
 ],
 "gammas": [
  0.13695684527808075,
  0.13433200146927918,
  0.13122839710699752,
  0.12758010758992713,
  0.12332154810350511,
  0.11839224781680541,
  0.11274349652690462,
  0.1063469369369381,
  0.09920478459037334,
  0.09136073154321896,
  0.08290975525229985,
  0.07400417604123741,
  0.06485275195061178,
  0.0557099198934314,
  0.04746600730006755,
  0.03968374786374451,
  0.03409525277427709,
  0.029005047587154636,
  0.024708011489331324,
  0.02259733029211149,
  0.02006614058977139,
  0.017429735339481337,
  0.0150221083333936,
  0.012594493712679995,
  0.010515354077364512,
  0.008594688362504254,
  0.007062394508085923,
  0.005918695045921325,
  0.005074853633860552,
  0.004275773685604578,
  0.003509470276180642,
  0.00283233214514911,
  0.002545033359743667,
  0.002220314556940328,
  0.0018873490761832329,
  0.0015697520389456765,
  0.0012832023746584028,
  0.0010353168697939462,
  0.0008289713307451847,
  0.000663315522764411
 ],
 "sigmas": [
  0.25,
  0.2756721902468024,
  0.3039806259018769,
  0.3351960197398572,
  0.3696168836947874,
  0.4075723835213587,
  0.449425486597771,
  0.49557643297256987,
  0.5464665628489841,
  0.6025825371088854,
  0.6644609912371261,
  0.7326936671515999,
  0.8079330720145728,
  0.8908987181403393,
  0.9823840036712642,
  1.0832637998219208,
  1.1945028172479306,
  1.3171648315468518,
  1.4524228561143249,
  1.6015703596382094,
  1.7660336355032968,
  1.9473854413948684,
  2.1473600395362378,
  2.36786978138966,
  2.611023395419619,
  2.879146152803877,
  3.1748021039363987,
  3.500818598369214,
  3.86031332267673,
  4.25672411480482,
  4.693841840018505,
  5.175846642839929,
  5.707347921652972,
  6.293428408250444,
  6.939692773855387,
  7.652321226434491,
  8.438128611853172,
  9.3046295840551,
  10.260110467486651,
  11.313708498984761
 ],
 "border_radii": [
  10,
  10,
  10,
  10,
  10,
  10,
  10,
  10,
  10,
  10,
  10,
  10,
  10,
  10,
  10,
  10,
  10,
  10,
  10,
  10,
  10,
  10,
  10,
  10,
  10,
  11,
  12,
  14,
  15,
  17,
  18,
  20,
  22,
  25,
  27,
  30,
  33,
  37,
  41,
  45
 ]
}