{
 "time": "181120_0121",
 "filename": "T-BN6746662.png",
 "alphas": [
  0.03134622378487612,
  0.03173481762636618,
  0.03221231860679463,
  0.03277132170834437,
  0.03345858604940491,
  0.03430937530387744,
  0.03545426604748857,
  0.03683068659771144,
  0.03850824174134944,
  0.04055923559426307,
  0.04316187253035822,
  0.04650434881054501,
  0.05071411651105563,
  0.056240854988676627,
  0.06342758209063344,
  0.07283729162117038,
  0.08489005117102699,
  0.100673206704402,
  0.12247599629850145,
  0.14842207302737054,
  0.1651092582109322,
  0.1877746021121004,
  0.21787678357273166,
  0.25044944315117623,
  0.25270236317340866,
  0.2500151238858942,
  0.25234748948263686,
  0.2614638304750341,
  0.27293060487241916,
  0.29521532107564263,
  0.2919812392702369,
  0.26301860432171165,
  0.23237947105047646,
  0.20475260766469908,
  0.18300591015407675,
  0.16868220596294198,
  0.15789787612803335,
  0.1482136922341482,
  0.13534749932635437,
  0.11961346147344329
 ],
 "betas": [
  0.5,
  0.5,
  0.5,
  0.5,
  0.5,
  0.5,
  0.5,
  0.5,
  0.5,
  0.5,
  0.5,
  0.5,
  0.5,
  0.5,
  0.5,
  0.5,
  0.5,
  0.5,
  0.5,
  0.5,
  0.5,
  0.5,
  0.5,
  0.5,
  0.5,
  0.5,
  0.5,
  0.5,
  0.5,
  0.5,
  0.5,
  0.5,
  0.5,
  0.5,
  0.5,
  0.5,
  0.5,
  0.5,
  0.5,
  0.5
 ],
 "gammas": [
  0.13344499347676597,
  0.13104879808075515,
  0.12821596803020024,
  0.12488650685506612,
  0.12100074608105575,
  0.11650366077748693,
  0.11135085039733789,
  0.10551622818806645,
  0.0990011027050974,
  0.09184376903546936,
  0.08412798567673886,
  0.07598795094280937,
  0.06940534114109427,
  0.06263863746203789,
  0.05609980814449548,
  0.04937649790298356,
  0.04388448914734481,
  0.0381577478167455,
  0.032401070896817305,
  0.026841177938805527,
  0.02224600633635634,
  0.01991696857914981,
  0.01772841034390574,
  0.015667400895168666,
  0.013738334462749477,
  0.011765374645921665,
  0.009869801023133229,
  0.008137106843403524,
  0.006614792059874381,
  0.00533969204645589,
  0.004335057798499392,
  0.003712601252215546,
  0.003252232617380799,
  0.0027952618842744864,
  0.002345157982558968,
  0.0019485097716558774,
  0.0016774039055369812,
  0.0014482844125923231,
  0.0012409598701423948,
  0.0010478569158286703
 ],
 "sigmas": [
  0.25,
  0.2756721902468024,
  0.3039806259018769,
  0.3351960197398572,
  0.3696168836947874,
  0.4075723835213587,
  0.449425486597771,
  0.49557643297256987,
  0.5464665628489841,
  0.6025825371088854,
  0.6644609912371261,
  0.7326936671515999,
  0.8079330720145728,
  0.8908987181403393,
  0.9823840036712642,
  1.0832637998219208,
  1.1945028172479306,
  1.3171648315468518,
  1.4524228561143249,
  1.6015703596382094,
  1.7660336355032968,
  1.9473854413948684,
  2.1473600395362378,
  2.36786978138966,
  2.611023395419619,
  2.879146152803877,
  3.1748021039363987,
  3.500818598369214,
  3.86031332267673,
  4.25672411480482,
  4.693841840018505,
  5.175846642839929,
  5.707347921652972,
  6.293428408250444,
  6.939692773855387,
  7.652321226434491,
  8.438128611853172,
  9.3046295840551,
  10.260110467486651,
  11.313708498984761
 ],
 "border_radii": [
  10,
  10,
  10,
  10,
  10,
  10,
  10,
  10,
  10,
  10,
  10,
  10,
  10,
  10,
  10,
  10,
  10,
  10,
  10,
  10,
  10,
  10,
  10,
  10,
  10,
  11,
  12,
  14,
  15,
  17,
  18,
  20,
  22,
  25,
  27,
  30,
  33,
  37,
  41,
  45
 ]
}