{
 "time": "181120_0124",
 "filename": "T-BN7753462.png",
 "alphas": [
  0.023350413500898618,
  0.023744699243955506,
  0.024254754943028096,
  0.02489858961338229,
  0.025710331979897354,
  0.026688652372196118,
  0.027928769275019593,
  0.02955341833455382,
  0.031642542859925356,
  0.03439410581071531,
  0.03777174328827159,
  0.04060942627818845,
  0.044354729350412896,
  0.04944220932834856,
  0.05648595827436369,
  0.06621387229565907,
  0.0798165337911893,
  0.08574006544463755,
  0.08934992891785046,
  0.09530384337297063,
  0.10409197816735588,
  0.11578040229645875,
  0.1305816349950712,
  0.1506245771179729,
  0.1756646119561798,
  0.20599463084092934,
  0.22175163371386086,
  0.22047019568129755,
  0.2155237353786181,
  0.21494955551238598,
  0.2182058719601371,
  0.2011016775188018,
  0.1572854924414337,
  0.12666868976355325,
  0.10574146971800734,
  0.08909110929301152,
  0.0763867875640504,
  0.06995353665314755,
  0.06924004496530556,
  0.07103779571344113
 ],
 "betas": [
  0.5,
  0.5,
  0.5,
  0.5,
  0.5,
  0.5,
  0.5,
  0.5,
  0.5,
  0.5,
  0.5,
  0.5,
  0.5,
  0.5,
  0.5,
  0.5,
  0.5,
  0.5,
  0.5,
  0.5,
  0.5,
  0.5,
  0.5,
  0.5,
  0.5,
  0.5,
  0.5,
  0.5,
  0.5,
  0.5,
  0.5,
  0.5,
  0.5,
  0.5,
  0.5,
  0.5,
  0.5,
  0.5,
  0.5,
  0.5
 ],
 "gammas": [
  0.11748069309445937,
  0.11586843571327418,
  0.11394884182480532,
  0.11167332500407011,
  0.10899004150015892,
  0.10584576135563824,
  0.1021888009010682,
  0.09828266707066144,
  0.09408414822319922,
  0.08935028645925655,
  0.08408627659607931,
  0.07832473338849065,
  0.07213036865191194,
  0.06560175567356007,
  0.05886873860117537,
  0.05208464956208081,
  0.045413684454526634,
  0.039195535056596474,
  0.03340532859867357,
  0.027823454745550747,
  0.024117367263719717,
  0.02090416226914451,
  0.017797969099754892,
  0.015057105945642024,
  0.012698065627609337,
  0.010645973860753178,
  0.008975375222570192,
  0.007396450877340605,
  0.0062131823894704084,
  0.005118502432161114,
  0.004136840575962138,
  0.0032803034706924,
  0.002764225570727645,
  0.0023977746529795668,
  0.0020771569575222222,
  0.0017860872625250002,
  0.0014978201969798612,
  0.001226806917245181,
  0.0009669754923262144,
  0.0007708763763185558
 ],
 "sigmas": [
  0.25,
  0.2756721902468024,
  0.3039806259018769,
  0.3351960197398572,
  0.3696168836947874,
  0.4075723835213587,
  0.449425486597771,
  0.49557643297256987,
  0.5464665628489841,
  0.6025825371088854,
  0.6644609912371261,
  0.7326936671515999,
  0.8079330720145728,
  0.8908987181403393,
  0.9823840036712642,
  1.0832637998219208,
  1.1945028172479306,
  1.3171648315468518,
  1.4524228561143249,
  1.6015703596382094,
  1.7660336355032968,
  1.9473854413948684,
  2.1473600395362378,
  2.36786978138966,
  2.611023395419619,
  2.879146152803877,
  3.1748021039363987,
  3.500818598369214,
  3.86031332267673,
  4.25672411480482,
  4.693841840018505,
  5.175846642839929,
  5.707347921652972,
  6.293428408250444,
  6.939692773855387,
  7.652321226434491,
  8.438128611853172,
  9.3046295840551,
  10.260110467486651,
  11.313708498984761
 ],
 "border_radii": [
  10,
  10,
  10,
  10,
  10,
  10,
  10,
  10,
  10,
  10,
  10,
  10,
  10,
  10,
  10,
  10,
  10,
  10,
  10,
  10,
  10,
  10,
  10,
  10,
  10,
  11,
  12,
  14,
  15,
  17,
  18,
  20,
  22,
  25,
  27,
  30,
  33,
  37,
  41,
  45
 ]
}