{
 "time": "181120_0109",
 "filename": "T-BN1328016.png",
 "alphas": [
  0.08222718975650442,
  0.08301973388111433,
  0.08392146897637012,
  0.08522125867234442,
  0.08677787943375799,
  0.08854855891807457,
  0.09090040828289625,
  0.09361186448827205,
  0.09707616228711591,
  0.10174979929075509,
  0.1075222600793259,
  0.11511252126320394,
  0.12479765716725541,
  0.13735051287370462,
  0.15362849634580172,
  0.16832558062489683,
  0.1722518740339838,
  0.1766877871694493,
  0.18199651361783373,
  0.18578140141239663,
  0.19320307167361708,
  0.20125844098716175,
  0.20522463441742456,
  0.2057624052705224,
  0.21424851297876848,
  0.22751163010312536,
  0.24859755406001227,
  0.27824046974784467,
  0.3179310595114822,
  0.3327131404375323,
  0.284014176074164,
  0.2295910603021723,
  0.19250773495113402,
  0.16769631874337737,
  0.15132614236380995,
  0.14136129172922932,
  0.13222392573628705,
  0.12520557765616605,
  0.12133421138137142,
  0.11881595661094836
 ],
 "betas": [
  0.5,
  0.5,
  0.5,
  0.5,
  0.5,
  0.5,
  0.5,
  0.5,
  0.5,
  0.5,
  0.5,
  0.5,
  0.5,
  0.5,
  0.5,
  0.5,
  0.5,
  0.5,
  0.5,
  0.5,
  0.5,
  0.5,
  0.5,
  0.5,
  0.5,
  0.5,
  0.5,
  0.5,
  0.5,
  0.5,
  0.5,
  0.5,
  0.5,
  0.5,
  0.5,
  0.5,
  0.5,
  0.5,
  0.5,
  0.5
 ],
 "gammas": [
  0.1331112626485287,
  0.13120516600050552,
  0.12893604953606871,
  0.1262468074178616,
  0.1230767442270953,
  0.1193639612373996,
  0.1150490927236348,
  0.11008068168094914,
  0.1044223575940544,
  0.09806169574492805,
  0.09102014718032755,
  0.0833627230291942,
  0.0752052926040368,
  0.06671668130489618,
  0.05811269843515266,
  0.04964033087513529,
  0.04277397992815657,
  0.0385210374264174,
  0.033981745404535454,
  0.02939256299126509,
  0.025002416408135518,
  0.021046505137976835,
  0.01735631730258746,
  0.014035739542674371,
  0.01116210709222432,
  0.009520245287994004,
  0.007965252855939634,
  0.006545155163144763,
  0.005873719186274777,
  0.0054425682977652864,
  0.0049048172848955365,
  0.004306433116770667,
  0.0036996829612371933,
  0.003150289942074981,
  0.0026574889879876634,
  0.0022273759786162087,
  0.0018572011167072727,
  0.0015421860015365381,
  0.0012715386068763784,
  0.001036123158340711
 ],
 "sigmas": [
  0.25,
  0.2756721902468024,
  0.3039806259018769,
  0.3351960197398572,
  0.3696168836947874,
  0.4075723835213587,
  0.449425486597771,
  0.49557643297256987,
  0.5464665628489841,
  0.6025825371088854,
  0.6644609912371261,
  0.7326936671515999,
  0.8079330720145728,
  0.8908987181403393,
  0.9823840036712642,
  1.0832637998219208,
  1.1945028172479306,
  1.3171648315468518,
  1.4524228561143249,
  1.6015703596382094,
  1.7660336355032968,
  1.9473854413948684,
  2.1473600395362378,
  2.36786978138966,
  2.611023395419619,
  2.879146152803877,
  3.1748021039363987,
  3.500818598369214,
  3.86031332267673,
  4.25672411480482,
  4.693841840018505,
  5.175846642839929,
  5.707347921652972,
  6.293428408250444,
  6.939692773855387,
  7.652321226434491,
  8.438128611853172,
  9.3046295840551,
  10.260110467486651,
  11.313708498984761
 ],
 "border_radii": [
  10,
  10,
  10,
  10,
  10,
  10,
  10,
  10,
  10,
  10,
  10,
  10,
  10,
  10,
  10,
  10,
  10,
  10,
  10,
  10,
  10,
  10,
  10,
  10,
  10,
  11,
  12,
  14,
  15,
  17,
  18,
  20,
  22,
  25,
  27,
  30,
  33,
  37,
  41,
  45
 ]
}