{
 "time": "181120_0119",
 "filename": "T-BN6028328.png",
 "alphas": [
  0.019839857747722168,
  0.01999849013650707,
  0.020159889209545107,
  0.020348001551453925,
  0.020634239143884528,
  0.02095688306501338,
  0.021377824292366072,
  0.021925465978411458,
  0.022638330910679624,
  0.02355208045980005,
  0.024765130451409663,
  0.026263649682822257,
  0.028280443205626664,
  0.03095795559385267,
  0.03455678923637814,
  0.03929381361080773,
  0.04592296201210356,
  0.054951479168690906,
  0.06678287511600911,
  0.08284401664654278,
  0.09462070098414682,
  0.10695537491229623,
  0.11510257896309108,
  0.12697159221245544,
  0.14530141748800937,
  0.17043704314217556,
  0.1939955383763567,
  0.21068632560599845,
  0.22327448220335608,
  0.23250223901041922,
  0.2197847449788935,
  0.16228205049823516,
  0.12223476998242497,
  0.09879609072378574,
  0.08613306454880258,
  0.08037195034941862,
  0.07803563331913452,
  0.07779818692976155,
  0.08369101355218192,
  0.0928401163251733
 ],
 "betas": [
  0.5,
  0.5,
  0.5,
  0.5,
  0.5,
  0.5,
  0.5,
  0.5,
  0.5,
  0.5,
  0.5,
  0.5,
  0.5,
  0.5,
  0.5,
  0.5,
  0.5,
  0.5,
  0.5,
  0.5,
  0.5,
  0.5,
  0.5,
  0.5,
  0.5,
  0.5,
  0.5,
  0.5,
  0.5,
  0.5,
  0.5,
  0.5,
  0.5,
  0.5,
  0.5,
  0.5,
  0.5,
  0.5,
  0.5,
  0.5
 ],
 "gammas": [
  0.12331507554781485,
  0.12122384199264861,
  0.11877271654824459,
  0.1162580698441357,
  0.11330410240408675,
  0.10985831186075007,
  0.10587214365325137,
  0.10130598985185242,
  0.0961355001938023,
  0.09035887680116439,
  0.08400437868947541,
  0.0771367328338614,
  0.06986068866190497,
  0.06276770656649369,
  0.055555556349428985,
  0.048327707811950595,
  0.041268656176296103,
  0.035303212555872286,
  0.030646375465232564,
  0.026674479352839443,
  0.023283848589775023,
  0.01987465511940225,
  0.01656717284840465,
  0.013713949230296379,
  0.01196170389532182,
  0.010248018726972173,
  0.00861976580383369,
  0.007111448890041633,
  0.00575449305059924,
  0.004839852870655971,
  0.004435482440208142,
  0.003927615816838832,
  0.0033759252531855074,
  0.002925755615650196,
  0.0025479576186138667,
  0.002156812374523393,
  0.001780854151195002,
  0.0014439297564340593,
  0.0011450121568524294,
  0.0009024685925610429
 ],
 "sigmas": [
  0.25,
  0.2756721902468024,
  0.3039806259018769,
  0.3351960197398572,
  0.3696168836947874,
  0.4075723835213587,
  0.449425486597771,
  0.49557643297256987,
  0.5464665628489841,
  0.6025825371088854,
  0.6644609912371261,
  0.7326936671515999,
  0.8079330720145728,
  0.8908987181403393,
  0.9823840036712642,
  1.0832637998219208,
  1.1945028172479306,
  1.3171648315468518,
  1.4524228561143249,
  1.6015703596382094,
  1.7660336355032968,
  1.9473854413948684,
  2.1473600395362378,
  2.36786978138966,
  2.611023395419619,
  2.879146152803877,
  3.1748021039363987,
  3.500818598369214,
  3.86031332267673,
  4.25672411480482,
  4.693841840018505,
  5.175846642839929,
  5.707347921652972,
  6.293428408250444,
  6.939692773855387,
  7.652321226434491,
  8.438128611853172,
  9.3046295840551,
  10.260110467486651,
  11.313708498984761
 ],
 "border_radii": [
  10,
  10,
  10,
  10,
  10,
  10,
  10,
  10,
  10,
  10,
  10,
  10,
  10,
  10,
  10,
  10,
  10,
  10,
  10,
  10,
  10,
  10,
  10,
  10,
  10,
  11,
  12,
  14,
  15,
  17,
  18,
  20,
  22,
  25,
  27,
  30,
  33,
  37,
  41,
  45
 ]
}