{
 "time": "181120_0051",
 "filename": "T-BN7646343.png",
 "alphas": [
  0.037461942554515903,
  0.037984877377078625,
  0.038650913556186856,
  0.03949789117917664,
  0.040512826878907976,
  0.04175538108506367,
  0.04341589316479739,
  0.04540205280080424,
  0.047408912786121415,
  0.04878195055557913,
  0.05064820216213703,
  0.05299533023006302,
  0.054332316080446925,
  0.055477766041703985,
  0.05735461803502172,
  0.0602812959972668,
  0.06463356450007225,
  0.07124582541538281,
  0.08098648964275447,
  0.09486547409416904,
  0.10617043630041109,
  0.12281039231990895,
  0.13678282874989836,
  0.14932499178014083,
  0.16104029544112286,
  0.172576016933388,
  0.17999977275678036,
  0.1868374159507833,
  0.191131340952194,
  0.19173126350626632,
  0.1846718137083902,
  0.1781940370969986,
  0.17598295774311135,
  0.14366387286995935,
  0.11812273153924006,
  0.10166277045672212,
  0.0894947635330218,
  0.08232090936467726,
  0.08048366675424362,
  0.08102290849981299
 ],
 "betas": [
  0.5,
  0.5,
  0.5,
  0.5,
  0.5,
  0.5,
  0.5,
  0.5,
  0.5,
  0.5,
  0.5,
  0.5,
  0.5,
  0.5,
  0.5,
  0.5,
  0.5,
  0.5,
  0.5,
  0.5,
  0.5,
  0.5,
  0.5,
  0.5,
  0.5,
  0.5,
  0.5,
  0.5,
  0.5,
  0.5,
  0.5,
  0.5,
  0.5,
  0.5,
  0.5,
  0.5,
  0.5,
  0.5,
  0.5,
  0.5
 ],
 "gammas": [
  0.11774673327634255,
  0.11602701018322822,
  0.1139826011445722,
  0.1115636656346955,
  0.10871779909781613,
  0.10539235379930328,
  0.10153795603048889,
  0.097113423490622,
  0.09209213867012632,
  0.08646964440781327,
  0.08027176876637873,
  0.07424589678160355,
  0.06808451006676401,
  0.0615033583903493,
  0.05463251420974737,
  0.04764064163144786,
  0.04072368754109244,
  0.034157155743839374,
  0.03004390165274252,
  0.026098959079243072,
  0.022407623620191063,
  0.019029362990756016,
  0.01613410063995588,
  0.013599925793734114,
  0.011324825478656453,
  0.009334598563684814,
  0.007624254807681161,
  0.006523132773132938,
  0.005483247171043904,
  0.004582746077246136,
  0.0038437703036607023,
  0.0031630779530777615,
  0.0025529846738280284,
  0.002198024141900962,
  0.0019080591825006235,
  0.0016548922608991478,
  0.0013933842620182447,
  0.0012053284530640334,
  0.0010006280729615523,
  0.0008207873099293412
 ],
 "sigmas": [
  0.25,
  0.2756721902468024,
  0.3039806259018769,
  0.3351960197398572,
  0.3696168836947874,
  0.4075723835213587,
  0.449425486597771,
  0.49557643297256987,
  0.5464665628489841,
  0.6025825371088854,
  0.6644609912371261,
  0.7326936671515999,
  0.8079330720145728,
  0.8908987181403393,
  0.9823840036712642,
  1.0832637998219208,
  1.1945028172479306,
  1.3171648315468518,
  1.4524228561143249,
  1.6015703596382094,
  1.7660336355032968,
  1.9473854413948684,
  2.1473600395362378,
  2.36786978138966,
  2.611023395419619,
  2.879146152803877,
  3.1748021039363987,
  3.500818598369214,
  3.86031332267673,
  4.25672411480482,
  4.693841840018505,
  5.175846642839929,
  5.707347921652972,
  6.293428408250444,
  6.939692773855387,
  7.652321226434491,
  8.438128611853172,
  9.3046295840551,
  10.260110467486651,
  11.313708498984761
 ],
 "border_radii": [
  10,
  10,
  10,
  10,
  10,
  10,
  10,
  10,
  10,
  10,
  10,
  10,
  10,
  10,
  10,
  10,
  10,
  10,
  10,
  10,
  10,
  10,
  10,
  10,
  10,
  11,
  12,
  14,
  15,
  17,
  18,
  20,
  22,
  25,
  27,
  30,
  33,
  37,
  41,
  45
 ]
}