{
 "time": "181120_0130",
 "filename": "T-BN9211170.png",
 "alphas": [
  0.01265379292617538,
  0.01287126858152587,
  0.01314493109723524,
  0.013493187808542188,
  0.013905601490955205,
  0.014435818711282185,
  0.01509231246247756,
  0.015945008313142273,
  0.017087488230036356,
  0.01849028088864693,
  0.019713762258500432,
  0.020570970091823917,
  0.021744906989430567,
  0.023243648946382242,
  0.02540694289524547,
  0.028288167201274157,
  0.03228564303446348,
  0.03798577839487744,
  0.04589186456195042,
  0.05711181097038677,
  0.07380844949943827,
  0.09834625278024682,
  0.13535691495881014,
  0.14823738684911697,
  0.15785615159324962,
  0.17392775039744623,
  0.18671132878925953,
  0.19017716749492092,
  0.18222851145579927,
  0.1786186650795555,
  0.18191260926146904,
  0.18766282896342418,
  0.15898972723485472,
  0.1393839864467326,
  0.1272216465787926,
  0.12089672759599293,
  0.11926617524974649,
  0.12001026219685462,
  0.12153011446063207,
  0.12213008075251634
 ],
 "betas": [
  0.5,
  0.5,
  0.5,
  0.5,
  0.5,
  0.5,
  0.5,
  0.5,
  0.5,
  0.5,
  0.5,
  0.5,
  0.5,
  0.5,
  0.5,
  0.5,
  0.5,
  0.5,
  0.5,
  0.5,
  0.5,
  0.5,
  0.5,
  0.5,
  0.5,
  0.5,
  0.5,
  0.5,
  0.5,
  0.5,
  0.5,
  0.5,
  0.5,
  0.5,
  0.5,
  0.5,
  0.5,
  0.5,
  0.5,
  0.5
 ],
 "gammas": [
  0.125189075510799,
  0.12346366462812952,
  0.12140653124285646,
  0.11896407925601679,
  0.11607864985262324,
  0.1126904395424773,
  0.10874063211822711,
  0.10417606094041275,
  0.09895564632044297,
  0.09305864953985435,
  0.08649438804194434,
  0.07931242148392816,
  0.07161137216446843,
  0.06354366339807706,
  0.0553129527155651,
  0.04716152701160508,
  0.039347005482677826,
  0.03297708219587027,
  0.027962895663134868,
  0.02368652184747707,
  0.020109987296507988,
  0.017036386909937837,
  0.014348504660015344,
  0.012033239748172617,
  0.009898902359235575,
  0.008085843891402272,
  0.006695446721207725,
  0.005456656247113309,
  0.004417016678560187,
  0.003542122644375862,
  0.003053527889682771,
  0.0025911424962553283,
  0.0021611734597864383,
  0.0017734616567481442,
  0.0014703745551151416,
  0.0012399316752305695,
  0.001023184732165164,
  0.0008503711456903292,
  0.0007127492623211546,
  0.0005896904786831504
 ],
 "sigmas": [
  0.25,
  0.2756721902468024,
  0.3039806259018769,
  0.3351960197398572,
  0.3696168836947874,
  0.4075723835213587,
  0.449425486597771,
  0.49557643297256987,
  0.5464665628489841,
  0.6025825371088854,
  0.6644609912371261,
  0.7326936671515999,
  0.8079330720145728,
  0.8908987181403393,
  0.9823840036712642,
  1.0832637998219208,
  1.1945028172479306,
  1.3171648315468518,
  1.4524228561143249,
  1.6015703596382094,
  1.7660336355032968,
  1.9473854413948684,
  2.1473600395362378,
  2.36786978138966,
  2.611023395419619,
  2.879146152803877,
  3.1748021039363987,
  3.500818598369214,
  3.86031332267673,
  4.25672411480482,
  4.693841840018505,
  5.175846642839929,
  5.707347921652972,
  6.293428408250444,
  6.939692773855387,
  7.652321226434491,
  8.438128611853172,
  9.3046295840551,
  10.260110467486651,
  11.313708498984761
 ],
 "border_radii": [
  10,
  10,
  10,
  10,
  10,
  10,
  10,
  10,
  10,
  10,
  10,
  10,
  10,
  10,
  10,
  10,
  10,
  10,
  10,
  10,
  10,
  10,
  10,
  10,
  10,
  11,
  12,
  14,
  15,
  17,
  18,
  20,
  22,
  25,
  27,
  30,
  33,
  37,
  41,
  45
 ]
}