{
 "time": "181120_0127",
 "filename": "T-BN8549337.png",
 "alphas": [
  0.016215836077051654,
  0.016381489207893337,
  0.016635392583861198,
  0.016925188560953652,
  0.017300525066737363,
  0.017776636411476546,
  0.018393162308814482,
  0.019143439371933236,
  0.02012884591476484,
  0.02136298309628314,
  0.02306072178452654,
  0.025247947186006214,
  0.028222073308699924,
  0.032131918952851904,
  0.037550013969159704,
  0.04526283054179251,
  0.05621228913464111,
  0.07159287424588617,
  0.09415958277816706,
  0.1273386620558315,
  0.1756176604526167,
  0.24568499428514617,
  0.25076514971356356,
  0.2580083291511136,
  0.26529394195773126,
  0.27678470296486224,
  0.291283610384567,
  0.3067699751845199,
  0.3205215881660731,
  0.340243761471109,
  0.3609695241101404,
  0.3658659479824542,
  0.3572819096753078,
  0.3034252167344401,
  0.26348230238995096,
  0.23671083636414805,
  0.2186358995526102,
  0.20730976359262304,
  0.20394492983607865,
  0.20420933070389147
 ],
 "betas": [
  0.5,
  0.5,
  0.5,
  0.5,
  0.5,
  0.5,
  0.5,
  0.5,
  0.5,
  0.5,
  0.5,
  0.5,
  0.5,
  0.5,
  0.5,
  0.5,
  0.5,
  0.5,
  0.5,
  0.5,
  0.5,
  0.5,
  0.5,
  0.5,
  0.5,
  0.5,
  0.5,
  0.5,
  0.5,
  0.5,
  0.5,
  0.5,
  0.5,
  0.5,
  0.5,
  0.5,
  0.5,
  0.5,
  0.5,
  0.5
 ],
 "gammas": [
  0.13380051867998222,
  0.1319220818545235,
  0.12968612595600154,
  0.12703645780707934,
  0.12391333206165529,
  0.12025575808199661,
  0.1160050992164318,
  0.11111023095922751,
  0.10553439895390751,
  0.09926364719514535,
  0.09231622927228923,
  0.08499529092085667,
  0.07839615650810967,
  0.07136906367082368,
  0.06404877476707899,
  0.05691078899644466,
  0.05030865467995621,
  0.04419578502172544,
  0.03815527709676063,
  0.03237276770991046,
  0.02700399009444732,
  0.02227954311730077,
  0.01866823954777257,
  0.01556698310978664,
  0.012756279728558952,
  0.010383431082352599,
  0.008307760421096645,
  0.006553553489537321,
  0.005207764213905855,
  0.004279162296893719,
  0.0035703905372948598,
  0.0029612962799416475,
  0.002683759332773635,
  0.0023740364996138507,
  0.0020452467502714805,
  0.0017271211137592389,
  0.0014304227748776466,
  0.0011654903690728493,
  0.0009310650648166394,
  0.0007374345222174815
 ],
 "sigmas": [
  0.25,
  0.2756721902468024,
  0.3039806259018769,
  0.3351960197398572,
  0.3696168836947874,
  0.4075723835213587,
  0.449425486597771,
  0.49557643297256987,
  0.5464665628489841,
  0.6025825371088854,
  0.6644609912371261,
  0.7326936671515999,
  0.8079330720145728,
  0.8908987181403393,
  0.9823840036712642,
  1.0832637998219208,
  1.1945028172479306,
  1.3171648315468518,
  1.4524228561143249,
  1.6015703596382094,
  1.7660336355032968,
  1.9473854413948684,
  2.1473600395362378,
  2.36786978138966,
  2.611023395419619,
  2.879146152803877,
  3.1748021039363987,
  3.500818598369214,
  3.86031332267673,
  4.25672411480482,
  4.693841840018505,
  5.175846642839929,
  5.707347921652972,
  6.293428408250444,
  6.939692773855387,
  7.652321226434491,
  8.438128611853172,
  9.3046295840551,
  10.260110467486651,
  11.313708498984761
 ],
 "border_radii": [
  10,
  10,
  10,
  10,
  10,
  10,
  10,
  10,
  10,
  10,
  10,
  10,
  10,
  10,
  10,
  10,
  10,
  10,
  10,
  10,
  10,
  10,
  10,
  10,
  10,
  11,
  12,
  14,
  15,
  17,
  18,
  20,
  22,
  25,
  27,
  30,
  33,
  37,
  41,
  45
 ]
}