{
 "time": "181120_0126",
 "filename": "T-BN8333878.png",
 "alphas": [
  0.06651946802784378,
  0.06745733937318868,
  0.06854258816264346,
  0.06985415289318106,
  0.0715105288751651,
  0.07361043089459281,
  0.07620907543798668,
  0.07952802360876043,
  0.08338029249817396,
  0.08853640415308546,
  0.09508225495344616,
  0.10314039407949457,
  0.11361970351778528,
  0.12743509119839297,
  0.14206535220596567,
  0.15833264097188332,
  0.17969885894807,
  0.19961398357845123,
  0.21389341127638162,
  0.2294268212976054,
  0.24236637655286197,
  0.2485719136482643,
  0.256041314707486,
  0.26767633768795784,
  0.2823056422779176,
  0.30108395076066274,
  0.31933017432264277,
  0.33318607944145756,
  0.3075947870948556,
  0.28361227259693,
  0.2635728921412592,
  0.2453948335699187,
  0.222407865492341,
  0.19641563869977144,
  0.17691186902554,
  0.16341235065203485,
  0.15580319902006035,
  0.15326147533832854,
  0.15453311277216503,
  0.1524391100906456
 ],
 "betas": [
  0.5,
  0.5,
  0.5,
  0.5,
  0.5,
  0.5,
  0.5,
  0.5,
  0.5,
  0.5,
  0.5,
  0.5,
  0.5,
  0.5,
  0.5,
  0.5,
  0.5,
  0.5,
  0.5,
  0.5,
  0.5,
  0.5,
  0.5,
  0.5,
  0.5,
  0.5,
  0.5,
  0.5,
  0.5,
  0.5,
  0.5,
  0.5,
  0.5,
  0.5,
  0.5,
  0.5,
  0.5,
  0.5,
  0.5,
  0.5
 ],
 "gammas": [
  0.22953385455675382,
  0.22630360792651552,
  0.22245206538387666,
  0.21787883244041642,
  0.21247597075888508,
  0.20613167047064446,
  0.19873624950155883,
  0.1901910898738933,
  0.18042097813529134,
  0.16938991149979857,
  0.15711963907347334,
  0.14370894545523624,
  0.12935001893442363,
  0.11433655612067893,
  0.09905736921234548,
  0.08397040357596419,
  0.06955633155030885,
  0.0562581303220334,
  0.044420792391545366,
  0.03424891585576,
  0.02579532633392994,
  0.018981801072887782,
  0.016556744724645377,
  0.01428196869959446,
  0.01223153879058318,
  0.010328356010901315,
  0.00858371773879261,
  0.007056118598622145,
  0.005753058459441017,
  0.004609441658298753,
  0.0036427931847229193,
  0.0029319272345207817,
  0.0023998154664175665,
  0.0021271579687554523,
  0.0018323696558733941,
  0.0015406411935571388,
  0.0012803970535344145,
  0.0010494784645509706,
  0.0008504796882153824,
  0.0006853347026865226
 ],
 "sigmas": [
  0.25,
  0.2756721902468024,
  0.3039806259018769,
  0.3351960197398572,
  0.3696168836947874,
  0.4075723835213587,
  0.449425486597771,
  0.49557643297256987,
  0.5464665628489841,
  0.6025825371088854,
  0.6644609912371261,
  0.7326936671515999,
  0.8079330720145728,
  0.8908987181403393,
  0.9823840036712642,
  1.0832637998219208,
  1.1945028172479306,
  1.3171648315468518,
  1.4524228561143249,
  1.6015703596382094,
  1.7660336355032968,
  1.9473854413948684,
  2.1473600395362378,
  2.36786978138966,
  2.611023395419619,
  2.879146152803877,
  3.1748021039363987,
  3.500818598369214,
  3.86031332267673,
  4.25672411480482,
  4.693841840018505,
  5.175846642839929,
  5.707347921652972,
  6.293428408250444,
  6.939692773855387,
  7.652321226434491,
  8.438128611853172,
  9.3046295840551,
  10.260110467486651,
  11.313708498984761
 ],
 "border_radii": [
  10,
  10,
  10,
  10,
  10,
  10,
  10,
  10,
  10,
  10,
  10,
  10,
  10,
  10,
  10,
  10,
  10,
  10,
  10,
  10,
  10,
  10,
  10,
  10,
  10,
  11,
  12,
  14,
  15,
  17,
  18,
  20,
  22,
  25,
  27,
  30,
  33,
  37,
  41,
  45
 ]
}