{
 "time": "181120_0114",
 "filename": "T-BN4130351.png",
 "alphas": [
  0.016459397444433803,
  0.01673229989186291,
  0.0170709689561801,
  0.017500806322409607,
  0.018043761588342686,
  0.018730513838877,
  0.01961978050919301,
  0.020741331687878235,
  0.02212559129808526,
  0.024049419636612994,
  0.0264637336930359,
  0.029883500928595704,
  0.0345066636852884,
  0.04086444178996834,
  0.04981871065908957,
  0.06278605951927511,
  0.08174639277592644,
  0.10942571467012134,
  0.13640572564089157,
  0.16047968497971757,
  0.187703690565379,
  0.21530024473640771,
  0.2504177284322888,
  0.28924845176332553,
  0.29713400989430966,
  0.3080073297146615,
  0.32027207847063116,
  0.32785890803717055,
  0.32253180234739476,
  0.3109913764050368,
  0.2229797910087926,
  0.16352022479862346,
  0.125408290829233,
  0.1005580142264579,
  0.08350320737268656,
  0.07265480959004161,
  0.06714413937313231,
  0.06321281751838861,
  0.05980073768194829,
  0.058206665586544325
 ],
 "betas": [
  0.5,
  0.5,
  0.5,
  0.5,
  0.5,
  0.5,
  0.5,
  0.5,
  0.5,
  0.5,
  0.5,
  0.5,
  0.5,
  0.5,
  0.5,
  0.5,
  0.5,
  0.5,
  0.5,
  0.5,
  0.5,
  0.5,
  0.5,
  0.5,
  0.5,
  0.5,
  0.5,
  0.5,
  0.5,
  0.5,
  0.5,
  0.5,
  0.5,
  0.5,
  0.5,
  0.5,
  0.5,
  0.5,
  0.5,
  0.5
 ],
 "gammas": [
  0.08106362895972462,
  0.08017607840969977,
  0.07911508254271553,
  0.07785132331590679,
  0.07635260950649873,
  0.07458459159351126,
  0.07251204622041973,
  0.07010090718315914,
  0.06732120381943472,
  0.0641509926371728,
  0.06058120017690375,
  0.056621005290184316,
  0.052302977908461626,
  0.04768673002689468,
  0.042859506153559726,
  0.037932239848998114,
  0.03303042784146114,
  0.02872367233416026,
  0.024793681850498572,
  0.02109073002215845,
  0.017695179684392385,
  0.014656817130026221,
  0.01199324486365453,
  0.010217689402445673,
  0.008695982126099892,
  0.0072312048156156165,
  0.006064331213935919,
  0.005157754058103682,
  0.004449539026514215,
  0.003801517953251458,
  0.0032279890662240936,
  0.0029622258849512223,
  0.00260411269606223,
  0.0022037350830881796,
  0.001944213509203498,
  0.0016904588509771387,
  0.0014321393405507831,
  0.0011874302601950924,
  0.0009607226738654315,
  0.0007742083128787682
 ],
 "sigmas": [
  0.25,
  0.2756721902468024,
  0.3039806259018769,
  0.3351960197398572,
  0.3696168836947874,
  0.4075723835213587,
  0.449425486597771,
  0.49557643297256987,
  0.5464665628489841,
  0.6025825371088854,
  0.6644609912371261,
  0.7326936671515999,
  0.8079330720145728,
  0.8908987181403393,
  0.9823840036712642,
  1.0832637998219208,
  1.1945028172479306,
  1.3171648315468518,
  1.4524228561143249,
  1.6015703596382094,
  1.7660336355032968,
  1.9473854413948684,
  2.1473600395362378,
  2.36786978138966,
  2.611023395419619,
  2.879146152803877,
  3.1748021039363987,
  3.500818598369214,
  3.86031332267673,
  4.25672411480482,
  4.693841840018505,
  5.175846642839929,
  5.707347921652972,
  6.293428408250444,
  6.939692773855387,
  7.652321226434491,
  8.438128611853172,
  9.3046295840551,
  10.260110467486651,
  11.313708498984761
 ],
 "border_radii": [
  10,
  10,
  10,
  10,
  10,
  10,
  10,
  10,
  10,
  10,
  10,
  10,
  10,
  10,
  10,
  10,
  10,
  10,
  10,
  10,
  10,
  10,
  10,
  10,
  10,
  11,
  12,
  14,
  15,
  17,
  18,
  20,
  22,
  25,
  27,
  30,
  33,
  37,
  41,
  45
 ]
}