{
 "time": "181120_0055",
 "filename": "T-BN8333878.png",
 "alphas": [
  0.06651004807996014,
  0.06745473856469592,
  0.06850931532665205,
  0.06984155295977772,
  0.0715052955804188,
  0.07360547083855365,
  0.07619910921896733,
  0.07950159880503115,
  0.08337706351753493,
  0.08852729153740906,
  0.09506496173679319,
  0.103112622322515,
  0.11360077624034179,
  0.1274086548343677,
  0.14202037816209803,
  0.15832825033525202,
  0.17968674844564017,
  0.19959917942099092,
  0.21389460681391506,
  0.22943185004926242,
  0.24236806173669628,
  0.24857464524241732,
  0.2560477191865009,
  0.26767894491352284,
  0.28231781323562904,
  0.3010876035731402,
  0.3193365992671666,
  0.3331866369646247,
  0.30760441063910465,
  0.28361643710615114,
  0.26359588379110505,
  0.2453962464329006,
  0.22238625883148452,
  0.19642753296821958,
  0.17691034919656062,
  0.16340665148320083,
  0.15580097453034092,
  0.15325106816730602,
  0.15450526105870382,
  0.15242808723997564
 ],
 "betas": [
  0.5,
  0.5,
  0.5,
  0.5,
  0.5,
  0.5,
  0.5,
  0.5,
  0.5,
  0.5,
  0.5,
  0.5,
  0.5,
  0.5,
  0.5,
  0.5,
  0.5,
  0.5,
  0.5,
  0.5,
  0.5,
  0.5,
  0.5,
  0.5,
  0.5,
  0.5,
  0.5,
  0.5,
  0.5,
  0.5,
  0.5,
  0.5,
  0.5,
  0.5,
  0.5,
  0.5,
  0.5,
  0.5,
  0.5,
  0.5
 ],
 "gammas": [
  0.118746132246417,
  0.11685820103144597,
  0.11461781119077402,
  0.11197265727266552,
  0.10886863388414,
  0.10525268201132323,
  0.10107696469140635,
  0.09630454225040677,
  0.09091651619845832,
  0.08498873240135829,
  0.07931485589422366,
  0.07336388632907061,
  0.0679184459950368,
  0.062087376567858385,
  0.05597427894780672,
  0.04971290907476706,
  0.04345788668339295,
  0.0373703619412767,
  0.0316012086597029,
  0.026429157249050733,
  0.02219662835810117,
  0.018846743221204113,
  0.016556744724584495,
  0.014281968698909561,
  0.01223153877918534,
  0.010328355928737131,
  0.00858371706157384,
  0.00705611859862212,
  0.005753058459441008,
  0.004609441658298798,
  0.003642793184722974,
  0.0029319272345207643,
  0.0023942156576083487,
  0.0020585152707576788,
  0.0017711623838218384,
  0.0014850860846201434,
  0.0012626771350826224,
  0.0010588310012938226,
  0.0008588795244288966,
  0.0006913608510064848
 ],
 "sigmas": [
  0.25,
  0.2756721902468024,
  0.3039806259018769,
  0.3351960197398572,
  0.3696168836947874,
  0.4075723835213587,
  0.449425486597771,
  0.49557643297256987,
  0.5464665628489841,
  0.6025825371088854,
  0.6644609912371261,
  0.7326936671515999,
  0.8079330720145728,
  0.8908987181403393,
  0.9823840036712642,
  1.0832637998219208,
  1.1945028172479306,
  1.3171648315468518,
  1.4524228561143249,
  1.6015703596382094,
  1.7660336355032968,
  1.9473854413948684,
  2.1473600395362378,
  2.36786978138966,
  2.611023395419619,
  2.879146152803877,
  3.1748021039363987,
  3.500818598369214,
  3.86031332267673,
  4.25672411480482,
  4.693841840018505,
  5.175846642839929,
  5.707347921652972,
  6.293428408250444,
  6.939692773855387,
  7.652321226434491,
  8.438128611853172,
  9.3046295840551,
  10.260110467486651,
  11.313708498984761
 ],
 "border_radii": [
  10,
  10,
  10,
  10,
  10,
  10,
  10,
  10,
  10,
  10,
  10,
  10,
  10,
  10,
  10,
  10,
  10,
  10,
  10,
  10,
  10,
  10,
  10,
  10,
  10,
  11,
  12,
  14,
  15,
  17,
  18,
  20,
  22,
  25,
  27,
  30,
  33,
  37,
  41,
  45
 ]
}