{
 "time": "181120_0036",
 "filename": "T-BN1650687.png",
 "alphas": [
  0.0492072605920718,
  0.04962148143004124,
  0.05015009197684269,
  0.05075615910853218,
  0.05160824429537204,
  0.052663076313296836,
  0.05388185958693141,
  0.05567875607246498,
  0.05777482515595034,
  0.06044809912435458,
  0.06413618135982135,
  0.0687517739033954,
  0.07507073507615383,
  0.08318089345941412,
  0.09377754469320644,
  0.10817818406975896,
  0.12131256713398614,
  0.12355035443282586,
  0.12881711261885304,
  0.13879225206888676,
  0.15211393464315676,
  0.1675490907259276,
  0.1884948839611864,
  0.2178785129082728,
  0.2569814716083488,
  0.26215656533056675,
  0.26938348699456394,
  0.28224959316465204,
  0.282022929722341,
  0.2289888094413042,
  0.19093305800710408,
  0.16297533403548767,
  0.14492364502373403,
  0.1346864775152281,
  0.13047644843308667,
  0.12197609167942017,
  0.10542743612887026,
  0.09259411997996134,
  0.08329296075305909,
  0.0759891928953838
 ],
 "betas": [
  0.5,
  0.5,
  0.5,
  0.5,
  0.5,
  0.5,
  0.5,
  0.5,
  0.5,
  0.5,
  0.5,
  0.5,
  0.5,
  0.5,
  0.5,
  0.5,
  0.5,
  0.5,
  0.5,
  0.5,
  0.5,
  0.5,
  0.5,
  0.5,
  0.5,
  0.5,
  0.5,
  0.5,
  0.5,
  0.5,
  0.5,
  0.5,
  0.5,
  0.5,
  0.5,
  0.5,
  0.5,
  0.5,
  0.5,
  0.5
 ],
 "gammas": [
  0.08753987749914277,
  0.08569603843497192,
  0.08352022068636412,
  0.08096871425733784,
  0.0779991249426409,
  0.07457403005918606,
  0.07066595193916034,
  0.06626363517186432,
  0.061379295649479415,
  0.05605602256601097,
  0.05037389497180262,
  0.04445277074552554,
  0.03844941873945049,
  0.032547116101927495,
  0.029122896433520166,
  0.026358369420120417,
  0.023596212707094763,
  0.02089073936351391,
  0.018289674163805197,
  0.015830884935437068,
  0.014287684227443247,
  0.012662956997869358,
  0.011101445259939217,
  0.009774397773321852,
  0.008444557068451337,
  0.0072938119050794635,
  0.006208590744529972,
  0.00520137171158534,
  0.0042623126287701,
  0.0035637779631100736,
  0.003077008672769031,
  0.002640660412254126,
  0.0022733301564371233,
  0.001964570680565512,
  0.0016892764109358875,
  0.0014383607661131387,
  0.0012005776280480556,
  0.000987590060828481,
  0.0008112460388633446,
  0.0006584540969697452
 ],
 "sigmas": [
  0.25,
  0.2756721902468024,
  0.3039806259018769,
  0.3351960197398572,
  0.3696168836947874,
  0.4075723835213587,
  0.449425486597771,
  0.49557643297256987,
  0.5464665628489841,
  0.6025825371088854,
  0.6644609912371261,
  0.7326936671515999,
  0.8079330720145728,
  0.8908987181403393,
  0.9823840036712642,
  1.0832637998219208,
  1.1945028172479306,
  1.3171648315468518,
  1.4524228561143249,
  1.6015703596382094,
  1.7660336355032968,
  1.9473854413948684,
  2.1473600395362378,
  2.36786978138966,
  2.611023395419619,
  2.879146152803877,
  3.1748021039363987,
  3.500818598369214,
  3.86031332267673,
  4.25672411480482,
  4.693841840018505,
  5.175846642839929,
  5.707347921652972,
  6.293428408250444,
  6.939692773855387,
  7.652321226434491,
  8.438128611853172,
  9.3046295840551,
  10.260110467486651,
  11.313708498984761
 ],
 "border_radii": [
  10,
  10,
  10,
  10,
  10,
  10,
  10,
  10,
  10,
  10,
  10,
  10,
  10,
  10,
  10,
  10,
  10,
  10,
  10,
  10,
  10,
  10,
  10,
  10,
  10,
  11,
  12,
  14,
  15,
  17,
  18,
  20,
  22,
  25,
  27,
  30,
  33,
  37,
  41,
  45
 ]
}