{
 "time": "181120_0108",
 "filename": "T-BN0651415.png",
 "alphas": [
  0.04562381789112693,
  0.046745600741827945,
  0.04808199657123269,
  0.049392577994532394,
  0.050963306843617495,
  0.05301488565562429,
  0.05553571074675499,
  0.05889176157791834,
  0.06314652202943895,
  0.06845884071635681,
  0.07591097360672086,
  0.08070561274069724,
  0.08357872101479846,
  0.08724824364883771,
  0.09216406840998234,
  0.09931118172291192,
  0.10931719998223166,
  0.12239514871807855,
  0.13958761026453204,
  0.16120663482228265,
  0.18799640765053285,
  0.22044415010349172,
  0.25618635714683446,
  0.27763093442046827,
  0.2843480404187958,
  0.28656698403471204,
  0.29332314648663044,
  0.30678691347137604,
  0.32328580531571655,
  0.32150260842459094,
  0.24657478826209706,
  0.194855028534497,
  0.15523168233718565,
  0.1303919672189009,
  0.11518415866879023,
  0.10834337133341934,
  0.10595154572996104,
  0.10585971608996145,
  0.10702804885872413,
  0.11034205418009514
 ],
 "betas": [
  0.5,
  0.5,
  0.5,
  0.5,
  0.5,
  0.5,
  0.5,
  0.5,
  0.5,
  0.5,
  0.5,
  0.5,
  0.5,
  0.5,
  0.5,
  0.5,
  0.5,
  0.5,
  0.5,
  0.5,
  0.5,
  0.5,
  0.5,
  0.5,
  0.5,
  0.5,
  0.5,
  0.5,
  0.5,
  0.5,
  0.5,
  0.5,
  0.5,
  0.5,
  0.5,
  0.5,
  0.5,
  0.5,
  0.5,
  0.5
 ],
 "gammas": [
  0.090693294667076,
  0.08949990106273248,
  0.0880784379919825,
  0.08639260321245193,
  0.0844035504465461,
  0.08207124238049306,
  0.07935659302239957,
  0.07622456859616641,
  0.07264834464472031,
  0.06861446017190312,
  0.06412864331290366,
  0.05922160825172087,
  0.05395369592272614,
  0.04841689113198815,
  0.04273271929396371,
  0.037821491725856554,
  0.03448374275810941,
  0.03119091065413568,
  0.027858959827592636,
  0.02478550013759925,
  0.021740161504021124,
  0.018786144576736018,
  0.01629335597742519,
  0.014148182630970216,
  0.01198396459767171,
  0.009903929431762222,
  0.00798449908666823,
  0.006274778782021008,
  0.004811067662907859,
  0.0038577586781183277,
  0.003467716817124886,
  0.003176113024482892,
  0.002820310029345574,
  0.002441941705048985,
  0.0020720527096627995,
  0.001731156890207845,
  0.0014346474851598318,
  0.0011827591733630078,
  0.0009697651867313757,
  0.0007875401615526046
 ],
 "sigmas": [
  0.25,
  0.2756721902468024,
  0.3039806259018769,
  0.3351960197398572,
  0.3696168836947874,
  0.4075723835213587,
  0.449425486597771,
  0.49557643297256987,
  0.5464665628489841,
  0.6025825371088854,
  0.6644609912371261,
  0.7326936671515999,
  0.8079330720145728,
  0.8908987181403393,
  0.9823840036712642,
  1.0832637998219208,
  1.1945028172479306,
  1.3171648315468518,
  1.4524228561143249,
  1.6015703596382094,
  1.7660336355032968,
  1.9473854413948684,
  2.1473600395362378,
  2.36786978138966,
  2.611023395419619,
  2.879146152803877,
  3.1748021039363987,
  3.500818598369214,
  3.86031332267673,
  4.25672411480482,
  4.693841840018505,
  5.175846642839929,
  5.707347921652972,
  6.293428408250444,
  6.939692773855387,
  7.652321226434491,
  8.438128611853172,
  9.3046295840551,
  10.260110467486651,
  11.313708498984761
 ],
 "border_radii": [
  10,
  10,
  10,
  10,
  10,
  10,
  10,
  10,
  10,
  10,
  10,
  10,
  10,
  10,
  10,
  10,
  10,
  10,
  10,
  10,
  10,
  10,
  10,
  10,
  10,
  11,
  12,
  14,
  15,
  17,
  18,
  20,
  22,
  25,
  27,
  30,
  33,
  37,
  41,
  45
 ]
}