{
 "time": "181120_0129",
 "filename": "T-BN8914395.png",
 "alphas": [
  0.06472355481690226,
  0.06569910818655422,
  0.06694578219616823,
  0.06829563550948749,
  0.07001649557926108,
  0.07212167958004717,
  0.07479732832117134,
  0.07795716648536147,
  0.08199080692500968,
  0.08707882349625917,
  0.09364889220545061,
  0.10186885469544585,
  0.11249639971559898,
  0.12565274055211278,
  0.13742169380080835,
  0.15144707596711754,
  0.16686885061890724,
  0.17327134720297016,
  0.1837775115180842,
  0.19897827357090447,
  0.2124443730319006,
  0.22070806494107167,
  0.22544671170097325,
  0.2333682473198467,
  0.24368580418194313,
  0.25534943588538583,
  0.2675378805260524,
  0.280640785736306,
  0.2838383908124772,
  0.26703940985503993,
  0.20832501570402007,
  0.17218118998508714,
  0.14963176972527084,
  0.1369279346002196,
  0.1258699573456707,
  0.11440842962427408,
  0.10224927430250273,
  0.09240442603463525,
  0.08433241655042989,
  0.07878686957568365
 ],
 "betas": [
  0.5,
  0.5,
  0.5,
  0.5,
  0.5,
  0.5,
  0.5,
  0.5,
  0.5,
  0.5,
  0.5,
  0.5,
  0.5,
  0.5,
  0.5,
  0.5,
  0.5,
  0.5,
  0.5,
  0.5,
  0.5,
  0.5,
  0.5,
  0.5,
  0.5,
  0.5,
  0.5,
  0.5,
  0.5,
  0.5,
  0.5,
  0.5,
  0.5,
  0.5,
  0.5,
  0.5,
  0.5,
  0.5,
  0.5,
  0.5
 ],
 "gammas": [
  0.21995370009530063,
  0.21580828658394122,
  0.21090184964011818,
  0.20512735982855557,
  0.1983771542038889,
  0.19055018494068596,
  0.18156226356338634,
  0.1713595171968066,
  0.15993471533366493,
  0.14734519837209423,
  0.13600880109825428,
  0.1259568109842943,
  0.11503866646915284,
  0.10342189476675474,
  0.09134876099196847,
  0.07912748153785484,
  0.06710960011801319,
  0.055654705102332454,
  0.04508842730778426,
  0.03566336921906056,
  0.027532813142518976,
  0.020743155159262422,
  0.015245101870652176,
  0.012594493712679998,
  0.010515354077364524,
  0.008594688362504245,
  0.007062394508085939,
  0.005918695045921345,
  0.005074853633860547,
  0.004275773685604478,
  0.003509470276180674,
  0.002832332145149124,
  0.0025450333597436467,
  0.002220314556940366,
  0.0018873490761832541,
  0.001569752038945698,
  0.0012832023746583991,
  0.00103531686979396,
  0.0008289713307451113,
  0.0006633155227643602
 ],
 "sigmas": [
  0.25,
  0.2756721902468024,
  0.3039806259018769,
  0.3351960197398572,
  0.3696168836947874,
  0.4075723835213587,
  0.449425486597771,
  0.49557643297256987,
  0.5464665628489841,
  0.6025825371088854,
  0.6644609912371261,
  0.7326936671515999,
  0.8079330720145728,
  0.8908987181403393,
  0.9823840036712642,
  1.0832637998219208,
  1.1945028172479306,
  1.3171648315468518,
  1.4524228561143249,
  1.6015703596382094,
  1.7660336355032968,
  1.9473854413948684,
  2.1473600395362378,
  2.36786978138966,
  2.611023395419619,
  2.879146152803877,
  3.1748021039363987,
  3.500818598369214,
  3.86031332267673,
  4.25672411480482,
  4.693841840018505,
  5.175846642839929,
  5.707347921652972,
  6.293428408250444,
  6.939692773855387,
  7.652321226434491,
  8.438128611853172,
  9.3046295840551,
  10.260110467486651,
  11.313708498984761
 ],
 "border_radii": [
  10,
  10,
  10,
  10,
  10,
  10,
  10,
  10,
  10,
  10,
  10,
  10,
  10,
  10,
  10,
  10,
  10,
  10,
  10,
  10,
  10,
  10,
  10,
  10,
  10,
  11,
  12,
  14,
  15,
  17,
  18,
  20,
  22,
  25,
  27,
  30,
  33,
  37,
  41,
  45
 ]
}