{
 "time": "181120_0122",
 "filename": "T-BN7646343.png",
 "alphas": [
  0.026099820460811468,
  0.026355316402726894,
  0.02670172223929013,
  0.027131645203322105,
  0.02756332143716715,
  0.028153954559264775,
  0.028396561146979367,
  0.028239840455443924,
  0.028128003624789982,
  0.028111856669268537,
  0.028276052986408617,
  0.028620343990382394,
  0.02916831570492498,
  0.030190897859160737,
  0.02995825761004888,
  0.029923958233690873,
  0.03049488127302768,
  0.03203999620777339,
  0.034931920562395365,
  0.03955295202394657,
  0.04665486971527501,
  0.0573675815567254,
  0.07263143763093986,
  0.09452098801608044,
  0.12468323365398015,
  0.16481173371291583,
  0.1753084264857419,
  0.18284131635431755,
  0.1884531166133905,
  0.19169164424039772,
  0.1863045391775961,
  0.17962998471672342,
  0.17392536480291937,
  0.14144458763235088,
  0.1162736885833219,
  0.09879534597792808,
  0.08755962819856555,
  0.08090120396059236,
  0.07942448438583573,
  0.08019896657661625
 ],
 "betas": [
  0.5,
  0.5,
  0.5,
  0.5,
  0.5,
  0.5,
  0.5,
  0.5,
  0.5,
  0.5,
  0.5,
  0.5,
  0.5,
  0.5,
  0.5,
  0.5,
  0.5,
  0.5,
  0.5,
  0.5,
  0.5,
  0.5,
  0.5,
  0.5,
  0.5,
  0.5,
  0.5,
  0.5,
  0.5,
  0.5,
  0.5,
  0.5,
  0.5,
  0.5,
  0.5,
  0.5,
  0.5,
  0.5,
  0.5,
  0.5
 ],
 "gammas": [
  0.1716302600234353,
  0.16886692211936363,
  0.1655905902972985,
  0.16172640213145356,
  0.15719752667436254,
  0.1519294868429636,
  0.145856400561702,
  0.13892933500441343,
  0.13112664729386364,
  0.12246563356918594,
  0.11301402068874053,
  0.10289891741290667,
  0.09231008136079813,
  0.08149423936198548,
  0.07073828506023559,
  0.06034178283323866,
  0.050582934299247304,
  0.04168562276252044,
  0.033796314406183234,
  0.026976987349045713,
  0.022407516517850314,
  0.01902903621179492,
  0.0161326605200004,
  0.013596609893290456,
  0.011317913754071793,
  0.009310443273613401,
  0.007585962775273191,
  0.006523132773133007,
  0.0054832471710439985,
  0.004582746077246169,
  0.0038437703036607093,
  0.00320336434895462,
  0.00288496654771709,
  0.0025215592049661014,
  0.002151098312970903,
  0.001799461811692633,
  0.0015239973687716194,
  0.0012838848652293139,
  0.0010553053732988865,
  0.0008650154153771181
 ],
 "sigmas": [
  0.25,
  0.2756721902468024,
  0.3039806259018769,
  0.3351960197398572,
  0.3696168836947874,
  0.4075723835213587,
  0.449425486597771,
  0.49557643297256987,
  0.5464665628489841,
  0.6025825371088854,
  0.6644609912371261,
  0.7326936671515999,
  0.8079330720145728,
  0.8908987181403393,
  0.9823840036712642,
  1.0832637998219208,
  1.1945028172479306,
  1.3171648315468518,
  1.4524228561143249,
  1.6015703596382094,
  1.7660336355032968,
  1.9473854413948684,
  2.1473600395362378,
  2.36786978138966,
  2.611023395419619,
  2.879146152803877,
  3.1748021039363987,
  3.500818598369214,
  3.86031332267673,
  4.25672411480482,
  4.693841840018505,
  5.175846642839929,
  5.707347921652972,
  6.293428408250444,
  6.939692773855387,
  7.652321226434491,
  8.438128611853172,
  9.3046295840551,
  10.260110467486651,
  11.313708498984761
 ],
 "border_radii": [
  10,
  10,
  10,
  10,
  10,
  10,
  10,
  10,
  10,
  10,
  10,
  10,
  10,
  10,
  10,
  10,
  10,
  10,
  10,
  10,
  10,
  10,
  10,
  10,
  10,
  11,
  12,
  14,
  15,
  17,
  18,
  20,
  22,
  25,
  27,
  30,
  33,
  37,
  41,
  45
 ]
}