{
 "time": "181120_0116",
 "filename": "T-BN4569506.png",
 "alphas": [
  0.07172171428802662,
  0.07256281989827651,
  0.07350824016602057,
  0.07480414306648808,
  0.07648817194988121,
  0.07846159768948416,
  0.08084177512708232,
  0.08379102576849598,
  0.08759638110977384,
  0.09229222208899647,
  0.09824746265263873,
  0.10253588564182789,
  0.10718970584679824,
  0.11322319650968714,
  0.12119693041082588,
  0.12747843691024302,
  0.13581719698530292,
  0.146477348355884,
  0.15680069052884418,
  0.17263646563941162,
  0.1865493767590426,
  0.20536384587491846,
  0.2244313861625281,
  0.24846433090480805,
  0.27887015085602473,
  0.29302341629537915,
  0.29423254025698975,
  0.2974693021007131,
  0.3013050450684157,
  0.2972083417133182,
  0.2904848932327933,
  0.23748163190032825,
  0.20236201121678,
  0.18002880033939145,
  0.1660594282834143,
  0.15765805318467818,
  0.1553814623605838,
  0.1543509952029631,
  0.14733140163655895,
  0.14226999006752544
 ],
 "betas": [
  0.5,
  0.5,
  0.5,
  0.5,
  0.5,
  0.5,
  0.5,
  0.5,
  0.5,
  0.5,
  0.5,
  0.5,
  0.5,
  0.5,
  0.5,
  0.5,
  0.5,
  0.5,
  0.5,
  0.5,
  0.5,
  0.5,
  0.5,
  0.5,
  0.5,
  0.5,
  0.5,
  0.5,
  0.5,
  0.5,
  0.5,
  0.5,
  0.5,
  0.5,
  0.5,
  0.5,
  0.5,
  0.5,
  0.5,
  0.5
 ],
 "gammas": [
  0.2565032586173039,
  0.25267906657771666,
  0.24812928730884068,
  0.24274113807872572,
  0.23639550821828595,
  0.22897210539205326,
  0.22035742347836093,
  0.21045612250500736,
  0.19920613238930837,
  0.18659717292998138,
  0.1726913058755135,
  0.1576425719936604,
  0.14171091144154968,
  0.12526400051479594,
  0.10876040934703812,
  0.09270990019483417,
  0.07761263372301483,
  0.06388793687086967,
  0.05181207205358121,
  0.04148755441777022,
  0.032857929346816764,
  0.025761135742735544,
  0.019993889238088074,
  0.015692973804381897,
  0.012845480716135131,
  0.010945617485354697,
  0.009120385079651655,
  0.007439428943826148,
  0.006058078264655359,
  0.005107843575584147,
  0.004236155653485236,
  0.00354703253598125,
  0.0030963391611612116,
  0.0028237809445996374,
  0.002505807845082078,
  0.002170617291758869,
  0.00184271258436896,
  0.0015433216721763632,
  0.0012754865363564648,
  0.001038483330003926
 ],
 "sigmas": [
  0.25,
  0.2756721902468024,
  0.3039806259018769,
  0.3351960197398572,
  0.3696168836947874,
  0.4075723835213587,
  0.449425486597771,
  0.49557643297256987,
  0.5464665628489841,
  0.6025825371088854,
  0.6644609912371261,
  0.7326936671515999,
  0.8079330720145728,
  0.8908987181403393,
  0.9823840036712642,
  1.0832637998219208,
  1.1945028172479306,
  1.3171648315468518,
  1.4524228561143249,
  1.6015703596382094,
  1.7660336355032968,
  1.9473854413948684,
  2.1473600395362378,
  2.36786978138966,
  2.611023395419619,
  2.879146152803877,
  3.1748021039363987,
  3.500818598369214,
  3.86031332267673,
  4.25672411480482,
  4.693841840018505,
  5.175846642839929,
  5.707347921652972,
  6.293428408250444,
  6.939692773855387,
  7.652321226434491,
  8.438128611853172,
  9.3046295840551,
  10.260110467486651,
  11.313708498984761
 ],
 "border_radii": [
  10,
  10,
  10,
  10,
  10,
  10,
  10,
  10,
  10,
  10,
  10,
  10,
  10,
  10,
  10,
  10,
  10,
  10,
  10,
  10,
  10,
  10,
  10,
  10,
  10,
  11,
  12,
  14,
  15,
  17,
  18,
  20,
  22,
  25,
  27,
  30,
  33,
  37,
  41,
  45
 ]
}