{
 "time": "181120_0052",
 "filename": "T-BN7726580.png",
 "alphas": [
  0.06935570108210039,
  0.06996347302825132,
  0.0708343221134077,
  0.07170796633583149,
  0.07293551909564205,
  0.07440087815711181,
  0.07643205711824372,
  0.0787242028932962,
  0.0816303187504492,
  0.08540158923437217,
  0.0902557395336322,
  0.09484531340394724,
  0.09980185666441221,
  0.10642030950740726,
  0.11554811161481635,
  0.12694539057526,
  0.14231603634140041,
  0.16308315806760926,
  0.16838907483122378,
  0.17603667191848235,
  0.18573348469137735,
  0.19694712808222473,
  0.20856903409520586,
  0.22013841855310165,
  0.23513143370517825,
  0.2549235867981935,
  0.27865133331300096,
  0.28299156165104644,
  0.2935483297397342,
  0.30464220728568836,
  0.308588652009829,
  0.32026205915725486,
  0.3395244882660001,
  0.32262227326807347,
  0.2960629750300814,
  0.26713977789201615,
  0.25197207964967444,
  0.2277535593300647,
  0.22131680717464491,
  0.2152687852398467
 ],
 "betas": [
  0.5,
  0.5,
  0.5,
  0.5,
  0.5,
  0.5,
  0.5,
  0.5,
  0.5,
  0.5,
  0.5,
  0.5,
  0.5,
  0.5,
  0.5,
  0.5,
  0.5,
  0.5,
  0.5,
  0.5,
  0.5,
  0.5,
  0.5,
  0.5,
  0.5,
  0.5,
  0.5,
  0.5,
  0.5,
  0.5,
  0.5,
  0.5,
  0.5,
  0.5,
  0.5,
  0.5,
  0.5,
  0.5,
  0.5,
  0.5
 ],
 "gammas": [
  0.10030518534301365,
  0.09867449255306097,
  0.09674105453711938,
  0.09446068986543653,
  0.0917880589570078,
  0.08867921810420429,
  0.08519485576125081,
  0.08136745473123598,
  0.07702964621755135,
  0.07218004585144418,
  0.06684390744819184,
  0.06107938126891954,
  0.05498138042692406,
  0.0486810946748643,
  0.04233944245868104,
  0.039689633307904086,
  0.03668756770159669,
  0.03322336334533744,
  0.029448739000931125,
  0.025698452761670706,
  0.021997051186328626,
  0.018468405950356287,
  0.015234164488268477,
  0.012372517092733671,
  0.009916544515488332,
  0.007860639600074612,
  0.006456907407388745,
  0.00549427346449605,
  0.004658403529685374,
  0.0038611923599636434,
  0.0031452126784705463,
  0.0026485948411304745,
  0.002415501383649397,
  0.0021502749341421597,
  0.0018658291361044004,
  0.0015930118758974183,
  0.001374821628280801,
  0.0011603345872962742,
  0.0009452571617293599,
  0.0007620436238279307
 ],
 "sigmas": [
  0.25,
  0.2756721902468024,
  0.3039806259018769,
  0.3351960197398572,
  0.3696168836947874,
  0.4075723835213587,
  0.449425486597771,
  0.49557643297256987,
  0.5464665628489841,
  0.6025825371088854,
  0.6644609912371261,
  0.7326936671515999,
  0.8079330720145728,
  0.8908987181403393,
  0.9823840036712642,
  1.0832637998219208,
  1.1945028172479306,
  1.3171648315468518,
  1.4524228561143249,
  1.6015703596382094,
  1.7660336355032968,
  1.9473854413948684,
  2.1473600395362378,
  2.36786978138966,
  2.611023395419619,
  2.879146152803877,
  3.1748021039363987,
  3.500818598369214,
  3.86031332267673,
  4.25672411480482,
  4.693841840018505,
  5.175846642839929,
  5.707347921652972,
  6.293428408250444,
  6.939692773855387,
  7.652321226434491,
  8.438128611853172,
  9.3046295840551,
  10.260110467486651,
  11.313708498984761
 ],
 "border_radii": [
  10,
  10,
  10,
  10,
  10,
  10,
  10,
  10,
  10,
  10,
  10,
  10,
  10,
  10,
  10,
  10,
  10,
  10,
  10,
  10,
  10,
  10,
  10,
  10,
  10,
  11,
  12,
  14,
  15,
  17,
  18,
  20,
  22,
  25,
  27,
  30,
  33,
  37,
  41,
  45
 ]
}