{
 "time": "181018_1952",
 "filename": "T-BN6803276.png",
 "DARK_BG": false,
 "fixed_alpha": 0.1,
 "VT_alphas": [
  0.08,
  0.08,
  0.08,
  0.08,
  0.08,
  0.08,
  0.08,
  0.08,
  0.08,
  0.08,
  0.08,
  0.08,
  0.08,
  0.08,
  0.08
 ],
 "betas": [
  0.5,
  0.5,
  0.5,
  0.5,
  0.5,
  0.5,
  0.5,
  0.5,
  0.5,
  0.5,
  0.5,
  0.5,
  0.5,
  0.5,
  0.5
 ],
 "gammas": [
  0.16761714892239976,
  0.15857108567220696,
  0.1467779997268275,
  0.13149444729266074,
  0.1127300952374563,
  0.09138536299007623,
  0.0694406583712621,
  0.04979682618455985,
  0.0365248678957124,
  0.026569197063698063,
  0.018908106817698358,
  0.013056767194892151,
  0.008958863844571627,
  0.006554357347546568,
  0.004628138706007893
 ],
 "sigmas": [
  0.125,
  0.1812074638581786,
  0.26268915966330486,
  0.38080989124498904,
  0.5520447568369061,
  0.8002770425809653,
  1.160129386160163,
  1.681792830507429,
  2.4380273084089508,
  3.534309962990139,
  5.123546759057089,
  7.427399313340204,
  10.767201541058851,
  15.608778272841173,
  22.627416997969522
 ],
 "log_min": -3,
 "log_max": 4.5,
 "n_scales": 15,
 "border_radii": [
  10,
  10,
  10,
  10,
  10,
  10,
  10,
  10,
  10,
  14,
  20,
  29,
  43,
  62,
  90
 ]
}