{
 "time": "181023_1500",
 "filename": "T-BN7644170.png",
 "DARK_BG": false,
 "fixed_alpha": 0.1,
 "VT_alphas": [
  0.15,
  0.15,
  0.15,
  0.15,
  0.15,
  0.15,
  0.15,
  0.15,
  0.15,
  0.15,
  0.15,
  0.15,
  0.15,
  0.15,
  0.15,
  0.15,
  0.15,
  0.15,
  0.15,
  0.15,
  0.15,
  0.15,
  0.15,
  0.15,
  0.15,
  0.15,
  0.15,
  0.15,
  0.15,
  0.15
 ],
 "betas": [
  0.5,
  0.5,
  0.5,
  0.5,
  0.5,
  0.5,
  0.5,
  0.5,
  0.5,
  0.5,
  0.5,
  0.5,
  0.5,
  0.5,
  0.5,
  0.5,
  0.5,
  0.5,
  0.5,
  0.5,
  0.5,
  0.5,
  0.5,
  0.5,
  0.5,
  0.5,
  0.5,
  0.5,
  0.5,
  0.5
 ],
 "gammas": [
  0.07671259185488713,
  0.07584513375206646,
  0.07480020674563884,
  0.07354619705223503,
  0.07204807139176332,
  0.07026809424386755,
  0.06816719155018927,
  0.06570718111401962,
  0.06285408480743604,
  0.059582669939391555,
  0.05588219599172378,
  0.051860884321645935,
  0.048032683295288224,
  0.04394964567572277,
  0.039679296255872604,
  0.0353037618390592,
  0.030914288393758628,
  0.026604779993522273,
  0.022465460376308102,
  0.01858650699234,
  0.015857955877948995,
  0.013259099319327923,
  0.011245122032199717,
  0.00982186499028215,
  0.008605683719165345,
  0.007463528165252687,
  0.006389063183574942,
  0.005447337112898957,
  0.004586332340245102,
  0.0037654148981028077
 ],
 "sigmas": [
  0.0625,
  0.07657957417641059,
  0.09383089889664595,
  0.11496848451351971,
  0.1408678014040415,
  0.17260153994701877,
  0.21148403890136666,
  0.25912572230678577,
  0.3174997995585356,
  0.38902399122061393,
  0.4766606654733169,
  0.5840395326174578,
  0.7156079793605562,
  0.8768152693867682,
  1.0743382393762153,
  1.3163578382858439,
  1.6128979635153644,
  1.9762406277761029,
  2.421434651923461,
  2.9669189526448583,
  3.6352862401514456,
  4.454218756482598,
  5.457634810560296,
  6.687093596849004,
  8.193516481991972,
  10.039296051173553,
  12.300880266076657,
  15.0719387643386,
  18.467242441375777,
  22.627416997969522
 ],
 "log_min": -4,
 "log_max": 4.5,
 "n_scales": 30,
 "border_radii": [
  10,
  10,
  10,
  10,
  10,
  10,
  10,
  10,
  10,
  10,
  10,
  10,
  10,
  10,
  10,
  10,
  10,
  10,
  10,
  11,
  14,
  17,
  21,
  26,
  32,
  40,
  49,
  60,
  73,
  90
 ]
}