{
 "time": "181023_1449",
 "filename": "T-BN3731521.png",
 "DARK_BG": false,
 "fixed_alpha": 0.1,
 "VT_alphas": [
  0.15,
  0.15,
  0.15,
  0.15,
  0.15,
  0.15,
  0.15,
  0.15,
  0.15,
  0.15,
  0.15,
  0.15,
  0.15,
  0.15,
  0.15,
  0.15,
  0.15,
  0.15,
  0.15,
  0.15,
  0.15,
  0.15,
  0.15,
  0.15,
  0.15,
  0.15,
  0.15,
  0.15,
  0.15,
  0.15
 ],
 "betas": [
  0.5,
  0.5,
  0.5,
  0.5,
  0.5,
  0.5,
  0.5,
  0.5,
  0.5,
  0.5,
  0.5,
  0.5,
  0.5,
  0.5,
  0.5,
  0.5,
  0.5,
  0.5,
  0.5,
  0.5,
  0.5,
  0.5,
  0.5,
  0.5,
  0.5,
  0.5,
  0.5,
  0.5,
  0.5,
  0.5
 ],
 "gammas": [
  0.15339351281771904,
  0.15120787074275177,
  0.14858147820142978,
  0.14543926798532877,
  0.1417000649958347,
  0.1372795651774907,
  0.13209536368946803,
  0.12607462019828464,
  0.11916480896276618,
  0.1113475681572878,
  0.10265478646991437,
  0.09318465732375066,
  0.0831136327439902,
  0.07269862155243563,
  0.062263601062156546,
  0.052682681570472074,
  0.043835038486307,
  0.03563847242474656,
  0.029295402429436675,
  0.024527033851110252,
  0.020808087757632186,
  0.017502917144546676,
  0.015106587220229962,
  0.0129569254446072,
  0.011085088412180802,
  0.009488091101553972,
  0.008063988950525259,
  0.006868737113688895,
  0.005774527507128482,
  0.004806184927172859
 ],
 "sigmas": [
  0.0625,
  0.07657957417641059,
  0.09383089889664595,
  0.11496848451351971,
  0.1408678014040415,
  0.17260153994701877,
  0.21148403890136666,
  0.25912572230678577,
  0.3174997995585356,
  0.38902399122061393,
  0.4766606654733169,
  0.5840395326174578,
  0.7156079793605562,
  0.8768152693867682,
  1.0743382393762153,
  1.3163578382858439,
  1.6128979635153644,
  1.9762406277761029,
  2.421434651923461,
  2.9669189526448583,
  3.6352862401514456,
  4.454218756482598,
  5.457634810560296,
  6.687093596849004,
  8.193516481991972,
  10.039296051173553,
  12.300880266076657,
  15.0719387643386,
  18.467242441375777,
  22.627416997969522
 ],
 "log_min": -4,
 "log_max": 4.5,
 "n_scales": 30,
 "border_radii": [
  10,
  10,
  10,
  10,
  10,
  10,
  10,
  10,
  10,
  10,
  10,
  10,
  10,
  10,
  10,
  10,
  10,
  10,
  10,
  11,
  14,
  17,
  21,
  26,
  32,
  40,
  49,
  60,
  73,
  90
 ]
}