{
 "time": "181023_1444",
 "filename": "T-BN2844756.png",
 "DARK_BG": false,
 "fixed_alpha": 0.1,
 "VT_alphas": [
  0.15,
  0.15,
  0.15,
  0.15,
  0.15,
  0.15,
  0.15,
  0.15,
  0.15,
  0.15,
  0.15,
  0.15,
  0.15,
  0.15,
  0.15,
  0.15,
  0.15,
  0.15,
  0.15,
  0.15,
  0.15,
  0.15,
  0.15,
  0.15,
  0.15,
  0.15,
  0.15,
  0.15,
  0.15,
  0.15
 ],
 "betas": [
  0.5,
  0.5,
  0.5,
  0.5,
  0.5,
  0.5,
  0.5,
  0.5,
  0.5,
  0.5,
  0.5,
  0.5,
  0.5,
  0.5,
  0.5,
  0.5,
  0.5,
  0.5,
  0.5,
  0.5,
  0.5,
  0.5,
  0.5,
  0.5,
  0.5,
  0.5,
  0.5,
  0.5,
  0.5,
  0.5
 ],
 "gammas": [
  0.22744577091862245,
  0.223971263626596,
  0.21980707104212302,
  0.21484051986202668,
  0.20895190342013253,
  0.20201982589407994,
  0.19392964673511698,
  0.18458569966032964,
  0.17392762674214363,
  0.16195041902882382,
  0.14872645432518897,
  0.13442596111225602,
  0.11933021723509682,
  0.10383023412365483,
  0.08840407553164654,
  0.07356985470575246,
  0.05981935538850557,
  0.04754700965347947,
  0.04151684696962326,
  0.03602674846731615,
  0.03016040148001483,
  0.024385242288728175,
  0.019068112725059122,
  0.014786618964110407,
  0.011361902795984011,
  0.008823837633974173,
  0.0074541895558070835,
  0.006189847925525428,
  0.005193448200931687,
  0.004388625036606356
 ],
 "sigmas": [
  0.0625,
  0.07657957417641059,
  0.09383089889664595,
  0.11496848451351971,
  0.1408678014040415,
  0.17260153994701877,
  0.21148403890136666,
  0.25912572230678577,
  0.3174997995585356,
  0.38902399122061393,
  0.4766606654733169,
  0.5840395326174578,
  0.7156079793605562,
  0.8768152693867682,
  1.0743382393762153,
  1.3163578382858439,
  1.6128979635153644,
  1.9762406277761029,
  2.421434651923461,
  2.9669189526448583,
  3.6352862401514456,
  4.454218756482598,
  5.457634810560296,
  6.687093596849004,
  8.193516481991972,
  10.039296051173553,
  12.300880266076657,
  15.0719387643386,
  18.467242441375777,
  22.627416997969522
 ],
 "log_min": -4,
 "log_max": 4.5,
 "n_scales": 30,
 "border_radii": [
  10,
  10,
  10,
  10,
  10,
  10,
  10,
  10,
  10,
  10,
  10,
  10,
  10,
  10,
  10,
  10,
  10,
  10,
  10,
  11,
  14,
  17,
  21,
  26,
  32,
  40,
  49,
  60,
  73,
  90
 ]
}