{
 "time": "181120_0203",
 "filename": "T-BN0651415.png",
 "alphas": [
  0.03930324307488037,
  0.040009090667701475,
  0.04085259253052305,
  0.041927365068873776,
  0.043201362938100306,
  0.044859248059841705,
  0.0468868502342192,
  0.049600693230874376,
  0.05296966945235261,
  0.05735063619279972,
  0.06318678877911557,
  0.07103066059718047,
  0.07585417399856802,
  0.0802224060275149,
  0.086221923932736,
  0.09383205601673861,
  0.10063057761458,
  0.10722043471074034,
  0.11090604961828426,
  0.11712294972894995,
  0.12546005303807514,
  0.1373203528968171,
  0.15261762100272735,
  0.17081778576129658,
  0.19276715449482587,
  0.21823234254671525,
  0.24887886426922828,
  0.2614710064675829,
  0.27609194189461705,
  0.2345830660958782,
  0.20754912145043014,
  0.1890994313298831,
  0.17505252487507977,
  0.1621940591620411,
  0.1468782106809195,
  0.12863052300144523,
  0.11557768518755879,
  0.10324703699597736,
  0.08784107724678723,
  0.0767459966886994
 ],
 "betas": [
  0.5,
  0.5,
  0.5,
  0.5,
  0.5,
  0.5,
  0.5,
  0.5,
  0.5,
  0.5,
  0.5,
  0.5,
  0.5,
  0.5,
  0.5,
  0.5,
  0.5,
  0.5,
  0.5,
  0.5,
  0.5,
  0.5,
  0.5,
  0.5,
  0.5,
  0.5,
  0.5,
  0.5,
  0.5,
  0.5,
  0.5,
  0.5,
  0.5,
  0.5,
  0.5,
  0.5,
  0.5,
  0.5,
  0.5,
  0.5
 ],
 "gammas": [
  0.090693294667076,
  0.0894999010627325,
  0.0880784379919825,
  0.0863926032124519,
  0.08440355044654604,
  0.08207124238049304,
  0.07935659302239956,
  0.07622456859616644,
  0.07264834464472031,
  0.06861446017190315,
  0.06412864331290363,
  0.05922160825172087,
  0.0539536959227261,
  0.048416891131988105,
  0.04273271929396372,
  0.03782149172585654,
  0.03448374275810947,
  0.0311909106541357,
  0.027858959827592688,
  0.02478550013759925,
  0.021740161504021156,
  0.018786144576736007,
  0.016293355977425206,
  0.014148182630970224,
  0.01198396459767172,
  0.009903929431762222,
  0.00798449908666824,
  0.006274778782020973,
  0.00481106766290787,
  0.003834112971850255,
  0.0033324026195082697,
  0.0030693759575495757,
  0.0027393910335208366,
  0.0023871713921793957,
  0.0020417813061688046,
  0.0017244078507521062,
  0.001438333396614058,
  0.0011903468902961787,
  0.0009765363843156461,
  0.0007929885194725878
 ],
 "sigmas": [
  0.25,
  0.2756721902468024,
  0.3039806259018769,
  0.3351960197398572,
  0.3696168836947874,
  0.4075723835213587,
  0.449425486597771,
  0.49557643297256987,
  0.5464665628489841,
  0.6025825371088854,
  0.6644609912371261,
  0.7326936671515999,
  0.8079330720145728,
  0.8908987181403393,
  0.9823840036712642,
  1.0832637998219208,
  1.1945028172479306,
  1.3171648315468518,
  1.4524228561143249,
  1.6015703596382094,
  1.7660336355032968,
  1.9473854413948684,
  2.1473600395362378,
  2.36786978138966,
  2.611023395419619,
  2.879146152803877,
  3.1748021039363987,
  3.500818598369214,
  3.86031332267673,
  4.25672411480482,
  4.693841840018505,
  5.175846642839929,
  5.707347921652972,
  6.293428408250444,
  6.939692773855387,
  7.652321226434491,
  8.438128611853172,
  9.3046295840551,
  10.260110467486651,
  11.313708498984761
 ],
 "border_radii": [
  10,
  10,
  10,
  10,
  10,
  10,
  10,
  10,
  10,
  10,
  10,
  10,
  10,
  10,
  10,
  10,
  10,
  10,
  10,
  10,
  10,
  10,
  10,
  10,
  10,
  11,
  12,
  14,
  15,
  17,
  18,
  20,
  22,
  25,
  27,
  30,
  33,
  37,
  41,
  45
 ]
}