{
 "time": "181120_0202",
 "filename": "T-BN0546768.png",
 "alphas": [
  0.035779710042622176,
  0.0369531164144942,
  0.03840674545231796,
  0.04015390686009394,
  0.04243952978605832,
  0.04492888311356411,
  0.04662702148930427,
  0.04860207219392637,
  0.05107155072575767,
  0.053985331977732635,
  0.057895611858162666,
  0.06277595511500185,
  0.06951794152346286,
  0.07787002088065687,
  0.08900955149347846,
  0.10325338982422222,
  0.11727028900046768,
  0.1275258200290632,
  0.13258285689509064,
  0.13507625967298606,
  0.14297560234599782,
  0.1548978622929258,
  0.1653759798846358,
  0.1737288388941048,
  0.18336504044054713,
  0.17604123008052483,
  0.1600746625512368,
  0.1511493146419172,
  0.14402756589775406,
  0.14246688259454623,
  0.14528533245967962,
  0.1468868089982669,
  0.151137470817622,
  0.13473772008841461,
  0.12451522619595708,
  0.11456959451091288,
  0.10936545968602554,
  0.10808759119280746,
  0.10598221984910319,
  0.10873656469952182
 ],
 "betas": [
  0.5,
  0.5,
  0.5,
  0.5,
  0.5,
  0.5,
  0.5,
  0.5,
  0.5,
  0.5,
  0.5,
  0.5,
  0.5,
  0.5,
  0.5,
  0.5,
  0.5,
  0.5,
  0.5,
  0.5,
  0.5,
  0.5,
  0.5,
  0.5,
  0.5,
  0.5,
  0.5,
  0.5,
  0.5,
  0.5,
  0.5,
  0.5,
  0.5,
  0.5,
  0.5,
  0.5,
  0.5,
  0.5,
  0.5,
  0.5
 ],
 "gammas": [
  0.12894420879702645,
  0.12660320643103914,
  0.12382975832084214,
  0.12056184927559382,
  0.11673648377845414,
  0.11229362675993387,
  0.1071818523010493,
  0.10136586532182336,
  0.09483576548078962,
  0.08761741112463338,
  0.07978250400553419,
  0.07145614675383818,
  0.06529863160922417,
  0.0594568255463735,
  0.053323972717651345,
  0.04705339678684132,
  0.041509736445428345,
  0.036443861972405865,
  0.03219719461387689,
  0.02796066917966868,
  0.023887493158539115,
  0.020099196542345533,
  0.016675138185070163,
  0.013654048813459012,
  0.011042832327942693,
  0.008826930713944862,
  0.006978789468093728,
  0.0057466247220443085,
  0.004689105119347492,
  0.004320599494992894,
  0.0038590656966688117,
  0.0033594895479398808,
  0.0028646927972742348,
  0.002412460398364736,
  0.002034977314785681,
  0.0017319148584213795,
  0.0014541375232622264,
  0.001237576169798811,
  0.0010755344129624006,
  0.0009224413607232771
 ],
 "sigmas": [
  0.25,
  0.2756721902468024,
  0.3039806259018769,
  0.3351960197398572,
  0.3696168836947874,
  0.4075723835213587,
  0.449425486597771,
  0.49557643297256987,
  0.5464665628489841,
  0.6025825371088854,
  0.6644609912371261,
  0.7326936671515999,
  0.8079330720145728,
  0.8908987181403393,
  0.9823840036712642,
  1.0832637998219208,
  1.1945028172479306,
  1.3171648315468518,
  1.4524228561143249,
  1.6015703596382094,
  1.7660336355032968,
  1.9473854413948684,
  2.1473600395362378,
  2.36786978138966,
  2.611023395419619,
  2.879146152803877,
  3.1748021039363987,
  3.500818598369214,
  3.86031332267673,
  4.25672411480482,
  4.693841840018505,
  5.175846642839929,
  5.707347921652972,
  6.293428408250444,
  6.939692773855387,
  7.652321226434491,
  8.438128611853172,
  9.3046295840551,
  10.260110467486651,
  11.313708498984761
 ],
 "border_radii": [
  10,
  10,
  10,
  10,
  10,
  10,
  10,
  10,
  10,
  10,
  10,
  10,
  10,
  10,
  10,
  10,
  10,
  10,
  10,
  10,
  10,
  10,
  10,
  10,
  10,
  11,
  12,
  14,
  15,
  17,
  18,
  20,
  22,
  25,
  27,
  30,
  33,
  37,
  41,
  45
 ]
}