{
 "time": "181120_0254",
 "filename": "T-BN3227692.png",
 "alphas": [
  0.0357670375479303,
  0.0362446597947732,
  0.03684863277800353,
  0.03760509089956044,
  0.03858133118916682,
  0.03966836894324354,
  0.04114824061963887,
  0.043030365256558324,
  0.045393867260911394,
  0.04844033310038215,
  0.052395848803367055,
  0.05757523026126443,
  0.06411647279294988,
  0.0682488303989924,
  0.07235411153690659,
  0.0780093432059073,
  0.08538010541889557,
  0.09474442715177539,
  0.10634318242267823,
  0.12151062110112093,
  0.1370818843176281,
  0.1552727165206138,
  0.17442000152253723,
  0.18613534566094425,
  0.19373870198202212,
  0.18762698248355317,
  0.18751184817993727,
  0.19401041785614834,
  0.2080964646005917,
  0.21638135167726255,
  0.20834950397653224,
  0.2107164915150145,
  0.18986044693532908,
  0.16885408800313512,
  0.15362730844298872,
  0.1444485041161578,
  0.14048016175613753,
  0.14227268057503478,
  0.15055846268748305,
  0.14607785537068577
 ],
 "betas": [
  0.5,
  0.5,
  0.5,
  0.5,
  0.5,
  0.5,
  0.5,
  0.5,
  0.5,
  0.5,
  0.5,
  0.5,
  0.5,
  0.5,
  0.5,
  0.5,
  0.5,
  0.5,
  0.5,
  0.5,
  0.5,
  0.5,
  0.5,
  0.5,
  0.5,
  0.5,
  0.5,
  0.5,
  0.5,
  0.5,
  0.5,
  0.5,
  0.5,
  0.5,
  0.5,
  0.5,
  0.5,
  0.5,
  0.5,
  0.5
 ],
 "gammas": [
  0.1759105242592453,
  0.17285714620264,
  0.1692356353082379,
  0.1649626196801746,
  0.15995239455596438,
  0.15412174788556057,
  0.14739699491196798,
  0.13972349411156706,
  0.13107757431936384,
  0.12148018737948937,
  0.11101068374560343,
  0.0998179821597845,
  0.08812537545182497,
  0.07622486007336782,
  0.06445795042420832,
  0.05318299176980723,
  0.04511685386878111,
  0.03789065913489352,
  0.03110289202859862,
  0.024950522951626607,
  0.019574821811492095,
  0.0152280674537819,
  0.012067165917491442,
  0.010024507718231305,
  0.009101082810112886,
  0.008107037428070354,
  0.007002050028419411,
  0.0059579864660936396,
  0.004923294133389833,
  0.003921001983685375,
  0.0030523681405598916,
  0.0023225288212515393,
  0.0019911023297121944,
  0.0016702003960847884,
  0.00137997782497528,
  0.001169913332789577,
  0.0009637743596397999,
  0.0007835754597704182,
  0.000591092387354219,
  0.0004980765782857337
 ],
 "sigmas": [
  0.25,
  0.2756721902468024,
  0.3039806259018769,
  0.3351960197398572,
  0.3696168836947874,
  0.4075723835213587,
  0.449425486597771,
  0.49557643297256987,
  0.5464665628489841,
  0.6025825371088854,
  0.6644609912371261,
  0.7326936671515999,
  0.8079330720145728,
  0.8908987181403393,
  0.9823840036712642,
  1.0832637998219208,
  1.1945028172479306,
  1.3171648315468518,
  1.4524228561143249,
  1.6015703596382094,
  1.7660336355032968,
  1.9473854413948684,
  2.1473600395362378,
  2.36786978138966,
  2.611023395419619,
  2.879146152803877,
  3.1748021039363987,
  3.500818598369214,
  3.86031332267673,
  4.25672411480482,
  4.693841840018505,
  5.175846642839929,
  5.707347921652972,
  6.293428408250444,
  6.939692773855387,
  7.652321226434491,
  8.438128611853172,
  9.3046295840551,
  10.260110467486651,
  11.313708498984761
 ],
 "border_radii": [
  10,
  10,
  10,
  10,
  10,
  10,
  10,
  10,
  10,
  10,
  10,
  10,
  10,
  10,
  10,
  10,
  10,
  10,
  10,
  10,
  10,
  10,
  10,
  10,
  10,
  11,
  12,
  14,
  15,
  17,
  18,
  20,
  22,
  25,
  27,
  30,
  33,
  37,
  41,
  45
 ]
}