{
 "time": "181120_0426",
 "filename": "T-BN8321696.png",
 "alphas": [
  0.044448346545661,
  0.04496148370698246,
  0.04543756302125438,
  0.046154429065182835,
  0.04694647874113209,
  0.04795457623753544,
  0.04915313927023772,
  0.050673198634252875,
  0.05261394174723012,
  0.055032246175875286,
  0.05815515225442517,
  0.06204975845364666,
  0.06695727314862052,
  0.07361945437347446,
  0.08231897035632921,
  0.09334494678642039,
  0.10174803715753897,
  0.11205644528048918,
  0.11558668631507174,
  0.1222971469720984,
  0.1312001800501486,
  0.1446762294075157,
  0.15711093407024576,
  0.17064807261904064,
  0.18979495021284296,
  0.216227236493667,
  0.24945623789372512,
  0.27130877346376786,
  0.27852247565642846,
  0.29378154236382437,
  0.2855974238876568,
  0.27913918499008783,
  0.26251750292937803,
  0.2525704075961682,
  0.23984196011698106,
  0.2245365720580697,
  0.21201700705153942,
  0.20192400665289,
  0.18689189366754416,
  0.17014444787139907
 ],
 "betas": [
  0.5,
  0.5,
  0.5,
  0.5,
  0.5,
  0.5,
  0.5,
  0.5,
  0.5,
  0.5,
  0.5,
  0.5,
  0.5,
  0.5,
  0.5,
  0.5,
  0.5,
  0.5,
  0.5,
  0.5,
  0.5,
  0.5,
  0.5,
  0.5,
  0.5,
  0.5,
  0.5,
  0.5,
  0.5,
  0.5,
  0.5,
  0.5,
  0.5,
  0.5,
  0.5,
  0.5,
  0.5,
  0.5,
  0.5,
  0.5
 ],
 "gammas": [
  0.10804629991133115,
  0.10629660169698718,
  0.10421797785860412,
  0.10176065604181098,
  0.09887272479641598,
  0.0955027011273369,
  0.09214301868152787,
  0.08840850902747781,
  0.0841291586809183,
  0.07928433781321498,
  0.07387724077887638,
  0.06794332599379582,
  0.06155778112600532,
  0.05483983557321695,
  0.047951327042914396,
  0.041087299606358534,
  0.035824126428689464,
  0.03182557061822444,
  0.027686833178394335,
  0.02354384697529896,
  0.019532419379448246,
  0.01577726399388876,
  0.012383082992054907,
  0.01037768436417525,
  0.008800496209760906,
  0.0075329655905385885,
  0.006384605024345907,
  0.005443832379649257,
  0.004589862366953212,
  0.0037592452761437112,
  0.003124492416708867,
  0.00268214790739417,
  0.0023494283545155083,
  0.0020664807494267454,
  0.0018225877467180772,
  0.0015823484264634615,
  0.0014684087390614325,
  0.0013204456825330702,
  0.0011482236864735673,
  0.0009738690105312347
 ],
 "sigmas": [
  0.25,
  0.2756721902468024,
  0.3039806259018769,
  0.3351960197398572,
  0.3696168836947874,
  0.4075723835213587,
  0.449425486597771,
  0.49557643297256987,
  0.5464665628489841,
  0.6025825371088854,
  0.6644609912371261,
  0.7326936671515999,
  0.8079330720145728,
  0.8908987181403393,
  0.9823840036712642,
  1.0832637998219208,
  1.1945028172479306,
  1.3171648315468518,
  1.4524228561143249,
  1.6015703596382094,
  1.7660336355032968,
  1.9473854413948684,
  2.1473600395362378,
  2.36786978138966,
  2.611023395419619,
  2.879146152803877,
  3.1748021039363987,
  3.500818598369214,
  3.86031332267673,
  4.25672411480482,
  4.693841840018505,
  5.175846642839929,
  5.707347921652972,
  6.293428408250444,
  6.939692773855387,
  7.652321226434491,
  8.438128611853172,
  9.3046295840551,
  10.260110467486651,
  11.313708498984761
 ],
 "border_radii": [
  10,
  10,
  10,
  10,
  10,
  10,
  10,
  10,
  10,
  10,
  10,
  10,
  10,
  10,
  10,
  10,
  10,
  10,
  10,
  10,
  10,
  10,
  10,
  10,
  10,
  11,
  12,
  14,
  15,
  17,
  18,
  20,
  22,
  25,
  27,
  30,
  33,
  37,
  41,
  45
 ]
}