{
 "time": "181120_0448",
 "filename": "T-BN9324292.png",
 "alphas": [
  0.0604539936654625,
  0.061016767321077116,
  0.061703288100799294,
  0.0624373911736717,
  0.0633670513867978,
  0.06447216280129688,
  0.06579081888270268,
  0.06688329906584048,
  0.06812125219454512,
  0.06981618427380393,
  0.07191950486628429,
  0.07518479433351868,
  0.07913952884605244,
  0.08443693913767737,
  0.09029164781473586,
  0.09620975664731654,
  0.10404505183051908,
  0.11397772369221196,
  0.12701680163249426,
  0.13353224013211773,
  0.13721012755426085,
  0.1419249456206835,
  0.1477413659233789,
  0.14234905067748882,
  0.13859839602753163,
  0.12966194390376576,
  0.11944489553633801,
  0.1125084165905337,
  0.110748364809415,
  0.11449383260591117,
  0.12100517772255795,
  0.12599851135277965,
  0.12641301015684023,
  0.10552556658204722,
  0.09245921820461656,
  0.08392175924952022,
  0.07825721777567918,
  0.07544221098041215,
  0.07377099353760537,
  0.06885623513196909
 ],
 "betas": [
  0.5,
  0.5,
  0.5,
  0.5,
  0.5,
  0.5,
  0.5,
  0.5,
  0.5,
  0.5,
  0.5,
  0.5,
  0.5,
  0.5,
  0.5,
  0.5,
  0.5,
  0.5,
  0.5,
  0.5,
  0.5,
  0.5,
  0.5,
  0.5,
  0.5,
  0.5,
  0.5,
  0.5,
  0.5,
  0.5,
  0.5,
  0.5,
  0.5,
  0.5,
  0.5,
  0.5,
  0.5,
  0.5,
  0.5,
  0.5
 ],
 "gammas": [
  0.16829136963305605,
  0.16587369986903452,
  0.16298945373700918,
  0.15956244443711334,
  0.15551031555739506,
  0.1507470735330261,
  0.1451873012271606,
  0.13875251840171615,
  0.13138007969688803,
  0.12303475625002926,
  0.11372264914418695,
  0.10350626552997623,
  0.09251846424537845,
  0.08245136524581335,
  0.07290964897670948,
  0.06332577064373619,
  0.05411377480902473,
  0.045210271847002874,
  0.036884396422989116,
  0.02949860823540816,
  0.024768782012770597,
  0.021264223495189225,
  0.01789744643735045,
  0.015011221666589209,
  0.012256011140064266,
  0.009748763494669466,
  0.00800675904137533,
  0.00670583524844221,
  0.00596223781905526,
  0.005375692126530418,
  0.0048348977518826155,
  0.004315219801501424,
  0.00379171489026461,
  0.0032796837360397147,
  0.0027758251685403917,
  0.002298051974308779,
  0.0018656012348131981,
  0.0014860520219781945,
  0.0011911933797490205,
  0.000995230236444584
 ],
 "sigmas": [
  0.25,
  0.2756721902468024,
  0.3039806259018769,
  0.3351960197398572,
  0.3696168836947874,
  0.4075723835213587,
  0.449425486597771,
  0.49557643297256987,
  0.5464665628489841,
  0.6025825371088854,
  0.6644609912371261,
  0.7326936671515999,
  0.8079330720145728,
  0.8908987181403393,
  0.9823840036712642,
  1.0832637998219208,
  1.1945028172479306,
  1.3171648315468518,
  1.4524228561143249,
  1.6015703596382094,
  1.7660336355032968,
  1.9473854413948684,
  2.1473600395362378,
  2.36786978138966,
  2.611023395419619,
  2.879146152803877,
  3.1748021039363987,
  3.500818598369214,
  3.86031332267673,
  4.25672411480482,
  4.693841840018505,
  5.175846642839929,
  5.707347921652972,
  6.293428408250444,
  6.939692773855387,
  7.652321226434491,
  8.438128611853172,
  9.3046295840551,
  10.260110467486651,
  11.313708498984761
 ],
 "border_radii": [
  10,
  10,
  10,
  10,
  10,
  10,
  10,
  10,
  10,
  10,
  10,
  10,
  10,
  10,
  10,
  10,
  10,
  10,
  10,
  10,
  10,
  10,
  10,
  10,
  10,
  11,
  12,
  14,
  15,
  17,
  18,
  20,
  22,
  25,
  27,
  30,
  33,
  37,
  41,
  45
 ]
}