{
 "time": "181120_0334",
 "filename": "T-BN5934535.png",
 "alphas": [
  0.06005339422962278,
  0.06087786173484933,
  0.061576427957541126,
  0.06243817872440189,
  0.0635041828055054,
  0.06481889689618825,
  0.06647281018000822,
  0.068516527401846,
  0.07127283724288383,
  0.07464187263997292,
  0.07900646818727688,
  0.08397160624726753,
  0.08781906502333368,
  0.09319093456304026,
  0.10091802067872924,
  0.11112674787595442,
  0.12101778586589243,
  0.12810067506646222,
  0.1387597725493948,
  0.14870527723938703,
  0.16343390761135418,
  0.1763216357731921,
  0.1933103116076846,
  0.20100176789844476,
  0.20576500035213907,
  0.2141157894860493,
  0.22468622647178574,
  0.23937048837674174,
  0.24129680615897992,
  0.25112744120509,
  0.26857627774963916,
  0.2538150393735797,
  0.2383431797440393,
  0.20978015535853853,
  0.185206986264829,
  0.16961086316043367,
  0.16541032941286887,
  0.16916607331061506,
  0.16417499037406985,
  0.16158654113373877
 ],
 "betas": [
  0.5,
  0.5,
  0.5,
  0.5,
  0.5,
  0.5,
  0.5,
  0.5,
  0.5,
  0.5,
  0.5,
  0.5,
  0.5,
  0.5,
  0.5,
  0.5,
  0.5,
  0.5,
  0.5,
  0.5,
  0.5,
  0.5,
  0.5,
  0.5,
  0.5,
  0.5,
  0.5,
  0.5,
  0.5,
  0.5,
  0.5,
  0.5,
  0.5,
  0.5,
  0.5,
  0.5,
  0.5,
  0.5,
  0.5,
  0.5
 ],
 "gammas": [
  0.10933115568638811,
  0.10797746675054855,
  0.1063646693103455,
  0.10445124124040665,
  0.10219254278864028,
  0.09954221261329198,
  0.09645438949888288,
  0.09288692961630547,
  0.08880571443296738,
  0.08418998957517564,
  0.0790384246432556,
  0.07337524985426103,
  0.06725546770889854,
  0.06076787692285261,
  0.05403464054878981,
  0.047768424566296375,
  0.04230165878349702,
  0.03672935207496909,
  0.031223957342863654,
  0.025962914577230795,
  0.02110500278054188,
  0.017054192093839855,
  0.014355622228504797,
  0.012350742149864804,
  0.010487318466264625,
  0.00870059539251293,
  0.007160706240911589,
  0.005907289773935813,
  0.004862831889470645,
  0.004005060748971672,
  0.0035639530944069266,
  0.003253026483800851,
  0.0028973190283859136,
  0.0025103595616865503,
  0.0022045744397504222,
  0.0018927304068500235,
  0.001596569728882133,
  0.00133790691899454,
  0.0011091842626445826,
  0.0009384553334111305
 ],
 "sigmas": [
  0.25,
  0.2756721902468024,
  0.3039806259018769,
  0.3351960197398572,
  0.3696168836947874,
  0.4075723835213587,
  0.449425486597771,
  0.49557643297256987,
  0.5464665628489841,
  0.6025825371088854,
  0.6644609912371261,
  0.7326936671515999,
  0.8079330720145728,
  0.8908987181403393,
  0.9823840036712642,
  1.0832637998219208,
  1.1945028172479306,
  1.3171648315468518,
  1.4524228561143249,
  1.6015703596382094,
  1.7660336355032968,
  1.9473854413948684,
  2.1473600395362378,
  2.36786978138966,
  2.611023395419619,
  2.879146152803877,
  3.1748021039363987,
  3.500818598369214,
  3.86031332267673,
  4.25672411480482,
  4.693841840018505,
  5.175846642839929,
  5.707347921652972,
  6.293428408250444,
  6.939692773855387,
  7.652321226434491,
  8.438128611853172,
  9.3046295840551,
  10.260110467486651,
  11.313708498984761
 ],
 "border_radii": [
  10,
  10,
  10,
  10,
  10,
  10,
  10,
  10,
  10,
  10,
  10,
  10,
  10,
  10,
  10,
  10,
  10,
  10,
  10,
  10,
  10,
  10,
  10,
  10,
  10,
  11,
  12,
  14,
  15,
  17,
  18,
  20,
  22,
  25,
  27,
  30,
  33,
  37,
  41,
  45
 ]
}