{
 "time": "181120_0452",
 "filename": "T-BN9430295.png",
 "alphas": [
  0.07979685888700659,
  0.08097184368243199,
  0.08244105663365213,
  0.08442735698493012,
  0.08675326117602979,
  0.08957155156400677,
  0.09307550505236942,
  0.09749210846473452,
  0.10322106419281729,
  0.11058963552235733,
  0.1202030747659681,
  0.1286114358578584,
  0.13281958716510728,
  0.13233957259602386,
  0.132086262854739,
  0.13310251415966146,
  0.1359632776950696,
  0.14182457592165978,
  0.14361907846742591,
  0.14924157824803944,
  0.158504894653041,
  0.16799220378389468,
  0.1800454209884827,
  0.19494669631724876,
  0.20793054932278637,
  0.21270744958534724,
  0.2066776851260112,
  0.2071685392388264,
  0.21275888318781164,
  0.22501574490334686,
  0.24102289483482897,
  0.25361404645086094,
  0.2520271118794319,
  0.255593845886558,
  0.25401853463172674,
  0.2609426924049622,
  0.2839569753210625,
  0.3262125344683644,
  0.3442967628293904,
  0.33589935318314895
 ],
 "betas": [
  0.5,
  0.5,
  0.5,
  0.5,
  0.5,
  0.5,
  0.5,
  0.5,
  0.5,
  0.5,
  0.5,
  0.5,
  0.5,
  0.5,
  0.5,
  0.5,
  0.5,
  0.5,
  0.5,
  0.5,
  0.5,
  0.5,
  0.5,
  0.5,
  0.5,
  0.5,
  0.5,
  0.5,
  0.5,
  0.5,
  0.5,
  0.5,
  0.5,
  0.5,
  0.5,
  0.5,
  0.5,
  0.5,
  0.5,
  0.5
 ],
 "gammas": [
  0.09012428792816658,
  0.08868977380990674,
  0.08698790285870456,
  0.084979175593591,
  0.08262280039834217,
  0.07987885558189657,
  0.07671144035850433,
  0.07309292736913023,
  0.06900927142424224,
  0.0645799606001186,
  0.06059484994723172,
  0.05621957691667347,
  0.05150341346358409,
  0.04652451225300473,
  0.041503311813373994,
  0.0368012808651923,
  0.03208716890680323,
  0.028625056455856574,
  0.02519894877332453,
  0.021923860230888607,
  0.01896577732097953,
  0.016387763267614427,
  0.014041919986232011,
  0.012045840465417392,
  0.010304067581516679,
  0.008644386933467915,
  0.00710251998319394,
  0.005832042807340309,
  0.0052126569758185505,
  0.004535988373448246,
  0.0038602023832709723,
  0.003255456763762727,
  0.0027218025547517555,
  0.0024534803132577445,
  0.0021630104635932245,
  0.0018578915176620775,
  0.0015531157643539682,
  0.0012756166761056504,
  0.0010284367477272904,
  0.0008314911673198901
 ],
 "sigmas": [
  0.25,
  0.2756721902468024,
  0.3039806259018769,
  0.3351960197398572,
  0.3696168836947874,
  0.4075723835213587,
  0.449425486597771,
  0.49557643297256987,
  0.5464665628489841,
  0.6025825371088854,
  0.6644609912371261,
  0.7326936671515999,
  0.8079330720145728,
  0.8908987181403393,
  0.9823840036712642,
  1.0832637998219208,
  1.1945028172479306,
  1.3171648315468518,
  1.4524228561143249,
  1.6015703596382094,
  1.7660336355032968,
  1.9473854413948684,
  2.1473600395362378,
  2.36786978138966,
  2.611023395419619,
  2.879146152803877,
  3.1748021039363987,
  3.500818598369214,
  3.86031332267673,
  4.25672411480482,
  4.693841840018505,
  5.175846642839929,
  5.707347921652972,
  6.293428408250444,
  6.939692773855387,
  7.652321226434491,
  8.438128611853172,
  9.3046295840551,
  10.260110467486651,
  11.313708498984761
 ],
 "border_radii": [
  10,
  10,
  10,
  10,
  10,
  10,
  10,
  10,
  10,
  10,
  10,
  10,
  10,
  10,
  10,
  10,
  10,
  10,
  10,
  10,
  10,
  10,
  10,
  10,
  10,
  11,
  12,
  14,
  15,
  17,
  18,
  20,
  22,
  25,
  27,
  30,
  33,
  37,
  41,
  45
 ]
}