{
 "time": "181120_0145",
 "filename": "T-BN0061827.png",
 "alphas": [
  0.056572702234650295,
  0.05710012056030156,
  0.05779822992230546,
  0.05861155915646797,
  0.05963001482660632,
  0.060837688635053226,
  0.06228223059485006,
  0.06352678928656721,
  0.06503424055006304,
  0.066841849941337,
  0.06881574936593249,
  0.07137702980242439,
  0.07460260023111526,
  0.07873758605401852,
  0.08415054642580502,
  0.09061564025443862,
  0.09875162080915871,
  0.10890617793915641,
  0.12174594599477102,
  0.1330460031878201,
  0.1375985071888346,
  0.14487906967788305,
  0.15639106961517057,
  0.17254450177386094,
  0.1809680462223189,
  0.17536952146576432,
  0.16850877050449045,
  0.16474178599040806,
  0.16213494712204957,
  0.15977094792775767,
  0.15793800848657108,
  0.15975346893803685,
  0.1639165105572157,
  0.1710136083074431,
  0.16345726907918895,
  0.14955067548689516,
  0.14142074902774343,
  0.1382298682328295,
  0.1356048171113036,
  0.13011301266298422
 ],
 "betas": [
  0.5,
  0.5,
  0.5,
  0.5,
  0.5,
  0.5,
  0.5,
  0.5,
  0.5,
  0.5,
  0.5,
  0.5,
  0.5,
  0.5,
  0.5,
  0.5,
  0.5,
  0.5,
  0.5,
  0.5,
  0.5,
  0.5,
  0.5,
  0.5,
  0.5,
  0.5,
  0.5,
  0.5,
  0.5,
  0.5,
  0.5,
  0.5,
  0.5,
  0.5,
  0.5,
  0.5,
  0.5,
  0.5,
  0.5,
  0.5
 ],
 "gammas": [
  0.18288376765186085,
  0.17919677018724428,
  0.17484230160231093,
  0.16973073414351433,
  0.16377411164049122,
  0.15689315747918386,
  0.14902688231596842,
  0.14014480175826677,
  0.13026117175051385,
  0.11944971803550523,
  0.1078561413331291,
  0.0957045037718217,
  0.08329302392520345,
  0.07097564507873637,
  0.05912869421802379,
  0.048106901010783056,
  0.03819835700374747,
  0.02959064286460588,
  0.023422594746323598,
  0.019208054822437252,
  0.015537447270312888,
  0.012415949630179494,
  0.010145105257075824,
  0.008933030001474457,
  0.007731279992067583,
  0.006557133321089569,
  0.005453795650892137,
  0.004453163275571305,
  0.0037448311040814393,
  0.003233119995921512,
  0.0029217739905544413,
  0.00256305821557762,
  0.0021900149336574874,
  0.0018289578664434842,
  0.0015573524403111477,
  0.0013202779673521178,
  0.0011147038403762051,
  0.0009381126429162058,
  0.0007766276378382104,
  0.0006339296433883387
 ],
 "sigmas": [
  0.25,
  0.2756721902468024,
  0.3039806259018769,
  0.3351960197398572,
  0.3696168836947874,
  0.4075723835213587,
  0.449425486597771,
  0.49557643297256987,
  0.5464665628489841,
  0.6025825371088854,
  0.6644609912371261,
  0.7326936671515999,
  0.8079330720145728,
  0.8908987181403393,
  0.9823840036712642,
  1.0832637998219208,
  1.1945028172479306,
  1.3171648315468518,
  1.4524228561143249,
  1.6015703596382094,
  1.7660336355032968,
  1.9473854413948684,
  2.1473600395362378,
  2.36786978138966,
  2.611023395419619,
  2.879146152803877,
  3.1748021039363987,
  3.500818598369214,
  3.86031332267673,
  4.25672411480482,
  4.693841840018505,
  5.175846642839929,
  5.707347921652972,
  6.293428408250444,
  6.939692773855387,
  7.652321226434491,
  8.438128611853172,
  9.3046295840551,
  10.260110467486651,
  11.313708498984761
 ],
 "border_radii": [
  10,
  10,
  10,
  10,
  10,
  10,
  10,
  10,
  10,
  10,
  10,
  10,
  10,
  10,
  10,
  10,
  10,
  10,
  10,
  10,
  10,
  10,
  10,
  10,
  10,
  11,
  12,
  14,
  15,
  17,
  18,
  20,
  22,
  25,
  27,
  30,
  33,
  37,
  41,
  45
 ]
}