{
 "time": "181120_0329",
 "filename": "T-BN5766074.png",
 "alphas": [
  0.04571126529011421,
  0.046810539706797896,
  0.048147250406080075,
  0.04896610528691814,
  0.04967480762229212,
  0.050512673449517015,
  0.051519932059134604,
  0.05269260606342582,
  0.0542975377484718,
  0.05631385114196859,
  0.058881257352576384,
  0.062140593896313594,
  0.06635339976579871,
  0.0717558646926051,
  0.07896790307614193,
  0.08846054044910423,
  0.10065149426279485,
  0.11058541796044782,
  0.11949458409862566,
  0.12802585103803416,
  0.1370098860204397,
  0.14801513408874095,
  0.16554874303584646,
  0.18867895040449073,
  0.210138931339819,
  0.21801920171519887,
  0.22568864983122017,
  0.23781218848945926,
  0.25710584713876683,
  0.28567623982377294,
  0.3057280183691851,
  0.28916434724897633,
  0.27909104339247276,
  0.2735758984874911,
  0.2491154161459194,
  0.2352590996326481,
  0.22743478592630506,
  0.22403165894909866,
  0.21541052489221324,
  0.2046685293103855
 ],
 "betas": [
  0.5,
  0.5,
  0.5,
  0.5,
  0.5,
  0.5,
  0.5,
  0.5,
  0.5,
  0.5,
  0.5,
  0.5,
  0.5,
  0.5,
  0.5,
  0.5,
  0.5,
  0.5,
  0.5,
  0.5,
  0.5,
  0.5,
  0.5,
  0.5,
  0.5,
  0.5,
  0.5,
  0.5,
  0.5,
  0.5,
  0.5,
  0.5,
  0.5,
  0.5,
  0.5,
  0.5,
  0.5,
  0.5,
  0.5,
  0.5
 ],
 "gammas": [
  0.1380005895421583,
  0.13600046733546206,
  0.1336212654820501,
  0.13080413901475896,
  0.1274868962183416,
  0.12360659961044984,
  0.11910356665118241,
  0.11392704145553796,
  0.10804266210641307,
  0.10144154326479721,
  0.09415028923880486,
  0.08624055539840184,
  0.07783599539954182,
  0.0691138324774317,
  0.06029829449554408,
  0.05164420624341302,
  0.04341133849245735,
  0.035833267432268334,
  0.029087354345363643,
  0.02382651790420484,
  0.01969161815689205,
  0.01671856677376939,
  0.013860000469207665,
  0.01124345645446213,
  0.00911805104559191,
  0.0074720713974814525,
  0.00611972261044532,
  0.005147002688934674,
  0.004350544206294633,
  0.0036216452410814033,
  0.0029627500876811793,
  0.002690138259316004,
  0.002419660350308872,
  0.002117504231135217,
  0.0018094265558590186,
  0.0015144714070249904,
  0.0012721057597788702,
  0.001054349593912835,
  0.0008395456512315288,
  0.0006656466789883589
 ],
 "sigmas": [
  0.25,
  0.2756721902468024,
  0.3039806259018769,
  0.3351960197398572,
  0.3696168836947874,
  0.4075723835213587,
  0.449425486597771,
  0.49557643297256987,
  0.5464665628489841,
  0.6025825371088854,
  0.6644609912371261,
  0.7326936671515999,
  0.8079330720145728,
  0.8908987181403393,
  0.9823840036712642,
  1.0832637998219208,
  1.1945028172479306,
  1.3171648315468518,
  1.4524228561143249,
  1.6015703596382094,
  1.7660336355032968,
  1.9473854413948684,
  2.1473600395362378,
  2.36786978138966,
  2.611023395419619,
  2.879146152803877,
  3.1748021039363987,
  3.500818598369214,
  3.86031332267673,
  4.25672411480482,
  4.693841840018505,
  5.175846642839929,
  5.707347921652972,
  6.293428408250444,
  6.939692773855387,
  7.652321226434491,
  8.438128611853172,
  9.3046295840551,
  10.260110467486651,
  11.313708498984761
 ],
 "border_radii": [
  10,
  10,
  10,
  10,
  10,
  10,
  10,
  10,
  10,
  10,
  10,
  10,
  10,
  10,
  10,
  10,
  10,
  10,
  10,
  10,
  10,
  10,
  10,
  10,
  10,
  11,
  12,
  14,
  15,
  17,
  18,
  20,
  22,
  25,
  27,
  30,
  33,
  37,
  41,
  45
 ]
}