{
 "time": "181120_0312",
 "filename": "T-BN4442496.png",
 "alphas": [
  0.07125989708331729,
  0.07203103527349296,
  0.07307850306897828,
  0.07431682140591248,
  0.07600244717474484,
  0.07798069863325544,
  0.08039867143117975,
  0.0833583842202943,
  0.08711180010052465,
  0.09178889858264855,
  0.09767124946513374,
  0.10432449737939724,
  0.11013091051074778,
  0.11778941882871376,
  0.12757446170699077,
  0.13976418116410116,
  0.15553163890441737,
  0.1765490125590927,
  0.20303691205156377,
  0.23451338914003336,
  0.23438719723506685,
  0.23706334221837255,
  0.2448313868106169,
  0.2586032890311582,
  0.27850355876308236,
  0.2922146653291763,
  0.29326697222153586,
  0.296459985395678,
  0.30042088718280385,
  0.29611797152205327,
  0.2964232127043883,
  0.27118746774811064,
  0.24953221542927423,
  0.23116218186834453,
  0.20723560206125852,
  0.1912198770313327,
  0.17122567532665706,
  0.15774131840227157,
  0.14968044534531572,
  0.14360984426155846
 ],
 "betas": [
  0.5,
  0.5,
  0.5,
  0.5,
  0.5,
  0.5,
  0.5,
  0.5,
  0.5,
  0.5,
  0.5,
  0.5,
  0.5,
  0.5,
  0.5,
  0.5,
  0.5,
  0.5,
  0.5,
  0.5,
  0.5,
  0.5,
  0.5,
  0.5,
  0.5,
  0.5,
  0.5,
  0.5,
  0.5,
  0.5,
  0.5,
  0.5,
  0.5,
  0.5,
  0.5,
  0.5,
  0.5,
  0.5,
  0.5,
  0.5
 ],
 "gammas": [
  0.17099784554609404,
  0.16741395615770074,
  0.16318995812123596,
  0.15824389276208287,
  0.15249750877079932,
  0.14588360486257387,
  0.13835584707316073,
  0.12990090561192988,
  0.12055207352008136,
  0.11040252690053354,
  0.09961518071188355,
  0.08842505240427434,
  0.07712985007963957,
  0.0661956827524903,
  0.056471751079776304,
  0.04722698893009735,
  0.04199063014600334,
  0.03767103277760295,
  0.03324700196045926,
  0.028755326479289495,
  0.024374861132820405,
  0.02026623595766196,
  0.016581805319706776,
  0.013472995563771947,
  0.01075405841217942,
  0.008440302850989225,
  0.006514250231725135,
  0.00536459847297007,
  0.004444605728705541,
  0.004132747491690914,
  0.0037307135480682584,
  0.003296731488291483,
  0.0028783663593536317,
  0.002462198931501935,
  0.0020813875291170497,
  0.0017558670969773584,
  0.0014618711098515042,
  0.0011804165710045129,
  0.000924437015408166,
  0.0007026108884663956
 ],
 "sigmas": [
  0.25,
  0.2756721902468024,
  0.3039806259018769,
  0.3351960197398572,
  0.3696168836947874,
  0.4075723835213587,
  0.449425486597771,
  0.49557643297256987,
  0.5464665628489841,
  0.6025825371088854,
  0.6644609912371261,
  0.7326936671515999,
  0.8079330720145728,
  0.8908987181403393,
  0.9823840036712642,
  1.0832637998219208,
  1.1945028172479306,
  1.3171648315468518,
  1.4524228561143249,
  1.6015703596382094,
  1.7660336355032968,
  1.9473854413948684,
  2.1473600395362378,
  2.36786978138966,
  2.611023395419619,
  2.879146152803877,
  3.1748021039363987,
  3.500818598369214,
  3.86031332267673,
  4.25672411480482,
  4.693841840018505,
  5.175846642839929,
  5.707347921652972,
  6.293428408250444,
  6.939692773855387,
  7.652321226434491,
  8.438128611853172,
  9.3046295840551,
  10.260110467486651,
  11.313708498984761
 ],
 "border_radii": [
  10,
  10,
  10,
  10,
  10,
  10,
  10,
  10,
  10,
  10,
  10,
  10,
  10,
  10,
  10,
  10,
  10,
  10,
  10,
  10,
  10,
  10,
  10,
  10,
  10,
  11,
  12,
  14,
  15,
  17,
  18,
  20,
  22,
  25,
  27,
  30,
  33,
  37,
  41,
  45
 ]
}