{
 "time": "181120_0423",
 "filename": "T-BN8166392.png",
 "alphas": [
  0.041989830863936685,
  0.04260323690912947,
  0.043389306562308605,
  0.04434326408800367,
  0.04552339302557955,
  0.0470842530322277,
  0.049022141733841784,
  0.051296301295341074,
  0.054245683749169014,
  0.05799898947576302,
  0.06301058201363599,
  0.06887457392546432,
  0.07646637104803863,
  0.08650771827666368,
  0.0998096930887666,
  0.1166510153942762,
  0.12865107137608525,
  0.13396328394722032,
  0.14143076766011903,
  0.15086345708325424,
  0.15656357143759725,
  0.16160800014041307,
  0.16842438662649817,
  0.1771719298991672,
  0.18518252022344547,
  0.19751142565813462,
  0.2140585837305637,
  0.23036759125534478,
  0.24056005250516144,
  0.24990542422665793,
  0.2501354959148794,
  0.22513893265086263,
  0.18880273024351793,
  0.16334471156894262,
  0.14816280277074406,
  0.13766073449675523,
  0.13214671521377777,
  0.12453553703101185,
  0.12496011590052777,
  0.1224890580760537
 ],
 "betas": [
  0.5,
  0.5,
  0.5,
  0.5,
  0.5,
  0.5,
  0.5,
  0.5,
  0.5,
  0.5,
  0.5,
  0.5,
  0.5,
  0.5,
  0.5,
  0.5,
  0.5,
  0.5,
  0.5,
  0.5,
  0.5,
  0.5,
  0.5,
  0.5,
  0.5,
  0.5,
  0.5,
  0.5,
  0.5,
  0.5,
  0.5,
  0.5,
  0.5,
  0.5,
  0.5,
  0.5,
  0.5,
  0.5,
  0.5,
  0.5
 ],
 "gammas": [
  0.10261713501995547,
  0.10095181593897297,
  0.09897576219520884,
  0.09664296307795595,
  0.0940594923961293,
  0.09116446669789409,
  0.08780242798784031,
  0.08393424097096465,
  0.0795326018946919,
  0.07458877735903242,
  0.06912008158172833,
  0.06366820699930419,
  0.05869741947594592,
  0.054230695280708986,
  0.049385350605031776,
  0.04454075655567791,
  0.040715530848038785,
  0.03646406992182073,
  0.03194609104937218,
  0.027358766290428594,
  0.022905177273994805,
  0.01894226005581775,
  0.01654821160311995,
  0.014881287421360084,
  0.01324719383144873,
  0.011645552983421157,
  0.009990335056245834,
  0.008306162486352079,
  0.0066917463047382435,
  0.005219122116037223,
  0.003931233996979414,
  0.00320408965519839,
  0.002710007481826638,
  0.0023558490040007677,
  0.0020271234436780284,
  0.0017144025814944941,
  0.0014226103062920242,
  0.0011667178981528996,
  0.0009818062534614868,
  0.0008278185960553426
 ],
 "sigmas": [
  0.25,
  0.2756721902468024,
  0.3039806259018769,
  0.3351960197398572,
  0.3696168836947874,
  0.4075723835213587,
  0.449425486597771,
  0.49557643297256987,
  0.5464665628489841,
  0.6025825371088854,
  0.6644609912371261,
  0.7326936671515999,
  0.8079330720145728,
  0.8908987181403393,
  0.9823840036712642,
  1.0832637998219208,
  1.1945028172479306,
  1.3171648315468518,
  1.4524228561143249,
  1.6015703596382094,
  1.7660336355032968,
  1.9473854413948684,
  2.1473600395362378,
  2.36786978138966,
  2.611023395419619,
  2.879146152803877,
  3.1748021039363987,
  3.500818598369214,
  3.86031332267673,
  4.25672411480482,
  4.693841840018505,
  5.175846642839929,
  5.707347921652972,
  6.293428408250444,
  6.939692773855387,
  7.652321226434491,
  8.438128611853172,
  9.3046295840551,
  10.260110467486651,
  11.313708498984761
 ],
 "border_radii": [
  10,
  10,
  10,
  10,
  10,
  10,
  10,
  10,
  10,
  10,
  10,
  10,
  10,
  10,
  10,
  10,
  10,
  10,
  10,
  10,
  10,
  10,
  10,
  10,
  10,
  11,
  12,
  14,
  15,
  17,
  18,
  20,
  22,
  25,
  27,
  30,
  33,
  37,
  41,
  45
 ]
}