{
 "time": "181120_0323",
 "filename": "T-BN5197585.png",
 "alphas": [
  0.018883721873101885,
  0.019243459973270833,
  0.019691784246223736,
  0.020229897235710434,
  0.0209443992944333,
  0.02183521850931796,
  0.022926872955802202,
  0.02432202216364946,
  0.02607201757965323,
  0.028384156592018466,
  0.03147187731988458,
  0.0354856223817108,
  0.04091202197883792,
  0.048370004414031165,
  0.05842638421221473,
  0.07214856537353978,
  0.08004411755434201,
  0.08360001748486677,
  0.08807058759573046,
  0.08654961955043622,
  0.0862368350691717,
  0.08556362203350847,
  0.08640841205629801,
  0.08910106665882442,
  0.09174683658191543,
  0.0952041403475426,
  0.10085361106914262,
  0.10880351888990987,
  0.11590613710770749,
  0.12040391595943115,
  0.12093022766067031,
  0.122744071591143,
  0.12502679842590897,
  0.12944975398757924,
  0.1354516834866259,
  0.14425310885305404,
  0.15519613178160863,
  0.16901286597601708,
  0.1703174989590773,
  0.1691019163866188
 ],
 "betas": [
  0.5,
  0.5,
  0.5,
  0.5,
  0.5,
  0.5,
  0.5,
  0.5,
  0.5,
  0.5,
  0.5,
  0.5,
  0.5,
  0.5,
  0.5,
  0.5,
  0.5,
  0.5,
  0.5,
  0.5,
  0.5,
  0.5,
  0.5,
  0.5,
  0.5,
  0.5,
  0.5,
  0.5,
  0.5,
  0.5,
  0.5,
  0.5,
  0.5,
  0.5,
  0.5,
  0.5,
  0.5,
  0.5,
  0.5,
  0.5
 ],
 "gammas": [
  0.13087839501296727,
  0.12814510965769627,
  0.12491614823973474,
  0.12112471944508041,
  0.1167052757709363,
  0.11159883145112895,
  0.10576032020983508,
  0.09916805653951286,
  0.09183491805643268,
  0.08382014640206759,
  0.07523969069130922,
  0.0664585273426606,
  0.05895227357242791,
  0.05133936892875034,
  0.045511092669331926,
  0.0417387461664904,
  0.03767680974781078,
  0.033428113957366015,
  0.02912216781940795,
  0.02489997243567994,
  0.021468453430363032,
  0.01845207876634177,
  0.01555634488536871,
  0.012869352653935939,
  0.010452344814907666,
  0.008752702257427178,
  0.007382835507741597,
  0.006223177496131133,
  0.005295592410376354,
  0.004434324076248161,
  0.0036778930902536615,
  0.003358426225332626,
  0.0030855131117174758,
  0.0027459630979139674,
  0.0023773914572082925,
  0.002038346498192,
  0.0017229107251759718,
  0.0014549983150763184,
  0.001232433156232864,
  0.001043789026582815
 ],
 "sigmas": [
  0.25,
  0.2756721902468024,
  0.3039806259018769,
  0.3351960197398572,
  0.3696168836947874,
  0.4075723835213587,
  0.449425486597771,
  0.49557643297256987,
  0.5464665628489841,
  0.6025825371088854,
  0.6644609912371261,
  0.7326936671515999,
  0.8079330720145728,
  0.8908987181403393,
  0.9823840036712642,
  1.0832637998219208,
  1.1945028172479306,
  1.3171648315468518,
  1.4524228561143249,
  1.6015703596382094,
  1.7660336355032968,
  1.9473854413948684,
  2.1473600395362378,
  2.36786978138966,
  2.611023395419619,
  2.879146152803877,
  3.1748021039363987,
  3.500818598369214,
  3.86031332267673,
  4.25672411480482,
  4.693841840018505,
  5.175846642839929,
  5.707347921652972,
  6.293428408250444,
  6.939692773855387,
  7.652321226434491,
  8.438128611853172,
  9.3046295840551,
  10.260110467486651,
  11.313708498984761
 ],
 "border_radii": [
  10,
  10,
  10,
  10,
  10,
  10,
  10,
  10,
  10,
  10,
  10,
  10,
  10,
  10,
  10,
  10,
  10,
  10,
  10,
  10,
  10,
  10,
  10,
  10,
  10,
  11,
  12,
  14,
  15,
  17,
  18,
  20,
  22,
  25,
  27,
  30,
  33,
  37,
  41,
  45
 ]
}