{
 "time": "181120_0251",
 "filename": "T-BN3109757.png",
 "alphas": [
  0.05534810082804299,
  0.05620624543367827,
  0.057367326937079875,
  0.05871860258776532,
  0.06038286528482525,
  0.06256353521986391,
  0.0652481392853848,
  0.06854429100564477,
  0.07275604547996023,
  0.07781996355417864,
  0.08448069942886668,
  0.09313876291554041,
  0.10362249378716384,
  0.11236394428938032,
  0.11893705338402659,
  0.12690738283343028,
  0.1365910142085416,
  0.1497548764384763,
  0.1669158889393374,
  0.18768120470677707,
  0.20739340539238307,
  0.21765588532207897,
  0.23167769426854962,
  0.24984922274630936,
  0.26377256037697006,
  0.2820791866483157,
  0.3068853254249249,
  0.3161282350312477,
  0.2949894801174282,
  0.24874783978664503,
  0.21733793835578047,
  0.19673419861681332,
  0.18178121420446644,
  0.1591018338252597,
  0.14382467363819693,
  0.13590639733772875,
  0.1282821904788864,
  0.11509070055409185,
  0.10589813055649569,
  0.09895388565002522
 ],
 "betas": [
  0.5,
  0.5,
  0.5,
  0.5,
  0.5,
  0.5,
  0.5,
  0.5,
  0.5,
  0.5,
  0.5,
  0.5,
  0.5,
  0.5,
  0.5,
  0.5,
  0.5,
  0.5,
  0.5,
  0.5,
  0.5,
  0.5,
  0.5,
  0.5,
  0.5,
  0.5,
  0.5,
  0.5,
  0.5,
  0.5,
  0.5,
  0.5,
  0.5,
  0.5,
  0.5,
  0.5,
  0.5,
  0.5,
  0.5,
  0.5
 ],
 "gammas": [
  0.11706997101867501,
  0.11462049522556712,
  0.1117244269058815,
  0.10832041013854447,
  0.10574203823182363,
  0.10326919348360257,
  0.10035885226148338,
  0.09695755880639852,
  0.09301606329327977,
  0.08849499616965568,
  0.08337226433958371,
  0.07765186041408996,
  0.0713731609142231,
  0.06461898363570541,
  0.05794386758164732,
  0.05154732946998607,
  0.044987786576399964,
  0.03846226975736292,
  0.032182215791908865,
  0.027309156177135186,
  0.02295772916424123,
  0.01895794450473085,
  0.015568693666566403,
  0.012708828807875541,
  0.010216120066311117,
  0.00809288445267165,
  0.006550451352982001,
  0.005538451922096265,
  0.004688390974188184,
  0.003880724574069619,
  0.0033541046228688772,
  0.003021244344595615,
  0.002786272221325685,
  0.0025061730802857125,
  0.002209809317829901,
  0.0019057345541529144,
  0.0016195220313940388,
  0.0013632679636895017,
  0.0011417155658078532,
  0.0009486784692066436
 ],
 "sigmas": [
  0.25,
  0.2756721902468024,
  0.3039806259018769,
  0.3351960197398572,
  0.3696168836947874,
  0.4075723835213587,
  0.449425486597771,
  0.49557643297256987,
  0.5464665628489841,
  0.6025825371088854,
  0.6644609912371261,
  0.7326936671515999,
  0.8079330720145728,
  0.8908987181403393,
  0.9823840036712642,
  1.0832637998219208,
  1.1945028172479306,
  1.3171648315468518,
  1.4524228561143249,
  1.6015703596382094,
  1.7660336355032968,
  1.9473854413948684,
  2.1473600395362378,
  2.36786978138966,
  2.611023395419619,
  2.879146152803877,
  3.1748021039363987,
  3.500818598369214,
  3.86031332267673,
  4.25672411480482,
  4.693841840018505,
  5.175846642839929,
  5.707347921652972,
  6.293428408250444,
  6.939692773855387,
  7.652321226434491,
  8.438128611853172,
  9.3046295840551,
  10.260110467486651,
  11.313708498984761
 ],
 "border_radii": [
  10,
  10,
  10,
  10,
  10,
  10,
  10,
  10,
  10,
  10,
  10,
  10,
  10,
  10,
  10,
  10,
  10,
  10,
  10,
  10,
  10,
  10,
  10,
  10,
  10,
  11,
  12,
  14,
  15,
  17,
  18,
  20,
  22,
  25,
  27,
  30,
  33,
  37,
  41,
  45
 ]
}