{
 "time": "181120_0307",
 "filename": "T-BN4031846.png",
 "alphas": [
  0.0514660430797379,
  0.0518603194258999,
  0.05236828403533553,
  0.05300569161228142,
  0.05382410768319116,
  0.05483410195809163,
  0.0559704913630984,
  0.05747888306134891,
  0.059266149677914236,
  0.06058820925130004,
  0.06250419629857015,
  0.06501666332573548,
  0.0691326282218842,
  0.07463840020020526,
  0.08270460403374552,
  0.09054396662146803,
  0.09294990993024378,
  0.09718713862473133,
  0.10466347683994802,
  0.11544022986002538,
  0.13104389465764413,
  0.15259425808478796,
  0.18367158846451093,
  0.17792428205521685,
  0.17859290069732886,
  0.18686692996785886,
  0.20213990445765356,
  0.22025023236107516,
  0.2482553585275924,
  0.27430033279126875,
  0.29286528805570516,
  0.31485593947841906,
  0.3346434513817979,
  0.33281017070603736,
  0.3077190770576246,
  0.29040538487402184,
  0.2819293496665456,
  0.2677170367104658,
  0.24920395960151795,
  0.23530366519169205
 ],
 "betas": [
  0.5,
  0.5,
  0.5,
  0.5,
  0.5,
  0.5,
  0.5,
  0.5,
  0.5,
  0.5,
  0.5,
  0.5,
  0.5,
  0.5,
  0.5,
  0.5,
  0.5,
  0.5,
  0.5,
  0.5,
  0.5,
  0.5,
  0.5,
  0.5,
  0.5,
  0.5,
  0.5,
  0.5,
  0.5,
  0.5,
  0.5,
  0.5,
  0.5,
  0.5,
  0.5,
  0.5,
  0.5,
  0.5,
  0.5,
  0.5
 ],
 "gammas": [
  0.17366920007599795,
  0.17059310466173702,
  0.16694369334542902,
  0.16263648475169654,
  0.15758452223108124,
  0.1517032672115969,
  0.1449177839589444,
  0.13717253687602296,
  0.12844379070432765,
  0.11875398791138511,
  0.1081865294603243,
  0.09689817079537659,
  0.08512504445725431,
  0.07317770847648027,
  0.061421410429916445,
  0.05024067544549201,
  0.04041366811891809,
  0.035690473522231224,
  0.031549755547764784,
  0.02735720891814262,
  0.023636128176259187,
  0.019979291684965116,
  0.01663458608059135,
  0.013753101417703903,
  0.011171647608631022,
  0.009032713231975912,
  0.007146303525150014,
  0.005536137781667091,
  0.0043832372179999175,
  0.0037576659120942225,
  0.003229219814913895,
  0.0027425972897788444,
  0.002311917368087208,
  0.0019532748995290043,
  0.00161249496230169,
  0.001305043179102501,
  0.0010997604214323965,
  0.0009074805231343917,
  0.0007252825758159135,
  0.0005986836720035869
 ],
 "sigmas": [
  0.25,
  0.2756721902468024,
  0.3039806259018769,
  0.3351960197398572,
  0.3696168836947874,
  0.4075723835213587,
  0.449425486597771,
  0.49557643297256987,
  0.5464665628489841,
  0.6025825371088854,
  0.6644609912371261,
  0.7326936671515999,
  0.8079330720145728,
  0.8908987181403393,
  0.9823840036712642,
  1.0832637998219208,
  1.1945028172479306,
  1.3171648315468518,
  1.4524228561143249,
  1.6015703596382094,
  1.7660336355032968,
  1.9473854413948684,
  2.1473600395362378,
  2.36786978138966,
  2.611023395419619,
  2.879146152803877,
  3.1748021039363987,
  3.500818598369214,
  3.86031332267673,
  4.25672411480482,
  4.693841840018505,
  5.175846642839929,
  5.707347921652972,
  6.293428408250444,
  6.939692773855387,
  7.652321226434491,
  8.438128611853172,
  9.3046295840551,
  10.260110467486651,
  11.313708498984761
 ],
 "border_radii": [
  10,
  10,
  10,
  10,
  10,
  10,
  10,
  10,
  10,
  10,
  10,
  10,
  10,
  10,
  10,
  10,
  10,
  10,
  10,
  10,
  10,
  10,
  10,
  10,
  10,
  11,
  12,
  14,
  15,
  17,
  18,
  20,
  22,
  25,
  27,
  30,
  33,
  37,
  41,
  45
 ]
}