{
 "time": "181120_0430",
 "filename": "T-BN8441842.png",
 "alphas": [
  0.02564420358754175,
  0.025720691862062817,
  0.025822281592258245,
  0.02587376260646758,
  0.025974671982134233,
  0.026112806476582633,
  0.026319104127971997,
  0.02667531564486774,
  0.027143710065601147,
  0.02768609083755188,
  0.028471921924485003,
  0.029535989429163093,
  0.030813082723668256,
  0.032499394161661636,
  0.034759739086022756,
  0.03775832205541595,
  0.04150101339668985,
  0.04607023114136215,
  0.046667537547255805,
  0.04785365261596778,
  0.05070351999112166,
  0.05225352850399537,
  0.05446049797782486,
  0.05845243949287915,
  0.05857978363655947,
  0.06057422993152668,
  0.06452822711236172,
  0.06857789561256598,
  0.07340211996708368,
  0.0728495877814732,
  0.06775441902827699,
  0.0661023328345307,
  0.06730858210108509,
  0.07141887137362085,
  0.07831446215115767,
  0.0879124053923042,
  0.10027434590964979,
  0.11195309301554549,
  0.12373869585422484,
  0.13460378153318567
 ],
 "betas": [
  0.5,
  0.5,
  0.5,
  0.5,
  0.5,
  0.5,
  0.5,
  0.5,
  0.5,
  0.5,
  0.5,
  0.5,
  0.5,
  0.5,
  0.5,
  0.5,
  0.5,
  0.5,
  0.5,
  0.5,
  0.5,
  0.5,
  0.5,
  0.5,
  0.5,
  0.5,
  0.5,
  0.5,
  0.5,
  0.5,
  0.5,
  0.5,
  0.5,
  0.5,
  0.5,
  0.5,
  0.5,
  0.5,
  0.5,
  0.5
 ],
 "gammas": [
  0.06728767782992506,
  0.06629594087328326,
  0.06511627496162618,
  0.06371951973161637,
  0.062074858700030176,
  0.06015110500722615,
  0.05791867465937174,
  0.05535237547631254,
  0.05243506298417263,
  0.0491620579394138,
  0.04554596550494607,
  0.041621192382218515,
  0.0374470912596504,
  0.033108420035961636,
  0.028711908754831005,
  0.026190436161378693,
  0.023832300765804993,
  0.021396165100627806,
  0.018947666940585663,
  0.01655387623388285,
  0.014275214881099257,
  0.01215957733955733,
  0.010715273471594814,
  0.009486541243982084,
  0.008307083135445275,
  0.007122703342109067,
  0.0059849066501115045,
  0.004950230093635484,
  0.0040297977825526545,
  0.003221025569635663,
  0.0028811739127792826,
  0.0025981665939545286,
  0.0023019394820942662,
  0.0021849413471217776,
  0.002026572936160498,
  0.0018297243580530326,
  0.0016091586242219084,
  0.001385443586279911,
  0.0011731088355038972,
  0.0009793837413403308
 ],
 "sigmas": [
  0.25,
  0.2756721902468024,
  0.3039806259018769,
  0.3351960197398572,
  0.3696168836947874,
  0.4075723835213587,
  0.449425486597771,
  0.49557643297256987,
  0.5464665628489841,
  0.6025825371088854,
  0.6644609912371261,
  0.7326936671515999,
  0.8079330720145728,
  0.8908987181403393,
  0.9823840036712642,
  1.0832637998219208,
  1.1945028172479306,
  1.3171648315468518,
  1.4524228561143249,
  1.6015703596382094,
  1.7660336355032968,
  1.9473854413948684,
  2.1473600395362378,
  2.36786978138966,
  2.611023395419619,
  2.879146152803877,
  3.1748021039363987,
  3.500818598369214,
  3.86031332267673,
  4.25672411480482,
  4.693841840018505,
  5.175846642839929,
  5.707347921652972,
  6.293428408250444,
  6.939692773855387,
  7.652321226434491,
  8.438128611853172,
  9.3046295840551,
  10.260110467486651,
  11.313708498984761
 ],
 "border_radii": [
  10,
  10,
  10,
  10,
  10,
  10,
  10,
  10,
  10,
  10,
  10,
  10,
  10,
  10,
  10,
  10,
  10,
  10,
  10,
  10,
  10,
  10,
  10,
  10,
  10,
  11,
  12,
  14,
  15,
  17,
  18,
  20,
  22,
  25,
  27,
  30,
  33,
  37,
  41,
  45
 ]
}