{
 "time": "181120_0152",
 "filename": "T-BN0339328.png",
 "alphas": [
  0.02707738674713315,
  0.027506146198029928,
  0.028021092512584375,
  0.028687131335449895,
  0.029490457572455532,
  0.030480497816000457,
  0.031701378892616594,
  0.03324275119614123,
  0.03523355568620552,
  0.037677534322285655,
  0.04083313556348456,
  0.04507198944682877,
  0.05024788883881012,
  0.05724246846850001,
  0.06616486640419506,
  0.07382232569238056,
  0.08296618588658616,
  0.09475294923834551,
  0.10577203510135663,
  0.12075805965724251,
  0.14041300159003095,
  0.15918305786178538,
  0.1824778294115441,
  0.2044736979185662,
  0.2134818225524977,
  0.2209919295633087,
  0.228052697509318,
  0.2371008678892549,
  0.24422683503982753,
  0.21431019416761288,
  0.18866683438871434,
  0.1710819898545152,
  0.14500011809904984,
  0.11710767886445002,
  0.10017313782440868,
  0.0916894991396332,
  0.08713299070926762,
  0.08412985787033184,
  0.08049670628427374,
  0.07850291072313606
 ],
 "betas": [
  0.5,
  0.5,
  0.5,
  0.5,
  0.5,
  0.5,
  0.5,
  0.5,
  0.5,
  0.5,
  0.5,
  0.5,
  0.5,
  0.5,
  0.5,
  0.5,
  0.5,
  0.5,
  0.5,
  0.5,
  0.5,
  0.5,
  0.5,
  0.5,
  0.5,
  0.5,
  0.5,
  0.5,
  0.5,
  0.5,
  0.5,
  0.5,
  0.5,
  0.5,
  0.5,
  0.5,
  0.5,
  0.5,
  0.5,
  0.5
 ],
 "gammas": [
  0.11918189906209627,
  0.1171961955627339,
  0.1148397453753889,
  0.11205754926295884,
  0.10879275444431051,
  0.10498968874064106,
  0.10059832265645545,
  0.0955803544424708,
  0.09029829280286181,
  0.08494699864299278,
  0.07907234934967453,
  0.07273833723659337,
  0.06604547433599126,
  0.0591283929456932,
  0.05214734697024463,
  0.04527391344745937,
  0.0386732946807433,
  0.0324874177672458,
  0.026823291175448488,
  0.02309973528619496,
  0.019976563098962365,
  0.01691472061136329,
  0.014369497201592411,
  0.01223435081299235,
  0.01096384149559906,
  0.009871053931879788,
  0.008826389559729425,
  0.007694006641017775,
  0.006515028987894476,
  0.0053684258490630165,
  0.004316379649880894,
  0.0034730114603127855,
  0.0029954048447410663,
  0.00252402119494356,
  0.0020855009533733357,
  0.0016952062229163344,
  0.0013731042701390639,
  0.00114108998934045,
  0.0009449930901036245,
  0.0007747762526078702
 ],
 "sigmas": [
  0.25,
  0.2756721902468024,
  0.3039806259018769,
  0.3351960197398572,
  0.3696168836947874,
  0.4075723835213587,
  0.449425486597771,
  0.49557643297256987,
  0.5464665628489841,
  0.6025825371088854,
  0.6644609912371261,
  0.7326936671515999,
  0.8079330720145728,
  0.8908987181403393,
  0.9823840036712642,
  1.0832637998219208,
  1.1945028172479306,
  1.3171648315468518,
  1.4524228561143249,
  1.6015703596382094,
  1.7660336355032968,
  1.9473854413948684,
  2.1473600395362378,
  2.36786978138966,
  2.611023395419619,
  2.879146152803877,
  3.1748021039363987,
  3.500818598369214,
  3.86031332267673,
  4.25672411480482,
  4.693841840018505,
  5.175846642839929,
  5.707347921652972,
  6.293428408250444,
  6.939692773855387,
  7.652321226434491,
  8.438128611853172,
  9.3046295840551,
  10.260110467486651,
  11.313708498984761
 ],
 "border_radii": [
  10,
  10,
  10,
  10,
  10,
  10,
  10,
  10,
  10,
  10,
  10,
  10,
  10,
  10,
  10,
  10,
  10,
  10,
  10,
  10,
  10,
  10,
  10,
  10,
  10,
  11,
  12,
  14,
  15,
  17,
  18,
  20,
  22,
  25,
  27,
  30,
  33,
  37,
  41,
  45
 ]
}