{
 "time": "181120_0223",
 "filename": "T-BN1602443.png",
 "alphas": [
  0.023567810673176287,
  0.02374943185091017,
  0.023963751000699078,
  0.02426761308732155,
  0.02465661893181796,
  0.025049896922748685,
  0.025658615371624754,
  0.02638702034859961,
  0.02729250933453188,
  0.02831128792730754,
  0.028780164168982006,
  0.029483682287643354,
  0.030403626006206965,
  0.03164739343440939,
  0.03338956988175874,
  0.035608983574645266,
  0.03864003322512364,
  0.04283951630346542,
  0.04820309170927127,
  0.05493199075517744,
  0.05307711585636422,
  0.053812257221690564,
  0.058004374002719856,
  0.06679318895483571,
  0.08044952389646108,
  0.09810138375690586,
  0.10063400874033296,
  0.10966667820409466,
  0.12278315440719947,
  0.14068804573233018,
  0.16299079942374983,
  0.18711785916601903,
  0.20508076402714437,
  0.21551112815812362,
  0.18136247863067595,
  0.15457601457666398,
  0.13700656612432333,
  0.12636296024576998,
  0.1200366591601342,
  0.11644051098640695
 ],
 "betas": [
  0.5,
  0.5,
  0.5,
  0.5,
  0.5,
  0.5,
  0.5,
  0.5,
  0.5,
  0.5,
  0.5,
  0.5,
  0.5,
  0.5,
  0.5,
  0.5,
  0.5,
  0.5,
  0.5,
  0.5,
  0.5,
  0.5,
  0.5,
  0.5,
  0.5,
  0.5,
  0.5,
  0.5,
  0.5,
  0.5,
  0.5,
  0.5,
  0.5,
  0.5,
  0.5,
  0.5,
  0.5,
  0.5,
  0.5,
  0.5
 ],
 "gammas": [
  0.1443348319070462,
  0.142230931801632,
  0.13972796628698594,
  0.13676387400196627,
  0.13327302846157887,
  0.1291889788245685,
  0.1244486773620164,
  0.11899848648501857,
  0.11280210197504378,
  0.10585019949093159,
  0.09817105984488995,
  0.08984065874779244,
  0.08098983959076053,
  0.07180552835647337,
  0.06550126100204268,
  0.05994342043959307,
  0.0540842519860735,
  0.0478473277412437,
  0.04143896608118285,
  0.035097722660884914,
  0.02906073391587665,
  0.023528493871344567,
  0.018638649302962804,
  0.014635991002822937,
  0.013012363452125026,
  0.011319064927287448,
  0.009616904471009385,
  0.008012427822660881,
  0.006588059598417812,
  0.00534999320325216,
  0.004305609259903375,
  0.003451837053235133,
  0.003032715402458346,
  0.0026551788944198323,
  0.002270019348068172,
  0.001898569528418163,
  0.001556337168091455,
  0.0012524919283019595,
  0.0009442787339710452,
  0.0007710434675569759
 ],
 "sigmas": [
  0.25,
  0.2756721902468024,
  0.3039806259018769,
  0.3351960197398572,
  0.3696168836947874,
  0.4075723835213587,
  0.449425486597771,
  0.49557643297256987,
  0.5464665628489841,
  0.6025825371088854,
  0.6644609912371261,
  0.7326936671515999,
  0.8079330720145728,
  0.8908987181403393,
  0.9823840036712642,
  1.0832637998219208,
  1.1945028172479306,
  1.3171648315468518,
  1.4524228561143249,
  1.6015703596382094,
  1.7660336355032968,
  1.9473854413948684,
  2.1473600395362378,
  2.36786978138966,
  2.611023395419619,
  2.879146152803877,
  3.1748021039363987,
  3.500818598369214,
  3.86031332267673,
  4.25672411480482,
  4.693841840018505,
  5.175846642839929,
  5.707347921652972,
  6.293428408250444,
  6.939692773855387,
  7.652321226434491,
  8.438128611853172,
  9.3046295840551,
  10.260110467486651,
  11.313708498984761
 ],
 "border_radii": [
  10,
  10,
  10,
  10,
  10,
  10,
  10,
  10,
  10,
  10,
  10,
  10,
  10,
  10,
  10,
  10,
  10,
  10,
  10,
  10,
  10,
  10,
  10,
  10,
  10,
  11,
  12,
  14,
  15,
  17,
  18,
  20,
  22,
  25,
  27,
  30,
  33,
  37,
  41,
  45
 ]
}