{
 "time": "181120_0419",
 "filename": "T-BN7957558.png",
 "alphas": [
  0.06468391223332198,
  0.06551164436901963,
  0.06658241480244852,
  0.06796544154452433,
  0.06962243791098432,
  0.0716683083288664,
  0.0741122656610275,
  0.07737048940633481,
  0.08089579334234219,
  0.0851811539545054,
  0.0886235814380475,
  0.09010480314478503,
  0.09227756627183854,
  0.09549712875037947,
  0.09970280238637119,
  0.10547253999741106,
  0.1134539183951169,
  0.12383550478009875,
  0.13595503288676336,
  0.15164680526931523,
  0.17099990662384823,
  0.19414621781434266,
  0.21640553444354305,
  0.21875607594428367,
  0.2211475480705602,
  0.2259763926340378,
  0.23034685322742537,
  0.23021099204061155,
  0.2365388309333336,
  0.2513630359749509,
  0.2546222280057192,
  0.2172436613313704,
  0.19129187039483914,
  0.17275018494643274,
  0.15933694012281546,
  0.14643693475779868,
  0.13154325677656775,
  0.11778489555017743,
  0.10701173595329622,
  0.09919958415495617
 ],
 "betas": [
  0.5,
  0.5,
  0.5,
  0.5,
  0.5,
  0.5,
  0.5,
  0.5,
  0.5,
  0.5,
  0.5,
  0.5,
  0.5,
  0.5,
  0.5,
  0.5,
  0.5,
  0.5,
  0.5,
  0.5,
  0.5,
  0.5,
  0.5,
  0.5,
  0.5,
  0.5,
  0.5,
  0.5,
  0.5,
  0.5,
  0.5,
  0.5,
  0.5,
  0.5,
  0.5,
  0.5,
  0.5,
  0.5,
  0.5,
  0.5
 ],
 "gammas": [
  0.09683382405092426,
  0.09519307365568008,
  0.09325139674258259,
  0.09096653423684417,
  0.08829595635776,
  0.08519967207839095,
  0.08164417085282118,
  0.0776075519716555,
  0.07308566929683011,
  0.06826175878821028,
  0.06342476467281155,
  0.05925887597504086,
  0.054782173970566575,
  0.05080682440541599,
  0.04684015983526655,
  0.04250135987809649,
  0.03789941471687176,
  0.03317625897991324,
  0.02848963458264979,
  0.023991373494507737,
  0.019807139078846205,
  0.016083834031779366,
  0.01279577654357673,
  0.01078336621496132,
  0.009396092308623163,
  0.008062677228495404,
  0.006653115242831045,
  0.005513800108207167,
  0.004502058018330316,
  0.003650418472323999,
  0.003160238513193629,
  0.0029278563121662516,
  0.0026207916616945884,
  0.002274749631175678,
  0.0019233584694590927,
  0.0015884614606902173,
  0.0013816074311010249,
  0.0012138319340602767,
  0.001055865196781867,
  0.0009101776627414863
 ],
 "sigmas": [
  0.25,
  0.2756721902468024,
  0.3039806259018769,
  0.3351960197398572,
  0.3696168836947874,
  0.4075723835213587,
  0.449425486597771,
  0.49557643297256987,
  0.5464665628489841,
  0.6025825371088854,
  0.6644609912371261,
  0.7326936671515999,
  0.8079330720145728,
  0.8908987181403393,
  0.9823840036712642,
  1.0832637998219208,
  1.1945028172479306,
  1.3171648315468518,
  1.4524228561143249,
  1.6015703596382094,
  1.7660336355032968,
  1.9473854413948684,
  2.1473600395362378,
  2.36786978138966,
  2.611023395419619,
  2.879146152803877,
  3.1748021039363987,
  3.500818598369214,
  3.86031332267673,
  4.25672411480482,
  4.693841840018505,
  5.175846642839929,
  5.707347921652972,
  6.293428408250444,
  6.939692773855387,
  7.652321226434491,
  8.438128611853172,
  9.3046295840551,
  10.260110467486651,
  11.313708498984761
 ],
 "border_radii": [
  10,
  10,
  10,
  10,
  10,
  10,
  10,
  10,
  10,
  10,
  10,
  10,
  10,
  10,
  10,
  10,
  10,
  10,
  10,
  10,
  10,
  10,
  10,
  10,
  10,
  11,
  12,
  14,
  15,
  17,
  18,
  20,
  22,
  25,
  27,
  30,
  33,
  37,
  41,
  45
 ]
}