{
 "time": "181120_0422",
 "filename": "T-BN8159259.png",
 "alphas": [
  0.028852581000358972,
  0.02935034614676677,
  0.029977239870308356,
  0.03073607939123115,
  0.03167775442296358,
  0.0328214698373942,
  0.03410457834669723,
  0.03552331203143208,
  0.037332848437229144,
  0.03965603424854931,
  0.04262216735759447,
  0.046615732818227104,
  0.05167490033244908,
  0.058559901587118504,
  0.06782013133621202,
  0.07857005027967601,
  0.08313851982373356,
  0.08906896910755072,
  0.09548331965568109,
  0.10405101530382238,
  0.11200442507539567,
  0.11891155580964333,
  0.12589623950557163,
  0.12669720131696893,
  0.12467554783974065,
  0.12415106415455177,
  0.12412590624120882,
  0.12455244838355639,
  0.123945048612361,
  0.12369725750923806,
  0.12120326269637671,
  0.1200857580122564,
  0.11907900686105781,
  0.11014559951179137,
  0.09283585537026323,
  0.08337990541136864,
  0.07839665190592308,
  0.07786031216247996,
  0.08206125036201735,
  0.08577662193673977
 ],
 "betas": [
  0.5,
  0.5,
  0.5,
  0.5,
  0.5,
  0.5,
  0.5,
  0.5,
  0.5,
  0.5,
  0.5,
  0.5,
  0.5,
  0.5,
  0.5,
  0.5,
  0.5,
  0.5,
  0.5,
  0.5,
  0.5,
  0.5,
  0.5,
  0.5,
  0.5,
  0.5,
  0.5,
  0.5,
  0.5,
  0.5,
  0.5,
  0.5,
  0.5,
  0.5,
  0.5,
  0.5,
  0.5,
  0.5,
  0.5,
  0.5
 ],
 "gammas": [
  0.15103178159237018,
  0.14840107759503207,
  0.14528644457668485,
  0.14161931445252854,
  0.13733039301119004,
  0.1323541178951648,
  0.12663496299579918,
  0.12013570999044243,
  0.11284745215459707,
  0.10480050964826308,
  0.09607463077474188,
  0.08680596899813903,
  0.07718769451308824,
  0.06746125333066304,
  0.05789679144420561,
  0.04876431478337186,
  0.042025858989970036,
  0.03700787496211624,
  0.03205064129484613,
  0.027458534881034974,
  0.02370512290046105,
  0.02040706402045543,
  0.017352338097938496,
  0.014534528581516902,
  0.012072385074369625,
  0.009855492676409828,
  0.007913283037629178,
  0.006348300771394805,
  0.005097277802695988,
  0.0040589809669018834,
  0.003271573554727989,
  0.002814771192579633,
  0.0025184209409938032,
  0.002212584043970811,
  0.0018945383894591007,
  0.001587665614642467,
  0.0013106226084033208,
  0.0010937619716873503,
  0.00089457051929581,
  0.0007356157436130934
 ],
 "sigmas": [
  0.25,
  0.2756721902468024,
  0.3039806259018769,
  0.3351960197398572,
  0.3696168836947874,
  0.4075723835213587,
  0.449425486597771,
  0.49557643297256987,
  0.5464665628489841,
  0.6025825371088854,
  0.6644609912371261,
  0.7326936671515999,
  0.8079330720145728,
  0.8908987181403393,
  0.9823840036712642,
  1.0832637998219208,
  1.1945028172479306,
  1.3171648315468518,
  1.4524228561143249,
  1.6015703596382094,
  1.7660336355032968,
  1.9473854413948684,
  2.1473600395362378,
  2.36786978138966,
  2.611023395419619,
  2.879146152803877,
  3.1748021039363987,
  3.500818598369214,
  3.86031332267673,
  4.25672411480482,
  4.693841840018505,
  5.175846642839929,
  5.707347921652972,
  6.293428408250444,
  6.939692773855387,
  7.652321226434491,
  8.438128611853172,
  9.3046295840551,
  10.260110467486651,
  11.313708498984761
 ],
 "border_radii": [
  10,
  10,
  10,
  10,
  10,
  10,
  10,
  10,
  10,
  10,
  10,
  10,
  10,
  10,
  10,
  10,
  10,
  10,
  10,
  10,
  10,
  10,
  10,
  10,
  10,
  11,
  12,
  14,
  15,
  17,
  18,
  20,
  22,
  25,
  27,
  30,
  33,
  37,
  41,
  45
 ]
}