{
 "time": "181120_0311",
 "filename": "T-BN4337090.png",
 "alphas": [
  0.02732610618187886,
  0.02790752573219458,
  0.02863540319416022,
  0.02952795709008254,
  0.030660233040780728,
  0.03207676867185752,
  0.03386676099786485,
  0.035719186945124846,
  0.036766828839083554,
  0.03807206242069132,
  0.03970896974603675,
  0.04191243974297881,
  0.04480635513517363,
  0.04842565812702553,
  0.053259779812475816,
  0.05960050351815484,
  0.0680833092426909,
  0.07905637578693259,
  0.09323789199094804,
  0.10689901114591722,
  0.12217639916396678,
  0.13151478655946908,
  0.14015513307567312,
  0.15220977438950978,
  0.16383987831995359,
  0.18366297096203804,
  0.20430426901924648,
  0.22966877585758574,
  0.23796344190844043,
  0.2271819334438765,
  0.21419626724008134,
  0.1978853045858225,
  0.16902888555000417,
  0.1313146203772484,
  0.10498376667724328,
  0.0894388456570156,
  0.07811374726127425,
  0.07424737426717117,
  0.08051952961933298,
  0.08937148809348992
 ],
 "betas": [
  0.5,
  0.5,
  0.5,
  0.5,
  0.5,
  0.5,
  0.5,
  0.5,
  0.5,
  0.5,
  0.5,
  0.5,
  0.5,
  0.5,
  0.5,
  0.5,
  0.5,
  0.5,
  0.5,
  0.5,
  0.5,
  0.5,
  0.5,
  0.5,
  0.5,
  0.5,
  0.5,
  0.5,
  0.5,
  0.5,
  0.5,
  0.5,
  0.5,
  0.5,
  0.5,
  0.5,
  0.5,
  0.5,
  0.5,
  0.5
 ],
 "gammas": [
  0.11451242838047333,
  0.11283260122767821,
  0.11083645926722965,
  0.10847579892248677,
  0.10570009210012217,
  0.10245878918164383,
  0.09870477886293569,
  0.09441693006267948,
  0.08980711037635043,
  0.08463044617359483,
  0.0789036164715992,
  0.07267641506809001,
  0.06603653615829659,
  0.059110307587886116,
  0.05205754890701267,
  0.04505969275439755,
  0.03830214314712781,
  0.031954100501901346,
  0.026150744099709713,
  0.02188571885013175,
  0.01882570239431737,
  0.015885582459574187,
  0.013261742631334316,
  0.011631523667235546,
  0.010252280580594427,
  0.008803950328783488,
  0.007361713422783772,
  0.006018644560689759,
  0.004938946547434111,
  0.004036920249664946,
  0.0035229652962404543,
  0.0031539500972869927,
  0.0027237107680419064,
  0.002311172384505122,
  0.001947788118263996,
  0.0016712757651652283,
  0.0014716155552134584,
  0.0012717818834740108,
  0.0010646087379713157,
  0.0008759629957247854
 ],
 "sigmas": [
  0.25,
  0.2756721902468024,
  0.3039806259018769,
  0.3351960197398572,
  0.3696168836947874,
  0.4075723835213587,
  0.449425486597771,
  0.49557643297256987,
  0.5464665628489841,
  0.6025825371088854,
  0.6644609912371261,
  0.7326936671515999,
  0.8079330720145728,
  0.8908987181403393,
  0.9823840036712642,
  1.0832637998219208,
  1.1945028172479306,
  1.3171648315468518,
  1.4524228561143249,
  1.6015703596382094,
  1.7660336355032968,
  1.9473854413948684,
  2.1473600395362378,
  2.36786978138966,
  2.611023395419619,
  2.879146152803877,
  3.1748021039363987,
  3.500818598369214,
  3.86031332267673,
  4.25672411480482,
  4.693841840018505,
  5.175846642839929,
  5.707347921652972,
  6.293428408250444,
  6.939692773855387,
  7.652321226434491,
  8.438128611853172,
  9.3046295840551,
  10.260110467486651,
  11.313708498984761
 ],
 "border_radii": [
  10,
  10,
  10,
  10,
  10,
  10,
  10,
  10,
  10,
  10,
  10,
  10,
  10,
  10,
  10,
  10,
  10,
  10,
  10,
  10,
  10,
  10,
  10,
  10,
  10,
  11,
  12,
  14,
  15,
  17,
  18,
  20,
  22,
  25,
  27,
  30,
  33,
  37,
  41,
  45
 ]
}