{
 "time": "181120_0357",
 "filename": "T-BN7436313.png",
 "alphas": [
  0.03108799454620285,
  0.03171803932574782,
  0.03216948867744133,
  0.03271484988899053,
  0.03335894312918082,
  0.03415955795026646,
  0.035211347922906894,
  0.03653633970658098,
  0.03823562324595809,
  0.04033583106209697,
  0.04310651374857406,
  0.04669980296265966,
  0.05140488449960247,
  0.05752691581596094,
  0.061287770604094474,
  0.06182681978410448,
  0.06305937088913302,
  0.06585396852671022,
  0.06451314613470784,
  0.06379134881775428,
  0.0653591379707647,
  0.06903624926262783,
  0.07526813904389801,
  0.08496209864913372,
  0.09295835670169263,
  0.0927826684577331,
  0.0942380667631272,
  0.09546509984144357,
  0.09401048147501595,
  0.09335216393973356,
  0.09100856048538154,
  0.0868780136501397,
  0.08602438941470678,
  0.08706651612548127,
  0.0886007129429664,
  0.09087041827826527,
  0.09857333952562498,
  0.09648131335683174,
  0.09862347638842471,
  0.09649716290468793
 ],
 "betas": [
  0.5,
  0.5,
  0.5,
  0.5,
  0.5,
  0.5,
  0.5,
  0.5,
  0.5,
  0.5,
  0.5,
  0.5,
  0.5,
  0.5,
  0.5,
  0.5,
  0.5,
  0.5,
  0.5,
  0.5,
  0.5,
  0.5,
  0.5,
  0.5,
  0.5,
  0.5,
  0.5,
  0.5,
  0.5,
  0.5,
  0.5,
  0.5,
  0.5,
  0.5,
  0.5,
  0.5,
  0.5,
  0.5,
  0.5,
  0.5
 ],
 "gammas": [
  0.13072589339711285,
  0.1285835255972676,
  0.12604230261949145,
  0.12304354896551907,
  0.11952684178192362,
  0.11543333401752433,
  0.11071954322599843,
  0.10543992946215296,
  0.09947920781527335,
  0.09284563034597551,
  0.08629352094232372,
  0.07945552161743033,
  0.07212057459997491,
  0.06442834267216964,
  0.056564461693090415,
  0.048748874122474084,
  0.04213279973293437,
  0.035858504103352756,
  0.03006659251406205,
  0.025042349881180287,
  0.021074139227520647,
  0.017533115716170698,
  0.014343746545368033,
  0.011577063551890187,
  0.009208065348736891,
  0.007554760205230107,
  0.006248253989964965,
  0.005100907711126378,
  0.0041647789065969,
  0.0038701133585489714,
  0.0034871332294284,
  0.003051652897680102,
  0.0026152170034217477,
  0.002264912363643531,
  0.0019607537451024593,
  0.0016843398765579998,
  0.0014046570436777816,
  0.0011423425283145102,
  0.0009046682323499011,
  0.0007120474758471843
 ],
 "sigmas": [
  0.25,
  0.2756721902468024,
  0.3039806259018769,
  0.3351960197398572,
  0.3696168836947874,
  0.4075723835213587,
  0.449425486597771,
  0.49557643297256987,
  0.5464665628489841,
  0.6025825371088854,
  0.6644609912371261,
  0.7326936671515999,
  0.8079330720145728,
  0.8908987181403393,
  0.9823840036712642,
  1.0832637998219208,
  1.1945028172479306,
  1.3171648315468518,
  1.4524228561143249,
  1.6015703596382094,
  1.7660336355032968,
  1.9473854413948684,
  2.1473600395362378,
  2.36786978138966,
  2.611023395419619,
  2.879146152803877,
  3.1748021039363987,
  3.500818598369214,
  3.86031332267673,
  4.25672411480482,
  4.693841840018505,
  5.175846642839929,
  5.707347921652972,
  6.293428408250444,
  6.939692773855387,
  7.652321226434491,
  8.438128611853172,
  9.3046295840551,
  10.260110467486651,
  11.313708498984761
 ],
 "border_radii": [
  10,
  10,
  10,
  10,
  10,
  10,
  10,
  10,
  10,
  10,
  10,
  10,
  10,
  10,
  10,
  10,
  10,
  10,
  10,
  10,
  10,
  10,
  10,
  10,
  10,
  11,
  12,
  14,
  15,
  17,
  18,
  20,
  22,
  25,
  27,
  30,
  33,
  37,
  41,
  45
 ]
}