{
 "time": "181120_0151",
 "filename": "T-BN0264445.png",
 "alphas": [
  0.07018834249536778,
  0.07093410164454568,
  0.07187423970805824,
  0.07290497739486725,
  0.07424739326734459,
  0.07590790123544272,
  0.0779992694048514,
  0.08049122365329957,
  0.08353412100113192,
  0.08716921306544417,
  0.09157496358251585,
  0.09718309887653634,
  0.10416716291267587,
  0.11327329787235169,
  0.12441101630177785,
  0.13571929873004962,
  0.14009085810377284,
  0.14462574559285418,
  0.1475457889315493,
  0.15129214976656757,
  0.1580031153522688,
  0.16270339145939736,
  0.16370109473594055,
  0.1687377345909825,
  0.18145983434413776,
  0.20348264375837874,
  0.2093528699862457,
  0.2236541241307617,
  0.25081919625659876,
  0.2889283396223708,
  0.2810563248759344,
  0.27892079708331197,
  0.2739008564848293,
  0.2425369287092959,
  0.22541560263674976,
  0.21782061342581244,
  0.21743522862198145,
  0.2235747959054139,
  0.24000898897559791,
  0.25341782349799435
 ],
 "betas": [
  0.5,
  0.5,
  0.5,
  0.5,
  0.5,
  0.5,
  0.5,
  0.5,
  0.5,
  0.5,
  0.5,
  0.5,
  0.5,
  0.5,
  0.5,
  0.5,
  0.5,
  0.5,
  0.5,
  0.5,
  0.5,
  0.5,
  0.5,
  0.5,
  0.5,
  0.5,
  0.5,
  0.5,
  0.5,
  0.5,
  0.5,
  0.5,
  0.5,
  0.5,
  0.5,
  0.5,
  0.5,
  0.5,
  0.5,
  0.5
 ],
 "gammas": [
  0.12360234258090892,
  0.12138709243448782,
  0.11876810001926186,
  0.11568983916741772,
  0.11209704893174201,
  0.10793869962192473,
  0.10317348372843066,
  0.097776863578497,
  0.09174937246522823,
  0.0851253428595757,
  0.07798055831247958,
  0.07043664975032032,
  0.06265970317166256,
  0.054850968076777626,
  0.04722914154302821,
  0.041011617221171054,
  0.03520115077456869,
  0.02979612216114724,
  0.025274416900375258,
  0.02104906585807507,
  0.017221958916920466,
  0.014166580477847895,
  0.01146043951673952,
  0.009305798789609496,
  0.007789222405827024,
  0.0065052626846434595,
  0.005402782566271677,
  0.0044385951150752835,
  0.003642266995887847,
  0.0032694348698152453,
  0.0029128258599059554,
  0.0025267288743940964,
  0.0022768118131921643,
  0.0021016179401451714,
  0.0018767003536534976,
  0.001629335492430979,
  0.0013872052703403064,
  0.001171704216842504,
  0.000984887878010438,
  0.0008206208245357685
 ],
 "sigmas": [
  0.25,
  0.2756721902468024,
  0.3039806259018769,
  0.3351960197398572,
  0.3696168836947874,
  0.4075723835213587,
  0.449425486597771,
  0.49557643297256987,
  0.5464665628489841,
  0.6025825371088854,
  0.6644609912371261,
  0.7326936671515999,
  0.8079330720145728,
  0.8908987181403393,
  0.9823840036712642,
  1.0832637998219208,
  1.1945028172479306,
  1.3171648315468518,
  1.4524228561143249,
  1.6015703596382094,
  1.7660336355032968,
  1.9473854413948684,
  2.1473600395362378,
  2.36786978138966,
  2.611023395419619,
  2.879146152803877,
  3.1748021039363987,
  3.500818598369214,
  3.86031332267673,
  4.25672411480482,
  4.693841840018505,
  5.175846642839929,
  5.707347921652972,
  6.293428408250444,
  6.939692773855387,
  7.652321226434491,
  8.438128611853172,
  9.3046295840551,
  10.260110467486651,
  11.313708498984761
 ],
 "border_radii": [
  10,
  10,
  10,
  10,
  10,
  10,
  10,
  10,
  10,
  10,
  10,
  10,
  10,
  10,
  10,
  10,
  10,
  10,
  10,
  10,
  10,
  10,
  10,
  10,
  10,
  11,
  12,
  14,
  15,
  17,
  18,
  20,
  22,
  25,
  27,
  30,
  33,
  37,
  41,
  45
 ]
}