{
 "time": "181120_0244",
 "filename": "T-BN2721525.png",
 "alphas": [
  0.042310284105567385,
  0.04282703681172378,
  0.04339173955914548,
  0.04404824827999647,
  0.044955406078972325,
  0.04611055842585332,
  0.04744014010071507,
  0.049219093614501094,
  0.051579504401488604,
  0.05438241982411812,
  0.05806790301194018,
  0.06300242106820965,
  0.06942645408220333,
  0.07796253480600299,
  0.08994179953196504,
  0.10525888217907166,
  0.10434563785436826,
  0.10068305825810545,
  0.09805723425400832,
  0.09825577367727648,
  0.1014559641461554,
  0.10654518602122778,
  0.11464948211064273,
  0.12776408600545938,
  0.14747745787836905,
  0.17820028524441955,
  0.1958271106577176,
  0.1959220689433765,
  0.19718186677413901,
  0.2012479786324398,
  0.20743916392060846,
  0.21894071883562757,
  0.23618365707605338,
  0.2570930044154304,
  0.24266552426576926,
  0.2305905616514092,
  0.21544150466933265,
  0.19727560024945742,
  0.18231981202073788,
  0.1624689733015611
 ],
 "betas": [
  0.5,
  0.5,
  0.5,
  0.5,
  0.5,
  0.5,
  0.5,
  0.5,
  0.5,
  0.5,
  0.5,
  0.5,
  0.5,
  0.5,
  0.5,
  0.5,
  0.5,
  0.5,
  0.5,
  0.5,
  0.5,
  0.5,
  0.5,
  0.5,
  0.5,
  0.5,
  0.5,
  0.5,
  0.5,
  0.5,
  0.5,
  0.5,
  0.5,
  0.5,
  0.5,
  0.5,
  0.5,
  0.5,
  0.5,
  0.5
 ],
 "gammas": [
  0.12871023992991482,
  0.12601838696102186,
  0.12282904643568186,
  0.1190711588590567,
  0.114672990764578,
  0.10956708684573152,
  0.1036974684062944,
  0.09739796371170967,
  0.09144780478528931,
  0.08490285458212375,
  0.07783598482141227,
  0.07036546627193743,
  0.06265394746899532,
  0.05489958929643003,
  0.048194973610440124,
  0.04196090103016146,
  0.035822429559150666,
  0.03104715905550709,
  0.02634139922561178,
  0.021919940174853547,
  0.017795426074047202,
  0.015129365759464134,
  0.012873148005523399,
  0.01069474769681855,
  0.008664603663311895,
  0.006972590380237828,
  0.005735212149649901,
  0.00471694751503792,
  0.003882938352226305,
  0.0036085730622433185,
  0.0033057546640796443,
  0.0029606213434001,
  0.002598113721834321,
  0.002245366203901687,
  0.0019047984126519366,
  0.0015873589450453253,
  0.0013039161716138295,
  0.001051631198820556,
  0.0008429113596655908,
  0.0006693013212505582
 ],
 "sigmas": [
  0.25,
  0.2756721902468024,
  0.3039806259018769,
  0.3351960197398572,
  0.3696168836947874,
  0.4075723835213587,
  0.449425486597771,
  0.49557643297256987,
  0.5464665628489841,
  0.6025825371088854,
  0.6644609912371261,
  0.7326936671515999,
  0.8079330720145728,
  0.8908987181403393,
  0.9823840036712642,
  1.0832637998219208,
  1.1945028172479306,
  1.3171648315468518,
  1.4524228561143249,
  1.6015703596382094,
  1.7660336355032968,
  1.9473854413948684,
  2.1473600395362378,
  2.36786978138966,
  2.611023395419619,
  2.879146152803877,
  3.1748021039363987,
  3.500818598369214,
  3.86031332267673,
  4.25672411480482,
  4.693841840018505,
  5.175846642839929,
  5.707347921652972,
  6.293428408250444,
  6.939692773855387,
  7.652321226434491,
  8.438128611853172,
  9.3046295840551,
  10.260110467486651,
  11.313708498984761
 ],
 "border_radii": [
  10,
  10,
  10,
  10,
  10,
  10,
  10,
  10,
  10,
  10,
  10,
  10,
  10,
  10,
  10,
  10,
  10,
  10,
  10,
  10,
  10,
  10,
  10,
  10,
  10,
  11,
  12,
  14,
  15,
  17,
  18,
  20,
  22,
  25,
  27,
  30,
  33,
  37,
  41,
  45
 ]
}