{
 "time": "181120_0439",
 "filename": "T-BN8949552.png",
 "alphas": [
  0.03207631862224501,
  0.03261165695861115,
  0.03335759234288316,
  0.034237904247439964,
  0.03530533608350934,
  0.036615509566723915,
  0.03832592367776978,
  0.04055649739509465,
  0.04336472126746548,
  0.04697702925543832,
  0.05170690713327899,
  0.05792672795867091,
  0.06617738991001862,
  0.07706132088963345,
  0.08995693108628568,
  0.10638621520320891,
  0.11800207488164624,
  0.13121052178413906,
  0.14299095212323526,
  0.13503206693929165,
  0.1332636035554286,
  0.13552295849917745,
  0.1384891672173758,
  0.1476106600943066,
  0.15748272009013048,
  0.1736812909166603,
  0.1865968570574747,
  0.19012911473629127,
  0.1821736717537398,
  0.1785786542743895,
  0.18185839185545097,
  0.18760390961685292,
  0.1588787885889833,
  0.13930480918056487,
  0.12722164657617194,
  0.12089925536214588,
  0.11924510622538005,
  0.12002745898263543,
  0.12153746570490505,
  0.1221457258743214
 ],
 "betas": [
  0.5,
  0.5,
  0.5,
  0.5,
  0.5,
  0.5,
  0.5,
  0.5,
  0.5,
  0.5,
  0.5,
  0.5,
  0.5,
  0.5,
  0.5,
  0.5,
  0.5,
  0.5,
  0.5,
  0.5,
  0.5,
  0.5,
  0.5,
  0.5,
  0.5,
  0.5,
  0.5,
  0.5,
  0.5,
  0.5,
  0.5,
  0.5,
  0.5,
  0.5,
  0.5,
  0.5,
  0.5,
  0.5,
  0.5,
  0.5
 ],
 "gammas": [
  0.10084799084907786,
  0.09960433429047455,
  0.09811936461472513,
  0.09635307079934124,
  0.09426189313392933,
  0.09179988897880194,
  0.08892072903069065,
  0.08558076378093411,
  0.08174336655235877,
  0.07738464093102926,
  0.07250033234305184,
  0.06711337091729132,
  0.06128090320743388,
  0.055099045272230494,
  0.04870315445709176,
  0.04226155767178271,
  0.03596177808999859,
  0.02999044690152655,
  0.02453194771594694,
  0.020999464760456277,
  0.017589163697021314,
  0.014654756921791787,
  0.012127146805698805,
  0.009955324416102961,
  0.008442355960773288,
  0.007148373116107012,
  0.0061445926514752955,
  0.005354907568992248,
  0.004577457687722108,
  0.0038358318168156013,
  0.003207931152332362,
  0.0027444261994137094,
  0.0022954617335524544,
  0.0018783459000068913,
  0.001505966740630531,
  0.001211237291130338,
  0.0009975863033208142,
  0.0008258117138351942,
  0.000676316780945971,
  0.0005711611989089165
 ],
 "sigmas": [
  0.25,
  0.2756721902468024,
  0.3039806259018769,
  0.3351960197398572,
  0.3696168836947874,
  0.4075723835213587,
  0.449425486597771,
  0.49557643297256987,
  0.5464665628489841,
  0.6025825371088854,
  0.6644609912371261,
  0.7326936671515999,
  0.8079330720145728,
  0.8908987181403393,
  0.9823840036712642,
  1.0832637998219208,
  1.1945028172479306,
  1.3171648315468518,
  1.4524228561143249,
  1.6015703596382094,
  1.7660336355032968,
  1.9473854413948684,
  2.1473600395362378,
  2.36786978138966,
  2.611023395419619,
  2.879146152803877,
  3.1748021039363987,
  3.500818598369214,
  3.86031332267673,
  4.25672411480482,
  4.693841840018505,
  5.175846642839929,
  5.707347921652972,
  6.293428408250444,
  6.939692773855387,
  7.652321226434491,
  8.438128611853172,
  9.3046295840551,
  10.260110467486651,
  11.313708498984761
 ],
 "border_radii": [
  10,
  10,
  10,
  10,
  10,
  10,
  10,
  10,
  10,
  10,
  10,
  10,
  10,
  10,
  10,
  10,
  10,
  10,
  10,
  10,
  10,
  10,
  10,
  10,
  10,
  11,
  12,
  14,
  15,
  17,
  18,
  20,
  22,
  25,
  27,
  30,
  33,
  37,
  41,
  45
 ]
}