{
 "time": "181120_0415",
 "filename": "T-BN7832092.png",
 "alphas": [
  0.031080221505134363,
  0.03147698000735229,
  0.031891095577537304,
  0.03239555026296101,
  0.03306892448268728,
  0.03385648384327494,
  0.034909299519503834,
  0.036197763029285165,
  0.03780673255880806,
  0.03976589749160078,
  0.041911804203394375,
  0.04467349675942487,
  0.04812035363393502,
  0.05269648745339935,
  0.05796373044272697,
  0.06462589111357718,
  0.07335500779718604,
  0.085886342176373,
  0.10268274864825287,
  0.12325342416867671,
  0.1434716577205194,
  0.17163324678244554,
  0.20054243400641558,
  0.2084989230976331,
  0.22115236391747695,
  0.22468835262629783,
  0.2301565508757647,
  0.23862042395667105,
  0.23450201986504032,
  0.21298975081874563,
  0.1965034409785216,
  0.18644632271987993,
  0.1810387912564379,
  0.17375112264406214,
  0.16942091218784877,
  0.15876685581998956,
  0.14542805262273448,
  0.1331172441279237,
  0.12428291495718455,
  0.12008382174257697
 ],
 "betas": [
  0.5,
  0.5,
  0.5,
  0.5,
  0.5,
  0.5,
  0.5,
  0.5,
  0.5,
  0.5,
  0.5,
  0.5,
  0.5,
  0.5,
  0.5,
  0.5,
  0.5,
  0.5,
  0.5,
  0.5,
  0.5,
  0.5,
  0.5,
  0.5,
  0.5,
  0.5,
  0.5,
  0.5,
  0.5,
  0.5,
  0.5,
  0.5,
  0.5,
  0.5,
  0.5,
  0.5,
  0.5,
  0.5,
  0.5,
  0.5
 ],
 "gammas": [
  0.1638356255373798,
  0.1606531856677642,
  0.15689199911837567,
  0.1524732072107171,
  0.14731884152767807,
  0.14135777455400972,
  0.13453396732028267,
  0.12681708601355568,
  0.11821506523015257,
  0.1087874068683348,
  0.09865695313788057,
  0.08801676690602869,
  0.07712805493882448,
  0.06630547861967642,
  0.05750040457261174,
  0.049630565557859066,
  0.04201405327211838,
  0.03486302204428955,
  0.02835455285221267,
  0.02261169524301089,
  0.018011314226975546,
  0.015255831952270427,
  0.012695329618286833,
  0.010508887576938965,
  0.008631938624567102,
  0.006921673440417866,
  0.0057668820158720555,
  0.004936457290280952,
  0.004247377875464846,
  0.003588811489757853,
  0.0029488890081541463,
  0.002588659725192466,
  0.0022357771175147037,
  0.0018866272398785344,
  0.0015664450208754995,
  0.001277523553090105,
  0.0010577854014605535,
  0.0008704604880671387,
  0.000690607497473693,
  0.0005466888592400409
 ],
 "sigmas": [
  0.25,
  0.2756721902468024,
  0.3039806259018769,
  0.3351960197398572,
  0.3696168836947874,
  0.4075723835213587,
  0.449425486597771,
  0.49557643297256987,
  0.5464665628489841,
  0.6025825371088854,
  0.6644609912371261,
  0.7326936671515999,
  0.8079330720145728,
  0.8908987181403393,
  0.9823840036712642,
  1.0832637998219208,
  1.1945028172479306,
  1.3171648315468518,
  1.4524228561143249,
  1.6015703596382094,
  1.7660336355032968,
  1.9473854413948684,
  2.1473600395362378,
  2.36786978138966,
  2.611023395419619,
  2.879146152803877,
  3.1748021039363987,
  3.500818598369214,
  3.86031332267673,
  4.25672411480482,
  4.693841840018505,
  5.175846642839929,
  5.707347921652972,
  6.293428408250444,
  6.939692773855387,
  7.652321226434491,
  8.438128611853172,
  9.3046295840551,
  10.260110467486651,
  11.313708498984761
 ],
 "border_radii": [
  10,
  10,
  10,
  10,
  10,
  10,
  10,
  10,
  10,
  10,
  10,
  10,
  10,
  10,
  10,
  10,
  10,
  10,
  10,
  10,
  10,
  10,
  10,
  10,
  10,
  11,
  12,
  14,
  15,
  17,
  18,
  20,
  22,
  25,
  27,
  30,
  33,
  37,
  41,
  45
 ]
}