{
 "time": "181120_0233",
 "filename": "T-BN2408482.png",
 "alphas": [
  0.0708251031428355,
  0.07146780669396176,
  0.07230951486067112,
  0.07336995145122917,
  0.0745552089233026,
  0.07620291898957085,
  0.07824373096115789,
  0.08058869517840767,
  0.08352962820798872,
  0.0872791256747269,
  0.09224843549374814,
  0.09841392461426401,
  0.10454334613120123,
  0.10584986046310083,
  0.10724607148591411,
  0.10972512729430156,
  0.11360633865738148,
  0.11898005507626158,
  0.12592898559704963,
  0.13456301267317203,
  0.14606065002677215,
  0.1598582098197092,
  0.1642436562758235,
  0.16901968876478504,
  0.18088318354413355,
  0.1790756750525948,
  0.1802535003419184,
  0.1854999627928495,
  0.1953992318904915,
  0.18158875221905543,
  0.15673208693788762,
  0.14188456140585892,
  0.13287947415229745,
  0.12606483900797558,
  0.11389200497439823,
  0.10605465940902925,
  0.10094469355352512,
  0.09988069526425059,
  0.10227198768234369,
  0.10624611164795048
 ],
 "betas": [
  0.5,
  0.5,
  0.5,
  0.5,
  0.5,
  0.5,
  0.5,
  0.5,
  0.5,
  0.5,
  0.5,
  0.5,
  0.5,
  0.5,
  0.5,
  0.5,
  0.5,
  0.5,
  0.5,
  0.5,
  0.5,
  0.5,
  0.5,
  0.5,
  0.5,
  0.5,
  0.5,
  0.5,
  0.5,
  0.5,
  0.5,
  0.5,
  0.5,
  0.5,
  0.5,
  0.5,
  0.5,
  0.5,
  0.5,
  0.5
 ],
 "gammas": [
  0.03786295267359531,
  0.03758278600864227,
  0.03724753901601862,
  0.036847692527127995,
  0.03637265050045226,
  0.0358108666897492,
  0.03515010050240578,
  0.034377839172298356,
  0.03348191867486247,
  0.032451361153158484,
  0.031277419177580285,
  0.029954776790282026,
  0.02848280882814729,
  0.02686675432118995,
  0.025118631116948033,
  0.023257717818970677,
  0.02131045435461964,
  0.019309651279079965,
  0.01729294079019576,
  0.01534909024951757,
  0.013460427469053236,
  0.011647837145479475,
  0.009944005067288356,
  0.008501765937316011,
  0.007506871683090402,
  0.006533999280897647,
  0.005580306864950225,
  0.00498099734540645,
  0.004439878516114378,
  0.0038470515418154764,
  0.003264223860449125,
  0.002871473226930222,
  0.0024652116188431735,
  0.0020788223893855027,
  0.0017334279810591162,
  0.0014394884651557495,
  0.0011888025191560418,
  0.0009765634458084927,
  0.0008089725061882927,
  0.0006627693896017878
 ],
 "sigmas": [
  0.25,
  0.2756721902468024,
  0.3039806259018769,
  0.3351960197398572,
  0.3696168836947874,
  0.4075723835213587,
  0.449425486597771,
  0.49557643297256987,
  0.5464665628489841,
  0.6025825371088854,
  0.6644609912371261,
  0.7326936671515999,
  0.8079330720145728,
  0.8908987181403393,
  0.9823840036712642,
  1.0832637998219208,
  1.1945028172479306,
  1.3171648315468518,
  1.4524228561143249,
  1.6015703596382094,
  1.7660336355032968,
  1.9473854413948684,
  2.1473600395362378,
  2.36786978138966,
  2.611023395419619,
  2.879146152803877,
  3.1748021039363987,
  3.500818598369214,
  3.86031332267673,
  4.25672411480482,
  4.693841840018505,
  5.175846642839929,
  5.707347921652972,
  6.293428408250444,
  6.939692773855387,
  7.652321226434491,
  8.438128611853172,
  9.3046295840551,
  10.260110467486651,
  11.313708498984761
 ],
 "border_radii": [
  10,
  10,
  10,
  10,
  10,
  10,
  10,
  10,
  10,
  10,
  10,
  10,
  10,
  10,
  10,
  10,
  10,
  10,
  10,
  10,
  10,
  10,
  10,
  10,
  10,
  11,
  12,
  14,
  15,
  17,
  18,
  20,
  22,
  25,
  27,
  30,
  33,
  37,
  41,
  45
 ]
}