{
 "time": "181120_0148",
 "filename": "T-BN0204423.png",
 "alphas": [
  0.04562381789112693,
  0.046745600741827945,
  0.04808199657123269,
  0.049392577994532394,
  0.050963306843617495,
  0.05301488565562429,
  0.05553571074675499,
  0.05889176157791834,
  0.06314652202943895,
  0.06845884071635681,
  0.07591097360672086,
  0.08070561274069724,
  0.08357872101479846,
  0.08724824364883771,
  0.09216406840998234,
  0.09931118172291192,
  0.10931719998223166,
  0.12239514871807855,
  0.13958761026453204,
  0.16120663482228265,
  0.18799640765053285,
  0.22044415010349172,
  0.25618635714683446,
  0.27763093442046827,
  0.2843480404187958,
  0.28656698403471204,
  0.29332314648663044,
  0.30678691347137604,
  0.32328580531571655,
  0.32150260842459094,
  0.24657478826209706,
  0.194855028534497,
  0.15523168233718565,
  0.1303919672189009,
  0.11518415866879023,
  0.10834337133341934,
  0.10595154572996104,
  0.10585971608996145,
  0.10702804885872413,
  0.11034205418009514
 ],
 "betas": [
  0.5,
  0.5,
  0.5,
  0.5,
  0.5,
  0.5,
  0.5,
  0.5,
  0.5,
  0.5,
  0.5,
  0.5,
  0.5,
  0.5,
  0.5,
  0.5,
  0.5,
  0.5,
  0.5,
  0.5,
  0.5,
  0.5,
  0.5,
  0.5,
  0.5,
  0.5,
  0.5,
  0.5,
  0.5,
  0.5,
  0.5,
  0.5,
  0.5,
  0.5,
  0.5,
  0.5,
  0.5,
  0.5,
  0.5,
  0.5
 ],
 "gammas": [
  0.16850010529267292,
  0.1663883208333614,
  0.16386559739875364,
  0.16086324970787458,
  0.15730622752973158,
  0.15311497837815866,
  0.1482087034611694,
  0.1425104320168215,
  0.13595430475340148,
  0.12849529057034503,
  0.12012118663610817,
  0.11086610050673525,
  0.10082366669880374,
  0.09015712047906765,
  0.07910236929531107,
  0.06795995943654107,
  0.05859294134578823,
  0.051371925268734124,
  0.04456291597211475,
  0.037744183504640344,
  0.03197211807073046,
  0.026753939259591974,
  0.022383758490638804,
  0.018489447984016097,
  0.015099136347647677,
  0.01224382413375792,
  0.009834042846572348,
  0.007820941053164153,
  0.0061651374821973465,
  0.0048200590648501485,
  0.004224393969018025,
  0.0036565915873670064,
  0.003099014872655331,
  0.002572092462392023,
  0.0020960224826499147,
  0.001733009423014316,
  0.0015144040777137775,
  0.0012991234370322055,
  0.0010915818127730645,
  0.0008966145721256659
 ],
 "sigmas": [
  0.25,
  0.2756721902468024,
  0.3039806259018769,
  0.3351960197398572,
  0.3696168836947874,
  0.4075723835213587,
  0.449425486597771,
  0.49557643297256987,
  0.5464665628489841,
  0.6025825371088854,
  0.6644609912371261,
  0.7326936671515999,
  0.8079330720145728,
  0.8908987181403393,
  0.9823840036712642,
  1.0832637998219208,
  1.1945028172479306,
  1.3171648315468518,
  1.4524228561143249,
  1.6015703596382094,
  1.7660336355032968,
  1.9473854413948684,
  2.1473600395362378,
  2.36786978138966,
  2.611023395419619,
  2.879146152803877,
  3.1748021039363987,
  3.500818598369214,
  3.86031332267673,
  4.25672411480482,
  4.693841840018505,
  5.175846642839929,
  5.707347921652972,
  6.293428408250444,
  6.939692773855387,
  7.652321226434491,
  8.438128611853172,
  9.3046295840551,
  10.260110467486651,
  11.313708498984761
 ],
 "border_radii": [
  10,
  10,
  10,
  10,
  10,
  10,
  10,
  10,
  10,
  10,
  10,
  10,
  10,
  10,
  10,
  10,
  10,
  10,
  10,
  10,
  10,
  10,
  10,
  10,
  10,
  11,
  12,
  14,
  15,
  17,
  18,
  20,
  22,
  25,
  27,
  30,
  33,
  37,
  41,
  45
 ]
}