{
 "time": "181120_0455",
 "filename": "T-BN9730834.png",
 "alphas": [
  0.053864534009905304,
  0.054414751054012535,
  0.05508366652503186,
  0.05598638183635422,
  0.057162902728041566,
  0.058551188889166425,
  0.060230609890268134,
  0.062152132987790584,
  0.06463007341982732,
  0.06763569555119649,
  0.07163342867235649,
  0.07509428301390182,
  0.07902596172149176,
  0.08426226161658183,
  0.09146378809504943,
  0.10039474251829479,
  0.11206263065040103,
  0.12733496420967877,
  0.1473971970912023,
  0.16633344372810743,
  0.17222141419456963,
  0.18122695207992934,
  0.18722959290958538,
  0.17499248620957947,
  0.16691697720057863,
  0.15566683884668395,
  0.14835892083160399,
  0.1437555372411949,
  0.14289485113686312,
  0.14513431608142238,
  0.15096723885419755,
  0.15824383313299495,
  0.16905069242143891,
  0.1843474658105613,
  0.17687186753518785,
  0.16133487007198583,
  0.1555454467436886,
  0.15716228440215477,
  0.15889582856650147,
  0.1599232550074285
 ],
 "betas": [
  0.5,
  0.5,
  0.5,
  0.5,
  0.5,
  0.5,
  0.5,
  0.5,
  0.5,
  0.5,
  0.5,
  0.5,
  0.5,
  0.5,
  0.5,
  0.5,
  0.5,
  0.5,
  0.5,
  0.5,
  0.5,
  0.5,
  0.5,
  0.5,
  0.5,
  0.5,
  0.5,
  0.5,
  0.5,
  0.5,
  0.5,
  0.5,
  0.5,
  0.5,
  0.5,
  0.5,
  0.5,
  0.5,
  0.5,
  0.5
 ],
 "gammas": [
  0.11563019523242629,
  0.11370351153794105,
  0.11141529482374507,
  0.10871108189074975,
  0.10553414565444108,
  0.10182830375433997,
  0.09754211115374346,
  0.09263465953872846,
  0.08708303157266321,
  0.08089112261460014,
  0.07409901569254816,
  0.06679140355036742,
  0.05981645774257758,
  0.056139217649418635,
  0.052084977770350684,
  0.04770963181248221,
  0.04309927770339998,
  0.03893304344910281,
  0.035045191867248776,
  0.030980576608034462,
  0.026886331589683732,
  0.022906109687215123,
  0.019184332398158147,
  0.015859453987781918,
  0.013337525357993627,
  0.011380838134604917,
  0.009582502494014098,
  0.00797076515964663,
  0.006553627179142356,
  0.005329012105886621,
  0.004282047346062187,
  0.00339246740508613,
  0.0027328490241396485,
  0.0023081536968130472,
  0.0019492755279292178,
  0.0016742241934233797,
  0.0014111101156731897,
  0.001163403425449893,
  0.000945106668605098,
  0.0007658013756425904
 ],
 "sigmas": [
  0.25,
  0.2756721902468024,
  0.3039806259018769,
  0.3351960197398572,
  0.3696168836947874,
  0.4075723835213587,
  0.449425486597771,
  0.49557643297256987,
  0.5464665628489841,
  0.6025825371088854,
  0.6644609912371261,
  0.7326936671515999,
  0.8079330720145728,
  0.8908987181403393,
  0.9823840036712642,
  1.0832637998219208,
  1.1945028172479306,
  1.3171648315468518,
  1.4524228561143249,
  1.6015703596382094,
  1.7660336355032968,
  1.9473854413948684,
  2.1473600395362378,
  2.36786978138966,
  2.611023395419619,
  2.879146152803877,
  3.1748021039363987,
  3.500818598369214,
  3.86031332267673,
  4.25672411480482,
  4.693841840018505,
  5.175846642839929,
  5.707347921652972,
  6.293428408250444,
  6.939692773855387,
  7.652321226434491,
  8.438128611853172,
  9.3046295840551,
  10.260110467486651,
  11.313708498984761
 ],
 "border_radii": [
  10,
  10,
  10,
  10,
  10,
  10,
  10,
  10,
  10,
  10,
  10,
  10,
  10,
  10,
  10,
  10,
  10,
  10,
  10,
  10,
  10,
  10,
  10,
  10,
  10,
  11,
  12,
  14,
  15,
  17,
  18,
  20,
  22,
  25,
  27,
  30,
  33,
  37,
  41,
  45
 ]
}