{
 "time": "181120_0447",
 "filename": "T-BN9238868.png",
 "alphas": [
  0.07536646999255744,
  0.07577343504909417,
  0.07623510761034505,
  0.07680660997210913,
  0.07763182607109419,
  0.07850332312234741,
  0.07962028343005983,
  0.08116907008230621,
  0.08284443601039343,
  0.08499859870935232,
  0.08777542122338511,
  0.09097766800514201,
  0.09528244742366218,
  0.10071399819016066,
  0.1069277092774924,
  0.11484223235028784,
  0.12431172423621578,
  0.13554530253077057,
  0.14855474775070868,
  0.1638451544627404,
  0.18059420747852684,
  0.19992505756484702,
  0.2216625466553178,
  0.2269250357466639,
  0.2180716492129709,
  0.21078713791369896,
  0.20628915916575935,
  0.2062453350470385,
  0.20598964587889143,
  0.20497180021439793,
  0.19785180021250642,
  0.19161445797431703,
  0.16932786727394222,
  0.15351943093628567,
  0.14246327348003598,
  0.12219261948240039,
  0.10905464779405495,
  0.09980756711558549,
  0.0917234738821193,
  0.08776605092753995
 ],
 "betas": [
  0.5,
  0.5,
  0.5,
  0.5,
  0.5,
  0.5,
  0.5,
  0.5,
  0.5,
  0.5,
  0.5,
  0.5,
  0.5,
  0.5,
  0.5,
  0.5,
  0.5,
  0.5,
  0.5,
  0.5,
  0.5,
  0.5,
  0.5,
  0.5,
  0.5,
  0.5,
  0.5,
  0.5,
  0.5,
  0.5,
  0.5,
  0.5,
  0.5,
  0.5,
  0.5,
  0.5,
  0.5,
  0.5,
  0.5,
  0.5
 ],
 "gammas": [
  0.15343888114065782,
  0.1503653539662791,
  0.14673419584738553,
  0.14247008152746837,
  0.13749892871381386,
  0.13175377603616026,
  0.12518289412544262,
  0.1177601724590593,
  0.10949731758667479,
  0.10045659341227081,
  0.09076177045324305,
  0.08060385700026479,
  0.07091990026378117,
  0.06280097511433605,
  0.054557859809267695,
  0.04641823007841701,
  0.038619425173532645,
  0.03200350590608169,
  0.026260810275897703,
  0.02136265133066578,
  0.01713742061510633,
  0.013478434565571896,
  0.010557920178744025,
  0.008431469870647487,
  0.006632180037431455,
  0.005619727996434971,
  0.004690849811428143,
  0.003824670679391029,
  0.003051560302123602,
  0.0024875756901262644,
  0.0020265873972630803,
  0.0017408718438010069,
  0.0015690566567540965,
  0.0013987311426980826,
  0.0012083110456482292,
  0.001015284925588976,
  0.0008341787150786056,
  0.0006850580000110579,
  0.0005562365512290974,
  0.0004483432656466265
 ],
 "sigmas": [
  0.25,
  0.2756721902468024,
  0.3039806259018769,
  0.3351960197398572,
  0.3696168836947874,
  0.4075723835213587,
  0.449425486597771,
  0.49557643297256987,
  0.5464665628489841,
  0.6025825371088854,
  0.6644609912371261,
  0.7326936671515999,
  0.8079330720145728,
  0.8908987181403393,
  0.9823840036712642,
  1.0832637998219208,
  1.1945028172479306,
  1.3171648315468518,
  1.4524228561143249,
  1.6015703596382094,
  1.7660336355032968,
  1.9473854413948684,
  2.1473600395362378,
  2.36786978138966,
  2.611023395419619,
  2.879146152803877,
  3.1748021039363987,
  3.500818598369214,
  3.86031332267673,
  4.25672411480482,
  4.693841840018505,
  5.175846642839929,
  5.707347921652972,
  6.293428408250444,
  6.939692773855387,
  7.652321226434491,
  8.438128611853172,
  9.3046295840551,
  10.260110467486651,
  11.313708498984761
 ],
 "border_radii": [
  10,
  10,
  10,
  10,
  10,
  10,
  10,
  10,
  10,
  10,
  10,
  10,
  10,
  10,
  10,
  10,
  10,
  10,
  10,
  10,
  10,
  10,
  10,
  10,
  10,
  11,
  12,
  14,
  15,
  17,
  18,
  20,
  22,
  25,
  27,
  30,
  33,
  37,
  41,
  45
 ]
}