{
 "time": "181120_0348",
 "filename": "T-BN6557410.png",
 "alphas": [
  0.04285051308493832,
  0.04331474170832826,
  0.04394233967508028,
  0.04469642304548928,
  0.04560208886624889,
  0.04667988524090039,
  0.0481198711315063,
  0.04997660850644256,
  0.05221211617141871,
  0.055019458788977446,
  0.05881878969247922,
  0.06368395384533385,
  0.07021366608302837,
  0.07745059460952045,
  0.08501075469590319,
  0.09410190785728764,
  0.10584144073968815,
  0.12138490425275719,
  0.13901904086492847,
  0.1385405810879357,
  0.1409170572896734,
  0.14562547258167108,
  0.1527895945084575,
  0.16183021626858987,
  0.1747004669543169,
  0.19022151936687673,
  0.196401916982045,
  0.20664459729289347,
  0.22004335518940404,
  0.23938209174235997,
  0.23556713792497477,
  0.21134831281937458,
  0.19737103785872098,
  0.18786766847746236,
  0.18150301540221778,
  0.17775737289765886,
  0.17117193893714594,
  0.16501240952371388,
  0.15981039882995707,
  0.15496128657296965
 ],
 "betas": [
  0.5,
  0.5,
  0.5,
  0.5,
  0.5,
  0.5,
  0.5,
  0.5,
  0.5,
  0.5,
  0.5,
  0.5,
  0.5,
  0.5,
  0.5,
  0.5,
  0.5,
  0.5,
  0.5,
  0.5,
  0.5,
  0.5,
  0.5,
  0.5,
  0.5,
  0.5,
  0.5,
  0.5,
  0.5,
  0.5,
  0.5,
  0.5,
  0.5,
  0.5,
  0.5,
  0.5,
  0.5,
  0.5,
  0.5,
  0.5
 ],
 "gammas": [
  0.13404792800959556,
  0.13225223063323335,
  0.13011020329041936,
  0.12756536582090303,
  0.12455667883253609,
  0.12102041182967434,
  0.11689323939466664,
  0.11211689551412841,
  0.10664465266418004,
  0.10044970233108048,
  0.09353513772638887,
  0.08594463450782573,
  0.07777211043611422,
  0.06916776833290744,
  0.06283029833181236,
  0.056799481156548905,
  0.05043552153469295,
  0.043998503092465766,
  0.03775902602282306,
  0.031947846447960386,
  0.026718732142972556,
  0.02213909956386501,
  0.018206504334166318,
  0.014875535524675373,
  0.012080563879385754,
  0.009749905020671879,
  0.008310312701647825,
  0.007451869950855766,
  0.006689635768581547,
  0.005965200003727244,
  0.005236920542585956,
  0.004486516345148726,
  0.0037642249167411388,
  0.0030686669727511377,
  0.0024647293207565777,
  0.0019290594317367287,
  0.0016654175257864148,
  0.0014482408941961158,
  0.0012190011386519139,
  0.001016935020442076
 ],
 "sigmas": [
  0.25,
  0.2756721902468024,
  0.3039806259018769,
  0.3351960197398572,
  0.3696168836947874,
  0.4075723835213587,
  0.449425486597771,
  0.49557643297256987,
  0.5464665628489841,
  0.6025825371088854,
  0.6644609912371261,
  0.7326936671515999,
  0.8079330720145728,
  0.8908987181403393,
  0.9823840036712642,
  1.0832637998219208,
  1.1945028172479306,
  1.3171648315468518,
  1.4524228561143249,
  1.6015703596382094,
  1.7660336355032968,
  1.9473854413948684,
  2.1473600395362378,
  2.36786978138966,
  2.611023395419619,
  2.879146152803877,
  3.1748021039363987,
  3.500818598369214,
  3.86031332267673,
  4.25672411480482,
  4.693841840018505,
  5.175846642839929,
  5.707347921652972,
  6.293428408250444,
  6.939692773855387,
  7.652321226434491,
  8.438128611853172,
  9.3046295840551,
  10.260110467486651,
  11.313708498984761
 ],
 "border_radii": [
  10,
  10,
  10,
  10,
  10,
  10,
  10,
  10,
  10,
  10,
  10,
  10,
  10,
  10,
  10,
  10,
  10,
  10,
  10,
  10,
  10,
  10,
  10,
  10,
  10,
  11,
  12,
  14,
  15,
  17,
  18,
  20,
  22,
  25,
  27,
  30,
  33,
  37,
  41,
  45
 ]
}