{
 "time": "181120_0358",
 "filename": "T-BN7467857.png",
 "alphas": [
  0.05958776195832217,
  0.060288482830339746,
  0.061219297322807016,
  0.06234708158805418,
  0.06366444323333287,
  0.06542828786548249,
  0.06768348003284708,
  0.07019804949930403,
  0.07345294777876425,
  0.07755297606906489,
  0.08135245118387083,
  0.085992917429162,
  0.09169804402587575,
  0.09938931953994143,
  0.10880096418038795,
  0.12149967413613683,
  0.13284660138417126,
  0.14700382802570694,
  0.1635592311536084,
  0.1821778949606389,
  0.19552220128169262,
  0.21162635130981408,
  0.23427958950609012,
  0.262921068150457,
  0.2983772492185355,
  0.3157776448686456,
  0.3278345820601941,
  0.3438316909177266,
  0.35676794363307657,
  0.30134489170385764,
  0.26283815517112485,
  0.2394794263156343,
  0.2245363525114373,
  0.20738173819191236,
  0.19162389084326303,
  0.17935200059571976,
  0.17271323307536496,
  0.17228404530908625,
  0.1769857696767489,
  0.18177543607222305
 ],
 "betas": [
  0.5,
  0.5,
  0.5,
  0.5,
  0.5,
  0.5,
  0.5,
  0.5,
  0.5,
  0.5,
  0.5,
  0.5,
  0.5,
  0.5,
  0.5,
  0.5,
  0.5,
  0.5,
  0.5,
  0.5,
  0.5,
  0.5,
  0.5,
  0.5,
  0.5,
  0.5,
  0.5,
  0.5,
  0.5,
  0.5,
  0.5,
  0.5,
  0.5,
  0.5,
  0.5,
  0.5,
  0.5,
  0.5,
  0.5,
  0.5
 ],
 "gammas": [
  0.10580411242460011,
  0.10463385178253913,
  0.1032360037696097,
  0.10157253142903334,
  0.09960182736058118,
  0.09727968544083253,
  0.09456099425835049,
  0.09140235739751587,
  0.08776581586206386,
  0.08362374813539876,
  0.07899714404367755,
  0.07388560370735417,
  0.06831263929358235,
  0.06235086890047895,
  0.05610703985327144,
  0.04971815781324866,
  0.04334180044648527,
  0.03784216107002647,
  0.03318374255943417,
  0.02858270125127058,
  0.024143849319864432,
  0.020107542413552955,
  0.01653021359782798,
  0.01324043787607284,
  0.010253810404187337,
  0.007570538876044567,
  0.006189703700796178,
  0.005220816983296708,
  0.004905150900608866,
  0.004673414321554834,
  0.004297240991952249,
  0.003821046180766637,
  0.0032973794813567947,
  0.0027737831363113686,
  0.0022849428451260506,
  0.001963287134096971,
  0.0016775303620024716,
  0.0014014311101596755,
  0.001149731906101881,
  0.0009394260901794903
 ],
 "sigmas": [
  0.25,
  0.2756721902468024,
  0.3039806259018769,
  0.3351960197398572,
  0.3696168836947874,
  0.4075723835213587,
  0.449425486597771,
  0.49557643297256987,
  0.5464665628489841,
  0.6025825371088854,
  0.6644609912371261,
  0.7326936671515999,
  0.8079330720145728,
  0.8908987181403393,
  0.9823840036712642,
  1.0832637998219208,
  1.1945028172479306,
  1.3171648315468518,
  1.4524228561143249,
  1.6015703596382094,
  1.7660336355032968,
  1.9473854413948684,
  2.1473600395362378,
  2.36786978138966,
  2.611023395419619,
  2.879146152803877,
  3.1748021039363987,
  3.500818598369214,
  3.86031332267673,
  4.25672411480482,
  4.693841840018505,
  5.175846642839929,
  5.707347921652972,
  6.293428408250444,
  6.939692773855387,
  7.652321226434491,
  8.438128611853172,
  9.3046295840551,
  10.260110467486651,
  11.313708498984761
 ],
 "border_radii": [
  10,
  10,
  10,
  10,
  10,
  10,
  10,
  10,
  10,
  10,
  10,
  10,
  10,
  10,
  10,
  10,
  10,
  10,
  10,
  10,
  10,
  10,
  10,
  10,
  10,
  11,
  12,
  14,
  15,
  17,
  18,
  20,
  22,
  25,
  27,
  30,
  33,
  37,
  41,
  45
 ]
}