{
 "time": "181120_0150",
 "filename": "T-BN0254914.png",
 "alphas": [
  0.05171335185115861,
  0.05229195927199355,
  0.05293351356806525,
  0.05379075043300158,
  0.05486998005581358,
  0.056209127917449885,
  0.05777592652377615,
  0.05975408106853367,
  0.06226900529058785,
  0.06565360999783555,
  0.06984149227585909,
  0.07543491068578188,
  0.08233021832393106,
  0.09131606909083602,
  0.10306097961694108,
  0.11832551073145767,
  0.12749303923222377,
  0.13467358945508515,
  0.14251966272010613,
  0.15092233685428244,
  0.16191701721510773,
  0.1751087378917049,
  0.19073612076887103,
  0.20884176430779203,
  0.22854360097738735,
  0.24366925888291843,
  0.25989375005760273,
  0.2611266423542263,
  0.2679640306765061,
  0.27313825528781316,
  0.2646558217327978,
  0.24135089677216515,
  0.22837391153575928,
  0.22457317691788323,
  0.22563976049495849,
  0.20142644850917296,
  0.18544269685322046,
  0.1775503595763128,
  0.1801517100405847,
  0.18196608715927717
 ],
 "betas": [
  0.5,
  0.5,
  0.5,
  0.5,
  0.5,
  0.5,
  0.5,
  0.5,
  0.5,
  0.5,
  0.5,
  0.5,
  0.5,
  0.5,
  0.5,
  0.5,
  0.5,
  0.5,
  0.5,
  0.5,
  0.5,
  0.5,
  0.5,
  0.5,
  0.5,
  0.5,
  0.5,
  0.5,
  0.5,
  0.5,
  0.5,
  0.5,
  0.5,
  0.5,
  0.5,
  0.5,
  0.5,
  0.5,
  0.5,
  0.5
 ],
 "gammas": [
  0.09793932133860599,
  0.09659649594927666,
  0.09500016108547858,
  0.09311134832688933,
  0.09088901248579619,
  0.08829178025903159,
  0.08528059454019629,
  0.08182240028231101,
  0.0778949066185313,
  0.07349224897745997,
  0.06863104893593278,
  0.0633559515186458,
  0.057743301381045546,
  0.05190138040602759,
  0.0459658116653013,
  0.040404211515953595,
  0.036171540802511046,
  0.03222033540776829,
  0.0285591750154411,
  0.02494987723601371,
  0.02146125951438144,
  0.018474115075364377,
  0.016015619276234634,
  0.013601493089789583,
  0.01123711947648362,
  0.009014233945455996,
  0.0075766102790793015,
  0.006229489045635602,
  0.004944315652276329,
  0.0038306244331395354,
  0.003266213605717464,
  0.0027408594309755157,
  0.0023086498064718215,
  0.0020582635163271285,
  0.0017781254080314033,
  0.001495315138772143,
  0.0012303988703222565,
  0.0009919502913714527,
  0.0007706052021484368,
  0.0006036153556821712
 ],
 "sigmas": [
  0.25,
  0.2756721902468024,
  0.3039806259018769,
  0.3351960197398572,
  0.3696168836947874,
  0.4075723835213587,
  0.449425486597771,
  0.49557643297256987,
  0.5464665628489841,
  0.6025825371088854,
  0.6644609912371261,
  0.7326936671515999,
  0.8079330720145728,
  0.8908987181403393,
  0.9823840036712642,
  1.0832637998219208,
  1.1945028172479306,
  1.3171648315468518,
  1.4524228561143249,
  1.6015703596382094,
  1.7660336355032968,
  1.9473854413948684,
  2.1473600395362378,
  2.36786978138966,
  2.611023395419619,
  2.879146152803877,
  3.1748021039363987,
  3.500818598369214,
  3.86031332267673,
  4.25672411480482,
  4.693841840018505,
  5.175846642839929,
  5.707347921652972,
  6.293428408250444,
  6.939692773855387,
  7.652321226434491,
  8.438128611853172,
  9.3046295840551,
  10.260110467486651,
  11.313708498984761
 ],
 "border_radii": [
  10,
  10,
  10,
  10,
  10,
  10,
  10,
  10,
  10,
  10,
  10,
  10,
  10,
  10,
  10,
  10,
  10,
  10,
  10,
  10,
  10,
  10,
  10,
  10,
  10,
  11,
  12,
  14,
  15,
  17,
  18,
  20,
  22,
  25,
  27,
  30,
  33,
  37,
  41,
  45
 ]
}