{
 "time": "181120_0347",
 "filename": "T-BN6535713.png",
 "alphas": [
  0.04306404971789142,
  0.043686528460422897,
  0.04447163975467835,
  0.045366382255503546,
  0.04644724255471214,
  0.04799156638485861,
  0.04987294200986389,
  0.05135137968212446,
  0.052680877721986125,
  0.05433202893786091,
  0.05652522683997821,
  0.05924608734079513,
  0.0626224996145967,
  0.06587704860059447,
  0.06999006342119836,
  0.0749992901594323,
  0.08118801390234906,
  0.08924457894374778,
  0.09592820037441312,
  0.10028234350502614,
  0.10664713137629978,
  0.1148026352455771,
  0.12306769506182655,
  0.1251038615372993,
  0.12917360687492047,
  0.13431621490522624,
  0.14200300096259194,
  0.15109704969775145,
  0.15904379992072085,
  0.16761613687134977,
  0.16155475463810587,
  0.1468348596952711,
  0.1362313942910411,
  0.13201863001617098,
  0.12575641591763895,
  0.11749655387209301,
  0.11455771166659906,
  0.11199763307281645,
  0.11345599705135806,
  0.11615590616110286
 ],
 "betas": [
  0.5,
  0.5,
  0.5,
  0.5,
  0.5,
  0.5,
  0.5,
  0.5,
  0.5,
  0.5,
  0.5,
  0.5,
  0.5,
  0.5,
  0.5,
  0.5,
  0.5,
  0.5,
  0.5,
  0.5,
  0.5,
  0.5,
  0.5,
  0.5,
  0.5,
  0.5,
  0.5,
  0.5,
  0.5,
  0.5,
  0.5,
  0.5,
  0.5,
  0.5,
  0.5,
  0.5,
  0.5,
  0.5,
  0.5,
  0.5
 ],
 "gammas": [
  0.10876674020036622,
  0.10714725219941403,
  0.10522079858003222,
  0.1029397310088304,
  0.10025370260570272,
  0.0971117863098298,
  0.09346573433532777,
  0.08927460038025703,
  0.08451082534888696,
  0.07916763492026596,
  0.07326717813084364,
  0.06686825580881235,
  0.06007184043522809,
  0.053531219903747165,
  0.047421671628272585,
  0.04151808805959216,
  0.035825051369797155,
  0.030333840376415747,
  0.025580484486058926,
  0.023142624180641787,
  0.02063196029771011,
  0.018132631780778008,
  0.015725156414555238,
  0.013447538940137943,
  0.011348217530787222,
  0.009463761930174482,
  0.008066304730375928,
  0.006752489824945013,
  0.005558776605218271,
  0.004492271415937609,
  0.0038380999923921196,
  0.003428439698610557,
  0.002974015378082896,
  0.0025375471967958156,
  0.0021409471862631306,
  0.0017880893899113346,
  0.0014970974690057056,
  0.0012492513368909939,
  0.0010314051149670881,
  0.0008436130195080743
 ],
 "sigmas": [
  0.25,
  0.2756721902468024,
  0.3039806259018769,
  0.3351960197398572,
  0.3696168836947874,
  0.4075723835213587,
  0.449425486597771,
  0.49557643297256987,
  0.5464665628489841,
  0.6025825371088854,
  0.6644609912371261,
  0.7326936671515999,
  0.8079330720145728,
  0.8908987181403393,
  0.9823840036712642,
  1.0832637998219208,
  1.1945028172479306,
  1.3171648315468518,
  1.4524228561143249,
  1.6015703596382094,
  1.7660336355032968,
  1.9473854413948684,
  2.1473600395362378,
  2.36786978138966,
  2.611023395419619,
  2.879146152803877,
  3.1748021039363987,
  3.500818598369214,
  3.86031332267673,
  4.25672411480482,
  4.693841840018505,
  5.175846642839929,
  5.707347921652972,
  6.293428408250444,
  6.939692773855387,
  7.652321226434491,
  8.438128611853172,
  9.3046295840551,
  10.260110467486651,
  11.313708498984761
 ],
 "border_radii": [
  10,
  10,
  10,
  10,
  10,
  10,
  10,
  10,
  10,
  10,
  10,
  10,
  10,
  10,
  10,
  10,
  10,
  10,
  10,
  10,
  10,
  10,
  10,
  10,
  10,
  11,
  12,
  14,
  15,
  17,
  18,
  20,
  22,
  25,
  27,
  30,
  33,
  37,
  41,
  45
 ]
}