{
 "time": "181120_0352",
 "filename": "T-BN6803276.png",
 "alphas": [
  0.05787203542366613,
  0.058752561634800686,
  0.059852576634473825,
  0.06124550000551478,
  0.06299523827898192,
  0.06501669460987107,
  0.06569528465789434,
  0.06662730541575151,
  0.06774446546388493,
  0.06950649548214582,
  0.07160872768741962,
  0.07458784727302219,
  0.0786963281715683,
  0.08431362462645339,
  0.09026024221492233,
  0.09846710726361063,
  0.10398134511183704,
  0.11350497648476772,
  0.1286152392309885,
  0.15176711615578917,
  0.1769567212303933,
  0.17741775010690133,
  0.17785175951385873,
  0.18066768380041426,
  0.18566488195083425,
  0.19429428636670404,
  0.20666614810484396,
  0.2214484481430236,
  0.23625407237235274,
  0.25112958924207845,
  0.25702896137582015,
  0.26423483145794197,
  0.2695659988625446,
  0.24903381228109547,
  0.21753552445677218,
  0.1982062955028596,
  0.181353571587887,
  0.16306534840848702,
  0.14148097037389762,
  0.12248979305463537
 ],
 "betas": [
  0.5,
  0.5,
  0.5,
  0.5,
  0.5,
  0.5,
  0.5,
  0.5,
  0.5,
  0.5,
  0.5,
  0.5,
  0.5,
  0.5,
  0.5,
  0.5,
  0.5,
  0.5,
  0.5,
  0.5,
  0.5,
  0.5,
  0.5,
  0.5,
  0.5,
  0.5,
  0.5,
  0.5,
  0.5,
  0.5,
  0.5,
  0.5,
  0.5,
  0.5,
  0.5,
  0.5,
  0.5,
  0.5,
  0.5,
  0.5
 ],
 "gammas": [
  0.1363633635926073,
  0.13444317038649123,
  0.13216376152939283,
  0.1294713362176527,
  0.12630986996092552,
  0.12262377995778855,
  0.11836182854490221,
  0.11389731173551793,
  0.10887705356863298,
  0.10319655244311213,
  0.09685662983213227,
  0.08989242877965355,
  0.08238080399791264,
  0.07444448074177358,
  0.0662507144950505,
  0.05800263677675816,
  0.04992283932253333,
  0.04228196554801444,
  0.035783881117176654,
  0.03010819718681914,
  0.02459930947283568,
  0.019586399566790622,
  0.01601492414984008,
  0.013471471877472501,
  0.011519404968474584,
  0.009747145758542117,
  0.00812945788807956,
  0.006792964890130381,
  0.005651981443658231,
  0.0047084348243805405,
  0.003894717740119254,
  0.003257467551271446,
  0.0026867748939436295,
  0.0022727708108381895,
  0.0019959661972954314,
  0.001714599409890206,
  0.0014306546982152657,
  0.0011841141138481217,
  0.0009940644566460782,
  0.0008192724092088237
 ],
 "sigmas": [
  0.25,
  0.2756721902468024,
  0.3039806259018769,
  0.3351960197398572,
  0.3696168836947874,
  0.4075723835213587,
  0.449425486597771,
  0.49557643297256987,
  0.5464665628489841,
  0.6025825371088854,
  0.6644609912371261,
  0.7326936671515999,
  0.8079330720145728,
  0.8908987181403393,
  0.9823840036712642,
  1.0832637998219208,
  1.1945028172479306,
  1.3171648315468518,
  1.4524228561143249,
  1.6015703596382094,
  1.7660336355032968,
  1.9473854413948684,
  2.1473600395362378,
  2.36786978138966,
  2.611023395419619,
  2.879146152803877,
  3.1748021039363987,
  3.500818598369214,
  3.86031332267673,
  4.25672411480482,
  4.693841840018505,
  5.175846642839929,
  5.707347921652972,
  6.293428408250444,
  6.939692773855387,
  7.652321226434491,
  8.438128611853172,
  9.3046295840551,
  10.260110467486651,
  11.313708498984761
 ],
 "border_radii": [
  10,
  10,
  10,
  10,
  10,
  10,
  10,
  10,
  10,
  10,
  10,
  10,
  10,
  10,
  10,
  10,
  10,
  10,
  10,
  10,
  10,
  10,
  10,
  10,
  10,
  11,
  12,
  14,
  15,
  17,
  18,
  20,
  22,
  25,
  27,
  30,
  33,
  37,
  41,
  45
 ]
}