{
 "time": "181120_0226",
 "filename": "T-BN1662406.png",
 "alphas": [
  0.03279643207743955,
  0.03374280539827523,
  0.03490209812957901,
  0.03640124779555444,
  0.03823684002138532,
  0.040587981158031604,
  0.04368805777784385,
  0.0475890940104563,
  0.05275289018538281,
  0.05972186862972914,
  0.06909274538306495,
  0.08194518709800822,
  0.09955485507319445,
  0.12444117704389963,
  0.1383460336850376,
  0.148958485401492,
  0.16122614586434397,
  0.175639013763576,
  0.19257322304124996,
  0.21244174371043018,
  0.21551488281499012,
  0.22318371849365798,
  0.2328807573857107,
  0.2379408228419993,
  0.24806209099237314,
  0.2541262522000194,
  0.26441801517745733,
  0.2789145218220328,
  0.2953271614182473,
  0.2974191524216046,
  0.27912194978867333,
  0.2595169238234498,
  0.23840402588166607,
  0.21462992686010915,
  0.1906226836485483,
  0.16943841208854019,
  0.15509598488714427,
  0.14893648599712017,
  0.14180025483812192,
  0.1368404859167644
 ],
 "betas": [
  0.5,
  0.5,
  0.5,
  0.5,
  0.5,
  0.5,
  0.5,
  0.5,
  0.5,
  0.5,
  0.5,
  0.5,
  0.5,
  0.5,
  0.5,
  0.5,
  0.5,
  0.5,
  0.5,
  0.5,
  0.5,
  0.5,
  0.5,
  0.5,
  0.5,
  0.5,
  0.5,
  0.5,
  0.5,
  0.5,
  0.5,
  0.5,
  0.5,
  0.5,
  0.5,
  0.5,
  0.5,
  0.5,
  0.5,
  0.5
 ],
 "gammas": [
  0.08858388102987756,
  0.08723388567809331,
  0.0856314567793155,
  0.08373892376439773,
  0.08151719442779627,
  0.07892773452018108,
  0.07593548204701267,
  0.07251281982258372,
  0.06893800000232315,
  0.06546881123198313,
  0.06159262157990576,
  0.057329319590064216,
  0.05272405594338349,
  0.04784978091627407,
  0.04280636775894597,
  0.03771522482558132,
  0.03270924190671977,
  0.027919363461003113,
  0.023460491796612644,
  0.019428708313027895,
  0.016820261183998052,
  0.014330867236445732,
  0.01210992207121494,
  0.010243081247799827,
  0.008835030735738476,
  0.007484496444667455,
  0.006207088766495427,
  0.005049431682545697,
  0.004080124051033695,
  0.0034545683406458742,
  0.0031007648134238875,
  0.0029136437853268756,
  0.0027166140401886905,
  0.00245880822218506,
  0.0021622723169927964,
  0.0018523609360980295,
  0.0015511053439536985,
  0.0012739487824420315,
  0.0009984708543621713,
  0.0007773416832779675
 ],
 "sigmas": [
  0.25,
  0.2756721902468024,
  0.3039806259018769,
  0.3351960197398572,
  0.3696168836947874,
  0.4075723835213587,
  0.449425486597771,
  0.49557643297256987,
  0.5464665628489841,
  0.6025825371088854,
  0.6644609912371261,
  0.7326936671515999,
  0.8079330720145728,
  0.8908987181403393,
  0.9823840036712642,
  1.0832637998219208,
  1.1945028172479306,
  1.3171648315468518,
  1.4524228561143249,
  1.6015703596382094,
  1.7660336355032968,
  1.9473854413948684,
  2.1473600395362378,
  2.36786978138966,
  2.611023395419619,
  2.879146152803877,
  3.1748021039363987,
  3.500818598369214,
  3.86031332267673,
  4.25672411480482,
  4.693841840018505,
  5.175846642839929,
  5.707347921652972,
  6.293428408250444,
  6.939692773855387,
  7.652321226434491,
  8.438128611853172,
  9.3046295840551,
  10.260110467486651,
  11.313708498984761
 ],
 "border_radii": [
  10,
  10,
  10,
  10,
  10,
  10,
  10,
  10,
  10,
  10,
  10,
  10,
  10,
  10,
  10,
  10,
  10,
  10,
  10,
  10,
  10,
  10,
  10,
  10,
  10,
  11,
  12,
  14,
  15,
  17,
  18,
  20,
  22,
  25,
  27,
  30,
  33,
  37,
  41,
  45
 ]
}