{
 "time": "181120_0452",
 "filename": "T-BN9486677.png",
 "alphas": [
  0.04915206622330527,
  0.049809952752100685,
  0.05078422511647349,
  0.05187545073344456,
  0.05323597949046993,
  0.05488455406293439,
  0.05694849334228907,
  0.0596519443935321,
  0.06290095711486376,
  0.06685915468504802,
  0.06997111018312804,
  0.07406128206269008,
  0.07882523002932078,
  0.08517557480740204,
  0.0927049907499123,
  0.1004464186614891,
  0.11059429034023832,
  0.11418268436180522,
  0.11840311562744395,
  0.12278001041574871,
  0.1270993217256126,
  0.12983764086828276,
  0.1316957193870676,
  0.13214883990917203,
  0.13135851480408944,
  0.13315439835638002,
  0.13874742885385366,
  0.1436125531660316,
  0.12634755768410105,
  0.11532949768402462,
  0.108239284416421,
  0.10214945467549354,
  0.09830286467691265,
  0.08294362013371069,
  0.07354210276145995,
  0.06892565820094962,
  0.06788838818910216,
  0.0691853038796711,
  0.07296800818075418,
  0.07613893486428433
 ],
 "betas": [
  0.5,
  0.5,
  0.5,
  0.5,
  0.5,
  0.5,
  0.5,
  0.5,
  0.5,
  0.5,
  0.5,
  0.5,
  0.5,
  0.5,
  0.5,
  0.5,
  0.5,
  0.5,
  0.5,
  0.5,
  0.5,
  0.5,
  0.5,
  0.5,
  0.5,
  0.5,
  0.5,
  0.5,
  0.5,
  0.5,
  0.5,
  0.5,
  0.5,
  0.5,
  0.5,
  0.5,
  0.5,
  0.5,
  0.5,
  0.5
 ],
 "gammas": [
  0.1343534513918287,
  0.1319798362866836,
  0.12916722272141698,
  0.12585232646712877,
  0.12197062358628763,
  0.1174602134011316,
  0.1122673531644749,
  0.10635381630797726,
  0.09970593447485093,
  0.0939848202159713,
  0.08810476506512326,
  0.08164830397540672,
  0.07469164176361748,
  0.06735564896610859,
  0.0598039092412037,
  0.05223289948547719,
  0.04506486680390112,
  0.03849564336143613,
  0.03279775143698248,
  0.02771660626729119,
  0.023100665464178164,
  0.019915113389281158,
  0.01695943997737586,
  0.014296526150160173,
  0.011947674191611163,
  0.01001198506929085,
  0.008333719441781757,
  0.006858227723477705,
  0.005582100920040165,
  0.00455064550410514,
  0.0037353418947104625,
  0.003052629756615847,
  0.002522112431465723,
  0.0021467416620538937,
  0.0018193577882092437,
  0.0015441244223702042,
  0.0013285461776678755,
  0.0011439669228271783,
  0.000969681041182539,
  0.0008138392014645012
 ],
 "sigmas": [
  0.25,
  0.2756721902468024,
  0.3039806259018769,
  0.3351960197398572,
  0.3696168836947874,
  0.4075723835213587,
  0.449425486597771,
  0.49557643297256987,
  0.5464665628489841,
  0.6025825371088854,
  0.6644609912371261,
  0.7326936671515999,
  0.8079330720145728,
  0.8908987181403393,
  0.9823840036712642,
  1.0832637998219208,
  1.1945028172479306,
  1.3171648315468518,
  1.4524228561143249,
  1.6015703596382094,
  1.7660336355032968,
  1.9473854413948684,
  2.1473600395362378,
  2.36786978138966,
  2.611023395419619,
  2.879146152803877,
  3.1748021039363987,
  3.500818598369214,
  3.86031332267673,
  4.25672411480482,
  4.693841840018505,
  5.175846642839929,
  5.707347921652972,
  6.293428408250444,
  6.939692773855387,
  7.652321226434491,
  8.438128611853172,
  9.3046295840551,
  10.260110467486651,
  11.313708498984761
 ],
 "border_radii": [
  10,
  10,
  10,
  10,
  10,
  10,
  10,
  10,
  10,
  10,
  10,
  10,
  10,
  10,
  10,
  10,
  10,
  10,
  10,
  10,
  10,
  10,
  10,
  10,
  10,
  11,
  12,
  14,
  15,
  17,
  18,
  20,
  22,
  25,
  27,
  30,
  33,
  37,
  41,
  45
 ]
}