{
 "time": "181120_0256",
 "filename": "T-BN3307587.png",
 "alphas": [
  0.09250291234700955,
  0.09332251214102563,
  0.09436108831528982,
  0.0956659955619457,
  0.0971517519630331,
  0.0990638205415037,
  0.10144975561689279,
  0.10435354275218875,
  0.10815660375116702,
  0.11248935652192914,
  0.11834325323835188,
  0.12608327317506987,
  0.1359074711025041,
  0.14826878114121247,
  0.1640414669725731,
  0.1847023475864723,
  0.1992348399442076,
  0.20875705862961075,
  0.22103978085184361,
  0.23894640978696557,
  0.2616717692022501,
  0.2786589977538825,
  0.26476815959602207,
  0.24228459992731124,
  0.223469187011116,
  0.21317422971543207,
  0.21110666826429664,
  0.2149514193309012,
  0.2206324621097232,
  0.22344363909963982,
  0.22218010321322731,
  0.22855798210311196,
  0.24230435104918313,
  0.2617684218038164,
  0.2408937950451436,
  0.21287499557577638,
  0.19176278382459266,
  0.17709695602794778,
  0.16126884557110321,
  0.14953339196836288
 ],
 "betas": [
  0.5,
  0.5,
  0.5,
  0.5,
  0.5,
  0.5,
  0.5,
  0.5,
  0.5,
  0.5,
  0.5,
  0.5,
  0.5,
  0.5,
  0.5,
  0.5,
  0.5,
  0.5,
  0.5,
  0.5,
  0.5,
  0.5,
  0.5,
  0.5,
  0.5,
  0.5,
  0.5,
  0.5,
  0.5,
  0.5,
  0.5,
  0.5,
  0.5,
  0.5,
  0.5,
  0.5,
  0.5,
  0.5,
  0.5,
  0.5
 ],
 "gammas": [
  0.1859697565701495,
  0.18237692990856028,
  0.17812674283192867,
  0.17312782398457066,
  0.16728887850473267,
  0.1605251819136857,
  0.1527677007173699,
  0.14397499822001986,
  0.13414756829606905,
  0.1233433900805919,
  0.11169232632001555,
  0.09940569203287183,
  0.08677637065651196,
  0.07416500642573703,
  0.0619698606987622,
  0.05058219741949525,
  0.041362425767194455,
  0.03460134389263192,
  0.02966207049432631,
  0.025674734811733286,
  0.022537704222370118,
  0.019975635130263476,
  0.01720647284194677,
  0.014561535042731728,
  0.012021107315261924,
  0.009692080284640029,
  0.007660522888401798,
  0.00595989449592847,
  0.0046057954442718756,
  0.003576925820456496,
  0.0029074570032675104,
  0.0023235528087928946,
  0.0020235937812158595,
  0.0017430633581169076,
  0.0014893901818522964,
  0.0013052358436054113,
  0.001118792073035532,
  0.0009380010806137553,
  0.000751437319559119,
  0.0006035746118249482
 ],
 "sigmas": [
  0.25,
  0.2756721902468024,
  0.3039806259018769,
  0.3351960197398572,
  0.3696168836947874,
  0.4075723835213587,
  0.449425486597771,
  0.49557643297256987,
  0.5464665628489841,
  0.6025825371088854,
  0.6644609912371261,
  0.7326936671515999,
  0.8079330720145728,
  0.8908987181403393,
  0.9823840036712642,
  1.0832637998219208,
  1.1945028172479306,
  1.3171648315468518,
  1.4524228561143249,
  1.6015703596382094,
  1.7660336355032968,
  1.9473854413948684,
  2.1473600395362378,
  2.36786978138966,
  2.611023395419619,
  2.879146152803877,
  3.1748021039363987,
  3.500818598369214,
  3.86031332267673,
  4.25672411480482,
  4.693841840018505,
  5.175846642839929,
  5.707347921652972,
  6.293428408250444,
  6.939692773855387,
  7.652321226434491,
  8.438128611853172,
  9.3046295840551,
  10.260110467486651,
  11.313708498984761
 ],
 "border_radii": [
  10,
  10,
  10,
  10,
  10,
  10,
  10,
  10,
  10,
  10,
  10,
  10,
  10,
  10,
  10,
  10,
  10,
  10,
  10,
  10,
  10,
  10,
  10,
  10,
  10,
  11,
  12,
  14,
  15,
  17,
  18,
  20,
  22,
  25,
  27,
  30,
  33,
  37,
  41,
  45
 ]
}