{
 "time": "181120_0343",
 "filename": "T-BN6469047.png",
 "alphas": [
  0.04991122419574404,
  0.050387168448764695,
  0.05100212557986988,
  0.051741163802721424,
  0.05256474465604169,
  0.05365452969582186,
  0.05504656666953599,
  0.05675838826853729,
  0.05881882554552709,
  0.06141419625149879,
  0.0645035628223245,
  0.068710478845046,
  0.07342118181669482,
  0.07893114913219887,
  0.08581969611102584,
  0.0948334189245395,
  0.10666351773613822,
  0.12130856675963031,
  0.1383685511515011,
  0.15312136443334848,
  0.1653250175827265,
  0.18156639601916466,
  0.19940540013731473,
  0.22259912807800175,
  0.25069223019154885,
  0.2832467766012809,
  0.32076148084879846,
  0.3202327921414091,
  0.3262057612244308,
  0.3364544786663174,
  0.32488291852504236,
  0.29856665896367063,
  0.26700331932417587,
  0.23728261024670613,
  0.21533212633572496,
  0.199411036893239,
  0.1774644955085325,
  0.16365473594221375,
  0.15479748527130374,
  0.1434208750590076
 ],
 "betas": [
  0.5,
  0.5,
  0.5,
  0.5,
  0.5,
  0.5,
  0.5,
  0.5,
  0.5,
  0.5,
  0.5,
  0.5,
  0.5,
  0.5,
  0.5,
  0.5,
  0.5,
  0.5,
  0.5,
  0.5,
  0.5,
  0.5,
  0.5,
  0.5,
  0.5,
  0.5,
  0.5,
  0.5,
  0.5,
  0.5,
  0.5,
  0.5,
  0.5,
  0.5,
  0.5,
  0.5,
  0.5,
  0.5,
  0.5,
  0.5
 ],
 "gammas": [
  0.11077911157836023,
  0.10912584246928694,
  0.10716030432749961,
  0.10483445612688466,
  0.10209769859311235,
  0.09889904836819446,
  0.0951904365772094,
  0.09093132496016923,
  0.08609470042366783,
  0.08067425232214519,
  0.07469213414953148,
  0.06820618629647171,
  0.061314956700879865,
  0.05415851805016846,
  0.04708086042967149,
  0.040303434146375425,
  0.03417801090136656,
  0.029221207831417788,
  0.024825711934068895,
  0.021451566535556202,
  0.018206968939939824,
  0.015372645710410996,
  0.013735902439458433,
  0.011992713594286325,
  0.010346487777683988,
  0.008995712582143099,
  0.007608161129743655,
  0.006268436958078298,
  0.00504520613816048,
  0.0044232315765215255,
  0.0038217465916075117,
  0.003207695065030095,
  0.0026141690525001613,
  0.0020652443317085295,
  0.0017190483455019165,
  0.0014387678354080588,
  0.0012420081165557871,
  0.0010444622249474987,
  0.0008452525624621106,
  0.0006753187757361909
 ],
 "sigmas": [
  0.25,
  0.2756721902468024,
  0.3039806259018769,
  0.3351960197398572,
  0.3696168836947874,
  0.4075723835213587,
  0.449425486597771,
  0.49557643297256987,
  0.5464665628489841,
  0.6025825371088854,
  0.6644609912371261,
  0.7326936671515999,
  0.8079330720145728,
  0.8908987181403393,
  0.9823840036712642,
  1.0832637998219208,
  1.1945028172479306,
  1.3171648315468518,
  1.4524228561143249,
  1.6015703596382094,
  1.7660336355032968,
  1.9473854413948684,
  2.1473600395362378,
  2.36786978138966,
  2.611023395419619,
  2.879146152803877,
  3.1748021039363987,
  3.500818598369214,
  3.86031332267673,
  4.25672411480482,
  4.693841840018505,
  5.175846642839929,
  5.707347921652972,
  6.293428408250444,
  6.939692773855387,
  7.652321226434491,
  8.438128611853172,
  9.3046295840551,
  10.260110467486651,
  11.313708498984761
 ],
 "border_radii": [
  10,
  10,
  10,
  10,
  10,
  10,
  10,
  10,
  10,
  10,
  10,
  10,
  10,
  10,
  10,
  10,
  10,
  10,
  10,
  10,
  10,
  10,
  10,
  10,
  10,
  11,
  12,
  14,
  15,
  17,
  18,
  20,
  22,
  25,
  27,
  30,
  33,
  37,
  41,
  45
 ]
}