{
 "time": "181120_0335",
 "filename": "T-BN5961598.png",
 "alphas": [
  0.054382366374248474,
  0.054686686476890484,
  0.055097044007618765,
  0.055497033691368367,
  0.05600437721396925,
  0.05669226320201461,
  0.057552512889076625,
  0.058569271681449236,
  0.05997293215069534,
  0.061645627949071205,
  0.06373821248171993,
  0.06642377898008808,
  0.06994352619147734,
  0.07466828453844139,
  0.08063906420571175,
  0.08659211455583168,
  0.09119168249411913,
  0.09808623301496139,
  0.10842628755840462,
  0.12243319183958248,
  0.14195673585685015,
  0.16416815920883626,
  0.17406390940398184,
  0.174724040661649,
  0.1781477475770148,
  0.18784421931582657,
  0.1974232066610746,
  0.2045704394881147,
  0.20916785670059224,
  0.21147654083574324,
  0.18402451363935873,
  0.15243542410703467,
  0.13111906952753397,
  0.11843837487224639,
  0.10379875971401623,
  0.09505215550353786,
  0.09001625259882319,
  0.08564998628095828,
  0.08414454083232904,
  0.080042580915114
 ],
 "betas": [
  0.5,
  0.5,
  0.5,
  0.5,
  0.5,
  0.5,
  0.5,
  0.5,
  0.5,
  0.5,
  0.5,
  0.5,
  0.5,
  0.5,
  0.5,
  0.5,
  0.5,
  0.5,
  0.5,
  0.5,
  0.5,
  0.5,
  0.5,
  0.5,
  0.5,
  0.5,
  0.5,
  0.5,
  0.5,
  0.5,
  0.5,
  0.5,
  0.5,
  0.5,
  0.5,
  0.5,
  0.5,
  0.5,
  0.5,
  0.5
 ],
 "gammas": [
  0.12111211459699464,
  0.11951273816467192,
  0.11760732609497829,
  0.11534698049393367,
  0.11267927838742102,
  0.10955004484496268,
  0.10590618072078047,
  0.10169978318824048,
  0.09689371493302455,
  0.09146858936849224,
  0.08543081158449782,
  0.0788208407185574,
  0.07172026887550732,
  0.06425578260852077,
  0.05659781950551427,
  0.048952041065491135,
  0.0415428425806098,
  0.03459002879428219,
  0.028282164885804813,
  0.022752212294752203,
  0.018938779787583904,
  0.015752098378758746,
  0.013389825820351873,
  0.011153635157210268,
  0.00903772593662536,
  0.007155791778060043,
  0.00569080175062464,
  0.004594750860419284,
  0.003729010937859006,
  0.0030258138275861108,
  0.002573812179706496,
  0.0024996807450760427,
  0.0023685593392897175,
  0.002153786279840931,
  0.001889915092122671,
  0.0016087402646516881,
  0.0013348718784069171,
  0.0010844071646327995,
  0.0008515474889511161,
  0.0006619680025932948
 ],
 "sigmas": [
  0.25,
  0.2756721902468024,
  0.3039806259018769,
  0.3351960197398572,
  0.3696168836947874,
  0.4075723835213587,
  0.449425486597771,
  0.49557643297256987,
  0.5464665628489841,
  0.6025825371088854,
  0.6644609912371261,
  0.7326936671515999,
  0.8079330720145728,
  0.8908987181403393,
  0.9823840036712642,
  1.0832637998219208,
  1.1945028172479306,
  1.3171648315468518,
  1.4524228561143249,
  1.6015703596382094,
  1.7660336355032968,
  1.9473854413948684,
  2.1473600395362378,
  2.36786978138966,
  2.611023395419619,
  2.879146152803877,
  3.1748021039363987,
  3.500818598369214,
  3.86031332267673,
  4.25672411480482,
  4.693841840018505,
  5.175846642839929,
  5.707347921652972,
  6.293428408250444,
  6.939692773855387,
  7.652321226434491,
  8.438128611853172,
  9.3046295840551,
  10.260110467486651,
  11.313708498984761
 ],
 "border_radii": [
  10,
  10,
  10,
  10,
  10,
  10,
  10,
  10,
  10,
  10,
  10,
  10,
  10,
  10,
  10,
  10,
  10,
  10,
  10,
  10,
  10,
  10,
  10,
  10,
  10,
  11,
  12,
  14,
  15,
  17,
  18,
  20,
  22,
  25,
  27,
  30,
  33,
  37,
  41,
  45
 ]
}