{
 "time": "181120_0208",
 "filename": "T-BN0723815.png",
 "alphas": [
  0.038553242504722945,
  0.03922691789325938,
  0.04010256489180329,
  0.04114034263832253,
  0.04241161871169167,
  0.04405082921174742,
  0.04615177329461507,
  0.048879721949647306,
  0.05238038337853794,
  0.05700232134506313,
  0.06301845610443446,
  0.07112039129531683,
  0.0777650543690616,
  0.08572659932016918,
  0.09653152401150313,
  0.10530442448183724,
  0.11350811414021736,
  0.1234919771399871,
  0.12820881494567965,
  0.13179185889363895,
  0.1401514044026048,
  0.15327784496719316,
  0.17161391113863975,
  0.1967437840254273,
  0.2182268040889957,
  0.24186938884135284,
  0.25615767217580554,
  0.26129536042618984,
  0.27124118295445676,
  0.27850685958733695,
  0.29256720014411663,
  0.281754881008249,
  0.24399910719443393,
  0.21702049329718356,
  0.18986264560760874,
  0.16098218991872343,
  0.14301674941680378,
  0.13255603983434652,
  0.12516857864426606,
  0.11980559630344222
 ],
 "betas": [
  0.5,
  0.5,
  0.5,
  0.5,
  0.5,
  0.5,
  0.5,
  0.5,
  0.5,
  0.5,
  0.5,
  0.5,
  0.5,
  0.5,
  0.5,
  0.5,
  0.5,
  0.5,
  0.5,
  0.5,
  0.5,
  0.5,
  0.5,
  0.5,
  0.5,
  0.5,
  0.5,
  0.5,
  0.5,
  0.5,
  0.5,
  0.5,
  0.5,
  0.5,
  0.5,
  0.5,
  0.5,
  0.5,
  0.5,
  0.5
 ],
 "gammas": [
  0.10949461620148628,
  0.10773237468261532,
  0.10564077851987476,
  0.10317080213976568,
  0.10027166950141923,
  0.09689350325462161,
  0.0929912270410266,
  0.08852989218766213,
  0.0834914180796812,
  0.07788240226394677,
  0.07174215258611291,
  0.06514946345602683,
  0.05822605994309374,
  0.05113437142812044,
  0.04481103262020713,
  0.0407112028158792,
  0.03638768240067804,
  0.03194495376964224,
  0.027503846390813835,
  0.023381881299800823,
  0.02071575645597225,
  0.01806517777451365,
  0.015581694777951013,
  0.013150637937286696,
  0.010874357073188703,
  0.008825125051754788,
  0.007323473011790995,
  0.005927606078364228,
  0.00496577586634353,
  0.0041797272629779105,
  0.003496038167008175,
  0.0031573287105882107,
  0.0029003511137662753,
  0.00262128276907246,
  0.0023262916328410316,
  0.002076621207307488,
  0.0018033564987465181,
  0.001537031146626564,
  0.0012599009471012293,
  0.0010201269508361508
 ],
 "sigmas": [
  0.25,
  0.2756721902468024,
  0.3039806259018769,
  0.3351960197398572,
  0.3696168836947874,
  0.4075723835213587,
  0.449425486597771,
  0.49557643297256987,
  0.5464665628489841,
  0.6025825371088854,
  0.6644609912371261,
  0.7326936671515999,
  0.8079330720145728,
  0.8908987181403393,
  0.9823840036712642,
  1.0832637998219208,
  1.1945028172479306,
  1.3171648315468518,
  1.4524228561143249,
  1.6015703596382094,
  1.7660336355032968,
  1.9473854413948684,
  2.1473600395362378,
  2.36786978138966,
  2.611023395419619,
  2.879146152803877,
  3.1748021039363987,
  3.500818598369214,
  3.86031332267673,
  4.25672411480482,
  4.693841840018505,
  5.175846642839929,
  5.707347921652972,
  6.293428408250444,
  6.939692773855387,
  7.652321226434491,
  8.438128611853172,
  9.3046295840551,
  10.260110467486651,
  11.313708498984761
 ],
 "border_radii": [
  10,
  10,
  10,
  10,
  10,
  10,
  10,
  10,
  10,
  10,
  10,
  10,
  10,
  10,
  10,
  10,
  10,
  10,
  10,
  10,
  10,
  10,
  10,
  10,
  10,
  11,
  12,
  14,
  15,
  17,
  18,
  20,
  22,
  25,
  27,
  30,
  33,
  37,
  41,
  45
 ]
}