{
 "time": "181120_0351",
 "filename": "T-BN6616756.png",
 "alphas": [
  0.04780394425940311,
  0.04864633379781659,
  0.049684961852666285,
  0.05095168225937337,
  0.05249555515999655,
  0.053822590105746325,
  0.055320472926427465,
  0.0570860020028172,
  0.05929240611955813,
  0.06226638787694162,
  0.06623111888051157,
  0.07106432250025227,
  0.07675281577544275,
  0.08197845900327771,
  0.08808647401712844,
  0.09559440694363049,
  0.10468469683843196,
  0.11154211456724575,
  0.11947754575822084,
  0.12824869898153135,
  0.13860496162162714,
  0.15287148038318066,
  0.16351942341348866,
  0.1739350872238304,
  0.18803053138164488,
  0.20635498306746872,
  0.2275346091571845,
  0.21675155873478572,
  0.19391254123110296,
  0.17256449201858712,
  0.16124968336792592,
  0.15507215024801824,
  0.15670831717599065,
  0.1611669641359823,
  0.139280258112331,
  0.12669931110562088,
  0.12237599130618004,
  0.1248048346794566,
  0.1325360143719154,
  0.1346810867624882
 ],
 "betas": [
  0.5,
  0.5,
  0.5,
  0.5,
  0.5,
  0.5,
  0.5,
  0.5,
  0.5,
  0.5,
  0.5,
  0.5,
  0.5,
  0.5,
  0.5,
  0.5,
  0.5,
  0.5,
  0.5,
  0.5,
  0.5,
  0.5,
  0.5,
  0.5,
  0.5,
  0.5,
  0.5,
  0.5,
  0.5,
  0.5,
  0.5,
  0.5,
  0.5,
  0.5,
  0.5,
  0.5,
  0.5,
  0.5,
  0.5,
  0.5
 ],
 "gammas": [
  0.1304549446618423,
  0.1280893560160171,
  0.12528707892420776,
  0.12198566010625671,
  0.1181217739038101,
  0.11363526212398826,
  0.10847492286357582,
  0.10260621949567829,
  0.09602077761490414,
  0.08874701001992338,
  0.08086044363601383,
  0.07249141002317588,
  0.0638269781845738,
  0.056171385842227854,
  0.050485347177158704,
  0.04453210204259315,
  0.03847086528253972,
  0.03248870093545547,
  0.026984143713545496,
  0.02262092908178865,
  0.01881466595897352,
  0.015342545950211015,
  0.012854292590665586,
  0.010747841920922036,
  0.008761213835913518,
  0.007018595409585137,
  0.005918291766939316,
  0.004910969253373695,
  0.004112206605957008,
  0.003849722141715301,
  0.003496864325987551,
  0.003088321264378916,
  0.0026597382575628496,
  0.0022421837836523037,
  0.0018902386132850476,
  0.0016180654486439578,
  0.0013534713210788419,
  0.0011113493154745512,
  0.0008973164795421321,
  0.0007168482415984807
 ],
 "sigmas": [
  0.25,
  0.2756721902468024,
  0.3039806259018769,
  0.3351960197398572,
  0.3696168836947874,
  0.4075723835213587,
  0.449425486597771,
  0.49557643297256987,
  0.5464665628489841,
  0.6025825371088854,
  0.6644609912371261,
  0.7326936671515999,
  0.8079330720145728,
  0.8908987181403393,
  0.9823840036712642,
  1.0832637998219208,
  1.1945028172479306,
  1.3171648315468518,
  1.4524228561143249,
  1.6015703596382094,
  1.7660336355032968,
  1.9473854413948684,
  2.1473600395362378,
  2.36786978138966,
  2.611023395419619,
  2.879146152803877,
  3.1748021039363987,
  3.500818598369214,
  3.86031332267673,
  4.25672411480482,
  4.693841840018505,
  5.175846642839929,
  5.707347921652972,
  6.293428408250444,
  6.939692773855387,
  7.652321226434491,
  8.438128611853172,
  9.3046295840551,
  10.260110467486651,
  11.313708498984761
 ],
 "border_radii": [
  10,
  10,
  10,
  10,
  10,
  10,
  10,
  10,
  10,
  10,
  10,
  10,
  10,
  10,
  10,
  10,
  10,
  10,
  10,
  10,
  10,
  10,
  10,
  10,
  10,
  11,
  12,
  14,
  15,
  17,
  18,
  20,
  22,
  25,
  27,
  30,
  33,
  37,
  41,
  45
 ]
}