{
 "time": "181120_0209",
 "filename": "T-BN0963435.png",
 "alphas": [
  0.05929150664300419,
  0.060079947038677986,
  0.061080354806866174,
  0.06239838688251872,
  0.06390069314602934,
  0.06561075813657678,
  0.06800247102674586,
  0.07091854916769072,
  0.07466456582186745,
  0.07957519294066506,
  0.0857054966664291,
  0.09372623707172245,
  0.10403862193738521,
  0.11775684766943703,
  0.1310956402376932,
  0.1345353103950887,
  0.13994523926891372,
  0.14797785700955784,
  0.1597191822123859,
  0.174082442828135,
  0.1725305015968834,
  0.17356926681699636,
  0.17579680193850675,
  0.18342716264888073,
  0.19723504751957005,
  0.21586196094148494,
  0.22427290403079408,
  0.2408268792440605,
  0.24018415799398407,
  0.23572610960064924,
  0.22979742760251062,
  0.19447723142412118,
  0.15845562899300217,
  0.13087691411385452,
  0.11173190690982915,
  0.09310870061055507,
  0.08200526965125388,
  0.07455542935711314,
  0.07266067094609178,
  0.07266720350961313
 ],
 "betas": [
  0.5,
  0.5,
  0.5,
  0.5,
  0.5,
  0.5,
  0.5,
  0.5,
  0.5,
  0.5,
  0.5,
  0.5,
  0.5,
  0.5,
  0.5,
  0.5,
  0.5,
  0.5,
  0.5,
  0.5,
  0.5,
  0.5,
  0.5,
  0.5,
  0.5,
  0.5,
  0.5,
  0.5,
  0.5,
  0.5,
  0.5,
  0.5,
  0.5,
  0.5,
  0.5,
  0.5,
  0.5,
  0.5,
  0.5,
  0.5
 ],
 "gammas": [
  0.2086964017728574,
  0.2051927393615037,
  0.20104574208593787,
  0.19616424502042493,
  0.1904557071235096,
  0.18383166249421806,
  0.1762153035522033,
  0.16755124216179548,
  0.1578170684904415,
  0.14748913766347804,
  0.13701895466413416,
  0.12556927039049878,
  0.11327985219445935,
  0.10036669228628964,
  0.08712165983910476,
  0.07390227693251182,
  0.06111022054983731,
  0.04915850979671159,
  0.03842882136566939,
  0.02922229539135043,
  0.02234848532675325,
  0.01965309841798543,
  0.016979899615832066,
  0.014387083049882208,
  0.01196523633270981,
  0.009774804040683403,
  0.007847572013907463,
  0.006464260421751763,
  0.005363066329518508,
  0.004405069928000403,
  0.0036173912548896686,
  0.0030557596493559222,
  0.002753262094967753,
  0.002504102345757126,
  0.002191017155694222,
  0.0018601927492978118,
  0.0015435657431626647,
  0.00125665248431851,
  0.0010041759091866328,
  0.0007940310249250602
 ],
 "sigmas": [
  0.25,
  0.2756721902468024,
  0.3039806259018769,
  0.3351960197398572,
  0.3696168836947874,
  0.4075723835213587,
  0.449425486597771,
  0.49557643297256987,
  0.5464665628489841,
  0.6025825371088854,
  0.6644609912371261,
  0.7326936671515999,
  0.8079330720145728,
  0.8908987181403393,
  0.9823840036712642,
  1.0832637998219208,
  1.1945028172479306,
  1.3171648315468518,
  1.4524228561143249,
  1.6015703596382094,
  1.7660336355032968,
  1.9473854413948684,
  2.1473600395362378,
  2.36786978138966,
  2.611023395419619,
  2.879146152803877,
  3.1748021039363987,
  3.500818598369214,
  3.86031332267673,
  4.25672411480482,
  4.693841840018505,
  5.175846642839929,
  5.707347921652972,
  6.293428408250444,
  6.939692773855387,
  7.652321226434491,
  8.438128611853172,
  9.3046295840551,
  10.260110467486651,
  11.313708498984761
 ],
 "border_radii": [
  10,
  10,
  10,
  10,
  10,
  10,
  10,
  10,
  10,
  10,
  10,
  10,
  10,
  10,
  10,
  10,
  10,
  10,
  10,
  10,
  10,
  10,
  10,
  10,
  10,
  11,
  12,
  14,
  15,
  17,
  18,
  20,
  22,
  25,
  27,
  30,
  33,
  37,
  41,
  45
 ]
}