{
 "time": "181120_0231",
 "filename": "T-BN2330218.png",
 "alphas": [
  0.07111421771241573,
  0.07162079457606099,
  0.07236406023047279,
  0.07331710994790298,
  0.07455962678263542,
  0.0759421089093402,
  0.07784611254861787,
  0.08026867769118425,
  0.08335260937521709,
  0.08723244409498802,
  0.09212791798014125,
  0.09797665492869449,
  0.10567760737138523,
  0.11555809080868422,
  0.12785464764584017,
  0.1439390563692934,
  0.1584646947616512,
  0.17336090384955394,
  0.19389525398581797,
  0.2210197483743507,
  0.25482400971928215,
  0.25412351212490936,
  0.26253083930971155,
  0.2780584934473724,
  0.30021969098269213,
  0.3258438092433097,
  0.3191292003857425,
  0.3104643735156031,
  0.3062108806652927,
  0.3097393925075211,
  0.31510677621195965,
  0.32528641558260496,
  0.29524648423656835,
  0.23794624801465492,
  0.19772806076606797,
  0.16860861581963069,
  0.14705258943993715,
  0.13269229629700166,
  0.1229489599552585,
  0.11661615473761021
 ],
 "betas": [
  0.5,
  0.5,
  0.5,
  0.5,
  0.5,
  0.5,
  0.5,
  0.5,
  0.5,
  0.5,
  0.5,
  0.5,
  0.5,
  0.5,
  0.5,
  0.5,
  0.5,
  0.5,
  0.5,
  0.5,
  0.5,
  0.5,
  0.5,
  0.5,
  0.5,
  0.5,
  0.5,
  0.5,
  0.5,
  0.5,
  0.5,
  0.5,
  0.5,
  0.5,
  0.5,
  0.5,
  0.5,
  0.5,
  0.5,
  0.5
 ],
 "gammas": [
  0.10186519353704834,
  0.10062896756772997,
  0.09915319398731683,
  0.09739829509780266,
  0.0953212443997274,
  0.0928767437585996,
  0.0900192202596301,
  0.08670586957508176,
  0.08290093110456412,
  0.07858125135126462,
  0.07374293513685488,
  0.06840847332279816,
  0.06267317864067633,
  0.056723089779036735,
  0.050575875579748235,
  0.04438056696954019,
  0.03829955709576534,
  0.032492900769968684,
  0.027102425681120222,
  0.022514043964044064,
  0.018997020147670733,
  0.015914019542783833,
  0.013157073792896375,
  0.010869649118107307,
  0.009087633390621151,
  0.007608186472572054,
  0.006386103543090914,
  0.0052894826010788,
  0.004615566041710188,
  0.004009460149430272,
  0.003413881343027534,
  0.0028768336463718906,
  0.0024009317640829924,
  0.0019754103117531133,
  0.0017001451309628147,
  0.0014852317418454753,
  0.0012656286500024759,
  0.0010463154445831584,
  0.0007867537319356268,
  0.0005861504511651297
 ],
 "sigmas": [
  0.25,
  0.2756721902468024,
  0.3039806259018769,
  0.3351960197398572,
  0.3696168836947874,
  0.4075723835213587,
  0.449425486597771,
  0.49557643297256987,
  0.5464665628489841,
  0.6025825371088854,
  0.6644609912371261,
  0.7326936671515999,
  0.8079330720145728,
  0.8908987181403393,
  0.9823840036712642,
  1.0832637998219208,
  1.1945028172479306,
  1.3171648315468518,
  1.4524228561143249,
  1.6015703596382094,
  1.7660336355032968,
  1.9473854413948684,
  2.1473600395362378,
  2.36786978138966,
  2.611023395419619,
  2.879146152803877,
  3.1748021039363987,
  3.500818598369214,
  3.86031332267673,
  4.25672411480482,
  4.693841840018505,
  5.175846642839929,
  5.707347921652972,
  6.293428408250444,
  6.939692773855387,
  7.652321226434491,
  8.438128611853172,
  9.3046295840551,
  10.260110467486651,
  11.313708498984761
 ],
 "border_radii": [
  10,
  10,
  10,
  10,
  10,
  10,
  10,
  10,
  10,
  10,
  10,
  10,
  10,
  10,
  10,
  10,
  10,
  10,
  10,
  10,
  10,
  10,
  10,
  10,
  10,
  11,
  12,
  14,
  15,
  17,
  18,
  20,
  22,
  25,
  27,
  30,
  33,
  37,
  41,
  45
 ]
}