{
 "time": "181120_0431",
 "filename": "T-BN8549337.png",
 "alphas": [
  0.08065410600626616,
  0.08161187009607432,
  0.08283362623317397,
  0.08428191987054302,
  0.08614381396955442,
  0.08845834774097094,
  0.09128528238202302,
  0.09470044873558611,
  0.09925291127170735,
  0.10493227941509531,
  0.11219599668877875,
  0.12173940579624698,
  0.13394895750604802,
  0.150323196273631,
  0.17223853175128853,
  0.17673231480994706,
  0.17943013296695862,
  0.18448487559987337,
  0.19143397516933292,
  0.20010206885842355,
  0.2109977460013638,
  0.223412116920583,
  0.21908521671461242,
  0.20945056169904536,
  0.1998745164496518,
  0.19747190845336252,
  0.19935836530443693,
  0.2058807396955526,
  0.21627274449949418,
  0.2333842691971686,
  0.2033584370657315,
  0.17230992556154368,
  0.14744618110656582,
  0.10985584975201035,
  0.08447373625134748,
  0.06745897973177506,
  0.05644906209350785,
  0.048897028187070396,
  0.04402880520914028,
  0.04147548279966014
 ],
 "betas": [
  0.5,
  0.5,
  0.5,
  0.5,
  0.5,
  0.5,
  0.5,
  0.5,
  0.5,
  0.5,
  0.5,
  0.5,
  0.5,
  0.5,
  0.5,
  0.5,
  0.5,
  0.5,
  0.5,
  0.5,
  0.5,
  0.5,
  0.5,
  0.5,
  0.5,
  0.5,
  0.5,
  0.5,
  0.5,
  0.5,
  0.5,
  0.5,
  0.5,
  0.5,
  0.5,
  0.5,
  0.5,
  0.5,
  0.5,
  0.5
 ],
 "gammas": [
  0.13380051867998224,
  0.1319220818545235,
  0.1296861259560015,
  0.12703645780707937,
  0.12391333206165528,
  0.12025575808199661,
  0.1160050992164318,
  0.11111023095922751,
  0.10553439895390751,
  0.09926364719514537,
  0.09231622927228927,
  0.08499529092085666,
  0.07839615650810967,
  0.0713690636708237,
  0.064048774767079,
  0.056910788996444625,
  0.05030865467995622,
  0.044195785021725435,
  0.038155277096760656,
  0.032372767709910474,
  0.027003990094447334,
  0.022279543117300772,
  0.018668239547772584,
  0.015566983109786636,
  0.012756279728558959,
  0.010383431082352602,
  0.008307760421096648,
  0.006553553489537327,
  0.005204162647106608,
  0.004279162296893749,
  0.003570390537294845,
  0.0029612962603867217,
  0.0026837579433131547,
  0.0023740289337937414,
  0.0020451487008348182,
  0.0017268916771680898,
  0.0014295192450659527,
  0.0011643157954036687,
  0.0009280361970883141,
  0.000733805756256687
 ],
 "sigmas": [
  0.25,
  0.2756721902468024,
  0.3039806259018769,
  0.3351960197398572,
  0.3696168836947874,
  0.4075723835213587,
  0.449425486597771,
  0.49557643297256987,
  0.5464665628489841,
  0.6025825371088854,
  0.6644609912371261,
  0.7326936671515999,
  0.8079330720145728,
  0.8908987181403393,
  0.9823840036712642,
  1.0832637998219208,
  1.1945028172479306,
  1.3171648315468518,
  1.4524228561143249,
  1.6015703596382094,
  1.7660336355032968,
  1.9473854413948684,
  2.1473600395362378,
  2.36786978138966,
  2.611023395419619,
  2.879146152803877,
  3.1748021039363987,
  3.500818598369214,
  3.86031332267673,
  4.25672411480482,
  4.693841840018505,
  5.175846642839929,
  5.707347921652972,
  6.293428408250444,
  6.939692773855387,
  7.652321226434491,
  8.438128611853172,
  9.3046295840551,
  10.260110467486651,
  11.313708498984761
 ],
 "border_radii": [
  10,
  10,
  10,
  10,
  10,
  10,
  10,
  10,
  10,
  10,
  10,
  10,
  10,
  10,
  10,
  10,
  10,
  10,
  10,
  10,
  10,
  10,
  10,
  10,
  10,
  11,
  12,
  14,
  15,
  17,
  18,
  20,
  22,
  25,
  27,
  30,
  33,
  37,
  41,
  45
 ]
}