{
 "time": "181120_0457",
 "filename": "T-BN9801033.png",
 "alphas": [
  0.08356026293989026,
  0.08417980987207792,
  0.08496025619574038,
  0.08590474860887079,
  0.08710012845143383,
  0.08860066470506459,
  0.09038092032532735,
  0.0926987924052085,
  0.0954994268427649,
  0.098810176706229,
  0.10294185704691794,
  0.1078718267938715,
  0.11417174478775424,
  0.12149686610213391,
  0.13085199847095857,
  0.1422398646180585,
  0.15594615132120726,
  0.16616829138668684,
  0.1775042422011531,
  0.19145350500764988,
  0.20899616991110667,
  0.21911267735486042,
  0.22047326247430588,
  0.22172426178721624,
  0.22252565277401543,
  0.2255295838000843,
  0.2240542471239222,
  0.22139999217477668,
  0.21529677620528787,
  0.20584011001324562,
  0.2007906245354883,
  0.2015014172003456,
  0.1894299219316753,
  0.16153262644568325,
  0.14275774038119302,
  0.130927515047123,
  0.12425231305664478,
  0.11724993918847229,
  0.10985102643265987,
  0.10301440789331191
 ],
 "betas": [
  0.5,
  0.5,
  0.5,
  0.5,
  0.5,
  0.5,
  0.5,
  0.5,
  0.5,
  0.5,
  0.5,
  0.5,
  0.5,
  0.5,
  0.5,
  0.5,
  0.5,
  0.5,
  0.5,
  0.5,
  0.5,
  0.5,
  0.5,
  0.5,
  0.5,
  0.5,
  0.5,
  0.5,
  0.5,
  0.5,
  0.5,
  0.5,
  0.5,
  0.5,
  0.5,
  0.5,
  0.5,
  0.5,
  0.5,
  0.5
 ],
 "gammas": [
  0.10468191375734043,
  0.10306832803931779,
  0.10115347691681595,
  0.09889259687827588,
  0.09623932215123436,
  0.09314806664495359,
  0.08957751074983998,
  0.08549532567724982,
  0.08088409684144714,
  0.07574810574405541,
  0.07012018871625147,
  0.06406736297055839,
  0.057693448866444424,
  0.05238608389717423,
  0.04747949153519642,
  0.042380529335763896,
  0.037212759164626644,
  0.03211399677933473,
  0.02722220392785154,
  0.022660249287010544,
  0.018523306575911957,
  0.015389130431409995,
  0.013319183014901446,
  0.01125091084201864,
  0.009292294723749126,
  0.007517245633928871,
  0.0061597530398915575,
  0.005107919893977999,
  0.00469734105886663,
  0.004178285068126935,
  0.0036036328389265114,
  0.003023456645350387,
  0.002476633106344743,
  0.0022036067339569676,
  0.001924798849100402,
  0.0016912118988182154,
  0.0014508856335863664,
  0.0012233221020366406,
  0.0010141698164637515,
  0.0008340666476924207
 ],
 "sigmas": [
  0.25,
  0.2756721902468024,
  0.3039806259018769,
  0.3351960197398572,
  0.3696168836947874,
  0.4075723835213587,
  0.449425486597771,
  0.49557643297256987,
  0.5464665628489841,
  0.6025825371088854,
  0.6644609912371261,
  0.7326936671515999,
  0.8079330720145728,
  0.8908987181403393,
  0.9823840036712642,
  1.0832637998219208,
  1.1945028172479306,
  1.3171648315468518,
  1.4524228561143249,
  1.6015703596382094,
  1.7660336355032968,
  1.9473854413948684,
  2.1473600395362378,
  2.36786978138966,
  2.611023395419619,
  2.879146152803877,
  3.1748021039363987,
  3.500818598369214,
  3.86031332267673,
  4.25672411480482,
  4.693841840018505,
  5.175846642839929,
  5.707347921652972,
  6.293428408250444,
  6.939692773855387,
  7.652321226434491,
  8.438128611853172,
  9.3046295840551,
  10.260110467486651,
  11.313708498984761
 ],
 "border_radii": [
  10,
  10,
  10,
  10,
  10,
  10,
  10,
  10,
  10,
  10,
  10,
  10,
  10,
  10,
  10,
  10,
  10,
  10,
  10,
  10,
  10,
  10,
  10,
  10,
  10,
  11,
  12,
  14,
  15,
  17,
  18,
  20,
  22,
  25,
  27,
  30,
  33,
  37,
  41,
  45
 ]
}