{
 "time": "181120_0316",
 "filename": "T-BN4773682.png",
 "alphas": [
  0.033963596925621134,
  0.0346447283245041,
  0.035541117819248215,
  0.036571639321796745,
  0.03793836581288791,
  0.039644977102841025,
  0.04182788109427085,
  0.04460593894041893,
  0.04818958513473036,
  0.05285814380273208,
  0.059006979857728105,
  0.06711180055101772,
  0.07799643995434791,
  0.09257761127398755,
  0.09984077427332817,
  0.10651986965707458,
  0.11605947427117051,
  0.12934360707826997,
  0.1367476637715137,
  0.13693709106194596,
  0.1396646225232582,
  0.14479387488173534,
  0.15409471499046878,
  0.1660517847067166,
  0.18125813796770543,
  0.20250198195565672,
  0.22855623015074658,
  0.25960411123133875,
  0.2506028366795262,
  0.24025031846698774,
  0.23192314389040306,
  0.23234697619788203,
  0.24098681624474982,
  0.2583158461528326,
  0.27324465881113924,
  0.23356224618568466,
  0.2099072845481852,
  0.19430001564174,
  0.18526716110348218,
  0.17875836663378636
 ],
 "betas": [
  0.5,
  0.5,
  0.5,
  0.5,
  0.5,
  0.5,
  0.5,
  0.5,
  0.5,
  0.5,
  0.5,
  0.5,
  0.5,
  0.5,
  0.5,
  0.5,
  0.5,
  0.5,
  0.5,
  0.5,
  0.5,
  0.5,
  0.5,
  0.5,
  0.5,
  0.5,
  0.5,
  0.5,
  0.5,
  0.5,
  0.5,
  0.5,
  0.5,
  0.5,
  0.5,
  0.5,
  0.5,
  0.5,
  0.5,
  0.5
 ],
 "gammas": [
  0.13242097256752342,
  0.12947136535821052,
  0.1259945152543139,
  0.12192272073834493,
  0.11719123890682995,
  0.11174431785238591,
  0.1055432875886965,
  0.10080111362376717,
  0.09595655483909914,
  0.09049568052460266,
  0.08442936572719262,
  0.07780385092525721,
  0.07070724148353454,
  0.06327211279929623,
  0.055671954900622544,
  0.04810997306659417,
  0.04166791065681336,
  0.03777511852954918,
  0.03358488185461855,
  0.029311822860235034,
  0.02544852276872292,
  0.021780796874769224,
  0.018329268447444827,
  0.015132304784448299,
  0.012283872481090896,
  0.009857019101846084,
  0.007840456806437706,
  0.006181244673059866,
  0.004893337069598407,
  0.004360674980197766,
  0.0038590860930097204,
  0.0033799177835509278,
  0.0029112224591782494,
  0.002447466705404709,
  0.002009198543413541,
  0.0016152233433179984,
  0.0012690700515416333,
  0.0009822158228679748,
  0.0007715654997993215,
  0.0006083525502245704
 ],
 "sigmas": [
  0.25,
  0.2756721902468024,
  0.3039806259018769,
  0.3351960197398572,
  0.3696168836947874,
  0.4075723835213587,
  0.449425486597771,
  0.49557643297256987,
  0.5464665628489841,
  0.6025825371088854,
  0.6644609912371261,
  0.7326936671515999,
  0.8079330720145728,
  0.8908987181403393,
  0.9823840036712642,
  1.0832637998219208,
  1.1945028172479306,
  1.3171648315468518,
  1.4524228561143249,
  1.6015703596382094,
  1.7660336355032968,
  1.9473854413948684,
  2.1473600395362378,
  2.36786978138966,
  2.611023395419619,
  2.879146152803877,
  3.1748021039363987,
  3.500818598369214,
  3.86031332267673,
  4.25672411480482,
  4.693841840018505,
  5.175846642839929,
  5.707347921652972,
  6.293428408250444,
  6.939692773855387,
  7.652321226434491,
  8.438128611853172,
  9.3046295840551,
  10.260110467486651,
  11.313708498984761
 ],
 "border_radii": [
  10,
  10,
  10,
  10,
  10,
  10,
  10,
  10,
  10,
  10,
  10,
  10,
  10,
  10,
  10,
  10,
  10,
  10,
  10,
  10,
  10,
  10,
  10,
  10,
  10,
  11,
  12,
  14,
  15,
  17,
  18,
  20,
  22,
  25,
  27,
  30,
  33,
  37,
  41,
  45
 ]
}