{
 "time": "181120_0237",
 "filename": "T-BN2481864.png",
 "alphas": [
  0.06561365016444626,
  0.06660869118008553,
  0.06780349129604964,
  0.06926208810812208,
  0.07097407424083185,
  0.07286598308026156,
  0.07513387232771929,
  0.07808096662770178,
  0.081819947348642,
  0.08650364706250267,
  0.09276430288321252,
  0.10021567208597665,
  0.10992620958053712,
  0.12232193980881176,
  0.13830392188167975,
  0.159098925506011,
  0.185685216107855,
  0.21825655625840262,
  0.24400692995579643,
  0.2636644032703985,
  0.28289334034004565,
  0.30043232019747435,
  0.3152155161118323,
  0.32335172490398156,
  0.33455888864447464,
  0.34611700499566356,
  0.36510649384207405,
  0.34659349998859634,
  0.3332646724295445,
  0.3228392308324866,
  0.31953219084035744,
  0.3091469729685512,
  0.25550487619814233,
  0.2167833186991494,
  0.19201667712877332,
  0.15222609705491147,
  0.12464328723009953,
  0.1068703139502108,
  0.09808664321863601,
  0.08810660604253477
 ],
 "betas": [
  0.5,
  0.5,
  0.5,
  0.5,
  0.5,
  0.5,
  0.5,
  0.5,
  0.5,
  0.5,
  0.5,
  0.5,
  0.5,
  0.5,
  0.5,
  0.5,
  0.5,
  0.5,
  0.5,
  0.5,
  0.5,
  0.5,
  0.5,
  0.5,
  0.5,
  0.5,
  0.5,
  0.5,
  0.5,
  0.5,
  0.5,
  0.5,
  0.5,
  0.5,
  0.5,
  0.5,
  0.5,
  0.5,
  0.5,
  0.5
 ],
 "gammas": [
  0.13610278726453295,
  0.13394509572448693,
  0.13138026841443307,
  0.12834589656184092,
  0.12477639171450088,
  0.12060589921945644,
  0.11577270817582239,
  0.11022541440719942,
  0.10393091438897385,
  0.09688396059088952,
  0.08911746226939726,
  0.08071200455680137,
  0.07180233789640814,
  0.06257817439444414,
  0.05590090211990007,
  0.05066554296645753,
  0.04519770960226829,
  0.0396378782364038,
  0.03414296312422132,
  0.029625758364792608,
  0.026065602761973724,
  0.022457864278575178,
  0.018975481211703945,
  0.01574412550461691,
  0.012839641810171004,
  0.010295585874611662,
  0.008116589566375954,
  0.006574430128209904,
  0.005620075892748043,
  0.004800587866628756,
  0.004042837108434471,
  0.0036343341625461084,
  0.0032680307867529045,
  0.002931950205342142,
  0.002601339224539693,
  0.002255043906138485,
  0.001913292697632526,
  0.001610479196975828,
  0.0013462453189836121,
  0.0011211046678587858
 ],
 "sigmas": [
  0.25,
  0.2756721902468024,
  0.3039806259018769,
  0.3351960197398572,
  0.3696168836947874,
  0.4075723835213587,
  0.449425486597771,
  0.49557643297256987,
  0.5464665628489841,
  0.6025825371088854,
  0.6644609912371261,
  0.7326936671515999,
  0.8079330720145728,
  0.8908987181403393,
  0.9823840036712642,
  1.0832637998219208,
  1.1945028172479306,
  1.3171648315468518,
  1.4524228561143249,
  1.6015703596382094,
  1.7660336355032968,
  1.9473854413948684,
  2.1473600395362378,
  2.36786978138966,
  2.611023395419619,
  2.879146152803877,
  3.1748021039363987,
  3.500818598369214,
  3.86031332267673,
  4.25672411480482,
  4.693841840018505,
  5.175846642839929,
  5.707347921652972,
  6.293428408250444,
  6.939692773855387,
  7.652321226434491,
  8.438128611853172,
  9.3046295840551,
  10.260110467486651,
  11.313708498984761
 ],
 "border_radii": [
  10,
  10,
  10,
  10,
  10,
  10,
  10,
  10,
  10,
  10,
  10,
  10,
  10,
  10,
  10,
  10,
  10,
  10,
  10,
  10,
  10,
  10,
  10,
  10,
  10,
  11,
  12,
  14,
  15,
  17,
  18,
  20,
  22,
  25,
  27,
  30,
  33,
  37,
  41,
  45
 ]
}