{
 "time": "181120_0446",
 "filename": "T-BN9230531.png",
 "alphas": [
  0.03567105433291892,
  0.03614145157686732,
  0.036772561537801826,
  0.0375133568215656,
  0.038390567784951146,
  0.039539351230075605,
  0.040965111718653774,
  0.042758130259786004,
  0.044954175683715396,
  0.04778289033422758,
  0.05059339444780158,
  0.05146773795448509,
  0.052774709333805396,
  0.054360724453768744,
  0.05687581191010703,
  0.06024314789124428,
  0.06504270112970352,
  0.06961282124724388,
  0.07382206882098585,
  0.0801890133635992,
  0.07963826391633994,
  0.07848957224016355,
  0.08100076057285109,
  0.08720824579238184,
  0.09714412912884483,
  0.11206250549174952,
  0.13423896288204035,
  0.1660218985199122,
  0.2006304299528756,
  0.1848188778666673,
  0.16541447883898763,
  0.15612124448547543,
  0.15361618924937182,
  0.14678625890834063,
  0.1359991982912936,
  0.13083954006457732,
  0.13200586486342472,
  0.13823485707505404,
  0.1531615759070389,
  0.17404593658783196
 ],
 "betas": [
  0.5,
  0.5,
  0.5,
  0.5,
  0.5,
  0.5,
  0.5,
  0.5,
  0.5,
  0.5,
  0.5,
  0.5,
  0.5,
  0.5,
  0.5,
  0.5,
  0.5,
  0.5,
  0.5,
  0.5,
  0.5,
  0.5,
  0.5,
  0.5,
  0.5,
  0.5,
  0.5,
  0.5,
  0.5,
  0.5,
  0.5,
  0.5,
  0.5,
  0.5,
  0.5,
  0.5,
  0.5,
  0.5,
  0.5,
  0.5
 ],
 "gammas": [
  0.15414376871651944,
  0.15226735312217046,
  0.15003012718373201,
  0.14737372826665207,
  0.14423529906118662,
  0.14054950611633282,
  0.13625182519168869,
  0.13128340125590282,
  0.12559769539595184,
  0.11916889216386096,
  0.1120016033431743,
  0.10414074481150365,
  0.09567964991244407,
  0.08676374737979618,
  0.07758691183698585,
  0.0683784473626907,
  0.05938094925265959,
  0.05082265267546443,
  0.04295193217240445,
  0.035785110310401914,
  0.029396779419548196,
  0.023825006967849453,
  0.01908525500738495,
  0.01583488299149461,
  0.013499071943757704,
  0.01133340690760591,
  0.009404729076457596,
  0.007664847874348042,
  0.006181086704538727,
  0.0049766885653283405,
  0.004072847259039443,
  0.0033190521658799793,
  0.002844913037153612,
  0.002421336995531193,
  0.002044364434731315,
  0.0018087245448177055,
  0.001565756875867939,
  0.0013321562525189234,
  0.0011213454576598349,
  0.0009253636460684901
 ],
 "sigmas": [
  0.25,
  0.2756721902468024,
  0.3039806259018769,
  0.3351960197398572,
  0.3696168836947874,
  0.4075723835213587,
  0.449425486597771,
  0.49557643297256987,
  0.5464665628489841,
  0.6025825371088854,
  0.6644609912371261,
  0.7326936671515999,
  0.8079330720145728,
  0.8908987181403393,
  0.9823840036712642,
  1.0832637998219208,
  1.1945028172479306,
  1.3171648315468518,
  1.4524228561143249,
  1.6015703596382094,
  1.7660336355032968,
  1.9473854413948684,
  2.1473600395362378,
  2.36786978138966,
  2.611023395419619,
  2.879146152803877,
  3.1748021039363987,
  3.500818598369214,
  3.86031332267673,
  4.25672411480482,
  4.693841840018505,
  5.175846642839929,
  5.707347921652972,
  6.293428408250444,
  6.939692773855387,
  7.652321226434491,
  8.438128611853172,
  9.3046295840551,
  10.260110467486651,
  11.313708498984761
 ],
 "border_radii": [
  10,
  10,
  10,
  10,
  10,
  10,
  10,
  10,
  10,
  10,
  10,
  10,
  10,
  10,
  10,
  10,
  10,
  10,
  10,
  10,
  10,
  10,
  10,
  10,
  10,
  11,
  12,
  14,
  15,
  17,
  18,
  20,
  22,
  25,
  27,
  30,
  33,
  37,
  41,
  45
 ]
}