{
 "time": "181120_0211",
 "filename": "T-BN1105196.png",
 "alphas": [
  0.07165596965299768,
  0.07234999781966299,
  0.07314885216227442,
  0.07409319384495111,
  0.07533564964430536,
  0.07697461390186251,
  0.0789665980745657,
  0.08132431503633492,
  0.0843413760674115,
  0.08794905862657429,
  0.09265841460943572,
  0.0989454030342316,
  0.10221518796765622,
  0.10624597328778244,
  0.1115510425375077,
  0.11436137588381204,
  0.11676663463005012,
  0.1202417382825882,
  0.11907901791085618,
  0.11794729363321951,
  0.11235648085064599,
  0.1086517887232037,
  0.10811654334628021,
  0.10646413791924958,
  0.10707430430792528,
  0.11101004137276152,
  0.11850336873622418,
  0.1305238179755262,
  0.14608335420201815,
  0.16747632452983807,
  0.19610293202586176,
  0.18782845185985383,
  0.17401451410005342,
  0.16140529142344057,
  0.1432337789041871,
  0.13110919074420554,
  0.12177474874871443,
  0.11523403269991181,
  0.11114353933614467,
  0.11060328842612133
 ],
 "betas": [
  0.5,
  0.5,
  0.5,
  0.5,
  0.5,
  0.5,
  0.5,
  0.5,
  0.5,
  0.5,
  0.5,
  0.5,
  0.5,
  0.5,
  0.5,
  0.5,
  0.5,
  0.5,
  0.5,
  0.5,
  0.5,
  0.5,
  0.5,
  0.5,
  0.5,
  0.5,
  0.5,
  0.5,
  0.5,
  0.5,
  0.5,
  0.5,
  0.5,
  0.5,
  0.5,
  0.5,
  0.5,
  0.5,
  0.5,
  0.5
 ],
 "gammas": [
  0.14785955557727887,
  0.14545946707068502,
  0.14261062187684362,
  0.13924616117010713,
  0.1352968270846106,
  0.13069458188268188,
  0.12537794529180146,
  0.11929928610984701,
  0.11243405155087995,
  0.10479145236163345,
  0.09642541496265587,
  0.08744372671582754,
  0.07801246965843639,
  0.0683525189221774,
  0.05872569362702667,
  0.04941056996119591,
  0.0410399532119968,
  0.03532477536214154,
  0.0299803902255502,
  0.024898515237218203,
  0.020956305720840774,
  0.017852944090785746,
  0.015057243199543059,
  0.012647676934710233,
  0.010485527457361686,
  0.008935688540199663,
  0.007815227808479656,
  0.006837143846464144,
  0.005953494075912495,
  0.005093456293798841,
  0.004286628471568166,
  0.0035537470957301225,
  0.002906098022656796,
  0.002346599499891804,
  0.0019446397397835165,
  0.0016161072229138574,
  0.0013710803073004366,
  0.001136496188691569,
  0.0009279534710393876,
  0.0007550106457290119
 ],
 "sigmas": [
  0.25,
  0.2756721902468024,
  0.3039806259018769,
  0.3351960197398572,
  0.3696168836947874,
  0.4075723835213587,
  0.449425486597771,
  0.49557643297256987,
  0.5464665628489841,
  0.6025825371088854,
  0.6644609912371261,
  0.7326936671515999,
  0.8079330720145728,
  0.8908987181403393,
  0.9823840036712642,
  1.0832637998219208,
  1.1945028172479306,
  1.3171648315468518,
  1.4524228561143249,
  1.6015703596382094,
  1.7660336355032968,
  1.9473854413948684,
  2.1473600395362378,
  2.36786978138966,
  2.611023395419619,
  2.879146152803877,
  3.1748021039363987,
  3.500818598369214,
  3.86031332267673,
  4.25672411480482,
  4.693841840018505,
  5.175846642839929,
  5.707347921652972,
  6.293428408250444,
  6.939692773855387,
  7.652321226434491,
  8.438128611853172,
  9.3046295840551,
  10.260110467486651,
  11.313708498984761
 ],
 "border_radii": [
  10,
  10,
  10,
  10,
  10,
  10,
  10,
  10,
  10,
  10,
  10,
  10,
  10,
  10,
  10,
  10,
  10,
  10,
  10,
  10,
  10,
  10,
  10,
  10,
  10,
  11,
  12,
  14,
  15,
  17,
  18,
  20,
  22,
  25,
  27,
  30,
  33,
  37,
  41,
  45
 ]
}