{
 "time": "181120_0157",
 "filename": "T-BN0426372.png",
 "alphas": [
  0.06520854469646342,
  0.06598276338245591,
  0.06682894395598943,
  0.06789955690651978,
  0.06929597165551657,
  0.0710821186798042,
  0.07335968573229663,
  0.07581129200954419,
  0.07906798569461015,
  0.08300635543344737,
  0.08584591257435212,
  0.0899233378371328,
  0.09462977825682661,
  0.10098893256636735,
  0.10807841296857273,
  0.10905839991392413,
  0.11118268298119516,
  0.11608372228956876,
  0.12388264758418857,
  0.12494084770800182,
  0.12115362473723157,
  0.120677174426076,
  0.12289945515939397,
  0.12739588443536853,
  0.13484075009474902,
  0.14527539792824318,
  0.15898316352306957,
  0.17567690125536517,
  0.19499150613618954,
  0.21752107371433976,
  0.22109399708019611,
  0.2036255378595943,
  0.19894708503135325,
  0.1912959289422956,
  0.16700889979901112,
  0.15185284375098146,
  0.13689427157645015,
  0.1145366970272692,
  0.10491567535568598,
  0.09963249270209615
 ],
 "betas": [
  0.5,
  0.5,
  0.5,
  0.5,
  0.5,
  0.5,
  0.5,
  0.5,
  0.5,
  0.5,
  0.5,
  0.5,
  0.5,
  0.5,
  0.5,
  0.5,
  0.5,
  0.5,
  0.5,
  0.5,
  0.5,
  0.5,
  0.5,
  0.5,
  0.5,
  0.5,
  0.5,
  0.5,
  0.5,
  0.5,
  0.5,
  0.5,
  0.5,
  0.5,
  0.5,
  0.5,
  0.5,
  0.5,
  0.5,
  0.5
 ],
 "gammas": [
  0.12444106170840431,
  0.1219753149229065,
  0.1190641249010246,
  0.11564808316224098,
  0.1116690904735412,
  0.10767650067185375,
  0.10349834831150842,
  0.09872894286904532,
  0.09335187541849192,
  0.08737733547174768,
  0.08085014089355967,
  0.0738560545321605,
  0.06652416521238262,
  0.0590229996217736,
  0.05154880170773496,
  0.044306326955049935,
  0.038904561875887145,
  0.03458104369718471,
  0.03005922496720175,
  0.025548090257904353,
  0.021594108073660273,
  0.01805314752672284,
  0.014668113839623884,
  0.012355705071148368,
  0.010548309959076683,
  0.008806828675945351,
  0.007316457321658911,
  0.006092304669286465,
  0.004954969580791811,
  0.003911276706637888,
  0.003411330607343431,
  0.0029187739843279164,
  0.0025205288951706175,
  0.0021836511795837606,
  0.0018586688674475094,
  0.0015653980256190331,
  0.001300716383111829,
  0.0010616955695814682,
  0.0008563840941752932,
  0.0006850940689410889
 ],
 "sigmas": [
  0.25,
  0.2756721902468024,
  0.3039806259018769,
  0.3351960197398572,
  0.3696168836947874,
  0.4075723835213587,
  0.449425486597771,
  0.49557643297256987,
  0.5464665628489841,
  0.6025825371088854,
  0.6644609912371261,
  0.7326936671515999,
  0.8079330720145728,
  0.8908987181403393,
  0.9823840036712642,
  1.0832637998219208,
  1.1945028172479306,
  1.3171648315468518,
  1.4524228561143249,
  1.6015703596382094,
  1.7660336355032968,
  1.9473854413948684,
  2.1473600395362378,
  2.36786978138966,
  2.611023395419619,
  2.879146152803877,
  3.1748021039363987,
  3.500818598369214,
  3.86031332267673,
  4.25672411480482,
  4.693841840018505,
  5.175846642839929,
  5.707347921652972,
  6.293428408250444,
  6.939692773855387,
  7.652321226434491,
  8.438128611853172,
  9.3046295840551,
  10.260110467486651,
  11.313708498984761
 ],
 "border_radii": [
  10,
  10,
  10,
  10,
  10,
  10,
  10,
  10,
  10,
  10,
  10,
  10,
  10,
  10,
  10,
  10,
  10,
  10,
  10,
  10,
  10,
  10,
  10,
  10,
  10,
  11,
  12,
  14,
  15,
  17,
  18,
  20,
  22,
  25,
  27,
  30,
  33,
  37,
  41,
  45
 ]
}