{
 "time": "181120_0313",
 "filename": "T-BN4475126.png",
 "alphas": [
  0.015763088634206467,
  0.016096630007823166,
  0.016521492651699297,
  0.01701769984816276,
  0.01764205186513076,
  0.018420431457322722,
  0.019430577003760774,
  0.020725382337313535,
  0.022393962322046334,
  0.02456682844706131,
  0.027319040000328792,
  0.030941972031418997,
  0.035708631863231644,
  0.04177732194055631,
  0.048710618266547726,
  0.0578711842206225,
  0.05991323745643508,
  0.06032410614540444,
  0.06181507858618672,
  0.06520426067225671,
  0.07019724195716806,
  0.07744731266563151,
  0.08714359039599814,
  0.09784075524839146,
  0.11198339728341133,
  0.13161999898457247,
  0.15796097240217627,
  0.1668965867829835,
  0.17348264663290539,
  0.14480803823564503,
  0.12613516346708886,
  0.11433351422497978,
  0.10656052135404825,
  0.10350479157775136,
  0.10190599879697007,
  0.09849015528517119,
  0.09700780828537435,
  0.1001407379977497,
  0.1097688367414983,
  0.12719803610643224
 ],
 "betas": [
  0.5,
  0.5,
  0.5,
  0.5,
  0.5,
  0.5,
  0.5,
  0.5,
  0.5,
  0.5,
  0.5,
  0.5,
  0.5,
  0.5,
  0.5,
  0.5,
  0.5,
  0.5,
  0.5,
  0.5,
  0.5,
  0.5,
  0.5,
  0.5,
  0.5,
  0.5,
  0.5,
  0.5,
  0.5,
  0.5,
  0.5,
  0.5,
  0.5,
  0.5,
  0.5,
  0.5,
  0.5,
  0.5,
  0.5,
  0.5
 ],
 "gammas": [
  0.08902141575529325,
  0.08812995135010782,
  0.08706391267791419,
  0.08579352054656816,
  0.08428587158383986,
  0.08250550623619485,
  0.08041547020972624,
  0.07797902107671681,
  0.07516212275639682,
  0.07193682266659986,
  0.06828550097727434,
  0.06420580382833585,
  0.059715821416891815,
  0.05485877186218467,
  0.04970616207796997,
  0.04469432711186574,
  0.03959149252660349,
  0.034383146900202846,
  0.029243580136273595,
  0.024351290708016542,
  0.019863941158235483,
  0.015896351148656115,
  0.012908542175654961,
  0.010888731361016096,
  0.009187632133586116,
  0.007924802840216379,
  0.006793393074442651,
  0.005752843824475015,
  0.004787648559514154,
  0.003916152394188655,
  0.0031931915007280373,
  0.002640105864099569,
  0.0021527133881608165,
  0.0019052889109442697,
  0.0016405087389138285,
  0.0013782933125107584,
  0.0011330588578318534,
  0.0009135798574064816,
  0.000699704338965494,
  0.0005297844896631939
 ],
 "sigmas": [
  0.25,
  0.2756721902468024,
  0.3039806259018769,
  0.3351960197398572,
  0.3696168836947874,
  0.4075723835213587,
  0.449425486597771,
  0.49557643297256987,
  0.5464665628489841,
  0.6025825371088854,
  0.6644609912371261,
  0.7326936671515999,
  0.8079330720145728,
  0.8908987181403393,
  0.9823840036712642,
  1.0832637998219208,
  1.1945028172479306,
  1.3171648315468518,
  1.4524228561143249,
  1.6015703596382094,
  1.7660336355032968,
  1.9473854413948684,
  2.1473600395362378,
  2.36786978138966,
  2.611023395419619,
  2.879146152803877,
  3.1748021039363987,
  3.500818598369214,
  3.86031332267673,
  4.25672411480482,
  4.693841840018505,
  5.175846642839929,
  5.707347921652972,
  6.293428408250444,
  6.939692773855387,
  7.652321226434491,
  8.438128611853172,
  9.3046295840551,
  10.260110467486651,
  11.313708498984761
 ],
 "border_radii": [
  10,
  10,
  10,
  10,
  10,
  10,
  10,
  10,
  10,
  10,
  10,
  10,
  10,
  10,
  10,
  10,
  10,
  10,
  10,
  10,
  10,
  10,
  10,
  10,
  10,
  11,
  12,
  14,
  15,
  17,
  18,
  20,
  22,
  25,
  27,
  30,
  33,
  37,
  41,
  45
 ]
}