{
 "time": "181120_0428",
 "filename": "T-BN8358802.png",
 "alphas": [
  0.05881815771218096,
  0.05964553552158591,
  0.060829147113123025,
  0.06211269349895804,
  0.06385998662835227,
  0.06606473044254149,
  0.06868303449896601,
  0.07212960781808392,
  0.07631667647040599,
  0.08152858409039157,
  0.08690751292205237,
  0.09280898274767475,
  0.0978726745034854,
  0.10417123748193319,
  0.11215747431745662,
  0.12293683894663016,
  0.13678656226918356,
  0.15407506161414822,
  0.1763769284437039,
  0.20348552513965334,
  0.22860534520675804,
  0.24832790625968076,
  0.2503205950159083,
  0.2577334426089932,
  0.26486497422778316,
  0.2762755406523963,
  0.29084261363265107,
  0.3063022357260662,
  0.32000586998034836,
  0.3401735706616206,
  0.3607545960314486,
  0.3656566016036831,
  0.3585164637463698,
  0.32010365104085,
  0.2787961405122619,
  0.25177563244171,
  0.2238199679526344,
  0.20386447047426975,
  0.20018244727629553,
  0.20082082140815724
 ],
 "betas": [
  0.5,
  0.5,
  0.5,
  0.5,
  0.5,
  0.5,
  0.5,
  0.5,
  0.5,
  0.5,
  0.5,
  0.5,
  0.5,
  0.5,
  0.5,
  0.5,
  0.5,
  0.5,
  0.5,
  0.5,
  0.5,
  0.5,
  0.5,
  0.5,
  0.5,
  0.5,
  0.5,
  0.5,
  0.5,
  0.5,
  0.5,
  0.5,
  0.5,
  0.5,
  0.5,
  0.5,
  0.5,
  0.5,
  0.5,
  0.5
 ],
 "gammas": [
  0.129524926580086,
  0.12744864138367323,
  0.12498293023760906,
  0.12206920003586182,
  0.11864644774673735,
  0.11465428161182262,
  0.11003741570722617,
  0.10500121066030016,
  0.09961207200593457,
  0.09354472261163264,
  0.08681721230580423,
  0.079489990469938,
  0.07167377253061588,
  0.06353240641364277,
  0.055277486210210044,
  0.04715233858462597,
  0.03940561994729696,
  0.03254991714158385,
  0.028125697403881815,
  0.02420841691639824,
  0.021370717426535717,
  0.018559424248118645,
  0.015891631709278133,
  0.01341274566140212,
  0.011047332936045977,
  0.00887729215991334,
  0.007637424410291058,
  0.006640681132970029,
  0.00563837123740985,
  0.004684375129230061,
  0.003817403212694387,
  0.0032740515722188344,
  0.0030200974604710986,
  0.0027118964697710884,
  0.002374493455785714,
  0.0020336962340632867,
  0.0017423189646529299,
  0.001502154523702284,
  0.0012645530401450117,
  0.0010406442862655068
 ],
 "sigmas": [
  0.25,
  0.2756721902468024,
  0.3039806259018769,
  0.3351960197398572,
  0.3696168836947874,
  0.4075723835213587,
  0.449425486597771,
  0.49557643297256987,
  0.5464665628489841,
  0.6025825371088854,
  0.6644609912371261,
  0.7326936671515999,
  0.8079330720145728,
  0.8908987181403393,
  0.9823840036712642,
  1.0832637998219208,
  1.1945028172479306,
  1.3171648315468518,
  1.4524228561143249,
  1.6015703596382094,
  1.7660336355032968,
  1.9473854413948684,
  2.1473600395362378,
  2.36786978138966,
  2.611023395419619,
  2.879146152803877,
  3.1748021039363987,
  3.500818598369214,
  3.86031332267673,
  4.25672411480482,
  4.693841840018505,
  5.175846642839929,
  5.707347921652972,
  6.293428408250444,
  6.939692773855387,
  7.652321226434491,
  8.438128611853172,
  9.3046295840551,
  10.260110467486651,
  11.313708498984761
 ],
 "border_radii": [
  10,
  10,
  10,
  10,
  10,
  10,
  10,
  10,
  10,
  10,
  10,
  10,
  10,
  10,
  10,
  10,
  10,
  10,
  10,
  10,
  10,
  10,
  10,
  10,
  10,
  11,
  12,
  14,
  15,
  17,
  18,
  20,
  22,
  25,
  27,
  30,
  33,
  37,
  41,
  45
 ]
}