{
 "time": "181120_0218",
 "filename": "T-BN1442472.png",
 "alphas": [
  0.009543566900202454,
  0.00969548875353083,
  0.009882218618402987,
  0.010097860958461786,
  0.010381590522898552,
  0.010745662494144482,
  0.01119967774190712,
  0.011799050287781809,
  0.012555964259825324,
  0.01352418878346958,
  0.014826312958502565,
  0.016562537226988833,
  0.016714450864451558,
  0.016539335635046656,
  0.016475000877353197,
  0.016519807376138926,
  0.016836197464784698,
  0.01752521562761556,
  0.018801657832939675,
  0.0206672716953227,
  0.023326366303490637,
  0.027001065852336595,
  0.03188596696126321,
  0.03754810433981023,
  0.045157209801031745,
  0.04683455027421432,
  0.045879942852918604,
  0.04447439786353034,
  0.04497805983254164,
  0.046777976659273024,
  0.05077302368822703,
  0.052695820906735816,
  0.054862948779072274,
  0.053710743825533064,
  0.053826331000235435,
  0.056574426117139046,
  0.061045313566740006,
  0.0677825865680813,
  0.079022983522374,
  0.09183222057622711
 ],
 "betas": [
  0.5,
  0.5,
  0.5,
  0.5,
  0.5,
  0.5,
  0.5,
  0.5,
  0.5,
  0.5,
  0.5,
  0.5,
  0.5,
  0.5,
  0.5,
  0.5,
  0.5,
  0.5,
  0.5,
  0.5,
  0.5,
  0.5,
  0.5,
  0.5,
  0.5,
  0.5,
  0.5,
  0.5,
  0.5,
  0.5,
  0.5,
  0.5,
  0.5,
  0.5,
  0.5,
  0.5,
  0.5,
  0.5,
  0.5,
  0.5
 ],
 "gammas": [
  0.1511855254713918,
  0.14830888551877555,
  0.14490699878568453,
  0.14121243435723219,
  0.13724280616129236,
  0.1326077957892792,
  0.1272411745400064,
  0.12108963064201113,
  0.11412235203332795,
  0.10634252174524172,
  0.09779971287736655,
  0.08860120240555716,
  0.07891915466861577,
  0.06991258323887399,
  0.06159362165687507,
  0.05324992280881325,
  0.045120400038911615,
  0.037436601150185975,
  0.030395899363418268,
  0.025306368340226367,
  0.0212545261077803,
  0.017948735934916728,
  0.01536098822315733,
  0.013173229030803896,
  0.011304278289606208,
  0.009350110388961906,
  0.0074278435671568,
  0.005909020276907843,
  0.00469848906235025,
  0.003915768930147407,
  0.0034126459986575097,
  0.0029363511670716064,
  0.002506078983309079,
  0.002287793402345521,
  0.0020203650515594074,
  0.001733610504735292,
  0.0014513059607173416,
  0.0011897682738180096,
  0.0009496584852764561,
  0.0007579248951356668
 ],
 "sigmas": [
  0.25,
  0.2756721902468024,
  0.3039806259018769,
  0.3351960197398572,
  0.3696168836947874,
  0.4075723835213587,
  0.449425486597771,
  0.49557643297256987,
  0.5464665628489841,
  0.6025825371088854,
  0.6644609912371261,
  0.7326936671515999,
  0.8079330720145728,
  0.8908987181403393,
  0.9823840036712642,
  1.0832637998219208,
  1.1945028172479306,
  1.3171648315468518,
  1.4524228561143249,
  1.6015703596382094,
  1.7660336355032968,
  1.9473854413948684,
  2.1473600395362378,
  2.36786978138966,
  2.611023395419619,
  2.879146152803877,
  3.1748021039363987,
  3.500818598369214,
  3.86031332267673,
  4.25672411480482,
  4.693841840018505,
  5.175846642839929,
  5.707347921652972,
  6.293428408250444,
  6.939692773855387,
  7.652321226434491,
  8.438128611853172,
  9.3046295840551,
  10.260110467486651,
  11.313708498984761
 ],
 "border_radii": [
  10,
  10,
  10,
  10,
  10,
  10,
  10,
  10,
  10,
  10,
  10,
  10,
  10,
  10,
  10,
  10,
  10,
  10,
  10,
  10,
  10,
  10,
  10,
  10,
  10,
  11,
  12,
  14,
  15,
  17,
  18,
  20,
  22,
  25,
  27,
  30,
  33,
  37,
  41,
  45
 ]
}