{
 "time": "181120_0156",
 "filename": "T-BN0421379.png",
 "alphas": [
  0.04212719385626172,
  0.042767411337026995,
  0.04359833688109997,
  0.044607264302702364,
  0.04585656891421473,
  0.04746227493036106,
  0.04943209484146949,
  0.051965348998084734,
  0.055076142413183274,
  0.059095562754552466,
  0.0642588426414265,
  0.07096981497321707,
  0.07982701866833966,
  0.08662917319942917,
  0.09424479188799768,
  0.10426906683567569,
  0.11799010875114499,
  0.1212283407261474,
  0.1258956153386498,
  0.13365857548394394,
  0.14548708595294596,
  0.16122313137925917,
  0.18266544160219506,
  0.19680831042098362,
  0.213977278825664,
  0.23653938793588475,
  0.24451099979408733,
  0.2578064194515028,
  0.2776435434965337,
  0.2774143817507536,
  0.2424311867536912,
  0.2168954776245895,
  0.19978172423380625,
  0.18991064062582708,
  0.1824494924478417,
  0.17854388444195912,
  0.16432187753011443,
  0.15360278107081696,
  0.14025759436505852,
  0.12867116754022934
 ],
 "betas": [
  0.5,
  0.5,
  0.5,
  0.5,
  0.5,
  0.5,
  0.5,
  0.5,
  0.5,
  0.5,
  0.5,
  0.5,
  0.5,
  0.5,
  0.5,
  0.5,
  0.5,
  0.5,
  0.5,
  0.5,
  0.5,
  0.5,
  0.5,
  0.5,
  0.5,
  0.5,
  0.5,
  0.5,
  0.5,
  0.5,
  0.5,
  0.5,
  0.5,
  0.5,
  0.5,
  0.5,
  0.5,
  0.5,
  0.5,
  0.5
 ],
 "gammas": [
  0.0990019619913022,
  0.09743244851887467,
  0.0955706868969835,
  0.09337364599017828,
  0.09079697870750711,
  0.08779743169218733,
  0.08433635252110151,
  0.08038441929528704,
  0.07592754113533678,
  0.07111694237075893,
  0.06652171955978814,
  0.06151934266175129,
  0.05617796421433587,
  0.05059646475648883,
  0.04508801297802707,
  0.041085626397474546,
  0.036864933893707506,
  0.03245926930424314,
  0.028004958412880098,
  0.024735452260878164,
  0.022210318293057103,
  0.01961745837884201,
  0.01701944577992843,
  0.014495617743975571,
  0.012139484603685975,
  0.010010092056081273,
  0.00813575404548487,
  0.006521532904544149,
  0.005168572872589808,
  0.004066002854738598,
  0.0033293792214754404,
  0.0028626275630278717,
  0.002384106699277276,
  0.0019902786126463003,
  0.0017443415442374047,
  0.001489777857071274,
  0.0012723630617869088,
  0.0011302689572523018,
  0.0009528977801975474,
  0.0007937759246597689
 ],
 "sigmas": [
  0.25,
  0.2756721902468024,
  0.3039806259018769,
  0.3351960197398572,
  0.3696168836947874,
  0.4075723835213587,
  0.449425486597771,
  0.49557643297256987,
  0.5464665628489841,
  0.6025825371088854,
  0.6644609912371261,
  0.7326936671515999,
  0.8079330720145728,
  0.8908987181403393,
  0.9823840036712642,
  1.0832637998219208,
  1.1945028172479306,
  1.3171648315468518,
  1.4524228561143249,
  1.6015703596382094,
  1.7660336355032968,
  1.9473854413948684,
  2.1473600395362378,
  2.36786978138966,
  2.611023395419619,
  2.879146152803877,
  3.1748021039363987,
  3.500818598369214,
  3.86031332267673,
  4.25672411480482,
  4.693841840018505,
  5.175846642839929,
  5.707347921652972,
  6.293428408250444,
  6.939692773855387,
  7.652321226434491,
  8.438128611853172,
  9.3046295840551,
  10.260110467486651,
  11.313708498984761
 ],
 "border_radii": [
  10,
  10,
  10,
  10,
  10,
  10,
  10,
  10,
  10,
  10,
  10,
  10,
  10,
  10,
  10,
  10,
  10,
  10,
  10,
  10,
  10,
  10,
  10,
  10,
  10,
  11,
  12,
  14,
  15,
  17,
  18,
  20,
  22,
  25,
  27,
  30,
  33,
  37,
  41,
  45
 ]
}