{
 "time": "181120_0407",
 "filename": "T-BN7686730.png",
 "alphas": [
  0.029626712408863026,
  0.029900517955925535,
  0.030242049411848826,
  0.030679567206443454,
  0.03119907139487348,
  0.031837144645999946,
  0.03268334213611392,
  0.033632132077562854,
  0.03481888682599267,
  0.03637939000479623,
  0.038351036269616695,
  0.04094109671146244,
  0.044273931772003984,
  0.04842660789625259,
  0.05378252024629985,
  0.06063074548996612,
  0.06856012499750869,
  0.0780273635480828,
  0.07604496666678803,
  0.07346803589334941,
  0.06972947799549041,
  0.06821713170026984,
  0.0680883640657511,
  0.06921539807309995,
  0.07058318532511706,
  0.07140978510502222,
  0.07278459651091622,
  0.07489404569907435,
  0.0781567913554757,
  0.08226018511473507,
  0.08674725675167333,
  0.08711257739734862,
  0.07960239322778115,
  0.07387052055513627,
  0.07070676448476354,
  0.07062787581788785,
  0.07163010154147773,
  0.07599869166491385,
  0.0905097929907281,
  0.1096860288059682
 ],
 "betas": [
  0.5,
  0.5,
  0.5,
  0.5,
  0.5,
  0.5,
  0.5,
  0.5,
  0.5,
  0.5,
  0.5,
  0.5,
  0.5,
  0.5,
  0.5,
  0.5,
  0.5,
  0.5,
  0.5,
  0.5,
  0.5,
  0.5,
  0.5,
  0.5,
  0.5,
  0.5,
  0.5,
  0.5,
  0.5,
  0.5,
  0.5,
  0.5,
  0.5,
  0.5,
  0.5,
  0.5,
  0.5,
  0.5,
  0.5,
  0.5
 ],
 "gammas": [
  0.11889923664506656,
  0.11698962606215645,
  0.11472029947538076,
  0.11203642316416819,
  0.1088805469155717,
  0.10519526664633874,
  0.10092724144164593,
  0.09603279881057579,
  0.09127139901925117,
  0.0863141003313353,
  0.08077421711524224,
  0.07468400941178105,
  0.06811499532153516,
  0.0611821848738778,
  0.05460961956538211,
  0.04861800170960805,
  0.04379668119943981,
  0.03891681124052145,
  0.03411219472027059,
  0.02950878878886996,
  0.025208500506988255,
  0.021430698358922563,
  0.018202889833091297,
  0.015195831305524831,
  0.012471458107643711,
  0.010159113723011615,
  0.008770611670122786,
  0.007414377676891264,
  0.006158308532656736,
  0.005011488840536788,
  0.004004299945648746,
  0.0031822900301006992,
  0.00259232420697476,
  0.0022396048895516477,
  0.0018931741726298168,
  0.0015721955962072552,
  0.001284396870737237,
  0.0010347570805554966,
  0.000824613242884167,
  0.000655341809802009
 ],
 "sigmas": [
  0.25,
  0.2756721902468024,
  0.3039806259018769,
  0.3351960197398572,
  0.3696168836947874,
  0.4075723835213587,
  0.449425486597771,
  0.49557643297256987,
  0.5464665628489841,
  0.6025825371088854,
  0.6644609912371261,
  0.7326936671515999,
  0.8079330720145728,
  0.8908987181403393,
  0.9823840036712642,
  1.0832637998219208,
  1.1945028172479306,
  1.3171648315468518,
  1.4524228561143249,
  1.6015703596382094,
  1.7660336355032968,
  1.9473854413948684,
  2.1473600395362378,
  2.36786978138966,
  2.611023395419619,
  2.879146152803877,
  3.1748021039363987,
  3.500818598369214,
  3.86031332267673,
  4.25672411480482,
  4.693841840018505,
  5.175846642839929,
  5.707347921652972,
  6.293428408250444,
  6.939692773855387,
  7.652321226434491,
  8.438128611853172,
  9.3046295840551,
  10.260110467486651,
  11.313708498984761
 ],
 "border_radii": [
  10,
  10,
  10,
  10,
  10,
  10,
  10,
  10,
  10,
  10,
  10,
  10,
  10,
  10,
  10,
  10,
  10,
  10,
  10,
  10,
  10,
  10,
  10,
  10,
  10,
  11,
  12,
  14,
  15,
  17,
  18,
  20,
  22,
  25,
  27,
  30,
  33,
  37,
  41,
  45
 ]
}