{
 "time": "181120_0427",
 "filename": "T-BN8333878.png",
 "alphas": [
  0.0759988577477243,
  0.0770551414044518,
  0.07834197613914418,
  0.0798278923155612,
  0.08179668977210097,
  0.08415586918702092,
  0.08619480089411859,
  0.08856339851655637,
  0.09177672385915579,
  0.09560216802010271,
  0.10063296002316169,
  0.1069393300548039,
  0.11499074037561985,
  0.1259820904799781,
  0.14043810673352983,
  0.16013474764269658,
  0.17335464144939888,
  0.1780980078121341,
  0.18715952080327677,
  0.20195736728231956,
  0.22297766073613756,
  0.25330768482750954,
  0.2961748575898142,
  0.30536637374143505,
  0.30571920866758506,
  0.2980623967682182,
  0.28965898107928006,
  0.27325263907215874,
  0.2564569846393987,
  0.24960690065832425,
  0.23384460990547318,
  0.20554147971961,
  0.1743555610342062,
  0.1455902297488475,
  0.12017685430679287,
  0.10310825597616152,
  0.07832412010760868,
  0.06306053446935657,
  0.05442141906387011,
  0.04987049202159184
 ],
 "betas": [
  0.5,
  0.5,
  0.5,
  0.5,
  0.5,
  0.5,
  0.5,
  0.5,
  0.5,
  0.5,
  0.5,
  0.5,
  0.5,
  0.5,
  0.5,
  0.5,
  0.5,
  0.5,
  0.5,
  0.5,
  0.5,
  0.5,
  0.5,
  0.5,
  0.5,
  0.5,
  0.5,
  0.5,
  0.5,
  0.5,
  0.5,
  0.5,
  0.5,
  0.5,
  0.5,
  0.5,
  0.5,
  0.5,
  0.5,
  0.5
 ],
 "gammas": [
  0.118746132246417,
  0.11685820103144597,
  0.11461781119077402,
  0.11197265727266552,
  0.10886863388414,
  0.10525268201132323,
  0.10107696469140635,
  0.09630454225040677,
  0.09091651619845832,
  0.08498873240135829,
  0.07931485589422366,
  0.07336388632907061,
  0.0679184459950368,
  0.062087376567858385,
  0.05597427894780672,
  0.04971290907476706,
  0.04345788668339295,
  0.0373703619412767,
  0.0316012086597029,
  0.026429157249050733,
  0.02219662835810117,
  0.018846743221204113,
  0.016556744724584495,
  0.014281968698909561,
  0.01223153877918534,
  0.010328355928737131,
  0.00858371706157384,
  0.00705611859862212,
  0.005753058459441008,
  0.004609441658298798,
  0.003642793184722974,
  0.0029319272345207643,
  0.0023942156576083487,
  0.0020585152707576788,
  0.0017711623838218384,
  0.0014850860846201434,
  0.0012626771350826224,
  0.0010588310012938226,
  0.0008588795244288966,
  0.0006913608510064848
 ],
 "sigmas": [
  0.25,
  0.2756721902468024,
  0.3039806259018769,
  0.3351960197398572,
  0.3696168836947874,
  0.4075723835213587,
  0.449425486597771,
  0.49557643297256987,
  0.5464665628489841,
  0.6025825371088854,
  0.6644609912371261,
  0.7326936671515999,
  0.8079330720145728,
  0.8908987181403393,
  0.9823840036712642,
  1.0832637998219208,
  1.1945028172479306,
  1.3171648315468518,
  1.4524228561143249,
  1.6015703596382094,
  1.7660336355032968,
  1.9473854413948684,
  2.1473600395362378,
  2.36786978138966,
  2.611023395419619,
  2.879146152803877,
  3.1748021039363987,
  3.500818598369214,
  3.86031332267673,
  4.25672411480482,
  4.693841840018505,
  5.175846642839929,
  5.707347921652972,
  6.293428408250444,
  6.939692773855387,
  7.652321226434491,
  8.438128611853172,
  9.3046295840551,
  10.260110467486651,
  11.313708498984761
 ],
 "border_radii": [
  10,
  10,
  10,
  10,
  10,
  10,
  10,
  10,
  10,
  10,
  10,
  10,
  10,
  10,
  10,
  10,
  10,
  10,
  10,
  10,
  10,
  10,
  10,
  10,
  10,
  11,
  12,
  14,
  15,
  17,
  18,
  20,
  22,
  25,
  27,
  30,
  33,
  37,
  41,
  45
 ]
}