{
 "time": "181120_0213",
 "filename": "T-BN1233668.png",
 "alphas": [
  0.06042819932189293,
  0.06129912003371712,
  0.06185674338075486,
  0.06232447191689604,
  0.06285442824249168,
  0.0637130074411065,
  0.06489469248466508,
  0.06620259308684343,
  0.06786951724808879,
  0.07021494293064975,
  0.07298619877451248,
  0.07685885781983454,
  0.08207279720869709,
  0.08902918689279299,
  0.09730451213518258,
  0.10518160548973922,
  0.11751049749414982,
  0.13507239423956463,
  0.1422106745001515,
  0.15059594958583886,
  0.16175005827575312,
  0.17727344533455397,
  0.19831206348167152,
  0.22093825544850804,
  0.22469431894877206,
  0.22686128485791762,
  0.2351307276230945,
  0.24020278812288134,
  0.2461886378561011,
  0.25912507650405303,
  0.2448452145960198,
  0.22900540537146405,
  0.21333706253395632,
  0.17924596915687252,
  0.15616113087656155,
  0.138621537450596,
  0.1274403486943299,
  0.1202662045449771,
  0.12278498250170232,
  0.12405939181099865
 ],
 "betas": [
  0.5,
  0.5,
  0.5,
  0.5,
  0.5,
  0.5,
  0.5,
  0.5,
  0.5,
  0.5,
  0.5,
  0.5,
  0.5,
  0.5,
  0.5,
  0.5,
  0.5,
  0.5,
  0.5,
  0.5,
  0.5,
  0.5,
  0.5,
  0.5,
  0.5,
  0.5,
  0.5,
  0.5,
  0.5,
  0.5,
  0.5,
  0.5,
  0.5,
  0.5,
  0.5,
  0.5,
  0.5,
  0.5,
  0.5,
  0.5
 ],
 "gammas": [
  0.1062335597073481,
  0.10459523355344234,
  0.10265003715292434,
  0.10035189569094541,
  0.09765282117544498,
  0.0945052308082262,
  0.09086537125795767,
  0.08669799774463888,
  0.0828027897703192,
  0.07850281612580268,
  0.07397604013624827,
  0.06906080616370829,
  0.06370937952187442,
  0.058001990686194126,
  0.052056134050952683,
  0.04660498616527556,
  0.04150950601275688,
  0.036480810211752264,
  0.032504528351178855,
  0.02994796200183032,
  0.027480346343703273,
  0.024580030605106034,
  0.021438435729839115,
  0.018243755764128573,
  0.015155417726729924,
  0.012291903769758597,
  0.009730295839331465,
  0.007568699869836613,
  0.0063511242794538,
  0.005529816240846619,
  0.004673788531678601,
  0.0038316480504562403,
  0.003038600094225851,
  0.0023258794901787846,
  0.0018799276439592154,
  0.0016177170507555468,
  0.0013589760405097282,
  0.0011185066178600559,
  0.0009049236267745075,
  0.0007419263120886547
 ],
 "sigmas": [
  0.25,
  0.2756721902468024,
  0.3039806259018769,
  0.3351960197398572,
  0.3696168836947874,
  0.4075723835213587,
  0.449425486597771,
  0.49557643297256987,
  0.5464665628489841,
  0.6025825371088854,
  0.6644609912371261,
  0.7326936671515999,
  0.8079330720145728,
  0.8908987181403393,
  0.9823840036712642,
  1.0832637998219208,
  1.1945028172479306,
  1.3171648315468518,
  1.4524228561143249,
  1.6015703596382094,
  1.7660336355032968,
  1.9473854413948684,
  2.1473600395362378,
  2.36786978138966,
  2.611023395419619,
  2.879146152803877,
  3.1748021039363987,
  3.500818598369214,
  3.86031332267673,
  4.25672411480482,
  4.693841840018505,
  5.175846642839929,
  5.707347921652972,
  6.293428408250444,
  6.939692773855387,
  7.652321226434491,
  8.438128611853172,
  9.3046295840551,
  10.260110467486651,
  11.313708498984761
 ],
 "border_radii": [
  10,
  10,
  10,
  10,
  10,
  10,
  10,
  10,
  10,
  10,
  10,
  10,
  10,
  10,
  10,
  10,
  10,
  10,
  10,
  10,
  10,
  10,
  10,
  10,
  10,
  11,
  12,
  14,
  15,
  17,
  18,
  20,
  22,
  25,
  27,
  30,
  33,
  37,
  41,
  45
 ]
}