{
 "time": "181120_0414",
 "filename": "T-BN7804374.png",
 "alphas": [
  0.06651004807996014,
  0.06745473856469592,
  0.06850931532665205,
  0.06984155295977772,
  0.0715052955804188,
  0.07360547083855365,
  0.07619910921896733,
  0.07950159880503115,
  0.08337706351753493,
  0.08852729153740906,
  0.09506496173679319,
  0.103112622322515,
  0.11360077624034179,
  0.1274086548343677,
  0.14202037816209803,
  0.15832825033525202,
  0.17968674844564017,
  0.19959917942099092,
  0.21389460681391506,
  0.22943185004926242,
  0.24236806173669628,
  0.24857464524241732,
  0.2560477191865009,
  0.26767894491352284,
  0.28231781323562904,
  0.3010876035731402,
  0.3193365992671666,
  0.3331866369646247,
  0.30760441063910465,
  0.28361643710615114,
  0.26359588379110505,
  0.2453962464329006,
  0.22238625883148452,
  0.19642753296821958,
  0.17691034919656062,
  0.16340665148320083,
  0.15580097453034092,
  0.15325106816730602,
  0.15450526105870382,
  0.15242808723997564
 ],
 "betas": [
  0.5,
  0.5,
  0.5,
  0.5,
  0.5,
  0.5,
  0.5,
  0.5,
  0.5,
  0.5,
  0.5,
  0.5,
  0.5,
  0.5,
  0.5,
  0.5,
  0.5,
  0.5,
  0.5,
  0.5,
  0.5,
  0.5,
  0.5,
  0.5,
  0.5,
  0.5,
  0.5,
  0.5,
  0.5,
  0.5,
  0.5,
  0.5,
  0.5,
  0.5,
  0.5,
  0.5,
  0.5,
  0.5,
  0.5,
  0.5
 ],
 "gammas": [
  0.12583744861737747,
  0.12378546726140609,
  0.12135187684947209,
  0.11848069288126545,
  0.11511431492638244,
  0.11119669990299894,
  0.1066779655029604,
  0.10152057934896146,
  0.09570705595661806,
  0.08941901811067982,
  0.0829674976336581,
  0.07599196133314867,
  0.0686008456407009,
  0.060943787019322467,
  0.05354258394467363,
  0.04629151293880149,
  0.039226536871188586,
  0.032549544269104176,
  0.026431717359529334,
  0.021287514233875038,
  0.017276117686953845,
  0.013736863535366316,
  0.010991483171393195,
  0.009371693162120845,
  0.007877134846738191,
  0.006729788624403264,
  0.005692328929502813,
  0.00477144340870718,
  0.004101258760963272,
  0.003671189291263961,
  0.0032287735489702736,
  0.002790073204489183,
  0.0023872681119099805,
  0.0020441431327918517,
  0.001723870243258331,
  0.0014882583901249665,
  0.0012978860467112794,
  0.0011222762570591465,
  0.000955852241931527,
  0.0008011639202405547
 ],
 "sigmas": [
  0.25,
  0.2756721902468024,
  0.3039806259018769,
  0.3351960197398572,
  0.3696168836947874,
  0.4075723835213587,
  0.449425486597771,
  0.49557643297256987,
  0.5464665628489841,
  0.6025825371088854,
  0.6644609912371261,
  0.7326936671515999,
  0.8079330720145728,
  0.8908987181403393,
  0.9823840036712642,
  1.0832637998219208,
  1.1945028172479306,
  1.3171648315468518,
  1.4524228561143249,
  1.6015703596382094,
  1.7660336355032968,
  1.9473854413948684,
  2.1473600395362378,
  2.36786978138966,
  2.611023395419619,
  2.879146152803877,
  3.1748021039363987,
  3.500818598369214,
  3.86031332267673,
  4.25672411480482,
  4.693841840018505,
  5.175846642839929,
  5.707347921652972,
  6.293428408250444,
  6.939692773855387,
  7.652321226434491,
  8.438128611853172,
  9.3046295840551,
  10.260110467486651,
  11.313708498984761
 ],
 "border_radii": [
  10,
  10,
  10,
  10,
  10,
  10,
  10,
  10,
  10,
  10,
  10,
  10,
  10,
  10,
  10,
  10,
  10,
  10,
  10,
  10,
  10,
  10,
  10,
  10,
  10,
  11,
  12,
  14,
  15,
  17,
  18,
  20,
  22,
  25,
  27,
  30,
  33,
  37,
  41,
  45
 ]
}