{
 "time": "181120_0346",
 "filename": "T-BN6498420.png",
 "alphas": [
  0.037838932450800306,
  0.038523530623599055,
  0.03935789532421306,
  0.040382134656978395,
  0.04167603883857576,
  0.04331452683037533,
  0.04537346885510489,
  0.047965221964135885,
  0.051176897157161116,
  0.055409275368627955,
  0.06081872580353317,
  0.06760863085480653,
  0.07662672188270818,
  0.08857861522066582,
  0.10490467371696807,
  0.12075769937985033,
  0.13520006994590944,
  0.15426998970499037,
  0.17005486219168003,
  0.18475371981485336,
  0.2028710884746449,
  0.22521786792163306,
  0.2392758853931751,
  0.2560725582284521,
  0.2635581094347539,
  0.2722073004429867,
  0.2833555320872698,
  0.2967270844623166,
  0.3086812640114578,
  0.3060116157426389,
  0.31363837024872937,
  0.3257987612291937,
  0.3023241120045306,
  0.2739317182960971,
  0.25768661599189013,
  0.2509441447013251,
  0.23871874538404975,
  0.23265223080207453,
  0.22092452623134837,
  0.20522725479738654
 ],
 "betas": [
  0.5,
  0.5,
  0.5,
  0.5,
  0.5,
  0.5,
  0.5,
  0.5,
  0.5,
  0.5,
  0.5,
  0.5,
  0.5,
  0.5,
  0.5,
  0.5,
  0.5,
  0.5,
  0.5,
  0.5,
  0.5,
  0.5,
  0.5,
  0.5,
  0.5,
  0.5,
  0.5,
  0.5,
  0.5,
  0.5,
  0.5,
  0.5,
  0.5,
  0.5,
  0.5,
  0.5,
  0.5,
  0.5,
  0.5,
  0.5
 ],
 "gammas": [
  0.12684595797258094,
  0.12461133972503047,
  0.12196209604938044,
  0.11883792643899822,
  0.11517713472225265,
  0.11092026080159353,
  0.10601534205951932,
  0.10128922295733016,
  0.09642122510368298,
  0.0909556806723578,
  0.08491186605657228,
  0.07834502682751869,
  0.0714188634579797,
  0.06467539069714691,
  0.05772977137775662,
  0.05075387646391432,
  0.043929771968467,
  0.03742898785506198,
  0.031900298916005654,
  0.02728367808654466,
  0.02295303891949833,
  0.018993387942223352,
  0.01563981131493303,
  0.013189372331143725,
  0.010982897603245648,
  0.009046452991733863,
  0.007381312927373235,
  0.005975404001790692,
  0.004845607645688923,
  0.003928250624187225,
  0.0033469486771244197,
  0.002941042791945163,
  0.0025445675141580267,
  0.0021481694555874095,
  0.001828363558937607,
  0.0015774363684067814,
  0.0013331458482497428,
  0.0011200638125471796,
  0.000924867819515355,
  0.000760062039841954
 ],
 "sigmas": [
  0.25,
  0.2756721902468024,
  0.3039806259018769,
  0.3351960197398572,
  0.3696168836947874,
  0.4075723835213587,
  0.449425486597771,
  0.49557643297256987,
  0.5464665628489841,
  0.6025825371088854,
  0.6644609912371261,
  0.7326936671515999,
  0.8079330720145728,
  0.8908987181403393,
  0.9823840036712642,
  1.0832637998219208,
  1.1945028172479306,
  1.3171648315468518,
  1.4524228561143249,
  1.6015703596382094,
  1.7660336355032968,
  1.9473854413948684,
  2.1473600395362378,
  2.36786978138966,
  2.611023395419619,
  2.879146152803877,
  3.1748021039363987,
  3.500818598369214,
  3.86031332267673,
  4.25672411480482,
  4.693841840018505,
  5.175846642839929,
  5.707347921652972,
  6.293428408250444,
  6.939692773855387,
  7.652321226434491,
  8.438128611853172,
  9.3046295840551,
  10.260110467486651,
  11.313708498984761
 ],
 "border_radii": [
  10,
  10,
  10,
  10,
  10,
  10,
  10,
  10,
  10,
  10,
  10,
  10,
  10,
  10,
  10,
  10,
  10,
  10,
  10,
  10,
  10,
  10,
  10,
  10,
  10,
  11,
  12,
  14,
  15,
  17,
  18,
  20,
  22,
  25,
  27,
  30,
  33,
  37,
  41,
  45
 ]
}