{
 "time": "181120_0330",
 "filename": "T-BN5932011.png",
 "alphas": [
  0.0327284246735534,
  0.03316139177900027,
  0.03373884417161774,
  0.03449419989863174,
  0.035347002130259486,
  0.03644270278057928,
  0.03773335641107435,
  0.03937247671925799,
  0.04161822951103256,
  0.04453852778538452,
  0.04817565782459435,
  0.053041745376097335,
  0.055836859962933125,
  0.059221807666496346,
  0.06401439171581694,
  0.06957963456435912,
  0.07498875219314977,
  0.07660828283776765,
  0.07955786917968868,
  0.08417182849009991,
  0.09051438521926991,
  0.095358900703027,
  0.10219599370715657,
  0.10430600706808557,
  0.10617114507955909,
  0.11180199813421929,
  0.11560532394590814,
  0.1152694530357421,
  0.11414297928054216,
  0.113218931466008,
  0.10888392435829339,
  0.1064577859606395,
  0.10102023529084223,
  0.09664897321145488,
  0.09268271962658628,
  0.08301359042109502,
  0.07417165254741884,
  0.06662436028402895,
  0.05925180077773289,
  0.05449942114081384
 ],
 "betas": [
  0.5,
  0.5,
  0.5,
  0.5,
  0.5,
  0.5,
  0.5,
  0.5,
  0.5,
  0.5,
  0.5,
  0.5,
  0.5,
  0.5,
  0.5,
  0.5,
  0.5,
  0.5,
  0.5,
  0.5,
  0.5,
  0.5,
  0.5,
  0.5,
  0.5,
  0.5,
  0.5,
  0.5,
  0.5,
  0.5,
  0.5,
  0.5,
  0.5,
  0.5,
  0.5,
  0.5,
  0.5,
  0.5,
  0.5,
  0.5
 ],
 "gammas": [
  0.13131281939402406,
  0.1289785466907556,
  0.12661114729527795,
  0.12380834884083869,
  0.1205085814183568,
  0.11664974854063258,
  0.11217333384293005,
  0.10703022655826729,
  0.10118839803728823,
  0.09464224147177769,
  0.0874228484139694,
  0.07987380429967039,
  0.07309687956557,
  0.06588032937760133,
  0.05837884452822571,
  0.05078871324087934,
  0.04405195517886879,
  0.038509507707964616,
  0.033027536932429165,
  0.02822370754820217,
  0.023803818417501215,
  0.020188421601070025,
  0.016874289553309104,
  0.014475130928139625,
  0.012467112692531859,
  0.01054140796193608,
  0.00878346182212214,
  0.007208574678389996,
  0.006050664238379137,
  0.004946300146063044,
  0.003943437016037922,
  0.003344400397278377,
  0.00283327901630936,
  0.0024654895268161293,
  0.002142882718907153,
  0.0018285788266866328,
  0.001514063480217507,
  0.0012141631120510523,
  0.0009956278179244194,
  0.0008082240444144389
 ],
 "sigmas": [
  0.25,
  0.2756721902468024,
  0.3039806259018769,
  0.3351960197398572,
  0.3696168836947874,
  0.4075723835213587,
  0.449425486597771,
  0.49557643297256987,
  0.5464665628489841,
  0.6025825371088854,
  0.6644609912371261,
  0.7326936671515999,
  0.8079330720145728,
  0.8908987181403393,
  0.9823840036712642,
  1.0832637998219208,
  1.1945028172479306,
  1.3171648315468518,
  1.4524228561143249,
  1.6015703596382094,
  1.7660336355032968,
  1.9473854413948684,
  2.1473600395362378,
  2.36786978138966,
  2.611023395419619,
  2.879146152803877,
  3.1748021039363987,
  3.500818598369214,
  3.86031332267673,
  4.25672411480482,
  4.693841840018505,
  5.175846642839929,
  5.707347921652972,
  6.293428408250444,
  6.939692773855387,
  7.652321226434491,
  8.438128611853172,
  9.3046295840551,
  10.260110467486651,
  11.313708498984761
 ],
 "border_radii": [
  10,
  10,
  10,
  10,
  10,
  10,
  10,
  10,
  10,
  10,
  10,
  10,
  10,
  10,
  10,
  10,
  10,
  10,
  10,
  10,
  10,
  10,
  10,
  10,
  10,
  11,
  12,
  14,
  15,
  17,
  18,
  20,
  22,
  25,
  27,
  30,
  33,
  37,
  41,
  45
 ]
}