{
 "time": "181120_0221",
 "filename": "T-BN1530431.png",
 "alphas": [
  0.06103065194167927,
  0.06210716328693801,
  0.06343094684123693,
  0.06493330137833767,
  0.06695062712101564,
  0.06946995721442567,
  0.07255944936597246,
  0.07654602054237848,
  0.0816152726513164,
  0.08521431948813857,
  0.0888984617986035,
  0.09387457523327225,
  0.10007013259567575,
  0.10676901887783861,
  0.11298074308164827,
  0.1211419395056215,
  0.13186661803587113,
  0.14563469511450639,
  0.16271713160801743,
  0.16893888765143605,
  0.16988820064701654,
  0.17558196032123838,
  0.1875889514482349,
  0.20641628177387883,
  0.23236197651751728,
  0.2413269221817968,
  0.22446373896470942,
  0.20988619363861666,
  0.20014898664525943,
  0.19916275490252103,
  0.18157400216930453,
  0.16129102116354055,
  0.1500374543296758,
  0.14628114508629947,
  0.14520422316084075,
  0.14679692913123057,
  0.1493565707066063,
  0.1511307003155273,
  0.15423015114639316,
  0.1616243108923153
 ],
 "betas": [
  0.5,
  0.5,
  0.5,
  0.5,
  0.5,
  0.5,
  0.5,
  0.5,
  0.5,
  0.5,
  0.5,
  0.5,
  0.5,
  0.5,
  0.5,
  0.5,
  0.5,
  0.5,
  0.5,
  0.5,
  0.5,
  0.5,
  0.5,
  0.5,
  0.5,
  0.5,
  0.5,
  0.5,
  0.5,
  0.5,
  0.5,
  0.5,
  0.5,
  0.5,
  0.5,
  0.5,
  0.5,
  0.5,
  0.5,
  0.5
 ],
 "gammas": [
  0.1547611211198889,
  0.152401601641,
  0.1495944714721188,
  0.14627017383392596,
  0.14235524525046378,
  0.13777547663969464,
  0.13246080148352005,
  0.12635226711594696,
  0.119411271562135,
  0.11163086777729798,
  0.10304828196583743,
  0.09375685142140674,
  0.08391448697277117,
  0.07374486846691118,
  0.06352753138194756,
  0.053574579482146535,
  0.04419541601192808,
  0.03565600560273071,
  0.029569031402998963,
  0.024769476747917525,
  0.020629337749434096,
  0.017815511844742785,
  0.015614742703225777,
  0.013396764351216882,
  0.011252080932034877,
  0.009249769624602312,
  0.0074363608545425465,
  0.005839797642851784,
  0.005047756946049021,
  0.004504134784600804,
  0.003911240567816148,
  0.003315792140298875,
  0.00275272154094079,
  0.0022938335911122515,
  0.001898795824203581,
  0.001579141786899258,
  0.0013687824431607514,
  0.0011567877713525925,
  0.0009089302178650506,
  0.0007078763199416448
 ],
 "sigmas": [
  0.25,
  0.2756721902468024,
  0.3039806259018769,
  0.3351960197398572,
  0.3696168836947874,
  0.4075723835213587,
  0.449425486597771,
  0.49557643297256987,
  0.5464665628489841,
  0.6025825371088854,
  0.6644609912371261,
  0.7326936671515999,
  0.8079330720145728,
  0.8908987181403393,
  0.9823840036712642,
  1.0832637998219208,
  1.1945028172479306,
  1.3171648315468518,
  1.4524228561143249,
  1.6015703596382094,
  1.7660336355032968,
  1.9473854413948684,
  2.1473600395362378,
  2.36786978138966,
  2.611023395419619,
  2.879146152803877,
  3.1748021039363987,
  3.500818598369214,
  3.86031332267673,
  4.25672411480482,
  4.693841840018505,
  5.175846642839929,
  5.707347921652972,
  6.293428408250444,
  6.939692773855387,
  7.652321226434491,
  8.438128611853172,
  9.3046295840551,
  10.260110467486651,
  11.313708498984761
 ],
 "border_radii": [
  10,
  10,
  10,
  10,
  10,
  10,
  10,
  10,
  10,
  10,
  10,
  10,
  10,
  10,
  10,
  10,
  10,
  10,
  10,
  10,
  10,
  10,
  10,
  10,
  10,
  11,
  12,
  14,
  15,
  17,
  18,
  20,
  22,
  25,
  27,
  30,
  33,
  37,
  41,
  45
 ]
}