{
 "time": "181120_0326",
 "filename": "T-BN5569860.png",
 "alphas": [
  0.05607298010907678,
  0.05691290434522745,
  0.057918290282875956,
  0.05899288279606371,
  0.0604093933495529,
  0.06225246175047687,
  0.06460996611757999,
  0.06769029131586157,
  0.07131352539149184,
  0.07604775346386983,
  0.08225259389423858,
  0.0901741494810196,
  0.10044315183207252,
  0.10728355006592577,
  0.11366261679891626,
  0.1218987861935644,
  0.13376897123229084,
  0.14853909089227074,
  0.16710466487502712,
  0.17804235200637478,
  0.1913742702408077,
  0.20084304514633955,
  0.21253646554961397,
  0.22383349932434518,
  0.23875948003155364,
  0.25426148470972154,
  0.27854693690321486,
  0.3012582034349104,
  0.33490612672044306,
  0.37786755483791346,
  0.38797901442892835,
  0.3839702737936017,
  0.3796540692120384,
  0.3481274499034538,
  0.3246550476715496,
  0.30851544530127417,
  0.300440472943857,
  0.28416185300857716,
  0.2695546303289375,
  0.25104603844479156
 ],
 "betas": [
  0.5,
  0.5,
  0.5,
  0.5,
  0.5,
  0.5,
  0.5,
  0.5,
  0.5,
  0.5,
  0.5,
  0.5,
  0.5,
  0.5,
  0.5,
  0.5,
  0.5,
  0.5,
  0.5,
  0.5,
  0.5,
  0.5,
  0.5,
  0.5,
  0.5,
  0.5,
  0.5,
  0.5,
  0.5,
  0.5,
  0.5,
  0.5,
  0.5,
  0.5,
  0.5,
  0.5,
  0.5,
  0.5,
  0.5,
  0.5
 ],
 "gammas": [
  0.122899777683975,
  0.12097880870243535,
  0.1186936087515778,
  0.11598758800195424,
  0.1128009297904695,
  0.10907310216416967,
  0.10474673239985695,
  0.09977311943185974,
  0.09411952556673822,
  0.08777810426353645,
  0.08077584236799902,
  0.0731842230652917,
  0.06558213420360781,
  0.0576704677993613,
  0.04963686066553065,
  0.042559892901859575,
  0.03740754107051534,
  0.032264569103749065,
  0.027282774371972983,
  0.02260674149327299,
  0.01835679234210456,
  0.014615714218290067,
  0.011422227185182706,
  0.00877242162994786,
  0.007237901258141878,
  0.006021596093763221,
  0.004893002243796628,
  0.004024049453517391,
  0.0034403156349733658,
  0.003172002883986386,
  0.0028647416079999573,
  0.002526891155253677,
  0.002181095179165794,
  0.0018625241924398648,
  0.0016078725166097595,
  0.0013459945105082731,
  0.0010971944454888415,
  0.0008750657821405163,
  0.0006759238775380041,
  0.000521333739009219
 ],
 "sigmas": [
  0.25,
  0.2756721902468024,
  0.3039806259018769,
  0.3351960197398572,
  0.3696168836947874,
  0.4075723835213587,
  0.449425486597771,
  0.49557643297256987,
  0.5464665628489841,
  0.6025825371088854,
  0.6644609912371261,
  0.7326936671515999,
  0.8079330720145728,
  0.8908987181403393,
  0.9823840036712642,
  1.0832637998219208,
  1.1945028172479306,
  1.3171648315468518,
  1.4524228561143249,
  1.6015703596382094,
  1.7660336355032968,
  1.9473854413948684,
  2.1473600395362378,
  2.36786978138966,
  2.611023395419619,
  2.879146152803877,
  3.1748021039363987,
  3.500818598369214,
  3.86031332267673,
  4.25672411480482,
  4.693841840018505,
  5.175846642839929,
  5.707347921652972,
  6.293428408250444,
  6.939692773855387,
  7.652321226434491,
  8.438128611853172,
  9.3046295840551,
  10.260110467486651,
  11.313708498984761
 ],
 "border_radii": [
  10,
  10,
  10,
  10,
  10,
  10,
  10,
  10,
  10,
  10,
  10,
  10,
  10,
  10,
  10,
  10,
  10,
  10,
  10,
  10,
  10,
  10,
  10,
  10,
  10,
  11,
  12,
  14,
  15,
  17,
  18,
  20,
  22,
  25,
  27,
  30,
  33,
  37,
  41,
  45
 ]
}