{
 "time": "181120_0340",
 "filename": "T-BN6279307.png",
 "alphas": [
  0.03749738215196003,
  0.03800482849000707,
  0.03861739370150668,
  0.039404472895144024,
  0.04034752669018676,
  0.0415124449563844,
  0.043085504522646575,
  0.04496665463210487,
  0.04731964596268835,
  0.05035042122474134,
  0.05421923758319515,
  0.05924838384592215,
  0.06581628331672859,
  0.07447329776181147,
  0.08295466302115478,
  0.0890220538457957,
  0.0968480554845727,
  0.1078981095736507,
  0.1140701427447503,
  0.12397595713634452,
  0.12329995012645162,
  0.12522377572479781,
  0.13022518140488581,
  0.13879537577782763,
  0.15084156020421843,
  0.16364187196927288,
  0.18074402081705757,
  0.17819877760433006,
  0.17686570011392597,
  0.17869303619571272,
  0.1796358427684539,
  0.16354669575724368,
  0.1479006720797639,
  0.14008008731002436,
  0.13845523868656862,
  0.14104609978578547,
  0.14459294426563557,
  0.14882699889774714,
  0.15136374216369713,
  0.15567002016815895
 ],
 "betas": [
  0.5,
  0.5,
  0.5,
  0.5,
  0.5,
  0.5,
  0.5,
  0.5,
  0.5,
  0.5,
  0.5,
  0.5,
  0.5,
  0.5,
  0.5,
  0.5,
  0.5,
  0.5,
  0.5,
  0.5,
  0.5,
  0.5,
  0.5,
  0.5,
  0.5,
  0.5,
  0.5,
  0.5,
  0.5,
  0.5,
  0.5,
  0.5,
  0.5,
  0.5,
  0.5,
  0.5,
  0.5,
  0.5,
  0.5,
  0.5
 ],
 "gammas": [
  0.12137268379854567,
  0.11878756288136628,
  0.11573580797561821,
  0.11215544458605747,
  0.10798607374694166,
  0.1031739334481784,
  0.09767881460819107,
  0.09148282824071385,
  0.0846005805408435,
  0.07893778846274503,
  0.07411634703276868,
  0.06875101721542266,
  0.06288583076930819,
  0.05660616834460296,
  0.050042054760581905,
  0.043365128630804654,
  0.03677753377135443,
  0.030492866457781723,
  0.024951496278811748,
  0.021111758877624603,
  0.017572982777168525,
  0.014387378593396572,
  0.01174318932588808,
  0.009716432099668363,
  0.008060302379019123,
  0.00669055914568228,
  0.005733304152463561,
  0.004966855006074143,
  0.004415645385329543,
  0.0038304208104996953,
  0.003254894786961838,
  0.002690736173691093,
  0.00216652750961933,
  0.0017906246293909979,
  0.0015098855292908992,
  0.0012470354400376659,
  0.0010519382211155374,
  0.000869167952679948,
  0.0007046438893047666,
  0.0005689178241895322
 ],
 "sigmas": [
  0.25,
  0.2756721902468024,
  0.3039806259018769,
  0.3351960197398572,
  0.3696168836947874,
  0.4075723835213587,
  0.449425486597771,
  0.49557643297256987,
  0.5464665628489841,
  0.6025825371088854,
  0.6644609912371261,
  0.7326936671515999,
  0.8079330720145728,
  0.8908987181403393,
  0.9823840036712642,
  1.0832637998219208,
  1.1945028172479306,
  1.3171648315468518,
  1.4524228561143249,
  1.6015703596382094,
  1.7660336355032968,
  1.9473854413948684,
  2.1473600395362378,
  2.36786978138966,
  2.611023395419619,
  2.879146152803877,
  3.1748021039363987,
  3.500818598369214,
  3.86031332267673,
  4.25672411480482,
  4.693841840018505,
  5.175846642839929,
  5.707347921652972,
  6.293428408250444,
  6.939692773855387,
  7.652321226434491,
  8.438128611853172,
  9.3046295840551,
  10.260110467486651,
  11.313708498984761
 ],
 "border_radii": [
  10,
  10,
  10,
  10,
  10,
  10,
  10,
  10,
  10,
  10,
  10,
  10,
  10,
  10,
  10,
  10,
  10,
  10,
  10,
  10,
  10,
  10,
  10,
  10,
  10,
  11,
  12,
  14,
  15,
  17,
  18,
  20,
  22,
  25,
  27,
  30,
  33,
  37,
  41,
  45
 ]
}