{
 "time": "181120_0412",
 "filename": "T-BN7753462.png",
 "alphas": [
  0.04524311278534454,
  0.045529584404972706,
  0.04594926843452753,
  0.04638963704813912,
  0.046902992571199224,
  0.04757514728032141,
  0.04839504131631471,
  0.04925399902183811,
  0.05039992169127274,
  0.05194105842323754,
  0.053417033817735285,
  0.0553459916483731,
  0.05761865800381462,
  0.060486840063380086,
  0.06398163737303127,
  0.06846174343680309,
  0.07418234299241964,
  0.0819370736761026,
  0.09234289349155753,
  0.10602955900925076,
  0.12464638587762489,
  0.14930401341646526,
  0.17552964454114348,
  0.19795222234313395,
  0.22279114025240643,
  0.23591271936484537,
  0.23289917076093108,
  0.22549299502414205,
  0.22423810328939428,
  0.23118587437481825,
  0.247047176284714,
  0.22195365065451964,
  0.20459446676078497,
  0.19215399100437164,
  0.17450619382049873,
  0.16296540998145959,
  0.157417625651468,
  0.15584820794016688,
  0.16428395184144207,
  0.16976189498863836
 ],
 "betas": [
  0.5,
  0.5,
  0.5,
  0.5,
  0.5,
  0.5,
  0.5,
  0.5,
  0.5,
  0.5,
  0.5,
  0.5,
  0.5,
  0.5,
  0.5,
  0.5,
  0.5,
  0.5,
  0.5,
  0.5,
  0.5,
  0.5,
  0.5,
  0.5,
  0.5,
  0.5,
  0.5,
  0.5,
  0.5,
  0.5,
  0.5,
  0.5,
  0.5,
  0.5,
  0.5,
  0.5,
  0.5,
  0.5,
  0.5,
  0.5
 ],
 "gammas": [
  0.11748069309445934,
  0.11586843571327413,
  0.11394884182480529,
  0.11167332500407012,
  0.10899004150015897,
  0.10584576135563821,
  0.10218880090106824,
  0.09797323323231528,
  0.09316449203089294,
  0.08774627044851495,
  0.0817282629095595,
  0.07515381076874096,
  0.06913729445935636,
  0.06274905176119557,
  0.05605669847666312,
  0.05062806323017225,
  0.04510502001885633,
  0.03935598713534786,
  0.033588070054227676,
  0.028018863259273094,
  0.024117338458679558,
  0.02090406485719655,
  0.017891894112808216,
  0.015332171936622133,
  0.012931025335154177,
  0.01077326505885446,
  0.008984158280870548,
  0.007396450877340617,
  0.006213182389470334,
  0.0051185024321610565,
  0.0041368405759621115,
  0.0032803034706923606,
  0.002562059696287853,
  0.002164019874963604,
  0.0019140106901835636,
  0.001649375478745804,
  0.0013896073768856411,
  0.0011576628785210407,
  0.0009401401179301854,
  0.0007612865703159284
 ],
 "sigmas": [
  0.25,
  0.2756721902468024,
  0.3039806259018769,
  0.3351960197398572,
  0.3696168836947874,
  0.4075723835213587,
  0.449425486597771,
  0.49557643297256987,
  0.5464665628489841,
  0.6025825371088854,
  0.6644609912371261,
  0.7326936671515999,
  0.8079330720145728,
  0.8908987181403393,
  0.9823840036712642,
  1.0832637998219208,
  1.1945028172479306,
  1.3171648315468518,
  1.4524228561143249,
  1.6015703596382094,
  1.7660336355032968,
  1.9473854413948684,
  2.1473600395362378,
  2.36786978138966,
  2.611023395419619,
  2.879146152803877,
  3.1748021039363987,
  3.500818598369214,
  3.86031332267673,
  4.25672411480482,
  4.693841840018505,
  5.175846642839929,
  5.707347921652972,
  6.293428408250444,
  6.939692773855387,
  7.652321226434491,
  8.438128611853172,
  9.3046295840551,
  10.260110467486651,
  11.313708498984761
 ],
 "border_radii": [
  10,
  10,
  10,
  10,
  10,
  10,
  10,
  10,
  10,
  10,
  10,
  10,
  10,
  10,
  10,
  10,
  10,
  10,
  10,
  10,
  10,
  10,
  10,
  10,
  10,
  11,
  12,
  14,
  15,
  17,
  18,
  20,
  22,
  25,
  27,
  30,
  33,
  37,
  41,
  45
 ]
}