{
 "time": "181120_0401",
 "filename": "T-BN7531176.png",
 "alphas": [
  0.047856159861779365,
  0.04838102924607003,
  0.048952778299394095,
  0.049735925954314905,
  0.050588525993144305,
  0.05184025459272565,
  0.05343598582474078,
  0.05519206070723915,
  0.05752320096049708,
  0.060587568003070455,
  0.0634016304247027,
  0.06646866507661697,
  0.07047773348469372,
  0.07560570958711257,
  0.08249929531531512,
  0.0915157980443517,
  0.10120645427034647,
  0.11392545946642128,
  0.1217309141015916,
  0.12898270516291238,
  0.13693034305245924,
  0.14636475837155805,
  0.15930982868872645,
  0.16361864208358137,
  0.16488207580791805,
  0.1660047729617326,
  0.16277651573620106,
  0.16463254373478137,
  0.1736629695664661,
  0.19222446249817957,
  0.21642828739843537,
  0.21006976592198137,
  0.1953840630103117,
  0.17780137433138266,
  0.15619886084921525,
  0.14065401886056028,
  0.12110600859252768,
  0.10464773791003378,
  0.09326434122619495,
  0.08570177009975079
 ],
 "betas": [
  0.5,
  0.5,
  0.5,
  0.5,
  0.5,
  0.5,
  0.5,
  0.5,
  0.5,
  0.5,
  0.5,
  0.5,
  0.5,
  0.5,
  0.5,
  0.5,
  0.5,
  0.5,
  0.5,
  0.5,
  0.5,
  0.5,
  0.5,
  0.5,
  0.5,
  0.5,
  0.5,
  0.5,
  0.5,
  0.5,
  0.5,
  0.5,
  0.5,
  0.5,
  0.5,
  0.5,
  0.5,
  0.5,
  0.5,
  0.5
 ],
 "gammas": [
  0.12385099196906048,
  0.12179674110546161,
  0.1193599067829113,
  0.11648417657503564,
  0.11311156941667293,
  0.10918564829277719,
  0.10465621311648256,
  0.09948565986744219,
  0.09421247841118062,
  0.08944258784913252,
  0.08410801359110409,
  0.07823080052694441,
  0.07298208010405016,
  0.06781742477073421,
  0.06209636332515577,
  0.05590381877180306,
  0.049379955238735826,
  0.04271659830235078,
  0.036141790912936185,
  0.029892919057618407,
  0.025169630222557245,
  0.020704741961809842,
  0.01720987739950463,
  0.014330981044013633,
  0.011867827572810654,
  0.009724689869788167,
  0.007941874578324404,
  0.00641304962844218,
  0.0051505577576424644,
  0.00415393426528221,
  0.003389160904459278,
  0.0027451391021928668,
  0.0021909208827313544,
  0.0019385315385373131,
  0.0017056998315083856,
  0.0014694755347037878,
  0.0012579350182123994,
  0.0010608293287665573,
  0.0008743677754378611,
  0.0007133926529184883
 ],
 "sigmas": [
  0.25,
  0.2756721902468024,
  0.3039806259018769,
  0.3351960197398572,
  0.3696168836947874,
  0.4075723835213587,
  0.449425486597771,
  0.49557643297256987,
  0.5464665628489841,
  0.6025825371088854,
  0.6644609912371261,
  0.7326936671515999,
  0.8079330720145728,
  0.8908987181403393,
  0.9823840036712642,
  1.0832637998219208,
  1.1945028172479306,
  1.3171648315468518,
  1.4524228561143249,
  1.6015703596382094,
  1.7660336355032968,
  1.9473854413948684,
  2.1473600395362378,
  2.36786978138966,
  2.611023395419619,
  2.879146152803877,
  3.1748021039363987,
  3.500818598369214,
  3.86031332267673,
  4.25672411480482,
  4.693841840018505,
  5.175846642839929,
  5.707347921652972,
  6.293428408250444,
  6.939692773855387,
  7.652321226434491,
  8.438128611853172,
  9.3046295840551,
  10.260110467486651,
  11.313708498984761
 ],
 "border_radii": [
  10,
  10,
  10,
  10,
  10,
  10,
  10,
  10,
  10,
  10,
  10,
  10,
  10,
  10,
  10,
  10,
  10,
  10,
  10,
  10,
  10,
  10,
  10,
  10,
  10,
  11,
  12,
  14,
  15,
  17,
  18,
  20,
  22,
  25,
  27,
  30,
  33,
  37,
  41,
  45
 ]
}