{
 "time": "181120_0441",
 "filename": "T-BN9056988.png",
 "alphas": [
  0.041667029475202184,
  0.04282635267702851,
  0.044225896943089114,
  0.0457730479392424,
  0.046857224603588224,
  0.048243622307012665,
  0.05010964300217967,
  0.05238614168853173,
  0.053691754010556904,
  0.05529279662360932,
  0.05725079141457373,
  0.059902402614631645,
  0.06325311237402172,
  0.06784309601204026,
  0.07393955941994153,
  0.08215529710216518,
  0.09320786385364292,
  0.1080428466448598,
  0.12367737288925826,
  0.13113489917287344,
  0.14446376512604142,
  0.16370576128579453,
  0.1755664516373878,
  0.1793283182774307,
  0.17836730884839808,
  0.183289310874824,
  0.1948024933582935,
  0.21281266612965122,
  0.23970858835571351,
  0.26312130730274785,
  0.21979186802360012,
  0.19325410761469608,
  0.17487439170531688,
  0.16381331498652568,
  0.15452247146970483,
  0.1269094784054752,
  0.10765340347788699,
  0.09507622023123562,
  0.09376168577518865,
  0.09561162836081882
 ],
 "betas": [
  0.5,
  0.5,
  0.5,
  0.5,
  0.5,
  0.5,
  0.5,
  0.5,
  0.5,
  0.5,
  0.5,
  0.5,
  0.5,
  0.5,
  0.5,
  0.5,
  0.5,
  0.5,
  0.5,
  0.5,
  0.5,
  0.5,
  0.5,
  0.5,
  0.5,
  0.5,
  0.5,
  0.5,
  0.5,
  0.5,
  0.5,
  0.5,
  0.5,
  0.5,
  0.5,
  0.5,
  0.5,
  0.5,
  0.5,
  0.5
 ],
 "gammas": [
  0.147839810243961,
  0.14551773184577932,
  0.14275966226997022,
  0.13949977404439326,
  0.13566940553325432,
  0.13120038999333072,
  0.12603002397319873,
  0.12010793004030244,
  0.11340485371642584,
  0.10592302703654338,
  0.09770709887136576,
  0.08885381576222041,
  0.07951781475163702,
  0.0699104250319677,
  0.06028877963280515,
  0.050934265671081766,
  0.04239410441443287,
  0.03575400192812609,
  0.03054560278995589,
  0.02586504262909413,
  0.02140490733736085,
  0.017313183582462553,
  0.013694737705898767,
  0.011758259179358717,
  0.010320406251992235,
  0.008943397170827124,
  0.007613560682755646,
  0.006369539955524039,
  0.005635744940552875,
  0.005226919892577205,
  0.004806409418819114,
  0.004315098355828229,
  0.003787205015744242,
  0.0032561792987942325,
  0.0027404445778824033,
  0.0022706954885874635,
  0.0018501958460217433,
  0.0014848486503129586,
  0.0011754603970963995,
  0.0009227474342256659
 ],
 "sigmas": [
  0.25,
  0.2756721902468024,
  0.3039806259018769,
  0.3351960197398572,
  0.3696168836947874,
  0.4075723835213587,
  0.449425486597771,
  0.49557643297256987,
  0.5464665628489841,
  0.6025825371088854,
  0.6644609912371261,
  0.7326936671515999,
  0.8079330720145728,
  0.8908987181403393,
  0.9823840036712642,
  1.0832637998219208,
  1.1945028172479306,
  1.3171648315468518,
  1.4524228561143249,
  1.6015703596382094,
  1.7660336355032968,
  1.9473854413948684,
  2.1473600395362378,
  2.36786978138966,
  2.611023395419619,
  2.879146152803877,
  3.1748021039363987,
  3.500818598369214,
  3.86031332267673,
  4.25672411480482,
  4.693841840018505,
  5.175846642839929,
  5.707347921652972,
  6.293428408250444,
  6.939692773855387,
  7.652321226434491,
  8.438128611853172,
  9.3046295840551,
  10.260110467486651,
  11.313708498984761
 ],
 "border_radii": [
  10,
  10,
  10,
  10,
  10,
  10,
  10,
  10,
  10,
  10,
  10,
  10,
  10,
  10,
  10,
  10,
  10,
  10,
  10,
  10,
  10,
  10,
  10,
  10,
  10,
  11,
  12,
  14,
  15,
  17,
  18,
  20,
  22,
  25,
  27,
  30,
  33,
  37,
  41,
  45
 ]
}