{
 "time": "181120_0200",
 "filename": "T-BN0501518.png",
 "alphas": [
  0.04343467470661822,
  0.04376553176651485,
  0.04412461012293842,
  0.044550189125230316,
  0.04512901555032931,
  0.04587260791995267,
  0.04671870908007605,
  0.047954761689324825,
  0.049479378312692446,
  0.05138048506087605,
  0.05403263528249458,
  0.057367005793780484,
  0.061684426847049896,
  0.06750373362358063,
  0.07512474480663445,
  0.0853383819663395,
  0.09941365557538531,
  0.1179952034285365,
  0.14296035242048258,
  0.17564991021618653,
  0.19405606737366132,
  0.20856967128626328,
  0.20700309126549904,
  0.19303337315638167,
  0.18496559718044878,
  0.17328669506412245,
  0.15764757495938597,
  0.13598497135548238,
  0.11459766575265748,
  0.09864105329093914,
  0.08978584126904816,
  0.08607912070377965,
  0.08740946236490998,
  0.09466201867662107,
  0.10937471976003067,
  0.13170510906488891,
  0.13040173077069828,
  0.13012526695445273,
  0.13261300853050836,
  0.13986158364042747
 ],
 "betas": [
  0.5,
  0.5,
  0.5,
  0.5,
  0.5,
  0.5,
  0.5,
  0.5,
  0.5,
  0.5,
  0.5,
  0.5,
  0.5,
  0.5,
  0.5,
  0.5,
  0.5,
  0.5,
  0.5,
  0.5,
  0.5,
  0.5,
  0.5,
  0.5,
  0.5,
  0.5,
  0.5,
  0.5,
  0.5,
  0.5,
  0.5,
  0.5,
  0.5,
  0.5,
  0.5,
  0.5,
  0.5,
  0.5,
  0.5,
  0.5
 ],
 "gammas": [
  0.1503568404172378,
  0.14778806194844227,
  0.14474377016382886,
  0.14115524717595213,
  0.13695235675409187,
  0.1320677184332913,
  0.12644270436639563,
  0.12003543485750674,
  0.11283063651470006,
  0.10485069289304805,
  0.09616645753211954,
  0.08690552095327261,
  0.0772549130504863,
  0.06745516109833534,
  0.057783753051505425,
  0.048528622870978255,
  0.03995574756123931,
  0.0334492959012163,
  0.027912576654126154,
  0.02282431527779993,
  0.01837717991303952,
  0.015303385613462015,
  0.012530520706532306,
  0.01089839910319626,
  0.009308914221697669,
  0.007777113109203003,
  0.006538626375578538,
  0.005456188139645527,
  0.004467685434970417,
  0.003581479426636802,
  0.0032969626151101335,
  0.0029768220686406943,
  0.0026124212115852916,
  0.0022399358887894637,
  0.0018985172611395908,
  0.0015677186647355408,
  0.0012767440349049483,
  0.0010739564979162322,
  0.0008953257099303489,
  0.0007462542155520811
 ],
 "sigmas": [
  0.25,
  0.2756721902468024,
  0.3039806259018769,
  0.3351960197398572,
  0.3696168836947874,
  0.4075723835213587,
  0.449425486597771,
  0.49557643297256987,
  0.5464665628489841,
  0.6025825371088854,
  0.6644609912371261,
  0.7326936671515999,
  0.8079330720145728,
  0.8908987181403393,
  0.9823840036712642,
  1.0832637998219208,
  1.1945028172479306,
  1.3171648315468518,
  1.4524228561143249,
  1.6015703596382094,
  1.7660336355032968,
  1.9473854413948684,
  2.1473600395362378,
  2.36786978138966,
  2.611023395419619,
  2.879146152803877,
  3.1748021039363987,
  3.500818598369214,
  3.86031332267673,
  4.25672411480482,
  4.693841840018505,
  5.175846642839929,
  5.707347921652972,
  6.293428408250444,
  6.939692773855387,
  7.652321226434491,
  8.438128611853172,
  9.3046295840551,
  10.260110467486651,
  11.313708498984761
 ],
 "border_radii": [
  10,
  10,
  10,
  10,
  10,
  10,
  10,
  10,
  10,
  10,
  10,
  10,
  10,
  10,
  10,
  10,
  10,
  10,
  10,
  10,
  10,
  10,
  10,
  10,
  10,
  11,
  12,
  14,
  15,
  17,
  18,
  20,
  22,
  25,
  27,
  30,
  33,
  37,
  41,
  45
 ]
}