{
 "time": "181120_0342",
 "filename": "T-BN6381701.png",
 "alphas": [
  0.03320508993768355,
  0.033918732318396205,
  0.034830029024667294,
  0.03593624311456941,
  0.037328097349926787,
  0.03907344034766016,
  0.04139281146001554,
  0.044299148872664104,
  0.04789614800719094,
  0.050370158275498546,
  0.051793036739273206,
  0.05345998536283388,
  0.05582362856819327,
  0.059273882722857836,
  0.06412980947000077,
  0.0709217671846758,
  0.08009865777167596,
  0.09298764053828437,
  0.10885227011199039,
  0.11737908810238795,
  0.12877609705083073,
  0.143775995714677,
  0.16027672470550647,
  0.17226993104889465,
  0.1820438581167636,
  0.19065907601578144,
  0.1876823916946509,
  0.1811815966773307,
  0.16572222408617238,
  0.1588487657763401,
  0.1563681032359085,
  0.16158307812840425,
  0.17290255769114807,
  0.175635257482841,
  0.17023209341808648,
  0.16951798277558539,
  0.16294433788115192,
  0.1616400218558159,
  0.16376413061495657,
  0.16623670154702602
 ],
 "betas": [
  0.5,
  0.5,
  0.5,
  0.5,
  0.5,
  0.5,
  0.5,
  0.5,
  0.5,
  0.5,
  0.5,
  0.5,
  0.5,
  0.5,
  0.5,
  0.5,
  0.5,
  0.5,
  0.5,
  0.5,
  0.5,
  0.5,
  0.5,
  0.5,
  0.5,
  0.5,
  0.5,
  0.5,
  0.5,
  0.5,
  0.5,
  0.5,
  0.5,
  0.5,
  0.5,
  0.5,
  0.5,
  0.5,
  0.5,
  0.5
 ],
 "gammas": [
  0.13012720599749206,
  0.12832889191013674,
  0.12619092606376847,
  0.12366111406266751,
  0.12068454796982718,
  0.11720602185491659,
  0.11317369394073322,
  0.10854420477344692,
  0.1032893015403176,
  0.09740370687504267,
  0.09091347514127665,
  0.08388342707230902,
  0.07666355871208988,
  0.0693848164600892,
  0.06188962659812779,
  0.054376262053873824,
  0.047055750198028205,
  0.04012512140647215,
  0.033740992152282906,
  0.028625139871101813,
  0.024423610149845322,
  0.020532360411459373,
  0.017093265815206045,
  0.014032679727922428,
  0.011367007818501964,
  0.009121675044342302,
  0.007237034541261935,
  0.006153774210038392,
  0.005133248593338652,
  0.004221092520228832,
  0.0035881628607584517,
  0.003121785321137056,
  0.002728153250581933,
  0.0023758138203092503,
  0.0020319145231314506,
  0.00171092402637835,
  0.0014700999042397253,
  0.0012382561264884216,
  0.0010265185631635673,
  0.0008525489088240356
 ],
 "sigmas": [
  0.25,
  0.2756721902468024,
  0.3039806259018769,
  0.3351960197398572,
  0.3696168836947874,
  0.4075723835213587,
  0.449425486597771,
  0.49557643297256987,
  0.5464665628489841,
  0.6025825371088854,
  0.6644609912371261,
  0.7326936671515999,
  0.8079330720145728,
  0.8908987181403393,
  0.9823840036712642,
  1.0832637998219208,
  1.1945028172479306,
  1.3171648315468518,
  1.4524228561143249,
  1.6015703596382094,
  1.7660336355032968,
  1.9473854413948684,
  2.1473600395362378,
  2.36786978138966,
  2.611023395419619,
  2.879146152803877,
  3.1748021039363987,
  3.500818598369214,
  3.86031332267673,
  4.25672411480482,
  4.693841840018505,
  5.175846642839929,
  5.707347921652972,
  6.293428408250444,
  6.939692773855387,
  7.652321226434491,
  8.438128611853172,
  9.3046295840551,
  10.260110467486651,
  11.313708498984761
 ],
 "border_radii": [
  10,
  10,
  10,
  10,
  10,
  10,
  10,
  10,
  10,
  10,
  10,
  10,
  10,
  10,
  10,
  10,
  10,
  10,
  10,
  10,
  10,
  10,
  10,
  10,
  10,
  11,
  12,
  14,
  15,
  17,
  18,
  20,
  22,
  25,
  27,
  30,
  33,
  37,
  41,
  45
 ]
}