{
 "time": "181120_0251",
 "filename": "T-BN2958557.png",
 "alphas": [
  0.034735640220661584,
  0.0350119359832602,
  0.035375455315332094,
  0.03575236422999312,
  0.036248893452059436,
  0.036847247756532316,
  0.03762244122955892,
  0.03869341020187022,
  0.03997463924226252,
  0.04150861697560905,
  0.04359047478699849,
  0.04616509880050284,
  0.049379188481030276,
  0.05359350220192792,
  0.058755763546314316,
  0.0656154908478225,
  0.07395952002479939,
  0.08518210770476513,
  0.09934817737115198,
  0.11805781179834057,
  0.14119061608796404,
  0.14622578780746698,
  0.15620391004655937,
  0.16873580962383064,
  0.18078570244621497,
  0.19492239678531387,
  0.20802225619900913,
  0.21070729758389647,
  0.21151776548327558,
  0.2218450282677863,
  0.242943805880879,
  0.27504734470819264,
  0.24994057325632052,
  0.2252639280448036,
  0.19651745872277118,
  0.15478459717431828,
  0.12626579761571832,
  0.10677315370851281,
  0.10018698149069175,
  0.09419755670739532
 ],
 "betas": [
  0.5,
  0.5,
  0.5,
  0.5,
  0.5,
  0.5,
  0.5,
  0.5,
  0.5,
  0.5,
  0.5,
  0.5,
  0.5,
  0.5,
  0.5,
  0.5,
  0.5,
  0.5,
  0.5,
  0.5,
  0.5,
  0.5,
  0.5,
  0.5,
  0.5,
  0.5,
  0.5,
  0.5,
  0.5,
  0.5,
  0.5,
  0.5,
  0.5,
  0.5,
  0.5,
  0.5,
  0.5,
  0.5,
  0.5,
  0.5
 ],
 "gammas": [
  0.08282812333193001,
  0.08158862412840884,
  0.08011783377224224,
  0.07838143759740672,
  0.07634391299340763,
  0.07397035972106955,
  0.07122917305330342,
  0.06809565648647715,
  0.06455653705022553,
  0.06061511244096316,
  0.05629642068737682,
  0.051651422953942185,
  0.046758850239545346,
  0.042643115961936144,
  0.03914879739837972,
  0.03553076056991355,
  0.031788145992620497,
  0.02789345184571571,
  0.024059383069497543,
  0.020423127271754517,
  0.017305867101665828,
  0.014944343414169775,
  0.012646389282071468,
  0.010529722324793827,
  0.008781751426914373,
  0.007186652795402204,
  0.005775519891754663,
  0.004767719322177723,
  0.004138016135301903,
  0.003778132747709875,
  0.0033597385523260652,
  0.0029190216251998684,
  0.0024946332045396096,
  0.0021861191520248496,
  0.0018654535937192155,
  0.0015529600375179908,
  0.0012824375138598043,
  0.0010924793725666003,
  0.000923523630860251,
  0.0007768574598402835
 ],
 "sigmas": [
  0.25,
  0.2756721902468024,
  0.3039806259018769,
  0.3351960197398572,
  0.3696168836947874,
  0.4075723835213587,
  0.449425486597771,
  0.49557643297256987,
  0.5464665628489841,
  0.6025825371088854,
  0.6644609912371261,
  0.7326936671515999,
  0.8079330720145728,
  0.8908987181403393,
  0.9823840036712642,
  1.0832637998219208,
  1.1945028172479306,
  1.3171648315468518,
  1.4524228561143249,
  1.6015703596382094,
  1.7660336355032968,
  1.9473854413948684,
  2.1473600395362378,
  2.36786978138966,
  2.611023395419619,
  2.879146152803877,
  3.1748021039363987,
  3.500818598369214,
  3.86031332267673,
  4.25672411480482,
  4.693841840018505,
  5.175846642839929,
  5.707347921652972,
  6.293428408250444,
  6.939692773855387,
  7.652321226434491,
  8.438128611853172,
  9.3046295840551,
  10.260110467486651,
  11.313708498984761
 ],
 "border_radii": [
  10,
  10,
  10,
  10,
  10,
  10,
  10,
  10,
  10,
  10,
  10,
  10,
  10,
  10,
  10,
  10,
  10,
  10,
  10,
  10,
  10,
  10,
  10,
  10,
  10,
  11,
  12,
  14,
  15,
  17,
  18,
  20,
  22,
  25,
  27,
  30,
  33,
  37,
  41,
  45
 ]
}