{
 "time": "181120_0353",
 "filename": "T-BN7042433.png",
 "alphas": [
  0.07709202849602143,
  0.07772667806737323,
  0.07851188516982936,
  0.07922328965935241,
  0.08026696310020712,
  0.08161785003711491,
  0.0832766023851029,
  0.08446945442721177,
  0.08634662450488673,
  0.08853615524008684,
  0.09135129956833776,
  0.0949197404480604,
  0.09944351480046902,
  0.10535790154854728,
  0.11308665621838122,
  0.1223154380429944,
  0.13483089784704266,
  0.15042677943263577,
  0.16546567762193817,
  0.18190335265012392,
  0.20749962903991692,
  0.24386012645508096,
  0.268060391313656,
  0.2767128740714962,
  0.2734735171834965,
  0.27364429597681944,
  0.2749475824104587,
  0.27624868555616966,
  0.2786285364939002,
  0.279549674032494,
  0.2798708592575514,
  0.27616885179883754,
  0.27556803228467475,
  0.26170453480301414,
  0.23492202416113594,
  0.21855355214749267,
  0.21282414541941544,
  0.2168495190551731,
  0.21884543484852984,
  0.22755397467471764
 ],
 "betas": [
  0.5,
  0.5,
  0.5,
  0.5,
  0.5,
  0.5,
  0.5,
  0.5,
  0.5,
  0.5,
  0.5,
  0.5,
  0.5,
  0.5,
  0.5,
  0.5,
  0.5,
  0.5,
  0.5,
  0.5,
  0.5,
  0.5,
  0.5,
  0.5,
  0.5,
  0.5,
  0.5,
  0.5,
  0.5,
  0.5,
  0.5,
  0.5,
  0.5,
  0.5,
  0.5,
  0.5,
  0.5,
  0.5,
  0.5,
  0.5
 ],
 "gammas": [
  0.1265146529252384,
  0.12414845920987519,
  0.12134620916435072,
  0.11804580235664887,
  0.11418435198699213,
  0.10970219813217508,
  0.10454862577855323,
  0.09868943583410052,
  0.09211621734607751,
  0.08499915566188852,
  0.08100356820479644,
  0.07640863003125578,
  0.0712061087724411,
  0.06542613641801324,
  0.05914744218553452,
  0.0525023104036275,
  0.04567239254891449,
  0.03887321588613482,
  0.0323289256079779,
  0.02728984561617838,
  0.023184774183195055,
  0.019314590185614603,
  0.015798387870575,
  0.012711612618480505,
  0.010658770316734867,
  0.009047424699747356,
  0.007544122505734447,
  0.006426655193074859,
  0.005396099885208151,
  0.004432062874135474,
  0.003589947711454936,
  0.003117443186536207,
  0.0028181092382242117,
  0.0024567019903199046,
  0.0020788402799830955,
  0.0017188573346870585,
  0.0014502726363179084,
  0.0012063634541906111,
  0.0009715798464510088,
  0.0007766021950048146
 ],
 "sigmas": [
  0.25,
  0.2756721902468024,
  0.3039806259018769,
  0.3351960197398572,
  0.3696168836947874,
  0.4075723835213587,
  0.449425486597771,
  0.49557643297256987,
  0.5464665628489841,
  0.6025825371088854,
  0.6644609912371261,
  0.7326936671515999,
  0.8079330720145728,
  0.8908987181403393,
  0.9823840036712642,
  1.0832637998219208,
  1.1945028172479306,
  1.3171648315468518,
  1.4524228561143249,
  1.6015703596382094,
  1.7660336355032968,
  1.9473854413948684,
  2.1473600395362378,
  2.36786978138966,
  2.611023395419619,
  2.879146152803877,
  3.1748021039363987,
  3.500818598369214,
  3.86031332267673,
  4.25672411480482,
  4.693841840018505,
  5.175846642839929,
  5.707347921652972,
  6.293428408250444,
  6.939692773855387,
  7.652321226434491,
  8.438128611853172,
  9.3046295840551,
  10.260110467486651,
  11.313708498984761
 ],
 "border_radii": [
  10,
  10,
  10,
  10,
  10,
  10,
  10,
  10,
  10,
  10,
  10,
  10,
  10,
  10,
  10,
  10,
  10,
  10,
  10,
  10,
  10,
  10,
  10,
  10,
  10,
  11,
  12,
  14,
  15,
  17,
  18,
  20,
  22,
  25,
  27,
  30,
  33,
  37,
  41,
  45
 ]
}