{
 "time": "181120_0416",
 "filename": "T-BN7847884.png",
 "alphas": [
  0.01923137625014878,
  0.01961504295257715,
  0.020087679112229723,
  0.02070286727785084,
  0.02144267892427339,
  0.022455643512578206,
  0.023630909320159606,
  0.025109718336892385,
  0.026967149663660966,
  0.029503990964207485,
  0.03274484695483166,
  0.037026633877156705,
  0.04273872953313316,
  0.05058159121687237,
  0.05805157209316588,
  0.06577652043046592,
  0.0757167413536089,
  0.08890785963489163,
  0.1065049141084548,
  0.12966575095266716,
  0.15498140779510644,
  0.1630286214134938,
  0.1742968587614112,
  0.18607074902033666,
  0.19986647773139554,
  0.22327070482051925,
  0.23007055236731633,
  0.22437888210479168,
  0.211980611600035,
  0.20464283390961388,
  0.20500153239288205,
  0.18134010020314528,
  0.16427471160711085,
  0.15492771532891192,
  0.1489497886438719,
  0.1497608136313635,
  0.14533675249419345,
  0.14312547136719367,
  0.14779146802705873,
  0.15007863996414553
 ],
 "betas": [
  0.5,
  0.5,
  0.5,
  0.5,
  0.5,
  0.5,
  0.5,
  0.5,
  0.5,
  0.5,
  0.5,
  0.5,
  0.5,
  0.5,
  0.5,
  0.5,
  0.5,
  0.5,
  0.5,
  0.5,
  0.5,
  0.5,
  0.5,
  0.5,
  0.5,
  0.5,
  0.5,
  0.5,
  0.5,
  0.5,
  0.5,
  0.5,
  0.5,
  0.5,
  0.5,
  0.5,
  0.5,
  0.5,
  0.5,
  0.5
 ],
 "gammas": [
  0.10075438876156259,
  0.09935011611084898,
  0.09767932418047426,
  0.09570044359972922,
  0.09336942059327562,
  0.09064148112836896,
  0.0874738544483945,
  0.08382964209497375,
  0.07968291906846542,
  0.07502494807610938,
  0.07027042884542666,
  0.06506674066506038,
  0.059454801831302674,
  0.05352742920883666,
  0.04741978863491764,
  0.04147878643669743,
  0.0357041810027253,
  0.030699870055521033,
  0.02747202844635624,
  0.02408502354477252,
  0.020696148553126136,
  0.017601204660516616,
  0.015019564572402281,
  0.012620689925085945,
  0.0107285258279178,
  0.009138173960994983,
  0.007839618780846847,
  0.006747926911452202,
  0.005798150606023327,
  0.004955657829519031,
  0.0042558438241920874,
  0.0036287618235038848,
  0.003054203057500799,
  0.0025663066739565247,
  0.0021495389845948925,
  0.0018945606937799055,
  0.001674096175086613,
  0.0014389436987200363,
  0.001210070883016989,
  0.0009919673889836789
 ],
 "sigmas": [
  0.25,
  0.2756721902468024,
  0.3039806259018769,
  0.3351960197398572,
  0.3696168836947874,
  0.4075723835213587,
  0.449425486597771,
  0.49557643297256987,
  0.5464665628489841,
  0.6025825371088854,
  0.6644609912371261,
  0.7326936671515999,
  0.8079330720145728,
  0.8908987181403393,
  0.9823840036712642,
  1.0832637998219208,
  1.1945028172479306,
  1.3171648315468518,
  1.4524228561143249,
  1.6015703596382094,
  1.7660336355032968,
  1.9473854413948684,
  2.1473600395362378,
  2.36786978138966,
  2.611023395419619,
  2.879146152803877,
  3.1748021039363987,
  3.500818598369214,
  3.86031332267673,
  4.25672411480482,
  4.693841840018505,
  5.175846642839929,
  5.707347921652972,
  6.293428408250444,
  6.939692773855387,
  7.652321226434491,
  8.438128611853172,
  9.3046295840551,
  10.260110467486651,
  11.313708498984761
 ],
 "border_radii": [
  10,
  10,
  10,
  10,
  10,
  10,
  10,
  10,
  10,
  10,
  10,
  10,
  10,
  10,
  10,
  10,
  10,
  10,
  10,
  10,
  10,
  10,
  10,
  10,
  10,
  11,
  12,
  14,
  15,
  17,
  18,
  20,
  22,
  25,
  27,
  30,
  33,
  37,
  41,
  45
 ]
}