{
 "time": "181120_0454",
 "filename": "T-BN9597656.png",
 "alphas": [
  0.07211034853328475,
  0.07300976562786626,
  0.0741374947711253,
  0.07555858824511585,
  0.07734163852613564,
  0.07950138429099574,
  0.08207804104928998,
  0.08535504207810113,
  0.08956659806491468,
  0.0947156843996774,
  0.09871761838790319,
  0.10428669842760101,
  0.1112653257354227,
  0.12022865580109982,
  0.12858590208701504,
  0.13868130900567005,
  0.1530993294946405,
  0.16620770953656255,
  0.18087726015305167,
  0.20189027544049948,
  0.19640197813342397,
  0.18959060224111754,
  0.18942958724143674,
  0.19430812613591236,
  0.19598652875871378,
  0.20180665563501968,
  0.20834375131848165,
  0.21567347857268016,
  0.20975005788311268,
  0.20745697593704382,
  0.21228206531118554,
  0.22760312308957276,
  0.2535219435278139,
  0.23783342099430488,
  0.213092937355356,
  0.20055355209226283,
  0.1966516769914487,
  0.19668193702536124,
  0.19765487727391534,
  0.19404206262875828
 ],
 "betas": [
  0.5,
  0.5,
  0.5,
  0.5,
  0.5,
  0.5,
  0.5,
  0.5,
  0.5,
  0.5,
  0.5,
  0.5,
  0.5,
  0.5,
  0.5,
  0.5,
  0.5,
  0.5,
  0.5,
  0.5,
  0.5,
  0.5,
  0.5,
  0.5,
  0.5,
  0.5,
  0.5,
  0.5,
  0.5,
  0.5,
  0.5,
  0.5,
  0.5,
  0.5,
  0.5,
  0.5,
  0.5,
  0.5,
  0.5,
  0.5
 ],
 "gammas": [
  0.1689296057397305,
  0.16609612643498547,
  0.16273641120560858,
  0.15877366392766953,
  0.15412914367873318,
  0.14872668910518927,
  0.1425928239979347,
  0.13573478197503677,
  0.1280033958985101,
  0.11941437312914971,
  0.11003412329691209,
  0.10105070974219577,
  0.09176566281529529,
  0.08203552535235215,
  0.07208639870043083,
  0.06218419941693556,
  0.05261058925558512,
  0.04363205704637103,
  0.035468446227019786,
  0.02901767911979386,
  0.024543718766447134,
  0.020391245595727976,
  0.017022161068198857,
  0.014861205895282902,
  0.012723577884368084,
  0.010926135887857276,
  0.00920526529178866,
  0.007601728861582493,
  0.006174277660362476,
  0.004984729940576249,
  0.003988391394722742,
  0.0031777679761967378,
  0.002509524397704398,
  0.0019584330380206802,
  0.0016306926764504033,
  0.0014011644958857113,
  0.0011702377678209292,
  0.0009539625506795521,
  0.0007731559648673527,
  0.0006245528846347887
 ],
 "sigmas": [
  0.25,
  0.2756721902468024,
  0.3039806259018769,
  0.3351960197398572,
  0.3696168836947874,
  0.4075723835213587,
  0.449425486597771,
  0.49557643297256987,
  0.5464665628489841,
  0.6025825371088854,
  0.6644609912371261,
  0.7326936671515999,
  0.8079330720145728,
  0.8908987181403393,
  0.9823840036712642,
  1.0832637998219208,
  1.1945028172479306,
  1.3171648315468518,
  1.4524228561143249,
  1.6015703596382094,
  1.7660336355032968,
  1.9473854413948684,
  2.1473600395362378,
  2.36786978138966,
  2.611023395419619,
  2.879146152803877,
  3.1748021039363987,
  3.500818598369214,
  3.86031332267673,
  4.25672411480482,
  4.693841840018505,
  5.175846642839929,
  5.707347921652972,
  6.293428408250444,
  6.939692773855387,
  7.652321226434491,
  8.438128611853172,
  9.3046295840551,
  10.260110467486651,
  11.313708498984761
 ],
 "border_radii": [
  10,
  10,
  10,
  10,
  10,
  10,
  10,
  10,
  10,
  10,
  10,
  10,
  10,
  10,
  10,
  10,
  10,
  10,
  10,
  10,
  10,
  10,
  10,
  10,
  10,
  11,
  12,
  14,
  15,
  17,
  18,
  20,
  22,
  25,
  27,
  30,
  33,
  37,
  41,
  45
 ]
}