{
 "time": "181120_0309",
 "filename": "T-BN4130351.png",
 "alphas": [
  0.09056220510372748,
  0.09183630937660966,
  0.09326632629128541,
  0.09516520829954597,
  0.09760858310978275,
  0.10047649593667088,
  0.10289643407265434,
  0.10558683131331209,
  0.10887710289829518,
  0.11336981817211719,
  0.11904631449851351,
  0.12615051482537012,
  0.1352549624394456,
  0.14548408954228817,
  0.15855874383382917,
  0.16951305602325087,
  0.16960287401429036,
  0.17379387419116726,
  0.18249429646412219,
  0.19758642133680163,
  0.2203604961028043,
  0.2542490734247807,
  0.2993377879186958,
  0.32861028922066293,
  0.338696108846265,
  0.3299469253386542,
  0.3271258980622359,
  0.3280434374726397,
  0.33522066003417716,
  0.3505030825964913,
  0.3750449039985411,
  0.366229210778929,
  0.30989026969331074,
  0.26987118402631166,
  0.24254618257624652,
  0.22538231891548366,
  0.21425638053669055,
  0.2063910251489769,
  0.19779552388043647,
  0.19387825040472795
 ],
 "betas": [
  0.5,
  0.5,
  0.5,
  0.5,
  0.5,
  0.5,
  0.5,
  0.5,
  0.5,
  0.5,
  0.5,
  0.5,
  0.5,
  0.5,
  0.5,
  0.5,
  0.5,
  0.5,
  0.5,
  0.5,
  0.5,
  0.5,
  0.5,
  0.5,
  0.5,
  0.5,
  0.5,
  0.5,
  0.5,
  0.5,
  0.5,
  0.5,
  0.5,
  0.5,
  0.5,
  0.5,
  0.5,
  0.5,
  0.5,
  0.5
 ],
 "gammas": [
  0.08106362895972459,
  0.08017607840969976,
  0.07911508254271557,
  0.07785132331590679,
  0.07635260950649875,
  0.07458459159351132,
  0.07251204622041979,
  0.07010090718315914,
  0.06732120381943475,
  0.06415099263717282,
  0.060581200176903736,
  0.05662100529018433,
  0.05230297790846161,
  0.04768673002689467,
  0.04285950615355971,
  0.03793223984899812,
  0.033030427841461145,
  0.028723672334160236,
  0.024793681850498562,
  0.021090730022158437,
  0.01769517968439236,
  0.014656817130026206,
  0.01199324486365455,
  0.010217689402445667,
  0.008695982126099911,
  0.007231204815615602,
  0.006064331213935924,
  0.005157754058103703,
  0.004449539026514233,
  0.003801517953251495,
  0.0032279890662241617,
  0.0029622258849512544,
  0.002604112696062243,
  0.0022037350830881874,
  0.0018687565301910162,
  0.0015693271974522324,
  0.0012938641708305002,
  0.0011132219993335382,
  0.0009120157692460118,
  0.0007437921666047547
 ],
 "sigmas": [
  0.25,
  0.2756721902468024,
  0.3039806259018769,
  0.3351960197398572,
  0.3696168836947874,
  0.4075723835213587,
  0.449425486597771,
  0.49557643297256987,
  0.5464665628489841,
  0.6025825371088854,
  0.6644609912371261,
  0.7326936671515999,
  0.8079330720145728,
  0.8908987181403393,
  0.9823840036712642,
  1.0832637998219208,
  1.1945028172479306,
  1.3171648315468518,
  1.4524228561143249,
  1.6015703596382094,
  1.7660336355032968,
  1.9473854413948684,
  2.1473600395362378,
  2.36786978138966,
  2.611023395419619,
  2.879146152803877,
  3.1748021039363987,
  3.500818598369214,
  3.86031332267673,
  4.25672411480482,
  4.693841840018505,
  5.175846642839929,
  5.707347921652972,
  6.293428408250444,
  6.939692773855387,
  7.652321226434491,
  8.438128611853172,
  9.3046295840551,
  10.260110467486651,
  11.313708498984761
 ],
 "border_radii": [
  10,
  10,
  10,
  10,
  10,
  10,
  10,
  10,
  10,
  10,
  10,
  10,
  10,
  10,
  10,
  10,
  10,
  10,
  10,
  10,
  10,
  10,
  10,
  10,
  10,
  11,
  12,
  14,
  15,
  17,
  18,
  20,
  22,
  25,
  27,
  30,
  33,
  37,
  41,
  45
 ]
}