{
 "time": "181120_0232",
 "filename": "T-BN2341348.png",
 "alphas": [
  0.05386629017840364,
  0.05428760669350753,
  0.054729537823498035,
  0.055353268394137456,
  0.05609875948393747,
  0.05691274963883399,
  0.05802936259208661,
  0.05936015404961878,
  0.06107706500128655,
  0.06332614740451271,
  0.06623318767499943,
  0.06987855398794704,
  0.07435542225308026,
  0.0795646738550734,
  0.08629377985810388,
  0.09453468276467725,
  0.10503965282962277,
  0.11853851754406372,
  0.13465562812047246,
  0.15153011581024237,
  0.16252144893790166,
  0.17385444079626836,
  0.1874148816112112,
  0.20014765658332426,
  0.2062667437104061,
  0.2097381691011111,
  0.2098553214612135,
  0.2132955541399309,
  0.196175431043735,
  0.1813294802039987,
  0.17164613860077557,
  0.16501068606860744,
  0.1612416750982787,
  0.16171593877750617,
  0.14805722039054162,
  0.13134228853818145,
  0.12065219821601086,
  0.11537680785412771,
  0.130560963431726,
  0.14671248555402075
 ],
 "betas": [
  0.5,
  0.5,
  0.5,
  0.5,
  0.5,
  0.5,
  0.5,
  0.5,
  0.5,
  0.5,
  0.5,
  0.5,
  0.5,
  0.5,
  0.5,
  0.5,
  0.5,
  0.5,
  0.5,
  0.5,
  0.5,
  0.5,
  0.5,
  0.5,
  0.5,
  0.5,
  0.5,
  0.5,
  0.5,
  0.5,
  0.5,
  0.5,
  0.5,
  0.5,
  0.5,
  0.5,
  0.5,
  0.5,
  0.5,
  0.5
 ],
 "gammas": [
  0.10269823473457793,
  0.10118855782225904,
  0.09939198830514179,
  0.0972636518294774,
  0.09475595972051881,
  0.09182052171257704,
  0.08841111784507275,
  0.08448794854521406,
  0.08002328061637778,
  0.07500838734987163,
  0.06946130815898957,
  0.06343442465334295,
  0.05749512487965154,
  0.05305219088590828,
  0.04831717921282156,
  0.043389873865545846,
  0.03839462489192099,
  0.03346844532912444,
  0.028744651416210094,
  0.024336037663838715,
  0.020322485468359536,
  0.016746402317955236,
  0.014245467671627331,
  0.012051929196680114,
  0.00993478245950424,
  0.008490148485456626,
  0.0071181873293686155,
  0.005858953106161961,
  0.004734686469155414,
  0.004091960389877022,
  0.0036379238065979615,
  0.0031552461385837946,
  0.002678018556221793,
  0.0022443114979278783,
  0.0019210745318643991,
  0.0016062316146253019,
  0.001317725521141724,
  0.0010621403752001377,
  0.0008471485511206966,
  0.0006760649691642398
 ],
 "sigmas": [
  0.25,
  0.2756721902468024,
  0.3039806259018769,
  0.3351960197398572,
  0.3696168836947874,
  0.4075723835213587,
  0.449425486597771,
  0.49557643297256987,
  0.5464665628489841,
  0.6025825371088854,
  0.6644609912371261,
  0.7326936671515999,
  0.8079330720145728,
  0.8908987181403393,
  0.9823840036712642,
  1.0832637998219208,
  1.1945028172479306,
  1.3171648315468518,
  1.4524228561143249,
  1.6015703596382094,
  1.7660336355032968,
  1.9473854413948684,
  2.1473600395362378,
  2.36786978138966,
  2.611023395419619,
  2.879146152803877,
  3.1748021039363987,
  3.500818598369214,
  3.86031332267673,
  4.25672411480482,
  4.693841840018505,
  5.175846642839929,
  5.707347921652972,
  6.293428408250444,
  6.939692773855387,
  7.652321226434491,
  8.438128611853172,
  9.3046295840551,
  10.260110467486651,
  11.313708498984761
 ],
 "border_radii": [
  10,
  10,
  10,
  10,
  10,
  10,
  10,
  10,
  10,
  10,
  10,
  10,
  10,
  10,
  10,
  10,
  10,
  10,
  10,
  10,
  10,
  10,
  10,
  10,
  10,
  11,
  12,
  14,
  15,
  17,
  18,
  20,
  22,
  25,
  27,
  30,
  33,
  37,
  41,
  45
 ]
}