{
 "time": "181120_0408",
 "filename": "T-BN7687331.png",
 "alphas": [
  0.09577611143465388,
  0.09681576879483347,
  0.09798724263078705,
  0.09939430354412128,
  0.10115488816207982,
  0.10357874350914999,
  0.1064244168088651,
  0.11017266639011797,
  0.11284388529397438,
  0.11562610622930827,
  0.11911630352328859,
  0.12360309424972044,
  0.12945461290534727,
  0.13701198927465483,
  0.14538935349446114,
  0.15114716148066873,
  0.1513285503288784,
  0.1532093042457404,
  0.15640757403316569,
  0.1613133770578953,
  0.16690213382617114,
  0.1722352146763172,
  0.17348360104993737,
  0.17774630846622463,
  0.18569072409127077,
  0.19546345217968641,
  0.18442680606658232,
  0.17985943252621678,
  0.1780489925730518,
  0.1819497303131155,
  0.19120506132274256,
  0.20281471451529287,
  0.20413797055174396,
  0.1865535010840057,
  0.1778906073634821,
  0.17650076156468916,
  0.1797381273065377,
  0.1864218773253514,
  0.19707425879809357,
  0.2119304668176577
 ],
 "betas": [
  0.5,
  0.5,
  0.5,
  0.5,
  0.5,
  0.5,
  0.5,
  0.5,
  0.5,
  0.5,
  0.5,
  0.5,
  0.5,
  0.5,
  0.5,
  0.5,
  0.5,
  0.5,
  0.5,
  0.5,
  0.5,
  0.5,
  0.5,
  0.5,
  0.5,
  0.5,
  0.5,
  0.5,
  0.5,
  0.5,
  0.5,
  0.5,
  0.5,
  0.5,
  0.5,
  0.5,
  0.5,
  0.5,
  0.5,
  0.5
 ],
 "gammas": [
  0.11875444912266711,
  0.11673039606243862,
  0.11433076588747183,
  0.11150087563356037,
  0.10818470555520047,
  0.10432813048580475,
  0.09988359168009862,
  0.09481636487665954,
  0.08911234496930683,
  0.08278685739900254,
  0.07589341187173183,
  0.06853060829130526,
  0.06084479776668149,
  0.05302596067693478,
  0.04808758669519312,
  0.04407718088549678,
  0.03987938252381137,
  0.03558656498567081,
  0.03130114624673587,
  0.02712474911605202,
  0.023147781562702318,
  0.019498626933244605,
  0.016319294955299365,
  0.013508273179695898,
  0.01092478307890455,
  0.008617044382576967,
  0.006627232124090599,
  0.004975754364421011,
  0.0037605963023937543,
  0.0031939809925065885,
  0.002920687773530202,
  0.0025983079967016446,
  0.002252276073758451,
  0.001906788504423202,
  0.0015818416058276912,
  0.0012921414265136778,
  0.0010378499866081482,
  0.0008277440906033871,
  0.0006570852528830143,
  0.0005196654985734481
 ],
 "sigmas": [
  0.25,
  0.2756721902468024,
  0.3039806259018769,
  0.3351960197398572,
  0.3696168836947874,
  0.4075723835213587,
  0.449425486597771,
  0.49557643297256987,
  0.5464665628489841,
  0.6025825371088854,
  0.6644609912371261,
  0.7326936671515999,
  0.8079330720145728,
  0.8908987181403393,
  0.9823840036712642,
  1.0832637998219208,
  1.1945028172479306,
  1.3171648315468518,
  1.4524228561143249,
  1.6015703596382094,
  1.7660336355032968,
  1.9473854413948684,
  2.1473600395362378,
  2.36786978138966,
  2.611023395419619,
  2.879146152803877,
  3.1748021039363987,
  3.500818598369214,
  3.86031332267673,
  4.25672411480482,
  4.693841840018505,
  5.175846642839929,
  5.707347921652972,
  6.293428408250444,
  6.939692773855387,
  7.652321226434491,
  8.438128611853172,
  9.3046295840551,
  10.260110467486651,
  11.313708498984761
 ],
 "border_radii": [
  10,
  10,
  10,
  10,
  10,
  10,
  10,
  10,
  10,
  10,
  10,
  10,
  10,
  10,
  10,
  10,
  10,
  10,
  10,
  10,
  10,
  10,
  10,
  10,
  10,
  11,
  12,
  14,
  15,
  17,
  18,
  20,
  22,
  25,
  27,
  30,
  33,
  37,
  41,
  45
 ]
}