{
 "time": "181120_0355",
 "filename": "T-BN7302686.png",
 "alphas": [
  0.05987942679227548,
  0.060359294132808806,
  0.06082545815388028,
  0.06157602366558866,
  0.06244734570279502,
  0.06349729726315556,
  0.06485995464034434,
  0.0664751030074568,
  0.06861515981750443,
  0.0713298734042509,
  0.07456623889564053,
  0.07856560569958436,
  0.08360653914628113,
  0.09003258157951469,
  0.09870720689013499,
  0.10976607645930667,
  0.12444771442176253,
  0.14400873910584808,
  0.1624937223415798,
  0.1865023778211795,
  0.19070261265337973,
  0.18399151932641536,
  0.18002400665447083,
  0.18249145393008978,
  0.19200982920170018,
  0.20061388226651233,
  0.2060372590602904,
  0.22135325861330943,
  0.23718668020590192,
  0.24229937945826727,
  0.23692894399398545,
  0.20765040760525538,
  0.1867282050099823,
  0.17256680009852576,
  0.161968713672474,
  0.15354440945293266,
  0.14974013780147472,
  0.13950796987867242,
  0.13487659280024508,
  0.13200363605231225
 ],
 "betas": [
  0.5,
  0.5,
  0.5,
  0.5,
  0.5,
  0.5,
  0.5,
  0.5,
  0.5,
  0.5,
  0.5,
  0.5,
  0.5,
  0.5,
  0.5,
  0.5,
  0.5,
  0.5,
  0.5,
  0.5,
  0.5,
  0.5,
  0.5,
  0.5,
  0.5,
  0.5,
  0.5,
  0.5,
  0.5,
  0.5,
  0.5,
  0.5,
  0.5,
  0.5,
  0.5,
  0.5,
  0.5,
  0.5,
  0.5,
  0.5
 ],
 "gammas": [
  0.09311757878350142,
  0.09177790994019883,
  0.09018611250669126,
  0.08830377080494295,
  0.08609057914131721,
  0.08350612939091283,
  0.0805125846545033,
  0.0770783687993723,
  0.07318288235262112,
  0.06906685394735544,
  0.06535884491389105,
  0.06124918125374296,
  0.05676947980622943,
  0.05197749374916235,
  0.04817369707545129,
  0.044446708343100286,
  0.040435121473421945,
  0.03622417255433612,
  0.031925909282454576,
  0.027668059155824175,
  0.023577889087674848,
  0.019765490621804962,
  0.01631150648911518,
  0.013308465132062967,
  0.010733756423464818,
  0.008561985541575902,
  0.007086505780704332,
  0.006021372461278522,
  0.004952928506476432,
  0.00426664945063165,
  0.003803469997135722,
  0.0033267008215099422,
  0.0028656350249598515,
  0.002448353633942556,
  0.002132569822729359,
  0.0017963661689777463,
  0.0014710116432464385,
  0.0011854946955690215,
  0.0009629597477073537,
  0.0007720879235823139
 ],
 "sigmas": [
  0.25,
  0.2756721902468024,
  0.3039806259018769,
  0.3351960197398572,
  0.3696168836947874,
  0.4075723835213587,
  0.449425486597771,
  0.49557643297256987,
  0.5464665628489841,
  0.6025825371088854,
  0.6644609912371261,
  0.7326936671515999,
  0.8079330720145728,
  0.8908987181403393,
  0.9823840036712642,
  1.0832637998219208,
  1.1945028172479306,
  1.3171648315468518,
  1.4524228561143249,
  1.6015703596382094,
  1.7660336355032968,
  1.9473854413948684,
  2.1473600395362378,
  2.36786978138966,
  2.611023395419619,
  2.879146152803877,
  3.1748021039363987,
  3.500818598369214,
  3.86031332267673,
  4.25672411480482,
  4.693841840018505,
  5.175846642839929,
  5.707347921652972,
  6.293428408250444,
  6.939692773855387,
  7.652321226434491,
  8.438128611853172,
  9.3046295840551,
  10.260110467486651,
  11.313708498984761
 ],
 "border_radii": [
  10,
  10,
  10,
  10,
  10,
  10,
  10,
  10,
  10,
  10,
  10,
  10,
  10,
  10,
  10,
  10,
  10,
  10,
  10,
  10,
  10,
  10,
  10,
  10,
  10,
  11,
  12,
  14,
  15,
  17,
  18,
  20,
  22,
  25,
  27,
  30,
  33,
  37,
  41,
  45
 ]
}