{
 "time": "181120_0155",
 "filename": "T-BN0404929.png",
 "alphas": [
  0.0356693261394847,
  0.036246861372997416,
  0.03699521309195291,
  0.0378702477050015,
  0.039046189224396774,
  0.04043688658045257,
  0.042206602906857696,
  0.04438095706176474,
  0.0473115887406379,
  0.05083506529022165,
  0.05557818498150234,
  0.06169785299302339,
  0.06981890042927788,
  0.08022874667783489,
  0.09256913109575396,
  0.10455985065275458,
  0.11959107802729219,
  0.13925691662761921,
  0.15405849805893967,
  0.17012633461019075,
  0.18640244008625248,
  0.19428425411978806,
  0.20206250755598398,
  0.19322506349318935,
  0.18137246277829427,
  0.17149341487492498,
  0.1569443850554935,
  0.14602553505210136,
  0.1392450835014008,
  0.137255082120582,
  0.13629398207995358,
  0.14073404760277985,
  0.14518440075461886,
  0.135456726339933,
  0.1298677611550475,
  0.12545512650142568,
  0.11894939889247932,
  0.11207801920394793,
  0.10731782823337792,
  0.1063628254250878
 ],
 "betas": [
  0.5,
  0.5,
  0.5,
  0.5,
  0.5,
  0.5,
  0.5,
  0.5,
  0.5,
  0.5,
  0.5,
  0.5,
  0.5,
  0.5,
  0.5,
  0.5,
  0.5,
  0.5,
  0.5,
  0.5,
  0.5,
  0.5,
  0.5,
  0.5,
  0.5,
  0.5,
  0.5,
  0.5,
  0.5,
  0.5,
  0.5,
  0.5,
  0.5,
  0.5,
  0.5,
  0.5,
  0.5,
  0.5,
  0.5,
  0.5
 ],
 "gammas": [
  0.1675017117305051,
  0.16453535520607818,
  0.16102403830822265,
  0.15689089248884866,
  0.15205843443381964,
  0.14645366584117606,
  0.14001527137633873,
  0.13270304803299124,
  0.12450929267545278,
  0.11547120578290059,
  0.10568245190565327,
  0.09530100959803076,
  0.08454972599357134,
  0.07564320706403312,
  0.06715908276531089,
  0.058569385761800444,
  0.050119707149641826,
  0.044687635671901565,
  0.03918935980606229,
  0.03365723532778769,
  0.02839510209850542,
  0.02357113637277164,
  0.019201156880996342,
  0.015987402384272716,
  0.013202633627879734,
  0.010692012322032294,
  0.008923704353421326,
  0.007304157518829472,
  0.005808199217449825,
  0.0047800345735801416,
  0.004201824034546636,
  0.0036265005139425478,
  0.0030691886938014963,
  0.0025501880918295163,
  0.002092135111573167,
  0.0016994312838102881,
  0.001429777425154845,
  0.0011978013322234628,
  0.0010121608691610231,
  0.0008597875045273556
 ],
 "sigmas": [
  0.25,
  0.2756721902468024,
  0.3039806259018769,
  0.3351960197398572,
  0.3696168836947874,
  0.4075723835213587,
  0.449425486597771,
  0.49557643297256987,
  0.5464665628489841,
  0.6025825371088854,
  0.6644609912371261,
  0.7326936671515999,
  0.8079330720145728,
  0.8908987181403393,
  0.9823840036712642,
  1.0832637998219208,
  1.1945028172479306,
  1.3171648315468518,
  1.4524228561143249,
  1.6015703596382094,
  1.7660336355032968,
  1.9473854413948684,
  2.1473600395362378,
  2.36786978138966,
  2.611023395419619,
  2.879146152803877,
  3.1748021039363987,
  3.500818598369214,
  3.86031332267673,
  4.25672411480482,
  4.693841840018505,
  5.175846642839929,
  5.707347921652972,
  6.293428408250444,
  6.939692773855387,
  7.652321226434491,
  8.438128611853172,
  9.3046295840551,
  10.260110467486651,
  11.313708498984761
 ],
 "border_radii": [
  10,
  10,
  10,
  10,
  10,
  10,
  10,
  10,
  10,
  10,
  10,
  10,
  10,
  10,
  10,
  10,
  10,
  10,
  10,
  10,
  10,
  10,
  10,
  10,
  10,
  11,
  12,
  14,
  15,
  17,
  18,
  20,
  22,
  25,
  27,
  30,
  33,
  37,
  41,
  45
 ]
}