{
 "time": "181120_0336",
 "filename": "T-BN6028328.png",
 "alphas": [
  0.019839857747722175,
  0.019998490136507067,
  0.02015988920954523,
  0.020348001551453894,
  0.020634239143884542,
  0.020956883065013428,
  0.021377824292366076,
  0.02192546597841142,
  0.022638330910679526,
  0.023552080459800034,
  0.024765130451409493,
  0.026263649682822236,
  0.02828044320562672,
  0.03095795559385256,
  0.03455678923637812,
  0.039293813610807554,
  0.04592296201210374,
  0.05495147916869076,
  0.06678287511600929,
  0.08284401664654353,
  0.09462070098414671,
  0.1069553749122959,
  0.11510257896308929,
  0.1269715922124547,
  0.14530136000854066,
  0.1704370431421756,
  0.19399553837635866,
  0.21068632560600306,
  0.22327448220335638,
  0.23250223901041522,
  0.21978550518472484,
  0.16228205049823627,
  0.12223476998242964,
  0.09879609072378602,
  0.08613306454880301,
  0.08037195034941723,
  0.07803563331914756,
  0.07779818692975327,
  0.0836910135521733,
  0.09284011632520124
 ],
 "betas": [
  0.5,
  0.5,
  0.5,
  0.5,
  0.5,
  0.5,
  0.5,
  0.5,
  0.5,
  0.5,
  0.5,
  0.5,
  0.5,
  0.5,
  0.5,
  0.5,
  0.5,
  0.5,
  0.5,
  0.5,
  0.5,
  0.5,
  0.5,
  0.5,
  0.5,
  0.5,
  0.5,
  0.5,
  0.5,
  0.5,
  0.5,
  0.5,
  0.5,
  0.5,
  0.5,
  0.5,
  0.5,
  0.5,
  0.5,
  0.5
 ],
 "gammas": [
  0.12331507554781489,
  0.1212238419926486,
  0.11877271654824462,
  0.1162580698441357,
  0.11330410240408671,
  0.10985831186075001,
  0.10587214365325137,
  0.10130598985185243,
  0.09613550019380226,
  0.09035887680116438,
  0.08400437868947538,
  0.0771367328338614,
  0.06986068866190502,
  0.06276770656649369,
  0.055555556349428964,
  0.04832770781195058,
  0.04126865617629611,
  0.03530321255587231,
  0.030646375465232547,
  0.026674479352839446,
  0.023283848589775034,
  0.019874655119402267,
  0.016567172848404636,
  0.013713949230296354,
  0.011961703895321845,
  0.010248018726972207,
  0.008619765803833663,
  0.00711144889004165,
  0.005754493050599212,
  0.004680604389102011,
  0.003932631117970379,
  0.003351693579228826,
  0.002803374834119872,
  0.0023441805581005137,
  0.0020279515214179575,
  0.0017346690368147545,
  0.0015022408771039977,
  0.0012648082350839639,
  0.0010340753830710833,
  0.0008363906789355262
 ],
 "sigmas": [
  0.25,
  0.2756721902468024,
  0.3039806259018769,
  0.3351960197398572,
  0.3696168836947874,
  0.4075723835213587,
  0.449425486597771,
  0.49557643297256987,
  0.5464665628489841,
  0.6025825371088854,
  0.6644609912371261,
  0.7326936671515999,
  0.8079330720145728,
  0.8908987181403393,
  0.9823840036712642,
  1.0832637998219208,
  1.1945028172479306,
  1.3171648315468518,
  1.4524228561143249,
  1.6015703596382094,
  1.7660336355032968,
  1.9473854413948684,
  2.1473600395362378,
  2.36786978138966,
  2.611023395419619,
  2.879146152803877,
  3.1748021039363987,
  3.500818598369214,
  3.86031332267673,
  4.25672411480482,
  4.693841840018505,
  5.175846642839929,
  5.707347921652972,
  6.293428408250444,
  6.939692773855387,
  7.652321226434491,
  8.438128611853172,
  9.3046295840551,
  10.260110467486651,
  11.313708498984761
 ],
 "border_radii": [
  10,
  10,
  10,
  10,
  10,
  10,
  10,
  10,
  10,
  10,
  10,
  10,
  10,
  10,
  10,
  10,
  10,
  10,
  10,
  10,
  10,
  10,
  10,
  10,
  10,
  11,
  12,
  14,
  15,
  17,
  18,
  20,
  22,
  25,
  27,
  30,
  33,
  37,
  41,
  45
 ]
}