{
 "time": "181023_1333",
 "filename": "T-BN6238549.png",
 "DARK_BG": false,
 "fixed_alpha": 0.1,
 "VT_alphas": [
  0.08,
  0.08,
  0.08,
  0.08,
  0.08,
  0.08,
  0.08,
  0.08,
  0.08,
  0.08,
  0.08,
  0.08,
  0.08,
  0.08,
  0.08
 ],
 "betas": [
  0.5,
  0.5,
  0.5,
  0.5,
  0.5,
  0.5,
  0.5,
  0.5,
  0.5,
  0.5,
  0.5,
  0.5,
  0.5,
  0.5,
  0.5
 ],
 "gammas": [
  0.13674857574128468,
  0.12858711926429536,
  0.11797187338485872,
  0.10474790266201672,
  0.08918449009794505,
  0.07213424056043487,
  0.055048214292761306,
  0.03946627422524431,
  0.026362595480669816,
  0.018933833332737855,
  0.01288267449581638,
  0.009618122691076692,
  0.007182009294994998,
  0.0050636397540700295,
  0.0033711629579987077
 ],
 "sigmas": [
  0.125,
  0.1812074638581786,
  0.26268915966330486,
  0.38080989124498904,
  0.5520447568369061,
  0.8002770425809653,
  1.160129386160163,
  1.681792830507429,
  2.4380273084089508,
  3.534309962990139,
  5.123546759057089,
  7.427399313340204,
  10.767201541058851,
  15.608778272841173,
  22.627416997969522
 ],
 "log_min": -3,
 "log_max": 4.5,
 "n_scales": 15,
 "border_radii": [
  10,
  10,
  10,
  10,
  10,
  10,
  10,
  10,
  10,
  14,
  20,
  29,
  43,
  62,
  90
 ]
}