{
 "time": "181023_1333",
 "filename": "T-BN7753462.png",
 "DARK_BG": false,
 "fixed_alpha": 0.1,
 "VT_alphas": [
  0.08,
  0.08,
  0.08,
  0.08,
  0.08,
  0.08,
  0.08,
  0.08,
  0.08,
  0.08,
  0.08,
  0.08,
  0.08,
  0.08,
  0.08
 ],
 "betas": [
  0.5,
  0.5,
  0.5,
  0.5,
  0.5,
  0.5,
  0.5,
  0.5,
  0.5,
  0.5,
  0.5,
  0.5,
  0.5,
  0.5,
  0.5
 ],
 "gammas": [
  0.11026366152269403,
  0.10428535125537146,
  0.09689750917782206,
  0.08811655231018278,
  0.07746438987059164,
  0.06532069085142422,
  0.0524796130353021,
  0.04012122349102076,
  0.02924147411141015,
  0.02205501507615878,
  0.01621860449465606,
  0.011739099540113757,
  0.008426170254053077,
  0.005944578521470434,
  0.00401252588140791
 ],
 "sigmas": [
  0.125,
  0.1812074638581786,
  0.26268915966330486,
  0.38080989124498904,
  0.5520447568369061,
  0.8002770425809653,
  1.160129386160163,
  1.681792830507429,
  2.4380273084089508,
  3.534309962990139,
  5.123546759057089,
  7.427399313340204,
  10.767201541058851,
  15.608778272841173,
  22.627416997969522
 ],
 "log_min": -3,
 "log_max": 4.5,
 "n_scales": 15,
 "border_radii": [
  10,
  10,
  10,
  10,
  10,
  10,
  10,
  10,
  10,
  14,
  20,
  29,
  43,
  62,
  90
 ]
}