{"time": "181121_2256", "filename": "T-BN0033885.png", "betas": [0.5, 0.5, 0.5, 0.5, 0.5, 0.5, 0.5, 0.5, 0.5, 0.5, 0.5, 0.5, 0.5, 0.5, 0.5, 0.5, 0.5, 0.5, 0.5, 0.5, 0.5, 0.5, 0.5, 0.5, 0.5, 0.5, 0.5, 0.5, 0.5, 0.5, 0.5, 0.5, 0.5, 0.5, 0.5, 0.5, 0.5, 0.5, 0.5, 0.5], "gammas": [0.16150970672522955, 0.15923151394366963, 0.15651482131154815, 0.1532888086878974, 0.1494774884154375, 0.1450024716769885, 0.13978750346770996, 0.13386983520612142, 0.12719395703366204, 0.11961673388685204, 0.11115019745035787, 0.10186699485279105, 0.06592110801272803, 0.060049699606613605, 0.05391311766914833, 0.047653690689823267, 0.041598435268378, 0.03573963169769302, 0.0301675665057074, 0.025444639326706004, 0.022024906065696098, 0.018688694776937145, 0.01554132937898385, 0.012664266862674555, 0.01058970201407708, 0.009180276166213149, 0.007980321780673986, 0.006826225406406103, 0.005803873429254093, 0.004888513595079743, 0.004072561060975423, 0.0033379815592745913, 0.0027109381270088656, 0.0021705886100414724, 0.0017446492605735402, 0.001433302314372852, 0.0011568014271632018, 0.0009170167426869121, 0.0007123009179658539, 0.0005410747230209119], "sigmas": [0.25, 0.2756721902468024, 0.3039806259018769, 0.3351960197398572, 0.3696168836947874, 0.4075723835213587, 0.449425486597771, 0.49557643297256987, 0.5464665628489841, 0.6025825371088854, 0.6644609912371261, 0.7326936671515999, 0.8079330720145728, 0.8908987181403393, 0.9823840036712642, 1.0832637998219208, 1.1945028172479306, 1.3171648315468518, 1.4524228561143249, 1.6015703596382094, 1.7660336355032968, 1.9473854413948684, 2.1473600395362378, 2.36786978138966, 2.611023395419619, 2.879146152803877, 3.1748021039363987, 3.500818598369214, 3.86031332267673, 4.25672411480482, 4.693841840018505, 5.175846642839929, 5.707347921652972, 6.293428408250444, 6.939692773855387, 7.652321226434491, 8.438128611853172, 9.3046295840551, 10.260110467486651, 11.313708498984761], "border_radii": [1, 1, 1, 1, 1, 1, 1, 1, 2, 2, 2, 2, 3, 3, 3, 4, 4, 5, 5, 6, 7, 7, 8, 9, 10, 11, 12, 14, 15, 17, 18, 20, 22, 25, 27, 30, 33, 37, 41, 45], "counts": {"TP": 21244, "TN": 680677, "FP": 14255, "FN": 57240}, "counts_FA": {"TP": 29785, "TN": 649848, "FP": 45084, "FN": 48699}, "counts_rw": {"TP": 39506, "TN": 655916, "FP": 39016, "FN": 38978}, "pnc": [0.3914340154088311, 0.44776737635655706, 0.5510728191533427], "mcc": [0.36097671329220116, 0.32130035862208445, 0.4471241180150803], "scale_maxes": [0.5745971449389286, 0.5751645796225997, 0.5758750151812791, 0.5767674022542258, 0.5778916562751514, 0.5793112829027328, 0.5815916915983661, 0.5867197594371598, 0.5925261670813714, 0.5999083520654274, 0.6101358538218089, 0.6239974929022885, 0.861587973242321, 0.8614902883701293, 0.8613639050025281, 0.863636735094066, 0.8644669314790986, 0.8645189575383293, 0.8645807703082687, 0.8554107364318945, 0.8494510555275562, 0.8430556208598232, 0.836089592974608, 0.8271742148975292, 0.8394393103846822, 0.844383141527003, 0.8425050564473542, 0.8467434454879186, 0.8478641006776717, 0.8484587359467015, 0.8476512918946415, 0.8464336948914247, 0.8413965997253978, 0.8369575873321731, 0.8581815558307174, 0.861293567059915, 0.862467986457981, 0.861679018035242, 0.8599910039231066, 0.8584797089941144], "alphas": [0.022291731430143003, 0.02252385167834497, 0.022840073268824434, 0.023181744113499225, 0.02361313937903283, 0.024177336636996324, 0.024853610272874707, 0.02573866078268785, 0.02686489078666674, 0.02779882838627022, 0.029054865426444206, 0.030691438035772824, 0.08283384289372839, 0.0864907639233871, 0.09141034994216928, 0.09853430240751658, 0.10845325784023774, 0.12166518892513084, 0.1386349475109434, 0.1604387852119442, 0.1874655774135612, 0.22019109145916663, 0.2583995310600539, 0.2891342532297498, 0.2849372402856541, 0.2874582391598904, 0.2944261897120664, 0.30798250808399186, 0.32502972862491586, 0.3506325239409032, 0.3690200362725319, 0.3802619509440382, 0.36464655351795117, 0.3383901652967849, 0.3213725172477422, 0.32011209196159135, 0.33027843443905425, 0.3487243816726146, 0.3709338827079172, 0.40385340955542215]}