{"time": "181121_2257", "filename": "T-BN0013990.png", "betas": [0.5, 0.5, 0.5, 0.5, 0.5, 0.5, 0.5, 0.5, 0.5, 0.5, 0.5, 0.5, 0.5, 0.5, 0.5, 0.5, 0.5, 0.5, 0.5, 0.5, 0.5, 0.5, 0.5, 0.5, 0.5, 0.5, 0.5, 0.5, 0.5, 0.5, 0.5, 0.5, 0.5, 0.5, 0.5, 0.5, 0.5, 0.5, 0.5, 0.5], "gammas": [0.1777766525075577, 0.17540365721688228, 0.1725650641826617, 0.16918202462748944, 0.1651683953982834, 0.1604332302714972, 0.15488523051259506, 0.14843982203523462, 0.14102947302455454, 0.1326175449435247, 0.12321520234416122, 0.11289953802566882, 0.06685655281699446, 0.06202915253692574, 0.056597775606693074, 0.04382726949722391, 0.03676980339055541, 0.03003178440823122, 0.026618201976608382, 0.023716361388665723, 0.020761502502286214, 0.018030686226887846, 0.015607525152309627, 0.01320441894595989, 0.010943181551887091, 0.00911880166296799, 0.007485470882344546, 0.006060887979441923, 0.00478809571439835, 0.0036868900315550858, 0.0027786264707203223, 0.002313341032753475, 0.0019454826884340826, 0.0015945246408290321, 0.0012728275686872382, 0.0010339361013069503, 0.0008212309729875405, 0.0006449172395198196, 0.0005366114165171198, 0.000440362135694032], "sigmas": [0.25, 0.2756721902468024, 0.3039806259018769, 0.3351960197398572, 0.3696168836947874, 0.4075723835213587, 0.449425486597771, 0.49557643297256987, 0.5464665628489841, 0.6025825371088854, 0.6644609912371261, 0.7326936671515999, 0.8079330720145728, 0.8908987181403393, 0.9823840036712642, 1.0832637998219208, 1.1945028172479306, 1.3171648315468518, 1.4524228561143249, 1.6015703596382094, 1.7660336355032968, 1.9473854413948684, 2.1473600395362378, 2.36786978138966, 2.611023395419619, 2.879146152803877, 3.1748021039363987, 3.500818598369214, 3.86031332267673, 4.25672411480482, 4.693841840018505, 5.175846642839929, 5.707347921652972, 6.293428408250444, 6.939692773855387, 7.652321226434491, 8.438128611853172, 9.3046295840551, 10.260110467486651, 11.313708498984761], "border_radii": [1, 1, 1, 1, 1, 1, 1, 1, 2, 2, 2, 2, 3, 3, 3, 4, 4, 5, 5, 6, 7, 7, 8, 9, 10, 11, 12, 14, 15, 17, 18, 20, 22, 25, 27, 30, 33, 37, 41, 45], "counts": {"TP": 20242, "TN": 545537, "FP": 17991, "FN": 65942}, "counts_FA": {"TP": 36727, "TN": 491479, "FP": 72049, "FN": 49457}, "counts_rw": {"TP": 39863, "TN": 518696, "FP": 44832, "FN": 46321}, "pnc": [0.2949169190472293, 0.43398543013833185, 0.4797413440288123], "mcc": [0.2925076117097853, 0.27100328313035404, 0.38582016810753905], "scale_maxes": [0.5221572780075391, 0.5182849794425443, 0.5136672704882231, 0.5081824911521945, 0.5016984312827245, 0.49407535579296097, 0.48517073461334687, 0.47484568217317447, 0.46297257687856247, 0.4494424290891217, 0.4341692885783191, 0.4170875373787017, 0.713010873355094, 0.6868353153908119, 0.6599269414343282, 0.7547256375859712, 0.7834554194650303, 0.8148861637405773, 0.7835481406960086, 0.7862257205570907, 0.7926974464501289, 0.7857793358809418, 0.7661544758177093, 0.7540600586719685, 0.7297292747139539, 0.6984481571937556, 0.6733828544016196, 0.6942005374728157, 0.7246076856607162, 0.7671363848970119, 0.8133595776595522, 0.8001957834210061, 0.8202936310828479, 0.8417206357632246, 0.8639298227234397, 0.8641520135620341, 0.8637288461496542, 0.8549173467677389, 0.8094346848477498, 0.8072253943366187], "alphas": [0.022291731430143003, 0.02252385167834497, 0.022840073268824434, 0.023181744113499225, 0.02361313937903283, 0.024177336636996324, 0.024853610272874707, 0.02573866078268785, 0.02686489078666674, 0.02779882838627022, 0.029054865426444206, 0.030691438035772824, 0.08283384289372839, 0.0864907639233871, 0.09141034994216928, 0.09853430240751658, 0.10845325784023774, 0.12166518892513084, 0.1386349475109434, 0.1604387852119442, 0.1874655774135612, 0.22019109145916663, 0.2583995310600539, 0.2891342532297498, 0.2849372402856541, 0.2874582391598904, 0.2944261897120664, 0.30798250808399186, 0.32502972862491586, 0.3506325239409032, 0.3690200362725319, 0.3802619509440382, 0.36464655351795117, 0.3383901652967849, 0.3213725172477422, 0.32011209196159135, 0.33027843443905425, 0.3487243816726146, 0.3709338827079172, 0.40385340955542215]}